customer_id,account_created,device_id,payment_fingerprint,shipping_address_id,segment,ring_id
CUST-d342ef32da,2025-12-02 05:28:29.248935,DEV-c8279ed9da,PAY-f04aaba5b6,ADDR-0c7bca6484,normal,
CUST-9181cb1988,2024-12-11 11:32:58.036467,DEV-e4c4833ee0,PAY-ef01a94686,ADDR-657dc0ac83,normal,
CUST-c249cb4942,2025-05-05 05:48:26.669006,DEV-ae70e758dd,PAY-22fac8b706,ADDR-c9a73349dc,normal,
CUST-edbc5153a2,2025-04-05 05:44:11.102338,DEV-730eb0c81b,PAY-f5a093a2b1,ADDR-efa1c53c1a,normal,
CUST-6054caffd8,2026-01-27 10:00:14.371283,DEV-80bd1135c3,PAY-fd7280c2be,ADDR-debc0ace05,normal,
CUST-eb63edaefb,2025-12-23 19:24:57.878024,DEV-3c14c34c5c,PAY-6451b66250,ADDR-8a12681f58,normal,
CUST-56ca9ba3b7,2026-04-27 13:43:38.182176,DEV-f630e18513,PAY-5500ce9c36,ADDR-66bdc2b526,normal,
CUST-e94e0c7d5a,2025-01-16 08:06:07.265586,DEV-9eeb8ed5a7,PAY-9b94cce747,ADDR-9b07860814,normal,
CUST-62c5f3c3d9,2025-07-29 07:01:32.182847,DEV-e11957988f,PAY-496fee53b9,ADDR-3496209af4,normal,
CUST-210ee3ec83,2024-12-14 06:03:43.780721,DEV-1128f44bc6,PAY-dbc76c86d8,ADDR-42380260f0,normal,
CUST-8d3fd14912,2025-04-02 14:11:35.872335,DEV-2d2fd72337,PAY-86ff9c0657,ADDR-b302fe579c,normal,
CUST-934f93965f,2025-09-15 14:25:01.500544,DEV-9e0c8de3c8,PAY-31ebcc62ee,ADDR-1a77723ab9,normal,
CUST-831f69779f,2024-12-12 08:44:37.805017,DEV-1391cb530f,PAY-8313495e79,ADDR-1ab5816d0e,normal,
CUST-38afd7afc3,2025-03-22 03:02:52.778190,DEV-fb4191b5d9,PAY-6bc2da9e42,ADDR-ddc1ffa943,normal,
CUST-86834b4b81,2025-12-08 06:47:38.930583,DEV-c53720e217,PAY-ef992f61c8,ADDR-b41ff2459a,normal,
CUST-62e610a9e2,2025-10-08 12:30:24.532064,DEV-5229f1651c,PAY-12ad87cfbf,ADDR-8bc6235762,normal,
CUST-a2c7cb1fc6,2025-04-03 15:14:34.381959,DEV-23191d88e7,PAY-43e6078142,ADDR-c3074b4bf8,normal,
CUST-de0e8235ee,2025-11-03 04:26:09.395303,DEV-31dd231d0c,PAY-30a8a053cd,ADDR-b423467a39,normal,
CUST-055dc22fad,2026-03-10 15:50:44.253582,DEV-3d7fac2a05,PAY-1a67f335e8,ADDR-1b032bce71,normal,
CUST-2f34e529df,2024-11-30 18:18:24.352151,DEV-122dd9c0e3,PAY-f3131b3d88,ADDR-862b0f5d75,normal,
CUST-1e09880572,2026-03-08 13:39:51.564487,DEV-6ff25ab2e5,PAY-4d0cda7710,ADDR-696040029c,normal,
CUST-186e0f8490,2026-01-05 05:20:42.117923,DEV-ddf068dfcf,PAY-b7ea46ff65,ADDR-4902598332,normal,
CUST-2c8016f71f,2025-06-12 00:07:16.239122,DEV-67276e3ffd,PAY-ab0149be3e,ADDR-3ae533c357,normal,
CUST-2029fe6ed2,2025-02-25 00:32:35.265784,DEV-6fd1d0fe28,PAY-b7d05f6105,ADDR-c37ade3ce4,normal,
CUST-e808d35412,2026-06-04 05:25:58.264988,DEV-d3eead695f,PAY-534a02316c,ADDR-ffef2680de,normal,
CUST-248c1553db,2025-06-09 21:19:04.075986,DEV-43f424c5fe,PAY-b00d8ed506,ADDR-94bfc9529c,normal,
CUST-d4b98929d1,2025-01-19 16:47:46.462598,DEV-0240d78524,PAY-aeac4842a3,ADDR-401577e6bf,normal,
CUST-76d53c037d,2025-01-21 23:58:14.780920,DEV-b1f7d6e1c2,PAY-6730177f28,ADDR-4aab60fc5b,normal,
CUST-dc9714bfad,2026-04-01 16:46:54.173151,DEV-a92c1fd556,PAY-7acc522aee,ADDR-e65eb487bf,normal,
CUST-91498ed403,2025-11-11 13:22:36.954748,DEV-457d040637,PAY-2497c88421,ADDR-68077a7585,normal,
CUST-02197f1ff5,2026-03-09 07:51:16.147515,DEV-2053f15ff0,PAY-4ef7bb1c53,ADDR-b68cfffffb,normal,
CUST-9f0c066a19,2026-01-23 12:21:10.468430,DEV-bfc6eb97a5,PAY-4a17d22bb2,ADDR-f83870b6bd,normal,
CUST-eba63154a3,2025-10-03 11:25:32.011876,DEV-91bac86d29,PAY-5e864f8835,ADDR-6de26acb2b,normal,
CUST-adda443125,2026-06-13 10:24:59.962526,DEV-14c0b24c61,PAY-351284f5a2,ADDR-416710adda,normal,
CUST-f8384347c4,2025-07-04 04:06:49.340474,DEV-8acc32c68f,PAY-2c2a4aca3f,ADDR-d1eda0d21b,normal,
CUST-bd88661e81,2025-10-12 15:09:23.803822,DEV-ada403cfa7,PAY-168570179b,ADDR-063d2bf167,normal,
CUST-6bf7c25616,2026-03-22 05:24:25.972055,DEV-91e972f08e,PAY-f0b4403393,ADDR-eb57fb671f,normal,
CUST-dc01d85aa5,2025-11-20 02:57:01.723873,DEV-91cdde4dfd,PAY-f2bfd2a79b,ADDR-90194c3d08,normal,
CUST-fef243d4db,2026-04-09 22:16:44.712187,DEV-0475ec1617,PAY-42b98c6671,ADDR-2774121942,normal,
CUST-77bc90c1f9,2025-10-27 06:53:07.477757,DEV-1971422b54,PAY-5fa611a041,ADDR-a81017d349,normal,
CUST-15a15aec35,2026-01-08 22:43:48.849753,DEV-4aaa507fc7,PAY-b89158183b,ADDR-b28cf90cee,normal,
CUST-ee75cf7871,2024-12-23 12:46:32.287005,DEV-5b00ac974f,PAY-d73cfadfe0,ADDR-fbaf51a618,normal,
CUST-17ee5e3ecc,2025-04-07 22:52:27.978434,DEV-3f53652d1f,PAY-502d625c2a,ADDR-34e1f1f387,normal,
CUST-0038dcd9b3,2025-05-13 13:20:06.511974,DEV-b279b2f458,PAY-e8b92d6771,ADDR-f90da77774,normal,
CUST-4ef43503f1,2025-01-12 04:47:21.520791,DEV-a87169328c,PAY-53cdddf980,ADDR-48235e5e7e,normal,
CUST-fd9d7dc271,2025-04-10 18:51:43.764742,DEV-afc9bb54ed,PAY-6f27324ca5,ADDR-40ccf2acc4,normal,
CUST-185ef0fca1,2025-01-24 11:30:57.107079,DEV-4f35fbb26a,PAY-08685379c6,ADDR-e79e7babba,normal,
CUST-49dccbe52a,2025-05-06 22:43:16.279744,DEV-e1ac2bab5c,PAY-afd0771bfc,ADDR-b5a5782b2e,normal,
CUST-aba8a6df90,2025-11-30 01:28:15.734993,DEV-f33c7ba30c,PAY-17bc6cfeef,ADDR-5851f1a6a0,normal,
CUST-db3f7b89ff,2025-06-26 05:42:28.652286,DEV-5b730313fa,PAY-338c881d27,ADDR-39e72813bb,normal,
CUST-e204f286dd,2025-06-29 08:02:04.988602,DEV-7783e9af1b,PAY-564b7eb14e,ADDR-d03d0277a0,normal,
CUST-9fda86f8f2,2025-03-28 07:18:34.918562,DEV-82c8398ca5,PAY-e8ff84b590,ADDR-03cfe4a9f6,normal,
CUST-08428cc061,2025-04-30 13:55:25.734700,DEV-aa2a54dd1b,PAY-402faa6b2b,ADDR-6153fe99cd,normal,
CUST-ae839b2040,2026-05-23 07:45:07.743070,DEV-cef88762eb,PAY-c5702ddf47,ADDR-5af2e99054,normal,
CUST-19d3bb10ed,2025-12-07 05:05:58.968192,DEV-75d72ad985,PAY-7aad2e62a3,ADDR-20df99ac98,normal,
CUST-d46d8751f2,2025-11-14 16:29:04.037094,DEV-a61019e8e3,PAY-fd06cb302c,ADDR-68b6291740,normal,
CUST-899322f8cf,2025-03-06 02:08:33.559299,DEV-a0a427abd5,PAY-7ce4f45a38,ADDR-3a551d3b71,normal,
CUST-8a9b9bde7f,2026-01-23 03:56:45.543545,DEV-3c12f7ac9f,PAY-6eb121202d,ADDR-cbf83c4380,normal,
CUST-463650d445,2025-03-01 14:38:27.791937,DEV-205ecc0340,PAY-2a99e6a106,ADDR-19e6f149f7,normal,
CUST-49c3619d9d,2025-07-04 16:54:46.147191,DEV-7703d991e9,PAY-7a77189fc2,ADDR-bbb727f15f,normal,
CUST-76180a98f1,2026-06-22 22:24:59.329606,DEV-7337ee1bfa,PAY-78608e28d9,ADDR-1bf4557b7a,normal,
CUST-bb17900d87,2025-12-02 13:26:11.986557,DEV-79e9a3240f,PAY-cb4c676a94,ADDR-ec6b248222,normal,
CUST-63622bb69c,2025-10-15 11:22:25.102173,DEV-83dce03feb,PAY-e1792180ac,ADDR-d42fa8a247,normal,
CUST-bfa83fda11,2025-12-28 09:23:58.674319,DEV-3ca6b480b8,PAY-a50944dcb4,ADDR-50b4ffc909,normal,
CUST-ec648f6a36,2026-03-30 00:16:13.018647,DEV-a86afc9447,PAY-ff8344e905,ADDR-765b581df8,normal,
CUST-d067d5ff50,2026-02-19 07:17:41.175048,DEV-20e337f37a,PAY-75ef0bc146,ADDR-758fe5eae7,normal,
CUST-471e5a5f71,2025-04-08 14:51:07.228847,DEV-77244a4241,PAY-e32a98ca21,ADDR-190314949c,normal,
CUST-1ec9814d45,2024-12-15 14:03:53.961446,DEV-3b0bbf1fd5,PAY-0d75c5f806,ADDR-b62735c2b2,normal,
CUST-97d343fb7e,2025-05-28 15:32:08.000984,DEV-1b7200991f,PAY-130cf8e575,ADDR-1080285c0d,normal,
CUST-5cd9725d59,2025-05-01 00:31:37.965210,DEV-e2b767b3b2,PAY-da9315f7c0,ADDR-a4cd29ac01,normal,
CUST-5024e76f26,2025-03-29 03:49:03.340112,DEV-cfc178da07,PAY-a83e0e6db8,ADDR-3c93324a39,normal,
CUST-8707b687bb,2026-05-26 22:40:24.205440,DEV-0a7e6a9cc7,PAY-89ae6733a7,ADDR-d12af08518,normal,
CUST-b5de0481f8,2026-04-18 10:00:16.334871,DEV-c9160ea134,PAY-2d31338e2a,ADDR-b08ff8aada,normal,
CUST-3ba2966006,2025-05-28 04:45:49.793672,DEV-6e564a6e7e,PAY-5680708014,ADDR-402f3f497b,normal,
CUST-244342036b,2025-12-11 11:58:32.494576,DEV-7e624a88ae,PAY-0cecde49d3,ADDR-93eccf6bfe,normal,
CUST-cf2cb58097,2025-07-14 01:42:03.229700,DEV-6e2a8c2819,PAY-ff3b18b688,ADDR-088e64081d,normal,
CUST-8846a42f25,2026-05-10 12:33:11.905325,DEV-fbdbd7097b,PAY-739a7da712,ADDR-b4f0ea28f6,normal,
CUST-0cdb07cfd8,2025-08-19 16:12:19.236796,DEV-42b5ed955c,PAY-a621ee76bc,ADDR-75fd6b9909,normal,
CUST-b6f526a088,2025-04-29 08:46:29.257165,DEV-2e1b791c6c,PAY-d381897009,ADDR-f70fb1d1f8,normal,
CUST-9995c2818e,2025-04-18 19:08:09.048896,DEV-0d72753dcb,PAY-dc1bd9f072,ADDR-bdea59a1c3,normal,
CUST-e07256af15,2025-10-18 00:46:17.732392,DEV-b1056279de,PAY-bb51a64572,ADDR-a7f30d0d20,normal,
CUST-7c6fdb308c,2025-04-28 03:03:26.611325,DEV-dcc97125b5,PAY-200cc791e2,ADDR-f17a6ed4a7,normal,
CUST-e61578d634,2025-10-31 11:24:24.912527,DEV-be0e0da03f,PAY-8990bcefa0,ADDR-d902844cd7,normal,
CUST-93dee0fb02,2026-04-30 20:08:48.445944,DEV-556119c57e,PAY-09e6ca8787,ADDR-765983ba48,normal,
CUST-a04ca61a5c,2025-07-16 06:04:09.909951,DEV-78bee98f05,PAY-87545a30d8,ADDR-a31622f545,normal,
CUST-8eec856f40,2025-04-02 23:40:52.569299,DEV-b6cd5d757f,PAY-8ff974c676,ADDR-6843c60f39,normal,
CUST-f7590aabd1,2026-06-27 13:46:57.287482,DEV-5e9f521bdd,PAY-e042f5cd0f,ADDR-d9732f9ce8,normal,
CUST-1f035c613d,2025-09-18 00:22:38.556941,DEV-92465dba2b,PAY-a52bf2ebff,ADDR-a7a4f333f0,normal,
CUST-a85b4624b5,2025-01-18 15:16:37.889641,DEV-f666a8f071,PAY-79f7e9e2df,ADDR-2e1e245f72,normal,
CUST-2b9229a19e,2024-12-24 06:43:44.950448,DEV-823fa2b724,PAY-191fdc7471,ADDR-7f70136a66,normal,
CUST-e80e007ace,2025-01-29 11:41:03.535270,DEV-70ca783d12,PAY-8704633f15,ADDR-9eb016e794,normal,
CUST-96fd73d13d,2025-11-25 06:59:24.703822,DEV-f0f82236d5,PAY-ec3caafb74,ADDR-3f2ac17300,normal,
CUST-33fec7410d,2026-02-28 14:44:05.449876,DEV-6393f763d7,PAY-b2d0bc90a4,ADDR-013b48f3ea,normal,
CUST-538ad9eb5e,2025-07-29 10:20:05.635134,DEV-f84d929d65,PAY-e3445b32a5,ADDR-a1e060b2b0,normal,
CUST-f26db66f08,2025-01-02 18:46:51.616875,DEV-c8b1df2a9f,PAY-710e0c40b6,ADDR-84aa594117,normal,
CUST-7ce4f3f6c9,2025-07-05 22:58:53.779061,DEV-cf5ee9676e,PAY-82c2ae78e6,ADDR-8d3ec14152,normal,
CUST-c6ffa0f41f,2026-06-26 18:06:09.719339,DEV-8f09e0c569,PAY-5d58e2507c,ADDR-9caa56850f,normal,
CUST-040ec4d846,2025-09-29 08:34:22.582191,DEV-2f5990486a,PAY-93c8f4a1bf,ADDR-57b4c546fa,normal,
CUST-477327009d,2026-06-12 06:06:18.487148,DEV-b87bfe5953,PAY-86ac3a7638,ADDR-f057195016,normal,
CUST-419befdd0f,2026-04-09 09:23:41.072102,DEV-6a693ba320,PAY-e09ceaec2c,ADDR-ce52a95400,normal,
CUST-eee20b55d9,2024-12-03 15:32:25.011303,DEV-279071bf78,PAY-963845727e,ADDR-dd64f1b951,normal,
CUST-2343a572a4,2026-01-18 07:09:01.446585,DEV-1244a511ed,PAY-a2edbf6584,ADDR-21710af090,normal,
CUST-14f034386d,2025-12-26 17:02:50.236776,DEV-5a24fbd958,PAY-4210ab0887,ADDR-5f138a2021,normal,
CUST-a0ab7cd30d,2025-10-03 21:44:22.960898,DEV-e68c8016b7,PAY-4201d3863e,ADDR-ea341a9f15,normal,
CUST-600908465b,2025-04-30 11:48:10.222490,DEV-007808f33a,PAY-9a89ec2272,ADDR-05145dc37b,normal,
CUST-41931cba87,2025-12-03 02:48:18.551034,DEV-506e895d0c,PAY-7c216f32d0,ADDR-7b3eecfdea,normal,
CUST-4833372046,2025-01-30 14:07:44.415438,DEV-37a8e26c89,PAY-6d49ffa442,ADDR-2d45ca961b,normal,
CUST-c6d643fc77,2025-08-05 17:29:52.523872,DEV-6adb9bc3d1,PAY-8019dbff36,ADDR-3e9f8bfecd,normal,
CUST-536727bdfd,2025-08-16 16:56:40.643342,DEV-5cc0c0294a,PAY-57162c007e,ADDR-ffe65c6a0e,normal,
CUST-a520ff7e13,2026-06-02 06:13:34.063799,DEV-b3d6f72b9c,PAY-aa394bcc36,ADDR-41e7a628d6,normal,
CUST-8e2c5b1b2b,2026-04-18 02:51:08.854183,DEV-ecf39dde55,PAY-b4d0990401,ADDR-2706ac107f,normal,
CUST-6b4e44c29a,2025-04-28 12:03:15.297254,DEV-b5f5b73df6,PAY-d0807f461d,ADDR-84449cf43b,normal,
CUST-a959eed11d,2025-09-12 20:08:40.657009,DEV-7f21a1bfc1,PAY-8af86cd1e9,ADDR-7b56cc7afe,normal,
CUST-3b925bc00b,2025-03-10 10:32:47.514648,DEV-06795ed64b,PAY-b7d53f0fda,ADDR-84bb4fbbc3,normal,
CUST-d8ab593166,2026-05-09 09:52:35.239928,DEV-b8e49affd3,PAY-8b07bdd030,ADDR-284cb205f3,normal,
CUST-7bf65676c2,2026-04-15 00:43:33.767226,DEV-88e8aca61a,PAY-ac061e6484,ADDR-acc1358fb1,normal,
CUST-955359e63e,2025-05-18 19:11:19.759093,DEV-c31dd0bfa8,PAY-41fac2d8ad,ADDR-44d87efda7,normal,
CUST-efeac06b0d,2025-12-01 22:50:31.850369,DEV-51f0feee55,PAY-1685cb9bd1,ADDR-99f60a654e,normal,
CUST-975eb6ba9c,2025-11-14 14:15:00.209321,DEV-9fde64e03f,PAY-e741436180,ADDR-a7418a22c9,normal,
CUST-f2640cf9d9,2025-02-23 11:51:16.112757,DEV-b1ec2a41af,PAY-24fcf87724,ADDR-0ede8bd961,normal,
CUST-6fcb146662,2026-02-11 11:51:00.280239,DEV-17caaa8154,PAY-4777b7c703,ADDR-fa8e02e65a,normal,
CUST-201bd120c8,2025-10-05 07:12:39.609152,DEV-3637fb38bf,PAY-5e315b398f,ADDR-b69897f312,normal,
CUST-a614c9a2eb,2026-02-20 19:47:36.769381,DEV-19b041fcb2,PAY-cfa37e6695,ADDR-b1fd1f1bcb,normal,
CUST-5f5d84dca3,2025-09-30 01:47:40.663767,DEV-eb174a70e4,PAY-aca1dcb472,ADDR-38b515ead8,normal,
CUST-1dadcfc385,2024-11-27 07:56:49.446938,DEV-d06b81d0de,PAY-ec1106dba5,ADDR-ce18f5bcb0,normal,
CUST-6251dc72c4,2025-06-02 16:28:21.245293,DEV-0e4db0f94e,PAY-a700dc2083,ADDR-53913cecc6,normal,
CUST-88c30d2f06,2024-12-08 06:38:55.723897,DEV-0e30c4fdc0,PAY-dbd89dfff6,ADDR-6cb10646af,normal,
CUST-3cd5a34106,2026-05-18 22:45:15.737807,DEV-d392222fb2,PAY-52908c2efa,ADDR-2d2257a489,normal,
CUST-f6a290b810,2026-04-19 18:43:09.171231,DEV-bff2e13aa6,PAY-3ca3c32c68,ADDR-ccf2728c17,normal,
CUST-20739f6db5,2026-03-23 12:49:27.105611,DEV-557c961891,PAY-b528d9a3e5,ADDR-ab48cf1b03,normal,
CUST-96637104fe,2025-05-24 01:12:58.631743,DEV-0c3690b4c5,PAY-d74f469de3,ADDR-e9693654af,normal,
CUST-452be04361,2024-12-30 12:55:41.208972,DEV-9588a7bc30,PAY-e15cce9b65,ADDR-66d8b8b3e1,normal,
CUST-4bc52256c9,2026-04-19 08:49:17.005942,DEV-570583bf78,PAY-0cc6bf7bd8,ADDR-fc56809ab8,normal,
CUST-9e8bd114a0,2026-05-29 06:48:34.170699,DEV-d7cd02a852,PAY-41da758078,ADDR-ec623ea855,normal,
CUST-7d2055bb70,2025-01-15 14:14:25.331767,DEV-f9dc6db9f3,PAY-a43a96a89b,ADDR-f1d7d956c2,normal,
CUST-0cdbe712cf,2025-09-04 09:19:24.521692,DEV-2625e0080f,PAY-3edd8481af,ADDR-1cef7cde52,normal,
CUST-df2986d079,2025-01-06 01:46:37.763892,DEV-ee64ecf1db,PAY-51d1124c33,ADDR-2965028c40,normal,
CUST-d5d0c068ce,2026-02-10 09:19:39.678292,DEV-3dc1c73188,PAY-93783c99b9,ADDR-a10bb75f1f,normal,
CUST-18e7e00c47,2026-02-13 10:02:06.826740,DEV-d4962572c8,PAY-2a622e752b,ADDR-734a46be77,normal,
CUST-17b5297343,2025-02-09 08:07:40.046479,DEV-50fba3d5ea,PAY-faa31038df,ADDR-bd02275726,normal,
CUST-fee6ae6e23,2025-08-29 04:31:26.133816,DEV-192b52f256,PAY-8825a430fc,ADDR-55b44ed713,normal,
CUST-3304ed8560,2025-10-11 08:04:14.646741,DEV-15a08cfb92,PAY-c2df04b3ee,ADDR-6b754e092c,normal,
CUST-7d1918e610,2025-04-29 11:13:36.896704,DEV-982fb03452,PAY-8bac3ee56a,ADDR-b91dc7410a,normal,
CUST-ea56d0d9f4,2026-04-16 03:19:46.340115,DEV-d6c71694b6,PAY-a2d93876f8,ADDR-0ef453a206,normal,
CUST-958f63da65,2025-07-29 23:55:29.341313,DEV-f06a473c43,PAY-dcd90baa3a,ADDR-2f3b039c3e,normal,
CUST-3bc6c5abb5,2025-03-29 15:08:52.306163,DEV-a4c7ac7b9f,PAY-252d7b161d,ADDR-7d65ab6608,normal,
CUST-8d065a7cb3,2025-10-05 06:03:30.418846,DEV-9fabe0b2bb,PAY-760c8ed6c9,ADDR-7199118a2f,normal,
CUST-a52db6ac5b,2026-01-23 15:07:19.689868,DEV-4214ba0d02,PAY-104cda46e4,ADDR-3377d861ea,normal,
CUST-cbdfab788b,2025-03-23 11:11:42.636708,DEV-fd834be4db,PAY-568f8f9b10,ADDR-1565df0a65,normal,
CUST-dafddfe339,2025-05-26 11:36:34.502102,DEV-8c80546f15,PAY-5ab5e6f87b,ADDR-a2cdb1f644,normal,
CUST-de4c710d9b,2026-06-26 04:35:43.656575,DEV-ea61743536,PAY-8e8ede0196,ADDR-fbaa764e45,normal,
CUST-ba5b67d6b3,2025-12-08 06:42:19.760248,DEV-e158b62be7,PAY-1fabb2d5d0,ADDR-dad71346c3,normal,
CUST-8798dd0b1e,2025-08-07 15:50:19.557873,DEV-0d65f63e30,PAY-d81569b955,ADDR-f227b1792a,normal,
CUST-713b2a5312,2025-09-22 16:14:01.993310,DEV-df5fd6de4b,PAY-13599bfd45,ADDR-2072ace1d1,normal,
CUST-d63617a3fe,2025-02-05 01:28:27.500828,DEV-080a4f7bfd,PAY-8474055e1b,ADDR-f5602fc9b4,normal,
CUST-e384731efa,2025-04-06 02:23:39.103406,DEV-45a01794b7,PAY-d67b27fca7,ADDR-87bb11e211,normal,
CUST-d7c6d9bc73,2025-06-10 18:02:13.097764,DEV-44b485b8eb,PAY-194ae7d19d,ADDR-269e622b1e,normal,
CUST-84f2f5b340,2025-11-02 15:08:16.626054,DEV-94a17b3154,PAY-66ae7ef307,ADDR-e011d672d5,normal,
CUST-968e3090df,2025-04-09 05:40:27.566983,DEV-dd2355e1f7,PAY-dea89ecb32,ADDR-222c359d7d,normal,
CUST-2047ccd52a,2025-04-03 12:08:26.787620,DEV-65165b37f3,PAY-30b9ef9618,ADDR-c6347913b0,normal,
CUST-19e1019f3d,2025-01-07 02:31:11.723453,DEV-3cff8e06e4,PAY-e5e7ab84db,ADDR-68fa144e05,normal,
CUST-173c0de493,2025-11-27 09:48:24.099211,DEV-3a33de38d0,PAY-12b4375189,ADDR-260e3f35a1,normal,
CUST-aa622ca494,2025-04-08 13:22:30.100223,DEV-7fbb60af4e,PAY-e3dc2ff6e0,ADDR-e2bb7f0b1a,normal,
CUST-779687ea84,2026-05-05 05:42:59.402639,DEV-03f7ece04e,PAY-efdb2986e3,ADDR-4f4d7eb248,normal,
CUST-92d779a6ff,2026-04-08 17:29:36.678934,DEV-dbbc59bc47,PAY-67a119444d,ADDR-eae91c21c3,normal,
CUST-af65523442,2025-01-07 00:38:01.442590,DEV-f7822bdd32,PAY-4675fb5452,ADDR-f9dbca65eb,normal,
CUST-c443c59919,2025-04-13 19:18:44.637090,DEV-7f7f08d432,PAY-d98af379e6,ADDR-825c4cc389,normal,
CUST-3bf0f8a3c0,2025-12-19 08:06:54.745938,DEV-73cfe0ba6b,PAY-29c3be33c0,ADDR-244d5538f8,normal,
CUST-29dcc7f317,2025-03-31 01:02:04.830791,DEV-237d7b3619,PAY-3389b7a919,ADDR-3074247402,normal,
CUST-a9cd41cb0a,2025-02-11 14:36:19.619579,DEV-b6459e6fc7,PAY-2ff77bc1b0,ADDR-6a80cd141e,normal,
CUST-5908439aad,2026-05-22 15:54:21.193592,DEV-6742c69986,PAY-1ccc254802,ADDR-9752bcf36b,normal,
CUST-6fad25ac54,2025-10-23 15:12:53.369453,DEV-98c5eb0d84,PAY-51a1e08f4e,ADDR-aafc0ab739,normal,
CUST-41f6fe685b,2025-08-27 16:14:11.693863,DEV-36196256b5,PAY-0cbdecf617,ADDR-9087cfd11a,normal,
CUST-6e76847593,2026-02-24 07:04:17.471800,DEV-995ccef4fa,PAY-659a7eedf3,ADDR-3032fe66a2,normal,
CUST-49a25cceff,2026-03-09 12:58:41.811475,DEV-ef2a5cfe6c,PAY-928dad1f2e,ADDR-08e0629c6e,normal,
CUST-9563daef99,2025-03-17 05:56:10.211902,DEV-441299df45,PAY-40ca43caa5,ADDR-0835e21b74,normal,
CUST-e8fa9f8cd1,2025-01-22 02:57:02.140285,DEV-a9e731fca0,PAY-2be71e6b8a,ADDR-424037457f,normal,
CUST-bfe97ef2a6,2025-08-03 13:53:14.030588,DEV-8cf00708ae,PAY-883a970cbf,ADDR-de7884ed84,normal,
CUST-d6787b24c6,2025-07-30 06:02:54.763745,DEV-2a4a9d7bea,PAY-d826081eee,ADDR-4162dddf70,normal,
CUST-0e1f6ab017,2025-08-24 09:46:29.233335,DEV-b3b64692e6,PAY-53084ab897,ADDR-90247903dd,normal,
CUST-a3a32ade50,2026-01-23 03:14:16.814739,DEV-9de4223b7d,PAY-a7c66749ff,ADDR-387aaa6812,normal,
CUST-2a5f9152b6,2025-12-21 21:04:25.497076,DEV-c9f70e48a2,PAY-806cb7a9ce,ADDR-8c6d680a2d,normal,
CUST-b7564e9502,2026-06-19 19:57:35.197709,DEV-08e0d5ecf4,PAY-1b90c0510b,ADDR-d299acc477,normal,
CUST-40eb4439a3,2025-01-22 23:36:53.055099,DEV-9632356450,PAY-9950a289cc,ADDR-2207d13708,normal,
CUST-064775f9de,2025-07-18 02:49:31.209935,DEV-51919d4054,PAY-ac38d98d82,ADDR-91ca350c19,normal,
CUST-448f4e4200,2025-06-11 10:56:56.416446,DEV-55052ecc32,PAY-97bde7f3a5,ADDR-b352affc03,normal,
CUST-b164c69466,2026-04-09 21:48:05.634570,DEV-1c2a724788,PAY-0fe557f2fb,ADDR-6e6d5728d0,normal,
CUST-12f552b4dc,2025-04-19 23:19:42.298163,DEV-3f8b381a62,PAY-8ed3b7240f,ADDR-d2dc184d57,normal,
CUST-8eb0d34f8e,2025-03-17 03:08:34.770097,DEV-aac49d98f8,PAY-826a37208c,ADDR-f318692901,normal,
CUST-133f89c77d,2025-08-13 17:56:01.898481,DEV-7d56d80640,PAY-3851eb4dd1,ADDR-e1509b4e04,normal,
CUST-0fa31d315e,2025-07-29 06:28:02.161700,DEV-bf3c6d0b06,PAY-1ecfdd88da,ADDR-287e31d00e,normal,
CUST-3bd15768a6,2025-05-07 06:39:47.989050,DEV-d5856c571d,PAY-703d89a15f,ADDR-24a0c7ff2f,normal,
CUST-8642587c9f,2025-04-20 15:18:37.439171,DEV-ce9c2a1a67,PAY-4be19b4cb9,ADDR-e1a1fc8784,normal,
CUST-175ca23434,2026-05-15 13:41:55.563142,DEV-d9fa264a33,PAY-9540995d89,ADDR-cf0e410df9,normal,
CUST-776b703f95,2025-08-10 13:44:41.399746,DEV-50981a8f2e,PAY-178190b2ee,ADDR-da3ed35422,normal,
CUST-74f447f77f,2026-04-09 17:18:25.775173,DEV-95f6c4685d,PAY-27502fb904,ADDR-d5589762b6,normal,
CUST-e51ac043a2,2025-10-11 15:19:13.950491,DEV-b3a615e2dc,PAY-3a0991110d,ADDR-b26ddb2d9d,normal,
CUST-00ecfd4a9e,2024-12-26 06:58:31.537480,DEV-ebce689b42,PAY-3c3238071c,ADDR-5d1e5a2685,normal,
CUST-e9a08ffc5e,2026-06-28 14:01:45.051828,DEV-0e665396d6,PAY-01a4b66798,ADDR-fb3eb2bbca,normal,
CUST-2dc50d2e6f,2026-03-26 01:26:21.560176,DEV-d76cdbf994,PAY-f96c659eaf,ADDR-8a17bb905b,normal,
CUST-0e6311cea5,2026-06-11 01:10:19.168424,DEV-1a9656927d,PAY-5cb881a1d3,ADDR-dcaa48f3d3,normal,
CUST-b83ae1a587,2026-05-17 08:47:44.145171,DEV-9192a1c9ee,PAY-19841b3c51,ADDR-7ff53350dc,normal,
CUST-ed7cfd9cb5,2026-04-02 09:28:33.331516,DEV-6583bc4a50,PAY-283acb9c59,ADDR-d5d6a10a1d,normal,
CUST-bdcae9f433,2025-03-03 07:03:33.094627,DEV-501e9c0db0,PAY-0472435253,ADDR-e9582a41a6,normal,
CUST-4e932c74d5,2025-09-04 04:28:08.685347,DEV-5ff3eff5a6,PAY-de75a58283,ADDR-57438e58ad,normal,
CUST-4cfadb722a,2025-03-30 18:13:56.890819,DEV-1ff6db25a4,PAY-221e814442,ADDR-3e0ab68144,normal,
CUST-0b7d7ab258,2025-07-17 04:51:21.258962,DEV-52dc5c2eb1,PAY-1a50d444ca,ADDR-11615cc670,normal,
CUST-9c7d1da7a9,2024-12-30 22:47:51.064848,DEV-9673d2ead8,PAY-634b28c91c,ADDR-0a05616bed,normal,
CUST-831e3c2bff,2025-07-04 10:12:37.660692,DEV-689a7de980,PAY-df77290e3f,ADDR-33dd71a394,normal,
CUST-d1a5bb7594,2026-06-20 11:51:06.095387,DEV-9f1187ee3c,PAY-a1b7f1bef3,ADDR-c0b6d0f7f8,normal,
CUST-05fc75cd5e,2025-04-29 13:15:42.106897,DEV-30cdb19c03,PAY-d1997ddbdb,ADDR-55e4f30fe7,normal,
CUST-104ce9b35a,2026-02-23 23:26:42.304838,DEV-d4d0530b7f,PAY-f6b883859b,ADDR-0368f5f761,normal,
CUST-66c0fae905,2025-08-17 10:47:46.581161,DEV-8e0c30d0b1,PAY-8fd3199e31,ADDR-443e3cfdf5,normal,
CUST-ea5721286d,2025-07-29 22:06:43.291149,DEV-d9d21e551c,PAY-bca5b112b1,ADDR-84161a5d92,normal,
CUST-427d61e3e8,2026-06-04 06:53:09.374590,DEV-8ddeb6462f,PAY-b2d54d1e92,ADDR-f44587f001,normal,
CUST-70ed723846,2026-06-26 08:23:37.295487,DEV-d38006b335,PAY-ed8084bd98,ADDR-14a5f54458,normal,
CUST-5b26262b35,2025-10-14 18:57:23.839360,DEV-fe7fe39980,PAY-d905d5d84f,ADDR-14b41b39f4,normal,
CUST-51c8f5de3f,2026-01-16 23:00:05.016664,DEV-eb2a61ee10,PAY-ed38e78c20,ADDR-90d9306dc4,normal,
CUST-2fe41789f7,2025-02-24 15:03:24.062430,DEV-c4f0fd681f,PAY-241be5b16b,ADDR-2713180d58,normal,
CUST-8eb5d6932b,2025-05-17 19:03:06.995061,DEV-fdec87662c,PAY-c6ea47705d,ADDR-b17b2c4fbf,normal,
CUST-080abeb98b,2026-06-10 21:11:07.208201,DEV-a820240fe7,PAY-8da936978c,ADDR-656b3c7292,normal,
CUST-14c5a97f32,2025-10-28 08:17:21.556258,DEV-43ecd5ff9c,PAY-600455a9b6,ADDR-29addb38a3,normal,
CUST-486625b23d,2025-10-06 22:20:40.265869,DEV-c8c8fe4c16,PAY-833f1e8883,ADDR-2808d5c995,normal,
CUST-a276e2f7b1,2026-02-03 01:52:06.193299,DEV-ff465a8e92,PAY-a4834ecf22,ADDR-fd656817cf,normal,
CUST-5be223064c,2024-12-30 02:22:07.076361,DEV-0e76d412c6,PAY-28e6d74828,ADDR-79c3ca240f,normal,
CUST-084108c9f5,2025-10-31 05:43:54.669367,DEV-5026fa4337,PAY-12e2f6c0fa,ADDR-544b2eb0e8,normal,
CUST-c9e096700c,2025-09-14 03:36:32.115778,DEV-074c71c64e,PAY-fe2e239299,ADDR-cd8bc3aa3a,normal,
CUST-a0f3dccee2,2026-04-04 17:23:44.231651,DEV-fa74607117,PAY-ac7eaa079c,ADDR-d11e50af8d,normal,
CUST-383c5d644e,2025-02-26 03:41:06.674809,DEV-b6295d1dab,PAY-e90d561694,ADDR-6876a5d3bc,normal,
CUST-028658b3b0,2026-06-06 06:59:01.103646,DEV-f32f7e071c,PAY-da764ec486,ADDR-5de03a5ddd,normal,
CUST-caae10a52d,2025-01-12 09:13:44.115540,DEV-933008abfa,PAY-3a0f9f6180,ADDR-9d3aaf9ba0,normal,
CUST-40718ad74d,2025-03-14 14:13:25.168037,DEV-220803a288,PAY-9e6de04ba7,ADDR-954f5637e9,normal,
CUST-0d595ecf8d,2025-11-06 12:36:28.221227,DEV-62d3ac60db,PAY-c1f211a74c,ADDR-a93066f389,normal,
CUST-f6724752c0,2025-12-22 22:45:13.121577,DEV-1fc628b14d,PAY-d423207552,ADDR-550f6a92cc,normal,
CUST-cd26e431ef,2025-04-12 04:23:35.969759,DEV-858f9d67fc,PAY-2f4649c19f,ADDR-86d4922298,normal,
CUST-1b2b5b4281,2025-02-04 09:56:39.794673,DEV-7ac105fe1f,PAY-07387d505b,ADDR-4fcd6e7bde,normal,
CUST-e1819cc257,2026-04-26 11:25:57.061714,DEV-402fe3acad,PAY-2de1e43b0f,ADDR-b5edf08f87,normal,
CUST-371eb87b65,2025-04-18 13:24:30.502335,DEV-0519b60cbf,PAY-62d39f9283,ADDR-6c9f38355f,normal,
CUST-56e81ba572,2025-11-06 05:26:17.367003,DEV-03119c85ed,PAY-26b1544a04,ADDR-8ef6a23710,normal,
CUST-a07f96b230,2025-11-20 14:55:31.683270,DEV-955c023a43,PAY-40836198e7,ADDR-24a0351850,normal,
CUST-b680eba0df,2025-07-27 17:32:57.924626,DEV-7790dd5f76,PAY-d28f891b34,ADDR-27bdf617af,normal,
CUST-f0dface2cd,2025-10-30 22:42:36.475167,DEV-6694863d71,PAY-f2361e7d72,ADDR-a8b7d01303,normal,
CUST-3d4b194664,2025-09-25 16:35:19.014116,DEV-61ad0214f7,PAY-cbd1293653,ADDR-92e2596136,normal,
CUST-8def8fa12e,2026-05-22 04:40:41.367019,DEV-fd2c88bb83,PAY-26f09a1354,ADDR-2ecfab3033,normal,
CUST-da7e1b405c,2025-03-25 06:23:09.006682,DEV-f9d86d8f18,PAY-7f18d2c592,ADDR-3406f80d94,normal,
CUST-2f26033d6b,2026-01-15 16:12:04.549571,DEV-04ba844564,PAY-57fe960837,ADDR-27d944fabc,normal,
CUST-d09266ad6f,2025-04-14 04:46:47.991179,DEV-62279c0c37,PAY-70f3cfff7e,ADDR-b9faa7be5e,normal,
CUST-c6a42a0a23,2025-07-14 03:50:24.457241,DEV-cba65d73f6,PAY-a553b36bb3,ADDR-3f6cba0f06,normal,
CUST-0e0747a7f6,2025-12-20 21:48:26.417706,DEV-8a416cf017,PAY-99ac6eda4c,ADDR-8486fc8620,normal,
CUST-86e62ad77e,2025-05-19 16:45:33.915181,DEV-c724021d35,PAY-4d7dcf11e6,ADDR-7b525572ba,normal,
CUST-9e023205fa,2025-05-29 01:35:53.949817,DEV-b61e0fdfde,PAY-3cb567c11a,ADDR-5294ab7afb,normal,
CUST-7ff20ec86e,2026-02-05 07:54:32.351726,DEV-9c92c03465,PAY-99c749dfaf,ADDR-2a9d580a42,normal,
CUST-095e56b419,2025-01-08 00:03:32.828389,DEV-68f2814d7e,PAY-48abfce644,ADDR-8757ec0752,normal,
CUST-ac5595ab21,2025-08-19 08:20:08.240308,DEV-e70d803281,PAY-fe68df1e67,ADDR-2fc4bb8c6a,normal,
CUST-b20cd56bab,2026-06-28 02:31:22.476408,DEV-cf34ea04f3,PAY-f6550d925b,ADDR-f2d2a749ad,normal,
CUST-a754a8928c,2026-06-26 17:45:22.461820,DEV-6571f360b2,PAY-8bfeedd351,ADDR-0fb4ec54ed,normal,
CUST-8f6913460e,2025-01-08 10:01:51.529442,DEV-b91f57d49c,PAY-c62385f420,ADDR-1977654b2d,normal,
CUST-4a7d3229e2,2025-03-30 09:59:32.363746,DEV-94d6793ff2,PAY-0ed6a6ed09,ADDR-508d4e2f4a,normal,
CUST-0727c28c71,2025-04-29 13:13:29.868138,DEV-48d5e45e1c,PAY-46b5b45164,ADDR-8c07c30dab,normal,
CUST-4183226d52,2026-05-21 08:34:20.339762,DEV-26088b242c,PAY-48e0629549,ADDR-a1d7eb72d6,normal,
CUST-fcbaef2ab2,2026-04-21 00:29:18.807168,DEV-25fa77a2dd,PAY-b5e166e8a6,ADDR-a36db4f3ca,normal,
CUST-351d661ec6,2026-04-20 02:20:21.442435,DEV-603e26a143,PAY-99a037914c,ADDR-792127c68e,normal,
CUST-8e5d0255b1,2025-06-28 22:56:54.330416,DEV-ca545be71e,PAY-fddae17f6d,ADDR-6e04f96684,normal,
CUST-78950c4cbd,2025-02-26 08:02:59.936770,DEV-ec8ee4105c,PAY-ac8eebebde,ADDR-cef5e5a4ad,normal,
CUST-3f4808af89,2026-03-24 17:43:11.602829,DEV-fc222f7b64,PAY-555021b325,ADDR-ea9b0efd69,normal,
CUST-2d5f88eeba,2026-01-08 08:23:26.876451,DEV-74c9e0d59c,PAY-7dccbac0cb,ADDR-f8b815d4c4,normal,
CUST-4f9e3555f0,2025-11-16 03:52:27.237100,DEV-b14953a955,PAY-2603d74408,ADDR-603167e101,normal,
CUST-ab07fff576,2026-06-21 14:35:26.348004,DEV-5ccd4341b2,PAY-a97c899eca,ADDR-dd05f3de43,normal,
CUST-5276ab2397,2025-12-10 15:39:17.679270,DEV-3fbb99e117,PAY-b4ffc4fae3,ADDR-76cf6c7b0d,normal,
CUST-75b280e7aa,2024-12-01 12:42:35.629151,DEV-2f8d1a3c3c,PAY-5d507960c5,ADDR-6b227d9d7c,normal,
CUST-83a12a71a9,2026-03-15 02:28:44.621632,DEV-485b8249bf,PAY-c0603924df,ADDR-0221b2c00e,normal,
CUST-6d01af143c,2025-05-19 08:10:01.706055,DEV-64a2903027,PAY-511de9a62c,ADDR-1a43052d90,normal,
CUST-1f7322fc65,2025-12-16 02:26:58.499407,DEV-aa9f3926bf,PAY-a61e442498,ADDR-8b2f8d548b,normal,
CUST-61cf6dff49,2026-05-24 15:22:16.804456,DEV-1c19108881,PAY-92dce21488,ADDR-71b6f54bea,normal,
CUST-011a35cb86,2025-02-12 18:06:33.572197,DEV-bd7c46d5e7,PAY-c5a719ff55,ADDR-666ad0afc7,normal,
CUST-efc6862f6c,2025-02-01 19:59:48.494918,DEV-f346b2bbf4,PAY-f3d52eb510,ADDR-c8cc1c2a94,normal,
CUST-b367a60cd0,2025-01-27 23:22:19.006500,DEV-0883c1ef86,PAY-b27bd056bf,ADDR-1ce8cb822e,normal,
CUST-3c16c94c44,2025-10-13 07:35:44.569447,DEV-24fd94e734,PAY-7be2e1bfa5,ADDR-b017d593fd,normal,
CUST-1b8615c88a,2025-05-03 16:33:02.729976,DEV-fca0ca8b10,PAY-a5b99ca7bd,ADDR-d10b58c14a,normal,
CUST-fb5d4ca2fc,2025-11-12 04:42:54.995083,DEV-9e25dae294,PAY-82e52c6091,ADDR-a4f4083b87,normal,
CUST-dad79109d3,2026-01-16 11:56:20.228931,DEV-3a20f268e2,PAY-8666f88aab,ADDR-ad0182ce1f,normal,
CUST-7c316049c3,2025-03-24 21:11:17.707568,DEV-0e27d661f5,PAY-0133eecc2e,ADDR-5c5a806e67,normal,
CUST-76d6bc3431,2025-11-29 05:22:14.436001,DEV-9fe6d8e1df,PAY-a906739c5b,ADDR-6af122257f,normal,
CUST-f5b477d28b,2025-04-28 20:19:13.069402,DEV-478dcb44af,PAY-d8784df83a,ADDR-62fc488293,normal,
CUST-7151b5e764,2025-09-05 20:38:19.022884,DEV-a22ca13332,PAY-81b7b3c3e6,ADDR-f1f157f6be,normal,
CUST-ce87f70beb,2026-05-05 04:33:21.168138,DEV-c962fd3d2b,PAY-03e219fac0,ADDR-136a29ca9a,normal,
CUST-adb8e17031,2026-03-31 21:27:25.919803,DEV-deba0514c2,PAY-3b001d05bb,ADDR-f15e17afb4,normal,
CUST-fa1aa2e28f,2025-01-19 10:34:46.226410,DEV-888911758a,PAY-e13982e9de,ADDR-693d2a71d9,normal,
CUST-a5f3a68149,2025-07-30 06:00:32.167964,DEV-8c048ae872,PAY-50679f0a93,ADDR-5145f50ce0,normal,
CUST-878058fd9b,2025-05-06 04:44:54.212346,DEV-69bb91443a,PAY-efd71a1374,ADDR-901a1aac8a,normal,
CUST-8d806d7dc9,2024-11-29 01:16:15.224030,DEV-38e43449ad,PAY-cbf0d66ddb,ADDR-e7c8fab2e4,normal,
CUST-e6f40d4b9b,2026-02-16 11:28:21.803091,DEV-f1a9ee9220,PAY-f56828ea7c,ADDR-2e145c9261,normal,
CUST-b08697fe0d,2025-11-30 21:19:38.967528,DEV-26a4f9da61,PAY-a18e7faef7,ADDR-c54ab2b17b,normal,
CUST-683b387ba7,2025-04-27 16:07:49.176436,DEV-3b3c9a3c99,PAY-bb8cb2cf8b,ADDR-67f31176de,normal,
CUST-7398b07685,2026-01-30 04:08:40.928650,DEV-6c8f712d89,PAY-c76a9d4af9,ADDR-04868c2441,normal,
CUST-9aad5414a2,2025-10-12 10:09:04.075100,DEV-ffe3e7b3c6,PAY-05659015c5,ADDR-3412c036fa,normal,
CUST-69643574b5,2025-08-01 15:08:14.734160,DEV-f4c0778ef4,PAY-0383798b4e,ADDR-f4f3bf9fca,normal,
CUST-8a5f5859c8,2024-12-02 14:22:12.524727,DEV-0840e32eab,PAY-babfb209d9,ADDR-2d71d1b441,normal,
CUST-c3e0ea52be,2025-01-09 13:35:19.246506,DEV-52531d43e7,PAY-5f2d16a730,ADDR-f334f43616,normal,
CUST-fedfe92e0f,2026-04-22 07:38:47.188676,DEV-5ec79e6ae4,PAY-df85644b28,ADDR-7722bc12b2,normal,
CUST-4a2b58810f,2026-05-04 08:59:29.149427,DEV-79bfd1d09f,PAY-e73dce246d,ADDR-216ba3cfc2,normal,
CUST-eb26ce98da,2025-10-08 21:31:21.571680,DEV-b30cef4776,PAY-76b49c78e9,ADDR-112426b0ce,normal,
CUST-c3c640f287,2026-03-25 05:31:56.626810,DEV-c680b9b147,PAY-8a229d7b3a,ADDR-f3a7996648,normal,
CUST-7eba285cfb,2025-10-30 06:33:10.569392,DEV-04e3702f08,PAY-a3b7605e2d,ADDR-479864b730,normal,
CUST-736dbab2e2,2025-02-20 17:54:40.479285,DEV-8b1dba866d,PAY-a3f0131a53,ADDR-8a1b449b1a,normal,
CUST-8a39c5c32e,2025-02-08 18:58:58.569401,DEV-1674f94334,PAY-dbb01e27ea,ADDR-d94422af32,normal,
CUST-d18d054c26,2025-05-24 11:33:28.910265,DEV-dc08db0fa9,PAY-93f55083c1,ADDR-347694423e,normal,
CUST-48fcc86f72,2026-05-01 12:14:48.363241,DEV-e22a444fc8,PAY-860baa0991,ADDR-8adfab4673,normal,
CUST-89666d0005,2026-03-02 22:54:55.975407,DEV-9fa7aa83ab,PAY-e01b6ff544,ADDR-a66d213f12,normal,
CUST-bc52c6db6f,2026-04-09 08:19:23.086144,DEV-11444e2cbb,PAY-413efceb52,ADDR-92d829f9b4,normal,
CUST-51d142b52e,2026-05-01 11:27:24.297019,DEV-20c377e81b,PAY-5edb5aed5f,ADDR-ba554ddfa5,normal,
CUST-b198bb75b6,2025-03-28 15:13:24.876369,DEV-4b81cb3ea2,PAY-aa3189c15c,ADDR-48aeaaedd3,normal,
CUST-df591b5a09,2025-04-20 11:27:54.922470,DEV-a6ee2bde06,PAY-e349879f26,ADDR-d8fa74c161,normal,
CUST-69d011278c,2025-01-25 12:25:12.600304,DEV-f06ac49e50,PAY-c30dfa9ed3,ADDR-67134486e5,normal,
CUST-841a7179dc,2026-02-21 16:29:43.069364,DEV-668214d961,PAY-4d7e56c577,ADDR-84e68fc58c,normal,
CUST-e7f5f97ea7,2026-04-22 21:56:08.920908,DEV-a7e0a8f474,PAY-c1e7049976,ADDR-3c917def1c,normal,
CUST-c733cdeaf7,2025-07-20 07:01:12.752786,DEV-e8ffd878a6,PAY-e1993fa2c4,ADDR-9eca5ac571,normal,
CUST-ae000d8445,2025-11-21 08:42:44.442195,DEV-bda87a335e,PAY-9a2237feec,ADDR-b2370537b8,normal,
CUST-eb569319c0,2025-02-24 11:40:23.482072,DEV-6ddea28951,PAY-adf0351501,ADDR-57c2edc01b,normal,
CUST-8227815abb,2026-05-19 09:37:35.738685,DEV-48c87ab249,PAY-9295552ada,ADDR-2acfe65664,normal,
CUST-c8409b7b22,2026-04-11 14:33:38.716821,DEV-be264c1a30,PAY-37da312e57,ADDR-be29283351,normal,
CUST-176f072e42,2026-06-15 05:21:32.520991,DEV-ad5e5354bb,PAY-0100ef75fb,ADDR-01767f9a13,normal,
CUST-ce9f3187bd,2026-03-11 10:29:01.753050,DEV-6f180acb5d,PAY-fe13d71381,ADDR-376e7e597a,normal,
CUST-060b06e5a2,2026-04-21 08:09:34.488006,DEV-b6a16e369a,PAY-765e9b7a2e,ADDR-24dcdcbdc4,normal,
CUST-ac448c65ce,2024-12-11 08:25:52.625774,DEV-5d327e95b2,PAY-fff25c334f,ADDR-9c8b822561,normal,
CUST-64f7fa6a22,2026-01-27 11:17:59.638231,DEV-b67eef3791,PAY-37c784e60d,ADDR-1a18417c29,normal,
CUST-eb097e9a9d,2025-06-07 08:02:57.345301,DEV-8835bf862a,PAY-75f45ac33b,ADDR-368812c894,normal,
CUST-addd21d923,2026-05-19 22:37:03.189099,DEV-ec810e02ef,PAY-ab9f65f990,ADDR-0cc7158245,normal,
CUST-743c230672,2026-03-06 11:51:34.166414,DEV-677313e718,PAY-fe18327500,ADDR-4e5bb19423,normal,
CUST-9e9e6ff5c1,2026-04-11 07:02:01.457890,DEV-9b1d8315c2,PAY-12c3dfc3b0,ADDR-e827697ba8,normal,
CUST-5cc2cb99c3,2026-03-11 10:10:21.011224,DEV-1773395079,PAY-720584a262,ADDR-820ac215e2,normal,
CUST-1ecef6b93d,2025-04-30 11:31:55.705889,DEV-bea437fd9f,PAY-f50ba4cfdd,ADDR-f7a08bb5af,normal,
CUST-6e752474e6,2026-02-25 21:21:22.244207,DEV-cc1b5f4897,PAY-d638aab0ab,ADDR-3707393a69,normal,
CUST-1d510d69d4,2025-01-28 14:05:48.568184,DEV-8f9e7371c1,PAY-6b1ccf2815,ADDR-cabc57fb2f,normal,
CUST-287743882c,2026-04-15 23:37:46.614947,DEV-411c140c09,PAY-219bb4a761,ADDR-f8817739b0,normal,
CUST-e3a0b4fb33,2026-04-08 03:00:42.554123,DEV-d6ddd173ab,PAY-aa875148f5,ADDR-b4ebf4940f,normal,
CUST-09642cc48d,2025-04-04 18:56:20.180452,DEV-7c5f755bf8,PAY-e49b74119e,ADDR-a79d6e0c3b,normal,
CUST-e072694461,2026-03-14 19:17:14.896950,DEV-f80c1108d0,PAY-79bfd90ac3,ADDR-827ce5e8a9,normal,
CUST-b8680e10d8,2025-08-20 12:22:25.496755,DEV-a02b5b63a0,PAY-830e7ae9c2,ADDR-6976a397a9,normal,
CUST-7c69a0d50e,2025-05-22 16:55:56.253134,DEV-f5febce258,PAY-a5cc4db211,ADDR-c71c91cef1,normal,
CUST-9a0a23f9e4,2026-03-02 12:07:15.802421,DEV-fe2bc1adf9,PAY-55519822b8,ADDR-4381ea0b04,normal,
CUST-810d8b7ce5,2025-04-07 18:40:00.814866,DEV-17d3f50b40,PAY-7dc3cd5621,ADDR-c23d4e61a7,normal,
CUST-771e5050ce,2024-12-10 16:50:27.544601,DEV-fbee66b6c8,PAY-c81b8b4cef,ADDR-229532603b,normal,
CUST-78d0d82c28,2025-03-18 19:43:53.538967,DEV-f8525f77c3,PAY-c20dcd5cbc,ADDR-1efa23abf8,normal,
CUST-f58a1aafaf,2025-06-05 01:31:41.065836,DEV-28cd36d038,PAY-aa70d4428d,ADDR-aefd27ce4a,normal,
CUST-e2c1d2e2f5,2026-04-11 11:02:54.536830,DEV-c26a6592bf,PAY-f768c1dd56,ADDR-9771289622,normal,
CUST-350cf3c6a2,2026-06-09 19:53:27.563482,DEV-9dafd34445,PAY-60b7e38ec7,ADDR-0823a5c424,normal,
CUST-09f39fd07f,2025-05-07 14:43:15.235907,DEV-38944bd2aa,PAY-f60039ebe2,ADDR-cae52135f0,normal,
CUST-feeaaf73b0,2025-12-03 10:01:48.862890,DEV-526c47de34,PAY-a795877578,ADDR-2e901446c9,normal,
CUST-1970ddcd05,2025-07-16 09:55:50.984643,DEV-ec785e5b2d,PAY-2329260048,ADDR-aaccf807c1,normal,
CUST-5037099af0,2026-06-18 02:03:21.791905,DEV-87b16acc6d,PAY-23aca2f51d,ADDR-e86da73b1c,normal,
CUST-4ff37263af,2025-10-03 11:15:13.746688,DEV-ea0275a0c0,PAY-3bae708970,ADDR-5c43fea0e4,normal,
CUST-fe093d5e7a,2026-05-24 19:38:21.487028,DEV-9a7429327b,PAY-baefd3f2f6,ADDR-6c482ed889,normal,
CUST-c577946e8f,2025-02-01 18:47:20.341419,DEV-01e2bc5e65,PAY-e8b27e7885,ADDR-1750ac63af,normal,
CUST-67f75a56ae,2026-06-11 20:41:12.806754,DEV-856ce16086,PAY-de2ffd5a44,ADDR-40ef70fedf,normal,
CUST-3f41dc11e7,2025-03-10 09:22:42.144717,DEV-234898e2dd,PAY-63ab919b47,ADDR-9879bb06a6,normal,
CUST-b1cc95187a,2026-06-07 07:22:36.666561,DEV-de17e0c794,PAY-5229efb116,ADDR-f40b7edf2f,normal,
CUST-0098596325,2025-04-29 16:55:14.065029,DEV-5bccc6cc98,PAY-b6dc6e31ca,ADDR-6242c6d442,normal,
CUST-538b17b650,2025-01-28 18:21:42.465944,DEV-c3fedb37ee,PAY-7c955ddc05,ADDR-df99c04fdd,normal,
CUST-75544c47a8,2025-08-05 14:41:52.760451,DEV-cbfb0cfe27,PAY-cbf58ce687,ADDR-ff7b056c26,normal,
CUST-b4e4d28f35,2026-01-22 19:51:43.786188,DEV-c6366fcc34,PAY-7fa84d454f,ADDR-a3d1aee37f,normal,
CUST-34f02cba6d,2025-05-27 14:51:35.848993,DEV-027419d2fb,PAY-69e58ae181,ADDR-462b7fca9a,normal,
CUST-eb57937e9c,2025-11-12 23:52:41.611952,DEV-ae1b978c63,PAY-85aee77360,ADDR-be960658fc,normal,
CUST-e66a8a727d,2025-09-19 02:44:05.413801,DEV-529b58e890,PAY-b3206ff52f,ADDR-f8737db57c,normal,
CUST-6435aa67ed,2025-07-08 00:40:32.670330,DEV-45756ad2e6,PAY-ced03b4eb6,ADDR-5c690e3734,normal,
CUST-02a55042f6,2025-10-26 20:16:02.828743,DEV-51fc146698,PAY-bfc0e3756b,ADDR-00beb5fe1a,normal,
CUST-e9ef5535b1,2025-04-23 11:37:26.203086,DEV-85a60bd2c8,PAY-fbc4cb1bc0,ADDR-12f2e0a13e,normal,
CUST-2ea89d2710,2026-01-11 09:16:49.094975,DEV-fbc33c519d,PAY-966c9181ba,ADDR-36a81dc703,normal,
CUST-42a6ded785,2024-11-27 23:30:07.207654,DEV-e9c1fd4271,PAY-7e7b69b4d2,ADDR-9a07286d17,normal,
CUST-36c41ecbb5,2026-05-16 21:47:32.999191,DEV-c1a09ce4cf,PAY-3cae56a3e0,ADDR-2e41d5857c,normal,
CUST-83ece49d24,2025-10-04 18:19:44.225765,DEV-623498bfaf,PAY-ccac2da783,ADDR-2e7fb640a6,normal,
CUST-58c793aa14,2026-01-17 13:11:57.365220,DEV-26b4d42b88,PAY-1699b15c69,ADDR-49cd73b6c2,normal,
CUST-505b81fbde,2026-01-30 14:08:17.813967,DEV-f00624e54b,PAY-06a82869b3,ADDR-05a54f5744,normal,
CUST-eb6dd76b70,2025-12-20 07:03:13.311363,DEV-9de5bca24b,PAY-19d9f9f39a,ADDR-2e784d24c4,normal,
CUST-c719132a50,2025-06-25 21:13:17.658741,DEV-13383e4d11,PAY-7c5057de7a,ADDR-a74d68b1ed,normal,
CUST-3ea6f9acb5,2025-01-06 12:21:21.885880,DEV-cc618ffdf0,PAY-5027a5fcc6,ADDR-4e4371cfa2,normal,
CUST-1fa1710842,2025-12-16 14:14:48.730297,DEV-c36df97925,PAY-069c72cc00,ADDR-bdab2cc5ad,normal,
CUST-3df01bf375,2025-06-06 04:27:34.923053,DEV-f97964ec71,PAY-6862d29918,ADDR-2f09437282,normal,
CUST-2020236532,2025-05-27 18:10:18.493431,DEV-d26c1aab9f,PAY-b05ec99e7a,ADDR-f427a543e1,normal,
CUST-228d5bb627,2026-04-02 00:01:13.166472,DEV-5e99e31c4a,PAY-bb980beaba,ADDR-e658cf1c1a,normal,
CUST-156f03b63f,2026-01-17 17:42:18.859831,DEV-c81bdf1106,PAY-96ef16ac32,ADDR-c5b9ca6f7a,normal,
CUST-332b9ff015,2025-05-19 21:16:41.660629,DEV-2978951d0e,PAY-7cf721bfc1,ADDR-46f020f34d,normal,
CUST-9d10d3a52a,2025-05-25 01:49:10.797785,DEV-29a17c6f11,PAY-0633bc4248,ADDR-2ac51e11dc,normal,
CUST-a569f61442,2025-07-21 11:01:40.289421,DEV-5ff2b98480,PAY-bf3e7d633a,ADDR-804635f696,normal,
CUST-d790f39fec,2025-07-17 23:45:20.802795,DEV-c1c5f31a9c,PAY-5cb774de5a,ADDR-7f2ec4e4e8,normal,
CUST-b2ae657f22,2025-05-17 04:25:28.899482,DEV-db433972b3,PAY-c205d089fa,ADDR-5c60c919b6,normal,
CUST-6deceeaaf4,2025-02-08 16:47:28.520614,DEV-5422facb15,PAY-474ed0d85f,ADDR-50895ecb02,normal,
CUST-e4526cb75d,2025-07-28 10:31:20.114790,DEV-faf509d8ae,PAY-c5627910ce,ADDR-5de3512523,normal,
CUST-771b585d12,2026-05-25 11:17:36.846480,DEV-26ffa5d879,PAY-cd009e8a12,ADDR-28aceb539f,normal,
CUST-9264bf7245,2025-12-24 04:00:36.603036,DEV-aea8d573dc,PAY-b58a7efa8b,ADDR-2f58bcbe92,normal,
CUST-3b79535f76,2026-05-03 17:23:09.108600,DEV-6d342ada06,PAY-ccd5a09362,ADDR-c7c670cc94,normal,
CUST-c7f2fd313d,2025-11-18 09:11:42.979417,DEV-44f845fd72,PAY-be4ab38371,ADDR-3bd19078a8,normal,
CUST-a445502479,2025-05-20 05:59:58.045067,DEV-6231360409,PAY-681d85d586,ADDR-0de5690859,normal,
CUST-fb29214555,2025-10-10 06:08:07.849441,DEV-13e301bc8c,PAY-4a96dcd5a3,ADDR-8992a4218b,normal,
CUST-736408b300,2024-11-27 05:38:27.376921,DEV-2f223e9685,PAY-a504cc14dc,ADDR-d7fe8233d9,normal,
CUST-f01dad28bc,2025-05-12 02:57:10.834598,DEV-6a5d3cd94f,PAY-a80d15c72c,ADDR-f6b9d522c8,normal,
CUST-2084f32bea,2025-08-02 21:43:32.636131,DEV-586ed5a379,PAY-8130d62eeb,ADDR-1f654b65d8,normal,
CUST-c292597ff6,2025-10-28 19:28:06.670183,DEV-187fc3f1ce,PAY-b83a290a17,ADDR-b4312b7177,normal,
CUST-cda850222d,2025-12-11 01:47:21.649120,DEV-e0c9df0e27,PAY-b4dad8cf83,ADDR-c778dc6c41,normal,
CUST-ce103d0c49,2025-08-23 05:28:33.210021,DEV-6ebe126bec,PAY-8a48c3cd2a,ADDR-eb8557ec4c,normal,
CUST-33b1849e68,2025-08-10 00:15:09.256103,DEV-dd9fc5c2d5,PAY-335db3ea01,ADDR-94f7e944a1,normal,
CUST-eb563c25b6,2025-03-30 17:35:40.805320,DEV-7de88c6c7e,PAY-1b66b14ce8,ADDR-be1a4cacbf,normal,
CUST-48e47021e4,2025-08-27 23:23:42.861826,DEV-ce56d64ef9,PAY-7b53a48e94,ADDR-1f38f35884,normal,
CUST-73bd11a987,2026-05-02 18:48:31.520554,DEV-5ac3fc4017,PAY-f28d258c92,ADDR-8a4c8523eb,normal,
CUST-0bcd61092a,2026-03-02 21:33:36.240198,DEV-242bdf7063,PAY-208582dca1,ADDR-45e947dd9b,normal,
CUST-455551f009,2025-03-05 06:01:53.909645,DEV-c0d57abe1f,PAY-9b0909480f,ADDR-172db07b92,normal,
CUST-90355e5e37,2025-01-15 02:19:07.601996,DEV-68cfa91247,PAY-47e14c4ac1,ADDR-81d3e05b96,normal,
CUST-702d970872,2025-09-21 10:43:16.067215,DEV-dbe53e5ee3,PAY-7bbc9f12dd,ADDR-0c045dbf8c,normal,
CUST-7e86de0db1,2025-11-28 11:20:46.074197,DEV-9eca7a0cb6,PAY-3240e02581,ADDR-2952f56d39,normal,
CUST-1768c140ca,2025-06-09 01:46:33.589829,DEV-365db2ec92,PAY-d9a1edf8cc,ADDR-ccd3fe33eb,normal,
CUST-2957ae55d2,2026-03-15 20:48:44.867525,DEV-ef0df9f4ab,PAY-07fb79b9a2,ADDR-831e909192,normal,
CUST-c0375765c0,2026-02-04 21:48:56.013358,DEV-c5f46c99e2,PAY-4b06b1266b,ADDR-4479c1f365,normal,
CUST-cdda9552ff,2025-12-21 13:10:07.097025,DEV-186605be74,PAY-59ebd1b5a8,ADDR-92f950deea,normal,
CUST-2a7014bdab,2025-04-06 01:36:24.100914,DEV-123819f630,PAY-6a0f2ae9f0,ADDR-5c08433a64,normal,
CUST-729cff6abd,2025-03-22 07:06:34.362607,DEV-68f6c3c374,PAY-ebc23e1573,ADDR-5713355fc0,normal,
CUST-d92b0089b1,2024-12-11 03:24:54.676267,DEV-c49aa5acec,PAY-80c5b32b5a,ADDR-e6081ee3fa,normal,
CUST-a371faec63,2025-04-17 18:19:55.173046,DEV-951a59b504,PAY-4659bbb399,ADDR-b85fa6c968,normal,
CUST-c40ae9fbf4,2025-08-29 02:29:40.701352,DEV-9bc24d6778,PAY-f2d240c2ed,ADDR-c830d317e8,normal,
CUST-d90710d738,2026-04-02 23:57:18.016219,DEV-efac308964,PAY-184762d6a2,ADDR-4377e5cca6,normal,
CUST-e386491f76,2025-01-08 04:01:15.861896,DEV-c66f6e3d08,PAY-bf07c8d0e6,ADDR-71b75a79d7,normal,
CUST-4a5027c7f7,2025-07-24 23:04:20.239768,DEV-4aa7300f7a,PAY-319c886d6e,ADDR-0c3d48b179,normal,
CUST-d1033a0349,2025-11-26 15:13:11.030633,DEV-9ec85dbbf0,PAY-d6fa975adc,ADDR-1a84491994,normal,
CUST-d90702e92a,2025-03-19 13:52:19.379046,DEV-26b1fd3c06,PAY-99051c41bc,ADDR-b6c2350033,normal,
CUST-f1cb530b7a,2026-01-04 04:32:19.193338,DEV-26c4cbd293,PAY-8bd60b7fb1,ADDR-9dc7ce18ff,normal,
CUST-2a31e93d6e,2025-09-09 05:51:54.506049,DEV-c4a8e0cf0b,PAY-884f19d7c9,ADDR-527e320015,normal,
CUST-0648139e8e,2025-04-17 06:24:27.980575,DEV-e8c9588aa0,PAY-6f93646b4b,ADDR-e9295248c9,normal,
CUST-c61c8ead4b,2025-12-11 20:34:55.640674,DEV-d0fe05f26a,PAY-9026325404,ADDR-f2ccc20127,normal,
CUST-4e464606ff,2024-11-30 05:03:02.854246,DEV-c56b7f4811,PAY-74e0c95862,ADDR-47a2e04a97,normal,
CUST-d5556ec0cf,2026-02-04 19:24:08.521525,DEV-042a31f055,PAY-6cc271ef1f,ADDR-913903cd40,normal,
CUST-43c3c37054,2026-02-15 20:33:42.611129,DEV-f645657070,PAY-ecc7c53bbe,ADDR-865f6343ef,normal,
CUST-631e17ebfa,2025-01-27 17:08:13.462969,DEV-03bc77d873,PAY-10c28aec08,ADDR-8d159d8b1d,normal,
CUST-e26beeeeaa,2025-07-31 03:49:53.439702,DEV-8cfc07e36d,PAY-6569d8883f,ADDR-35977e2753,normal,
CUST-b49cb99096,2025-03-08 20:07:16.784378,DEV-fc36b64c85,PAY-bb506b2405,ADDR-4dcd2c08fd,normal,
CUST-4d0dff0840,2026-06-04 15:53:46.044659,DEV-018a3c9029,PAY-96f11bab76,ADDR-75ea34de9a,normal,
CUST-79972d6735,2025-09-22 21:32:27.240598,DEV-b10a2e296c,PAY-f2a6bf9519,ADDR-db7cbba037,normal,
CUST-a4b6b3240b,2024-12-26 01:50:04.847692,DEV-d62beacd44,PAY-77d8e8910e,ADDR-242b75d4d6,normal,
CUST-ceaed6a158,2025-04-20 06:51:33.458958,DEV-2d34d18d9d,PAY-071a496a0d,ADDR-06129cbbf1,normal,
CUST-1187964c64,2026-04-02 04:28:54.778075,DEV-200e88edf0,PAY-be903674e6,ADDR-8edfc14031,normal,
CUST-2964a2b74e,2025-08-18 06:59:36.696241,DEV-922ae1e8c0,PAY-43d49b6c7c,ADDR-16ba181f87,normal,
CUST-902f84b455,2026-03-06 00:29:06.351117,DEV-adcec57742,PAY-0107d8f387,ADDR-ff8b5a9073,normal,
CUST-874d620c50,2025-12-18 12:39:36.619272,DEV-6f2f61a80f,PAY-8b3472d361,ADDR-0410f3646b,normal,
CUST-6b3ca4147e,2026-06-21 23:45:12.700121,DEV-e5ba529f01,PAY-ddc02ffd33,ADDR-9f00dbb8fa,normal,
CUST-d5fbc8b9eb,2025-11-06 18:24:19.502824,DEV-8a082f5fd2,PAY-5acb57abf4,ADDR-e4f4ee5323,normal,
CUST-c77bfa7dfd,2026-05-31 01:45:01.436134,DEV-77d114b8a3,PAY-54a9da797c,ADDR-c49699722b,normal,
CUST-978fee3191,2026-04-27 03:15:16.794223,DEV-0d5bb5aff4,PAY-5aae42d6db,ADDR-44d3c0361b,normal,
CUST-f67ea62090,2025-11-16 17:25:00.037551,DEV-46be643a67,PAY-be6278c175,ADDR-8c197788fd,normal,
CUST-ec4ff63bc0,2026-01-17 11:01:51.477207,DEV-27e7058a1c,PAY-d5d19de69d,ADDR-f3e00cb806,normal,
CUST-5543170fcb,2025-09-15 06:23:50.562240,DEV-c2c0eb9cce,PAY-fdbc9dcdf9,ADDR-4d29500b21,normal,
CUST-f355491a1a,2026-03-22 21:35:21.056816,DEV-61ee785d56,PAY-f3869fc665,ADDR-1b6c0b49c2,normal,
CUST-ebeee69c3a,2025-10-10 05:13:43.052477,DEV-ad45067893,PAY-e289ad357a,ADDR-a19a096009,normal,
CUST-bc615b1a90,2026-04-30 11:36:13.689106,DEV-f971a7ba6c,PAY-5658b4164c,ADDR-c81f97fb42,normal,
CUST-136805d4f4,2026-01-31 13:50:09.687299,DEV-d9667d30a9,PAY-260cc59041,ADDR-73392cdc02,normal,
CUST-299aaaa9b8,2025-08-28 20:04:33.506735,DEV-46e150cb40,PAY-4b1582dab9,ADDR-e731b74e09,normal,
CUST-ec023bfef9,2025-04-26 01:43:32.726892,DEV-5462cda4e9,PAY-66c3bf6467,ADDR-132129465a,normal,
CUST-68e691a04f,2025-04-19 03:38:36.212763,DEV-eb08e299ac,PAY-9ae22eaae7,ADDR-3a7a9facc7,normal,
CUST-98ee0debd7,2025-12-01 04:56:35.971589,DEV-c1e619121c,PAY-384305dd37,ADDR-29e3c5bd45,normal,
CUST-de92a7463a,2026-02-13 09:44:49.045176,DEV-a486b465f7,PAY-4fb840245d,ADDR-3e3678ef89,normal,
CUST-dd18588e2c,2025-09-24 19:58:55.916608,DEV-a3458f81c3,PAY-0e4fadeaa6,ADDR-23f77c818b,normal,
CUST-aaa443a5b3,2025-11-24 21:17:46.609076,DEV-5209bbe968,PAY-f254c01ef5,ADDR-8e2deadb8e,normal,
CUST-cb56d801ca,2025-05-04 23:48:22.040518,DEV-6de4e64af1,PAY-0f5a80a109,ADDR-adb77d36da,normal,
CUST-43a398032e,2025-01-10 20:42:31.267096,DEV-b6e4f04f9d,PAY-30c618b017,ADDR-3e2ae6c128,normal,
CUST-d14200bf20,2025-05-11 10:28:42.183820,DEV-a36ae50a93,PAY-e6f999d46c,ADDR-10ce0ad107,normal,
CUST-200e7cd61f,2025-05-03 07:45:11.260851,DEV-5ccf94da54,PAY-6971361e88,ADDR-5b6adf0c10,normal,
CUST-4ea27f1375,2025-05-31 02:41:02.985890,DEV-10ccfed433,PAY-45cc576095,ADDR-e3f031d98e,normal,
CUST-11f1f9d522,2025-10-05 17:57:19.022819,DEV-a045361f61,PAY-58b6438b2f,ADDR-25b74031cb,normal,
CUST-b21f5805ba,2025-02-15 02:50:45.451783,DEV-d947def262,PAY-9911f7a1f5,ADDR-da0b555bfc,normal,
CUST-f5868e338d,2025-04-09 21:36:34.280290,DEV-58183b81a1,PAY-f94eb2b586,ADDR-5f69649ad5,normal,
CUST-b8badea459,2026-01-02 19:07:35.730147,DEV-cf8f25fc1f,PAY-30d8f93ecb,ADDR-3b885514c3,normal,
CUST-242ab76068,2026-01-10 00:24:01.414755,DEV-e0297314bc,PAY-1adab6fc59,ADDR-eab0f8e9fa,normal,
CUST-d33f48b29a,2025-01-03 04:31:26.794272,DEV-8641770739,PAY-c6c4f3b7cf,ADDR-fa9b57747b,normal,
CUST-e70eff6c17,2025-07-21 00:00:03.027193,DEV-bca991bb56,PAY-609138c8a7,ADDR-3803009af7,normal,
CUST-3f7863a9e8,2025-10-07 04:07:27.870393,DEV-c954de047a,PAY-ac307544e1,ADDR-1ed6c5648c,normal,
CUST-db4c40947d,2025-07-25 17:35:55.525551,DEV-1da3bf0d93,PAY-43d245a776,ADDR-573a142a32,normal,
CUST-582acb9bf1,2025-03-26 18:10:14.436092,DEV-6dabda94dd,PAY-d8ab82f68c,ADDR-10fec7c9b5,normal,
CUST-e7b13e0fcd,2025-07-28 06:18:51.562726,DEV-3f092a2e54,PAY-015a927744,ADDR-834eb8f7d3,normal,
CUST-647031a5a9,2026-05-04 21:38:07.782054,DEV-857cde85f6,PAY-eed98db745,ADDR-a2a271430b,normal,
CUST-6d6bdf0d50,2025-10-31 04:22:03.143215,DEV-e9750ad3b7,PAY-a3bfff3f00,ADDR-42b1f58af7,normal,
CUST-6880a353f4,2026-01-03 16:59:14.713353,DEV-09366be546,PAY-8d355de583,ADDR-e2e4195049,normal,
CUST-9665467d1d,2026-04-07 01:08:53.955224,DEV-97a2f8b03b,PAY-2818ec1d3c,ADDR-5a797c2cbe,normal,
CUST-29ba4b88f8,2026-02-13 06:42:08.027052,DEV-339c7824a7,PAY-749639b359,ADDR-5a700864f5,normal,
CUST-228de6b995,2025-07-05 05:46:29.200726,DEV-a00f974f1d,PAY-1574d096dc,ADDR-12c82be6b3,normal,
CUST-87b793dab8,2024-11-30 09:55:55.118939,DEV-4439ab0a39,PAY-15af6bd0d6,ADDR-ce26764612,normal,
CUST-99466bf77a,2025-06-18 16:02:25.158940,DEV-0030048d8c,PAY-f3cfeaf15b,ADDR-2252ff6b81,normal,
CUST-5ff0770e48,2026-02-06 06:17:25.216171,DEV-b62c82a9c8,PAY-a7fabb89c9,ADDR-565adfe8c1,normal,
CUST-cef5f415f3,2026-04-05 03:30:45.795990,DEV-e51dede9d7,PAY-e22b328d4d,ADDR-5cefde5939,normal,
CUST-e4f003a928,2026-06-02 00:52:04.740170,DEV-b31c58bd19,PAY-c80f6f8a91,ADDR-ddabad2d86,normal,
CUST-cd5484c6ac,2025-07-27 14:43:11.076326,DEV-23ea7f16a4,PAY-7a3b9d04e1,ADDR-6d2373c5df,normal,
CUST-d14f7ed369,2026-02-02 19:28:39.850028,DEV-57fa081607,PAY-714bf6f2f8,ADDR-0a5f7b6f12,normal,
CUST-f010c62cb9,2025-10-09 05:03:16.473821,DEV-ef1630a0b9,PAY-770d9040b6,ADDR-408d5f3b32,normal,
CUST-96643e7a3d,2025-11-11 06:47:52.713339,DEV-6eca7bfa2b,PAY-e7dd70ca0f,ADDR-064ae721c6,normal,
CUST-2a7ba3418c,2025-04-03 16:36:20.506766,DEV-82b6585fcf,PAY-141317d42a,ADDR-519348e0cd,normal,
CUST-1212fa348e,2025-04-03 01:04:58.924918,DEV-b6a01322fd,PAY-014687e828,ADDR-d3195f5e87,normal,
CUST-e7d328594a,2025-08-06 08:22:36.203319,DEV-5bd3377666,PAY-10398b91d7,ADDR-6f852f7d78,normal,
CUST-006264beba,2024-12-13 19:19:44.032726,DEV-e3f89c66b7,PAY-a207da837e,ADDR-17ae22f210,normal,
CUST-f51a56ddf4,2025-06-09 14:51:22.101238,DEV-af42ad024e,PAY-3688ebc3c6,ADDR-a18fe3b7c5,normal,
CUST-cdc2119d35,2025-12-25 05:21:20.283674,DEV-ae8f37db65,PAY-d2447e1cfa,ADDR-039a59016b,normal,
CUST-6fdf0ff873,2025-07-19 02:23:03.963612,DEV-96ce97c8d8,PAY-f6cddb5017,ADDR-3af0104588,normal,
CUST-f62a99465e,2025-03-02 13:27:41.705294,DEV-0bb3a5f68f,PAY-d12b094cc3,ADDR-3356d71a8e,normal,
CUST-6c6e6d4f20,2025-08-24 14:51:12.649436,DEV-0e5bbeb4f2,PAY-5b8f7ef06e,ADDR-c76a8142e6,normal,
CUST-98fafff1d6,2025-02-08 21:30:57.135668,DEV-610cfee443,PAY-99f8756648,ADDR-7a1035b1a7,normal,
CUST-226cda88ab,2025-11-22 06:52:57.826904,DEV-49d0094c00,PAY-63136be567,ADDR-cb96d26758,normal,
CUST-12282cf46a,2024-12-12 14:43:32.936426,DEV-68da0f16ba,PAY-5a0a68668e,ADDR-c24b95d3c9,normal,
CUST-069a9309c3,2025-07-13 03:18:19.735548,DEV-b22a0dca75,PAY-d8db0984d4,ADDR-56275fe081,normal,
CUST-24b46f51a7,2025-10-19 18:47:27.586004,DEV-9d9bdff39e,PAY-833e5d15d1,ADDR-465005b7f6,normal,
CUST-3d32dce9cd,2024-12-12 16:36:36.129402,DEV-87a3f4a834,PAY-ce816bb21f,ADDR-8f682b15f7,normal,
CUST-4ca0a02da8,2025-12-04 03:38:56.791456,DEV-e12c90ecc0,PAY-38c330372c,ADDR-df6bf001a8,normal,
CUST-934ad74e74,2025-02-13 13:40:48.268401,DEV-3cc651ca08,PAY-cf00c44379,ADDR-b807741dc8,normal,
CUST-cc80fadd89,2025-08-21 07:45:41.682743,DEV-b238db854a,PAY-930e958344,ADDR-c706d4b3d7,normal,
CUST-a3405131a5,2024-12-26 02:45:18.961049,DEV-b7f0ce65d5,PAY-9fc94ad5d2,ADDR-089e14d09e,normal,
CUST-e38a425f00,2025-07-04 12:01:38.268330,DEV-999e3d1e06,PAY-15b6cdcf75,ADDR-ae6e55c55e,normal,
CUST-12513911ca,2025-03-29 13:13:52.713850,DEV-6ccd530bb8,PAY-a2cf7959b9,ADDR-b625f93bff,normal,
CUST-a29261cc69,2025-06-04 05:50:57.496670,DEV-4ea0c88820,PAY-b2a89566f0,ADDR-940dc7dbac,normal,
CUST-0d6cd2aac9,2026-02-10 18:02:52.875223,DEV-5a0992b3a5,PAY-4acae9bb7d,ADDR-77dbf10ac3,normal,
CUST-54d3f0e287,2025-07-04 12:20:16.409325,DEV-5d4516b7d4,PAY-2fce59996e,ADDR-625e322b3b,normal,
CUST-b3e979e834,2026-02-05 09:55:42.629222,DEV-ac3a8b0467,PAY-d95753d353,ADDR-8ea93b071d,normal,
CUST-224d9bfbf7,2026-03-23 16:25:11.519464,DEV-4d1d89446f,PAY-bc91eda600,ADDR-36e184a2a1,normal,
CUST-f2b8097bfb,2025-04-22 01:33:54.740333,DEV-251e03205c,PAY-fc44737c8c,ADDR-46cdbc1043,normal,
CUST-a4ef096925,2025-01-13 10:10:08.437641,DEV-6308d8d70f,PAY-988097918a,ADDR-0547235c63,normal,
CUST-688ed9d319,2024-12-08 05:21:00.564649,DEV-22ba401df7,PAY-177494caba,ADDR-dbb4163cc6,normal,
CUST-0d6f6b6d55,2025-10-05 07:46:01.523754,DEV-29284a3de8,PAY-a2053d07f9,ADDR-7b280ae912,normal,
CUST-adeb2a3eee,2026-06-28 22:43:09.065870,DEV-f22fc15d09,PAY-0ab6454a2b,ADDR-9ae1c0c571,normal,
CUST-89140df85f,2025-06-17 15:02:56.170808,DEV-6fb8b8ec22,PAY-a16b994f21,ADDR-fd966d2b45,normal,
CUST-bf313ebd58,2025-12-08 10:24:08.351281,DEV-920818c40e,PAY-14c60ba268,ADDR-a1d7ebaedd,normal,
CUST-74d7a37236,2026-02-22 08:00:52.046615,DEV-137717d40b,PAY-6fbbad8d84,ADDR-8b8fc0dc9c,normal,
CUST-038ea0bcce,2025-12-09 08:46:57.681369,DEV-475f7ece6a,PAY-a2f96be730,ADDR-b208519710,normal,
CUST-d291e2d080,2026-02-06 16:49:28.573000,DEV-b7caa60cf1,PAY-d2c19b5285,ADDR-114b141a75,normal,
CUST-cbe5b93207,2026-05-30 19:48:16.696157,DEV-7dc9462b1f,PAY-c5f8966b97,ADDR-12e4115d4e,normal,
CUST-60ece6fe66,2025-03-22 10:18:57.751595,DEV-892386b2be,PAY-dde5db574d,ADDR-11f563a250,normal,
CUST-dd52b0509a,2024-12-08 19:12:02.594460,DEV-e2eec4f3ba,PAY-d9f047c3fe,ADDR-cd81953b05,normal,
CUST-6dd3e2b2c8,2025-02-23 05:30:18.277292,DEV-45f9768dba,PAY-77b41a0f65,ADDR-508a0e8622,normal,
CUST-9e1fef1f23,2025-02-08 01:58:00.000667,DEV-d6e8a11531,PAY-ce45dcb4f9,ADDR-8a40d91693,normal,
CUST-1e24533d1e,2025-12-19 14:48:00.377418,DEV-70338b4d73,PAY-3d4919ff1d,ADDR-90cbfd4364,normal,
CUST-133b335958,2025-10-19 12:55:16.717798,DEV-acab58043f,PAY-352af59e9a,ADDR-d00eb3f7b2,normal,
CUST-48cebeb95b,2025-04-02 04:50:06.937572,DEV-9b393cb8d3,PAY-9ddc1729b5,ADDR-496d97683a,normal,
CUST-392eb96805,2026-01-05 23:45:54.865571,DEV-fe4d343525,PAY-3a73595b25,ADDR-0a66dcd1a0,normal,
CUST-0df9a2fcbf,2026-02-14 00:48:57.509130,DEV-53f183e2d3,PAY-c228d7b1e1,ADDR-b5b2119ad5,normal,
CUST-ca0a840b36,2025-03-04 03:35:52.570460,DEV-b2f681a243,PAY-5245125136,ADDR-f5be957b29,normal,
CUST-bacc8fcc80,2025-11-13 14:18:40.230390,DEV-bcd0a9bf6c,PAY-19df6169b0,ADDR-d5a9273900,normal,
CUST-d3a4ab6a60,2026-02-03 01:10:29.494454,DEV-0b736736b0,PAY-09ac7f3d5b,ADDR-0b84e5d96f,normal,
CUST-d785b43094,2025-02-01 07:32:55.610452,DEV-56ec19955c,PAY-4f248d5e80,ADDR-1529c054d8,normal,
CUST-3b423f3041,2026-03-16 09:00:32.825617,DEV-6f19d526ee,PAY-8498dfa26f,ADDR-256ecd05cc,normal,
CUST-38d521e955,2026-06-08 13:45:35.503494,DEV-eb7a98ecb3,PAY-d7552f7618,ADDR-c33d109c4b,normal,
CUST-38a1cb27bd,2025-01-28 14:08:24.810872,DEV-95716c0a90,PAY-f8c1917d6a,ADDR-a007ea20e4,normal,
CUST-0ecdaea274,2024-12-11 20:49:38.642566,DEV-0393e533d2,PAY-f7ac9145b6,ADDR-b4b018ef75,normal,
CUST-e7429438d6,2025-05-26 14:57:28.325191,DEV-4529027a99,PAY-b948e92187,ADDR-bd27bd352d,normal,
CUST-124fa4ab53,2025-12-24 04:25:04.433064,DEV-f89030cfa5,PAY-f6f018d33b,ADDR-2dbdc9bd9e,normal,
CUST-bf9874e5a2,2026-06-04 18:46:11.134953,DEV-16c4dd52c5,PAY-d40d853ab2,ADDR-ce8120e7c5,normal,
CUST-4964698ef5,2025-07-14 15:54:36.429534,DEV-6038dbd6ac,PAY-e272932cda,ADDR-826bd90a20,normal,
CUST-04af3e001b,2026-01-14 23:50:39.628923,DEV-f67305a657,PAY-4ad5cf6a93,ADDR-2a3585eb0e,normal,
CUST-20fd2205b9,2025-01-10 00:02:49.401986,DEV-cdc0633f81,PAY-1679bf33a1,ADDR-9339119d7f,normal,
CUST-83d4f0fe9e,2025-12-31 20:46:40.525697,DEV-39b04a2040,PAY-42275d0b81,ADDR-36e69616fd,normal,
CUST-e01e740d2f,2025-11-25 04:09:37.185380,DEV-cc365110b1,PAY-7588261a5f,ADDR-029fcdbb00,normal,
CUST-2e92642646,2025-01-25 00:01:13.945718,DEV-f0c6b30ce5,PAY-c44f786e64,ADDR-2f690735a2,normal,
CUST-f971ada4e3,2026-02-17 06:23:39.758216,DEV-55cd30705f,PAY-938a44732a,ADDR-92e5ebde11,normal,
CUST-27d842eec5,2026-04-03 07:40:29.461360,DEV-bf002ae21a,PAY-3d5af5724b,ADDR-98f7b0aeb2,normal,
CUST-3e9577756a,2025-11-09 15:19:11.278182,DEV-efb43af874,PAY-9c03003b25,ADDR-9e5be30c91,normal,
CUST-6c97336ec2,2025-02-05 02:10:52.263031,DEV-3303a7862d,PAY-a579f24365,ADDR-3a2f43d880,normal,
CUST-73a9656ed4,2026-06-19 15:30:03.991132,DEV-5fd82bcb0f,PAY-50e935b10c,ADDR-ed0cdc5c16,normal,
CUST-680c5f6f47,2026-02-23 03:30:02.782918,DEV-7770bc1446,PAY-4f1ee00a89,ADDR-582c5e74c0,normal,
CUST-8b1113241d,2025-06-16 00:44:36.681814,DEV-aa093bff88,PAY-7e135d9ec6,ADDR-a3dde40dc6,normal,
CUST-809afe2b59,2025-08-02 00:44:27.138876,DEV-94ba7682d9,PAY-fbadc34566,ADDR-b050324387,normal,
CUST-3ba30b9254,2025-06-29 13:27:10.425334,DEV-0bdbca64aa,PAY-94d9db5148,ADDR-b80d7a79ca,normal,
CUST-a565151a87,2025-09-15 22:49:52.080070,DEV-050537ca77,PAY-c2106a7b25,ADDR-26e9feba55,normal,
CUST-1ed73b9766,2025-06-12 13:44:54.261141,DEV-67c979648c,PAY-7891fcdc1e,ADDR-ae11a46fdb,normal,
CUST-ccd19a344c,2026-04-02 21:42:10.486030,DEV-96e009be42,PAY-448d916f20,ADDR-12a6405b8d,normal,
CUST-4dbd3efefa,2026-03-18 03:06:37.576006,DEV-7a7cbf609b,PAY-2594eee194,ADDR-f5b5bb162d,normal,
CUST-a28e3e0c06,2025-01-27 02:34:05.327288,DEV-0f3d0d2ce9,PAY-bc88759e11,ADDR-8331e44c03,normal,
CUST-0f6935a0e8,2026-06-06 07:06:14.522450,DEV-bc3378a301,PAY-70a590a5e2,ADDR-53198f836e,normal,
CUST-c20083d723,2025-11-30 00:05:26.283788,DEV-1667fa1744,PAY-63279c0cc8,ADDR-5c12402506,normal,
CUST-5b5b11270d,2026-03-21 19:43:00.457285,DEV-11c088911b,PAY-3625dc119e,ADDR-903224b46c,normal,
CUST-fa5d494b4c,2026-01-10 12:45:39.286583,DEV-549a238217,PAY-97cce3551b,ADDR-0dae91eacf,normal,
CUST-3d37fa1538,2025-08-06 03:31:45.721296,DEV-5b7c5d87ec,PAY-dd43d888c4,ADDR-2dc0f54f1e,normal,
CUST-fa19925326,2026-01-25 20:49:10.360452,DEV-17a39c5b72,PAY-fd4e100ad8,ADDR-6222a89e86,normal,
CUST-3821ecc859,2026-06-09 00:13:22.689424,DEV-5772b6255f,PAY-94e531fd80,ADDR-ab4fbb67aa,normal,
CUST-c5d74bd908,2025-05-02 09:03:53.928718,DEV-942f6952ef,PAY-4313f9957e,ADDR-e0b9c196a6,normal,
CUST-94a81ec192,2026-03-09 22:44:10.840339,DEV-abd9c4db02,PAY-9002fdffb3,ADDR-c250ed4389,normal,
CUST-0277d7d3c2,2025-10-04 14:27:02.548818,DEV-8658562607,PAY-3ac511f995,ADDR-25c72a24c4,normal,
CUST-09a2e59130,2025-09-02 22:40:52.730259,DEV-45f7c4f606,PAY-58b1e957cc,ADDR-7ab6caa041,normal,
CUST-4e1a83dd56,2025-08-06 04:44:35.357216,DEV-742ab083fe,PAY-79e5d8d802,ADDR-0ca8ae801e,normal,
CUST-4d5b13276b,2026-01-24 06:20:24.986342,DEV-acd0a19807,PAY-6fb9a4dce4,ADDR-938bda6f20,normal,
CUST-6a58b33726,2025-05-01 09:37:27.828235,DEV-aca6353a2c,PAY-ceea9c6835,ADDR-5b432c36ab,normal,
CUST-f4b800d9d1,2026-04-04 03:24:21.857863,DEV-515cde0d3d,PAY-3e942cf032,ADDR-526c5c933f,normal,
CUST-bc06a54f26,2026-03-22 23:50:17.658614,DEV-94bbd1f0c6,PAY-15d1ba07b0,ADDR-19553c5a87,normal,
CUST-0f243d4a04,2025-01-16 04:16:03.472974,DEV-5ba8862c06,PAY-af17e27206,ADDR-254bc7b062,normal,
CUST-1cbc35bc62,2026-04-21 11:08:48.958449,DEV-af9998d70f,PAY-31151dda3a,ADDR-1925718bca,normal,
CUST-1b771cbbde,2025-04-17 04:43:34.863591,DEV-fb072834fa,PAY-eba9997a05,ADDR-1e90bc140b,normal,
CUST-c38a553a85,2025-08-23 01:35:19.866907,DEV-db7cb822c4,PAY-451235cb1f,ADDR-66d261f0d1,normal,
CUST-6834171fac,2025-11-15 09:10:09.703154,DEV-9b7f0b8828,PAY-779d008a00,ADDR-7d675160b7,normal,
CUST-8b3e74d3a3,2025-07-04 10:26:07.332599,DEV-1cdd27e02d,PAY-0b4e6f69b7,ADDR-8264e9ed53,normal,
CUST-b2dccad549,2024-12-13 14:48:54.608447,DEV-067e4b4a66,PAY-49ac821c05,ADDR-52ba934cfb,normal,
CUST-024b673699,2026-04-03 16:50:26.208233,DEV-96890ae8f7,PAY-ecde3e8652,ADDR-2d7507df40,normal,
CUST-e2209494b5,2025-03-12 06:50:47.958228,DEV-8ff73906ec,PAY-f87c1af979,ADDR-b2f17622fa,normal,
CUST-ead48ff84a,2025-03-29 19:37:02.777152,DEV-0d75664656,PAY-85a4cafb41,ADDR-2928189d59,normal,
CUST-c7ec1ab5c5,2026-03-03 22:40:42.349740,DEV-6e3080ef96,PAY-de7dd4c0b9,ADDR-d9bad2ae66,normal,
CUST-07fdf425e2,2025-06-12 01:20:54.832599,DEV-cccc1f5b0b,PAY-2926577b2c,ADDR-6fe83e3c68,normal,
CUST-7325887cf7,2026-04-20 16:55:35.179393,DEV-6097a63f06,PAY-e1b865c2fd,ADDR-76a98cc39a,normal,
CUST-92bcd84ce1,2026-01-06 23:38:57.820619,DEV-a52c0deb4a,PAY-de5b82d497,ADDR-b9339284d2,normal,
CUST-79f444bddd,2025-05-05 23:01:41.263349,DEV-336d28a91c,PAY-d07a221d4a,ADDR-a51c6a6eb5,normal,
CUST-cfe0d5a865,2024-12-02 21:03:35.590463,DEV-3aee490072,PAY-ee7a2b618e,ADDR-4a9dcde4f0,normal,
CUST-b8790574e9,2026-05-29 22:16:39.290843,DEV-c301dd4a83,PAY-13c07035e6,ADDR-b994e9c9a5,normal,
CUST-b5165a2198,2025-01-15 13:40:39.789727,DEV-d278cd49aa,PAY-0ce7be3631,ADDR-a34c61843c,normal,
CUST-5b6c17541c,2026-01-17 22:09:27.116611,DEV-5842ae560d,PAY-fa86ea1015,ADDR-b19b274247,normal,
CUST-7df61acacd,2025-09-05 21:16:39.935319,DEV-b7e5b5ac7c,PAY-826828afe7,ADDR-ffd3975f6e,normal,
CUST-cf45f1ba14,2026-02-08 23:27:21.689252,DEV-dbe887dd91,PAY-df693ba3ac,ADDR-0622ad76bf,normal,
CUST-c10ad992f8,2025-12-31 20:42:26.571416,DEV-fd646d7cd0,PAY-bc4e427c0c,ADDR-7303c20927,normal,
CUST-d852facfed,2025-12-05 23:28:00.101281,DEV-ffb22f14e8,PAY-4057262676,ADDR-4fb0e856a1,normal,
CUST-769f3c01cd,2025-09-07 04:27:11.780107,DEV-08dc4e16ec,PAY-e7afc538a6,ADDR-d1a143cf65,normal,
CUST-488368a5ee,2026-03-01 02:35:42.488040,DEV-48965f5990,PAY-ca8e6c236e,ADDR-839e2c66be,normal,
CUST-463919f0a7,2025-01-19 21:04:09.693508,DEV-68c0c3c988,PAY-faa3200542,ADDR-f932c8c8ab,normal,
CUST-203cd34f5c,2025-04-04 07:18:12.891479,DEV-62617d846b,PAY-a363ad54b0,ADDR-a61742ab27,normal,
CUST-bedffe92fb,2026-01-01 13:04:27.515936,DEV-e00a5f9409,PAY-315f632d7c,ADDR-cdf564d961,normal,
CUST-91aa2b1ba4,2025-05-23 07:02:20.380876,DEV-b27411245a,PAY-182f0dbe7d,ADDR-26a4e46b58,normal,
CUST-d9b3f811e3,2025-10-29 17:17:47.089603,DEV-88044a0f18,PAY-50975e0a0d,ADDR-e7ee29ab27,normal,
CUST-102ae1dda0,2025-08-28 00:25:39.906488,DEV-8209079ce2,PAY-87da3894f7,ADDR-a7b7bc1658,normal,
CUST-9ceebce700,2025-09-30 09:41:28.158726,DEV-931c07ded8,PAY-a16d8968bc,ADDR-10ba258aaf,normal,
CUST-43de1c7e71,2025-07-31 08:48:03.532866,DEV-eff78bb86b,PAY-f7ecc83728,ADDR-5cd8041df5,normal,
CUST-f67797da86,2026-02-01 21:31:07.782860,DEV-37e76e9c1a,PAY-1fc7d84ce3,ADDR-c43c32608b,normal,
CUST-841c540f44,2025-06-06 12:40:33.117005,DEV-c6de4c14b2,PAY-83d36118ab,ADDR-4bdcd4bb80,normal,
CUST-a5e60afab1,2026-01-07 22:52:20.195808,DEV-8c37f215b6,PAY-38564f7cd5,ADDR-c506d37f66,normal,
CUST-a86f9ace92,2025-05-02 20:39:16.809340,DEV-cd44078c2a,PAY-3c5c373654,ADDR-f01449e358,normal,
CUST-345a93c474,2025-04-21 13:30:19.744158,DEV-246bf104d5,PAY-bb79d63b4f,ADDR-72ac1294d9,normal,
CUST-38e1d59fce,2025-02-04 20:38:03.028265,DEV-9115df0d0c,PAY-8c3934cb46,ADDR-a8f3b0e62d,normal,
CUST-5c5fb6f3ef,2025-03-18 12:09:04.830488,DEV-57c1b21294,PAY-ad99316f06,ADDR-f695c0f20f,normal,
CUST-b43ff5ab94,2025-02-04 05:19:57.664129,DEV-653e11ccfd,PAY-cd16ce3f05,ADDR-7b762fdd1b,normal,
CUST-7c4fd36f29,2025-10-03 06:21:56.386701,DEV-fc1870b79e,PAY-0f5a5b44ba,ADDR-f6cd293479,normal,
CUST-812323fb13,2026-02-11 07:23:12.528208,DEV-4dd9eb3ef3,PAY-333a6cf7c7,ADDR-ecd043f1b8,normal,
CUST-acc3926ce2,2025-03-14 04:50:31.957850,DEV-d2fdc849fb,PAY-8689e915a6,ADDR-78d12b5db5,normal,
CUST-96f0ae177e,2025-04-01 06:52:51.440711,DEV-9d141142c4,PAY-e2020867b8,ADDR-4bd28969bf,normal,
CUST-83a0f44190,2025-09-03 08:25:24.844468,DEV-4200b6054d,PAY-ebb84825de,ADDR-0f8693a742,normal,
CUST-315022b5e0,2026-01-20 12:49:59.430681,DEV-ba444169cb,PAY-c188fd5295,ADDR-b3af9fed46,normal,
CUST-fe829abd58,2026-06-15 10:55:52.283939,DEV-c770935d0a,PAY-4f9d67d74d,ADDR-53fde56571,normal,
CUST-0e249aeaee,2025-09-26 18:21:14.159280,DEV-4e250c44ff,PAY-bef19c02b6,ADDR-01040f00ad,normal,
CUST-544822ba05,2025-05-09 20:32:59.930552,DEV-0923d634ca,PAY-ed4f6ae915,ADDR-46803920ca,normal,
CUST-acda538c2f,2025-01-24 04:54:38.872907,DEV-92606d96a0,PAY-ef337148ff,ADDR-0dca5223f0,normal,
CUST-594c1a1c26,2025-03-19 09:27:28.314553,DEV-334770e2ed,PAY-05ec903c2c,ADDR-6b4de2e1ad,normal,
CUST-9997fb5505,2025-04-07 17:06:21.743113,DEV-25d4a9251a,PAY-1ed96446f7,ADDR-f8ee953451,normal,
CUST-3560f76498,2025-03-10 21:31:10.887789,DEV-e1d6592887,PAY-bd5ddd6a56,ADDR-170f600e6c,normal,
CUST-a4c78dd3f7,2024-12-05 04:36:20.561005,DEV-9426dfeb54,PAY-beae2c7846,ADDR-6e0fe7f275,normal,
CUST-9ad47c577e,2025-10-02 06:20:28.321668,DEV-3a7e1bc54a,PAY-9a153fa037,ADDR-bfd6d88277,normal,
CUST-61c5c3d413,2025-05-04 19:49:48.709129,DEV-5ec6d37d28,PAY-e300e0ae26,ADDR-604023f5b2,normal,
CUST-9f891e1db7,2026-06-14 02:48:08.505373,DEV-f1d0e4445a,PAY-cdc88c1de6,ADDR-158534c2e1,normal,
CUST-438e9c6c1b,2025-10-13 09:28:34.329480,DEV-5899e2b6ad,PAY-7cb75f67e1,ADDR-caa91a953b,normal,
CUST-2765bb77db,2026-01-04 19:18:43.530768,DEV-3c5fd2af34,PAY-78e6141d03,ADDR-33e1302831,normal,
CUST-0076a91dbb,2025-02-08 02:46:47.402940,DEV-fc0ab8def3,PAY-1ef4fbf90d,ADDR-07480ed067,normal,
CUST-df8a79bc5c,2026-04-13 20:08:12.469797,DEV-8c5a034044,PAY-7aaca24f28,ADDR-cbf02a2fd3,normal,
CUST-75b191af6c,2025-09-07 05:15:01.220769,DEV-1c82a259c8,PAY-37086d3321,ADDR-f0e335c1b0,normal,
CUST-03329da971,2026-04-16 07:18:48.375143,DEV-0de8d1524a,PAY-9a631944a3,ADDR-510c83152b,normal,
CUST-72246e0e46,2025-10-25 09:11:47.025339,DEV-723fdf57c2,PAY-1fd22b2f0a,ADDR-70c6134a5c,normal,
CUST-34e9b6fb05,2025-08-25 18:44:23.808316,DEV-0c20c6a974,PAY-ac2683055f,ADDR-a1674e2dc3,normal,
CUST-da0863b96d,2025-08-09 00:45:15.908033,DEV-03ea6caf46,PAY-dfaa2948a3,ADDR-1edf85e1d9,normal,
CUST-aa60487269,2025-03-13 17:55:03.229466,DEV-ad71b1bb3d,PAY-e4cb418b4b,ADDR-5c40bae7f8,normal,
CUST-8ec724f662,2024-12-26 17:55:51.103139,DEV-a4eee988f6,PAY-c2c3e2e330,ADDR-6481e23b00,normal,
CUST-21d0725aeb,2026-05-25 21:01:11.066482,DEV-e28fc76d4c,PAY-b72c1751b2,ADDR-fd0c0873fe,normal,
CUST-cf3ce99712,2025-08-30 14:31:29.230478,DEV-fa110d4065,PAY-17a7329abe,ADDR-f35788da50,normal,
CUST-821fc45063,2026-03-18 00:07:08.425491,DEV-941a298161,PAY-2b65b05eb0,ADDR-65ef1ddcf3,normal,
CUST-d471a21ba2,2025-07-17 00:13:50.223119,DEV-3d77da05d0,PAY-76c501154d,ADDR-7e30d40e8e,normal,
CUST-a949d36f2f,2025-01-08 21:26:45.016341,DEV-1a9061ab70,PAY-21ecd32611,ADDR-c1c96699ba,normal,
CUST-a9240f35b7,2025-11-26 10:46:39.157698,DEV-b6495ad29c,PAY-c72ff5122e,ADDR-76c8eefba9,normal,
CUST-a713bf6948,2024-12-28 00:57:06.106929,DEV-eff446262c,PAY-ae40f2d5bb,ADDR-a9de25b152,normal,
CUST-9c41470070,2025-02-21 09:14:58.681845,DEV-10406e5fbf,PAY-96d3ed0721,ADDR-3122ae5f53,normal,
CUST-56b3aef24b,2025-10-18 21:13:08.547914,DEV-acdd1a8708,PAY-f566e93e34,ADDR-352cb6dbaf,normal,
CUST-ddba7cd34e,2025-05-21 22:05:53.781215,DEV-1ebdbf3616,PAY-39c0cf3a34,ADDR-59a0a47fb6,normal,
CUST-bd3226c4b4,2026-06-25 11:29:10.439452,DEV-5f38f57d80,PAY-6a2d904d23,ADDR-169e02b803,normal,
CUST-8a1870dc5a,2025-02-03 14:00:10.470566,DEV-b72265a0e5,PAY-8fa342e559,ADDR-1d61876b00,normal,
CUST-01a4f6a963,2026-02-12 14:42:22.018510,DEV-1ca590f2a1,PAY-1f5d7b8933,ADDR-fb02e4e61f,normal,
CUST-da13f5a88f,2025-11-13 01:23:24.294020,DEV-ba01d86c00,PAY-1f579aed33,ADDR-22eccd37a1,normal,
CUST-3b20a63ec8,2026-02-27 20:08:04.457415,DEV-f4232a64ff,PAY-2f72053054,ADDR-7c22abb40e,normal,
CUST-071f5298fd,2025-04-06 16:08:54.443961,DEV-db34d5905c,PAY-9c89985b78,ADDR-76611b4a11,normal,
CUST-bdd10dc3f2,2025-09-25 13:40:04.613410,DEV-e06f30d793,PAY-24aaf743b5,ADDR-192da8991e,normal,
CUST-dbe16b1b81,2025-08-14 20:20:56.414739,DEV-0f22ffea21,PAY-c17b3f1d43,ADDR-a9d66a4411,normal,
CUST-5b04fbf697,2025-08-10 08:03:03.858669,DEV-466db722cc,PAY-0973e813d4,ADDR-1ebdbfb6af,normal,
CUST-fc9dce6c07,2026-04-09 00:52:33.557954,DEV-7995d74726,PAY-18a1f9fc43,ADDR-a430ce3608,normal,
CUST-47d286e086,2026-06-23 05:28:27.823608,DEV-bf462242ad,PAY-4e24d53491,ADDR-d37da6e649,normal,
CUST-b90980160d,2025-05-22 19:33:49.950223,DEV-3938ba90a5,PAY-a2dae5a14d,ADDR-23e31c61f2,normal,
CUST-a57ad25d81,2025-11-21 13:47:44.353027,DEV-5ab2c41b24,PAY-cfc4f07336,ADDR-bed9197fe9,normal,
CUST-de902ee4e9,2025-11-14 23:25:52.163610,DEV-aba20b6add,PAY-058fc625d0,ADDR-b248473150,normal,
CUST-dff8fc80bb,2026-01-29 12:16:51.560448,DEV-501996d884,PAY-138c7fc0e1,ADDR-3ede0f146e,normal,
CUST-b73781241b,2026-05-29 15:42:48.325397,DEV-50d69e0f2d,PAY-3d6d3562fc,ADDR-6ad34fab6c,normal,
CUST-3cf63236e1,2025-03-27 07:25:14.661567,DEV-cbaff69d0e,PAY-901316e3e9,ADDR-36c0263c2a,normal,
CUST-dd3997000b,2025-03-29 04:24:22.010269,DEV-26def2e7b8,PAY-2270b3ffe4,ADDR-9807e2b0c9,normal,
CUST-afd9e0b5f7,2025-12-14 09:18:33.819914,DEV-48b4f8754d,PAY-5954b51060,ADDR-52b8ee397d,normal,
CUST-5d32a3085c,2025-02-25 22:27:55.330634,DEV-3e83ee0a30,PAY-4d44870255,ADDR-3003120008,normal,
CUST-5db9377b16,2025-03-07 15:18:47.043159,DEV-4053a1d8b9,PAY-4f868bebc5,ADDR-ec1cb038fc,normal,
CUST-9b656ff8f9,2025-01-09 11:06:05.105702,DEV-87346170cb,PAY-524d79ccb1,ADDR-e565879618,normal,
CUST-59d24bd8ad,2024-11-28 13:10:54.628643,DEV-db41d06463,PAY-46f8a621b5,ADDR-3f372f287f,normal,
CUST-9fc230ef1a,2025-08-14 20:11:58.125723,DEV-4bdc318c19,PAY-d6fb64e757,ADDR-8c93395988,normal,
CUST-db56a7cc18,2025-11-05 19:36:01.322573,DEV-41a4a6a0d8,PAY-a4b68016e3,ADDR-99f723c991,normal,
CUST-e042083a4d,2025-05-14 15:20:20.689351,DEV-669db694d4,PAY-fb1f9470ac,ADDR-7ffcec3ba7,normal,
CUST-f53c7cefbd,2025-04-10 00:35:37.519406,DEV-94388c7993,PAY-f09b2bcdbc,ADDR-6db8293f11,normal,
CUST-c6feb3ccc2,2026-01-10 07:51:29.563197,DEV-249aa9afe8,PAY-347cf2d520,ADDR-85ae55f7e2,normal,
CUST-5482922579,2026-01-08 00:42:54.386173,DEV-aca5781ccc,PAY-2f4afecf97,ADDR-7725d1296a,normal,
CUST-932cb5b655,2025-08-16 21:13:09.522308,DEV-c82e16f209,PAY-20d3e2b6bd,ADDR-af677bb0c4,normal,
CUST-d5685b256a,2025-12-29 23:54:03.057516,DEV-3cdfdbf69f,PAY-72e1292aae,ADDR-d436c7a07f,normal,
CUST-0705720874,2026-05-15 22:40:04.346866,DEV-3cdec5b20f,PAY-7e26250227,ADDR-ee019effd1,normal,
CUST-42c32871bf,2026-02-26 03:39:29.729819,DEV-49d9d2651d,PAY-b643557408,ADDR-20a6274e3f,normal,
CUST-ee315d161b,2025-11-23 21:48:21.843194,DEV-8f2aa1e8f7,PAY-5b3a6b16dc,ADDR-eff45d3e60,normal,
CUST-41c65bcdfd,2025-12-14 19:47:58.428565,DEV-29803c515a,PAY-f43e3ce6b2,ADDR-4abd828f87,normal,
CUST-5bf3fa7aba,2026-05-21 14:15:24.834812,DEV-728ebdefb1,PAY-4029d27da7,ADDR-473dc3bc31,normal,
CUST-a8ee4ed770,2025-07-31 03:43:51.862743,DEV-a09912cea9,PAY-10b6191f55,ADDR-628be5842b,normal,
CUST-12f0ab6d3e,2025-10-08 07:14:19.732424,DEV-16cb3041fc,PAY-0dc5ec1243,ADDR-0bba627142,normal,
CUST-139941e2ee,2025-12-06 23:31:55.619043,DEV-ef67acafda,PAY-89c413f1a9,ADDR-f661704e2e,normal,
CUST-ff776c5cfc,2026-05-06 23:17:07.593628,DEV-11e3bae842,PAY-a6c9316c13,ADDR-c48d2c194f,normal,
CUST-117c593a3b,2026-03-20 14:51:59.740190,DEV-0b9bd61492,PAY-54ca237b19,ADDR-5554a0dbbf,normal,
CUST-f336d62c03,2025-01-07 08:18:39.934614,DEV-08224b9e3b,PAY-813dca0bee,ADDR-418d6007f2,normal,
CUST-c0606ec223,2025-03-03 01:39:47.084440,DEV-553f1b59a1,PAY-ea6fd956a2,ADDR-671b9d8f87,normal,
CUST-787ff4bf64,2025-05-24 02:34:25.493115,DEV-e102d88edb,PAY-5e30f9b304,ADDR-544e596a3d,normal,
CUST-6b883811ec,2026-02-03 15:30:59.421166,DEV-8095de538f,PAY-4589f82b14,ADDR-19715d5644,normal,
CUST-e12fe6c810,2025-10-22 13:42:04.166417,DEV-a403f56f67,PAY-1b26d2ccaa,ADDR-406206bd55,normal,
CUST-c69223aae4,2025-05-13 02:31:57.846353,DEV-28f4253c7d,PAY-dda4e41910,ADDR-9a5e92351d,normal,
CUST-b3d27e92e8,2025-02-07 00:01:06.362385,DEV-c4fe637296,PAY-d6508d8444,ADDR-e433509164,normal,
CUST-5338bba227,2025-12-30 17:52:09.717180,DEV-e555b44e42,PAY-b8904b90a1,ADDR-0c4fe0eb04,normal,
CUST-8cda3df40d,2026-01-06 03:29:57.431121,DEV-4a930159b5,PAY-f7728331e6,ADDR-635bfc4395,normal,
CUST-85e53368d8,2026-05-26 19:25:44.548965,DEV-3edf04e422,PAY-c6d20c2066,ADDR-ac10384e64,normal,
CUST-a5f49108bc,2025-09-12 18:33:40.943630,DEV-5f07cb9520,PAY-f657d1f89e,ADDR-4d280bc6b7,normal,
CUST-34ad823786,2025-09-08 21:46:42.124869,DEV-fe4abbfca0,PAY-19b614efd7,ADDR-84ff4ba66e,normal,
CUST-7737ea6c99,2025-01-12 13:49:11.906374,DEV-042499ba1f,PAY-8f7958e33b,ADDR-4005f857e3,normal,
CUST-67f3261170,2024-12-20 01:54:19.645256,DEV-2d51aa953f,PAY-68be29f731,ADDR-1029710ae6,normal,
CUST-c3d7b294f8,2025-08-04 03:28:13.141841,DEV-1489049576,PAY-a961fe99df,ADDR-e99b60f282,normal,
CUST-c6a942755d,2025-06-01 14:58:50.600449,DEV-6a6a606c83,PAY-d5b842f6ef,ADDR-7c00a2985c,normal,
CUST-61cafba31f,2025-04-20 23:06:44.538902,DEV-4ba6e0c1bb,PAY-532353e513,ADDR-f7449897fe,normal,
CUST-6b3e756800,2025-01-18 21:04:42.299847,DEV-b750a78fb5,PAY-bc4be6c6cf,ADDR-3af9a0ff5e,normal,
CUST-f07fdc2129,2026-06-06 22:43:00.033858,DEV-e9679ff3b7,PAY-de2cba71be,ADDR-48c467ba86,normal,
CUST-09e31ddef4,2026-03-26 00:28:51.235825,DEV-e8f492b709,PAY-92b6dcdc37,ADDR-b2b1b646d2,normal,
CUST-332b8563c3,2025-10-26 00:58:00.558193,DEV-e1ac48d853,PAY-09c4004ef1,ADDR-979ecfefb6,normal,
CUST-7332850486,2026-05-31 12:07:34.019029,DEV-c9540b714b,PAY-34ccda84d8,ADDR-0dcf0c20e0,normal,
CUST-567f1419ee,2026-06-28 18:03:29.897745,DEV-875bcae71d,PAY-e8cad0f6d9,ADDR-3f24c3cb76,normal,
CUST-1c846d844c,2025-12-21 06:01:29.623720,DEV-7505dbce5b,PAY-adb5d1f4f9,ADDR-37c64ced60,normal,
CUST-048a28e01e,2025-05-02 01:07:30.780617,DEV-99a90dbcf5,PAY-d2ef884f9e,ADDR-3480b102f6,normal,
CUST-1537a48306,2024-12-20 07:03:33.588063,DEV-a7d7f8e001,PAY-b558ce4d3a,ADDR-e0d1625d15,normal,
CUST-4b7b2942a9,2026-02-07 21:06:42.002686,DEV-0403c504ea,PAY-ef4385ccc8,ADDR-791345a250,normal,
CUST-bfa1a1b27a,2025-08-26 10:04:45.983657,DEV-72ce38a23d,PAY-5d75370e44,ADDR-bb38dca011,normal,
CUST-8dbbbc9973,2025-12-09 05:22:33.114614,DEV-e986af0380,PAY-b6eab2400e,ADDR-88dcc5fa30,normal,
CUST-fda9244f27,2026-05-11 09:44:50.859709,DEV-9d1de97ddc,PAY-2d9d91bed0,ADDR-e848668a8a,normal,
CUST-6a28a29209,2025-03-12 01:58:23.483325,DEV-763ae29e00,PAY-48287bf796,ADDR-b30539a87e,normal,
CUST-1280bf2fbe,2025-10-31 21:44:25.702300,DEV-17861b1fb4,PAY-a7423fbd50,ADDR-999398aa6a,normal,
CUST-08936e4983,2025-11-29 12:58:06.461522,DEV-7fe9cda0fc,PAY-de8a616a0f,ADDR-bd771c8efd,normal,
CUST-861c002590,2025-09-07 17:01:18.290087,DEV-0a19fc4b5e,PAY-28f1642613,ADDR-ac5d16582a,normal,
CUST-29bc34d9d9,2025-01-18 19:54:16.120292,DEV-ac62d101f1,PAY-f15d0bcdf3,ADDR-53def9a594,normal,
CUST-d3d173ac7a,2025-06-16 11:16:00.617774,DEV-22caad0f90,PAY-037f7d3abb,ADDR-7be81f65e9,normal,
CUST-c18dcb33aa,2025-06-07 23:39:12.378132,DEV-d89d5c5f29,PAY-00a19b2873,ADDR-4e48c52427,normal,
CUST-79a5f0781e,2025-12-20 00:10:30.893903,DEV-1a44ee2dd6,PAY-a9afafd91e,ADDR-a39bdd106b,normal,
CUST-d821e24c44,2026-04-07 15:03:32.687234,DEV-308a2aefde,PAY-2c89727574,ADDR-9c924d5e43,normal,
CUST-57262984b8,2025-06-05 22:57:06.152736,DEV-273c561e56,PAY-f0484e0a90,ADDR-94bc60fd88,normal,
CUST-d09594d3d6,2026-01-02 15:17:21.745226,DEV-0e70fad17a,PAY-b5d775f160,ADDR-e3c300a715,normal,
CUST-6caf6288cf,2025-05-12 21:04:28.143634,DEV-255f4dead2,PAY-e2893cedae,ADDR-2aa04b51b0,normal,
CUST-d08377af48,2026-05-28 06:24:33.932773,DEV-16af045e3c,PAY-aae4f2bbc1,ADDR-ea17ff0cd3,normal,
CUST-417b7b9dfb,2026-03-13 01:18:49.027388,DEV-b1116d917b,PAY-82746a9bb3,ADDR-7ddd3ef300,normal,
CUST-022fd13372,2025-10-11 12:08:32.921779,DEV-5d916300bb,PAY-802b4f818e,ADDR-958693365d,normal,
CUST-e7fca632cb,2025-08-17 08:15:38.973347,DEV-7dc36477cd,PAY-821c0d9ac9,ADDR-06f0afab09,normal,
CUST-b9c67bac9c,2025-05-28 02:31:49.497732,DEV-ae3adc9969,PAY-b535425b6a,ADDR-ca659b44d2,normal,
CUST-85d6584544,2025-06-02 04:12:45.122728,DEV-27afbe111e,PAY-c646e7a887,ADDR-475457ce89,normal,
CUST-38839b4c0d,2026-06-11 17:41:13.069435,DEV-8144e4aa6e,PAY-d6f4550f64,ADDR-0dbad09f97,normal,
CUST-5c408cfb8c,2025-07-19 00:24:59.731497,DEV-330749f97d,PAY-296a54c654,ADDR-d97d551f13,normal,
CUST-d57902a6a0,2025-09-20 22:49:46.280515,DEV-5b7b6676a3,PAY-97b5072cce,ADDR-a4762e7f78,normal,
CUST-2c7257eca0,2026-06-22 02:54:16.590986,DEV-dc9de786e7,PAY-578f3c26b6,ADDR-97d3d02a97,normal,
CUST-ef2bea780f,2025-12-12 18:50:55.430050,DEV-203f0c7ff8,PAY-5968715c49,ADDR-412f427330,normal,
CUST-e981bfe6e4,2025-10-07 03:52:50.113875,DEV-1a36cda7c2,PAY-c2c2f0978b,ADDR-338850c87c,normal,
CUST-cef782db47,2025-07-24 06:29:17.677779,DEV-ddda7b9279,PAY-309c1a2de3,ADDR-672b7beb87,normal,
CUST-c20846803b,2025-03-15 14:38:49.182786,DEV-0eb45cf169,PAY-1662aa632a,ADDR-4d1b542d97,normal,
CUST-1f9e6bd616,2025-06-24 11:17:09.509178,DEV-971171af98,PAY-3504447f1e,ADDR-f2f9bb3b50,normal,
CUST-5f5c3affce,2026-02-07 23:32:02.647523,DEV-c268cf585a,PAY-55c8a1c5e5,ADDR-1f36041255,normal,
CUST-004339dbb5,2025-11-24 02:40:47.571049,DEV-bc04f492d0,PAY-59d7f63f36,ADDR-ea7d74637d,normal,
CUST-e4bede15f7,2026-02-10 00:49:42.560774,DEV-1e819ba83b,PAY-3c3da17ad7,ADDR-197cf629f8,normal,
CUST-8adcb502c0,2025-03-24 20:38:43.008415,DEV-ca31178fb3,PAY-32c744d4f7,ADDR-0265dcd37a,normal,
CUST-83b526aa1a,2025-10-10 23:57:21.977027,DEV-3dd505ad36,PAY-2a852587c5,ADDR-8b410ff872,normal,
CUST-5f2308441d,2026-05-18 02:56:26.464900,DEV-e5ea1cac55,PAY-479fa909fc,ADDR-59ec289d24,normal,
CUST-1d8613fdbc,2025-08-07 16:03:40.525653,DEV-eecf033f40,PAY-3deb1c6bf1,ADDR-b163f74bda,normal,
CUST-2ce2e8dcfc,2026-01-05 06:52:56.656854,DEV-be329d2157,PAY-351a9bc518,ADDR-1001945fae,normal,
CUST-03664ebd97,2025-02-05 07:20:12.675865,DEV-61348f1d2c,PAY-a69e957b20,ADDR-b5314fec77,normal,
CUST-36d73135be,2026-06-13 10:50:53.349570,DEV-f3c5a22fe6,PAY-0291a430f9,ADDR-4ef67ce890,normal,
CUST-0c82de72d5,2025-11-14 12:52:50.468776,DEV-9cb987af1e,PAY-db3b6be93d,ADDR-d1ce70eb01,normal,
CUST-a03d21a144,2025-04-14 13:16:39.131418,DEV-9263d3930f,PAY-6d28724ce7,ADDR-564ee048d4,normal,
CUST-3caea9f7a0,2025-02-26 16:49:22.671255,DEV-9e71e038f5,PAY-f1d41ea927,ADDR-59ca9a5592,normal,
CUST-dea772ff63,2025-10-11 22:27:31.828713,DEV-e62c0ce0ff,PAY-f0a25b3f6c,ADDR-5bd874ef26,normal,
CUST-bc1170e10e,2025-10-12 18:05:08.088758,DEV-1b367162e8,PAY-1803026abc,ADDR-d456a04a44,normal,
CUST-6052f77937,2025-01-19 23:14:06.219629,DEV-424ef31474,PAY-c4f8c34250,ADDR-736a66f0f7,normal,
CUST-889bbdd200,2026-06-24 12:24:18.752530,DEV-011344844c,PAY-a599dc64d1,ADDR-f363209a3e,normal,
CUST-bda55f4c9a,2026-05-09 14:04:24.929098,DEV-f53329bd76,PAY-9a7c0d1ef0,ADDR-7fcf3b81e6,normal,
CUST-ef17f289cd,2025-08-21 04:16:47.775030,DEV-1d6513e241,PAY-c68a4efd83,ADDR-3ff7e4749a,normal,
CUST-b0d036fab2,2025-02-03 00:18:34.587895,DEV-d2d620ce30,PAY-a5892bfce3,ADDR-caf5d55daf,normal,
CUST-ae92d9bb40,2026-03-23 19:27:41.553694,DEV-5dd0a737a8,PAY-43fcb98520,ADDR-bab8b4eac5,normal,
CUST-a4a3dd82ba,2025-09-11 13:25:33.648280,DEV-6ebdd81122,PAY-6de97884b0,ADDR-7d54a0effd,normal,
CUST-499762d35d,2026-01-15 21:55:11.344735,DEV-36ed019285,PAY-6fc580e9fe,ADDR-71a7f73c94,normal,
CUST-1da4c5964b,2025-09-17 15:17:07.877061,DEV-bef1ec87b7,PAY-a69463a8bc,ADDR-088fa19ef2,normal,
CUST-a64b3b1f83,2025-05-04 07:30:44.513020,DEV-500561dc49,PAY-62a6f8b1b8,ADDR-f0e073dd46,normal,
CUST-afd46e884c,2026-03-25 07:19:26.211841,DEV-f54d2d1d09,PAY-a80afdeac1,ADDR-77aa00111d,normal,
CUST-0f215bac2d,2026-06-17 13:28:45.892763,DEV-153b1e7078,PAY-78b3cacdb6,ADDR-7dad870d31,normal,
CUST-79baf84ccd,2025-04-17 02:53:04.814952,DEV-ac9bdc4987,PAY-fc48d29bc0,ADDR-70f38cb061,normal,
CUST-3d73b0acd0,2025-10-12 04:22:46.229992,DEV-b0c3a7ce41,PAY-27d3a50cef,ADDR-cb17eaa27f,normal,
CUST-1d70fa19ee,2025-07-07 02:18:40.464297,DEV-b8e8b96cd8,PAY-bc32bbf130,ADDR-118c0f2dd0,normal,
CUST-730b6145ad,2026-05-14 18:16:47.321216,DEV-c3f2b521c4,PAY-007fcb75ac,ADDR-98b276d9f8,normal,
CUST-b1c11e8178,2025-09-17 06:30:55.546469,DEV-6bafeffec2,PAY-fb50273882,ADDR-faf6f09005,normal,
CUST-869794b515,2026-04-20 03:07:03.509456,DEV-17a593ca43,PAY-a81454012d,ADDR-88b820f115,normal,
CUST-0a75531295,2026-04-11 06:31:05.810951,DEV-0ae9c4910f,PAY-97245a4697,ADDR-d835599e4d,normal,
CUST-2cef64edaf,2025-05-05 22:44:02.074614,DEV-a38658d8ac,PAY-f45bf4e1e0,ADDR-8625cb465c,normal,
CUST-f402ca542a,2026-02-27 09:55:33.258415,DEV-fccd924062,PAY-7d3fa0ed1d,ADDR-c8bb737ed0,normal,
CUST-47e2697459,2025-07-25 06:02:23.703610,DEV-2dd85c200d,PAY-48285a2f10,ADDR-c126e05c11,normal,
CUST-57b8c8eedf,2026-05-21 22:18:56.443004,DEV-b091948bed,PAY-bba5054271,ADDR-3a6dafe98e,normal,
CUST-8590fc6af8,2025-09-16 23:31:21.874984,DEV-1599bf38c7,PAY-cf8789dffc,ADDR-de3f9c5494,normal,
CUST-2bc2aeb167,2026-03-17 02:21:19.725792,DEV-65309bdd23,PAY-0de264df1e,ADDR-1317265a0a,normal,
CUST-94eb591f38,2025-05-09 18:19:49.842113,DEV-0084c2f15d,PAY-f649c46d25,ADDR-1cd103137c,normal,
CUST-f1ea33d925,2025-05-18 20:43:55.518343,DEV-7d1a767ca8,PAY-7eca6029f5,ADDR-16a6bfeb31,normal,
CUST-d12be6a940,2025-11-01 20:05:11.726402,DEV-4894a384a9,PAY-0af1c49e73,ADDR-71fcf98dd2,normal,
CUST-eb6b0813b2,2026-06-28 08:44:48.561198,DEV-07cca25539,PAY-02540a84e2,ADDR-090be8c75e,normal,
CUST-a5226eca69,2025-09-06 12:02:32.125659,DEV-0deb6c5f4c,PAY-505650934e,ADDR-2769859d64,normal,
CUST-e436e4e0ac,2025-02-21 00:52:54.961850,DEV-2dfb71ed6d,PAY-3bb4c23fb1,ADDR-3778fb9ef8,normal,
CUST-f1c8e9a170,2025-10-04 20:06:56.547983,DEV-5991473a5e,PAY-d6e81197a5,ADDR-f32757ba1f,normal,
CUST-c07864c36c,2025-06-14 19:50:32.257558,DEV-4669fb0e49,PAY-68d9a103e2,ADDR-d46610a242,normal,
CUST-976aede93e,2025-10-12 13:26:39.939418,DEV-0de67d2d3f,PAY-c33a80fd5e,ADDR-bf5468fe7c,normal,
CUST-34bd2796ba,2025-10-07 15:30:14.957545,DEV-09cdd9fd7c,PAY-970dbf4923,ADDR-3083469be3,normal,
CUST-dea8fbe891,2025-08-17 15:28:07.665517,DEV-0e4bceb325,PAY-06037ab809,ADDR-ed56fd40f7,normal,
CUST-deededcbbf,2025-06-01 07:25:05.011618,DEV-a6e18cb1c8,PAY-c7693bbe9c,ADDR-29e97fa36b,normal,
CUST-7b69455d88,2025-03-16 05:30:48.186122,DEV-2563794a2d,PAY-f084f12322,ADDR-0bdada1db0,normal,
CUST-1df9661c58,2026-01-04 20:26:17.340776,DEV-9ab2f85d03,PAY-a2ef6e288a,ADDR-b5bb805624,normal,
CUST-a0ada27c3f,2025-10-24 01:42:00.118880,DEV-57bd2245f1,PAY-afd279e1ac,ADDR-3a4a608d06,normal,
CUST-d6184ff55e,2025-04-11 05:35:01.501514,DEV-9f866067d5,PAY-9b9b23ba30,ADDR-bf82243afb,normal,
CUST-b6b36d6bd0,2026-02-19 00:57:57.693525,DEV-9ddff3c3c1,PAY-f91b05e0b6,ADDR-2a73879f69,normal,
CUST-6503525d49,2024-12-22 06:31:22.325722,DEV-1b122cfffa,PAY-37eebf4a3e,ADDR-89d1af512e,normal,
CUST-d3cc57b302,2026-02-01 04:25:22.030140,DEV-03b7bd565b,PAY-487e2fc1d8,ADDR-1aa8b3c88d,normal,
CUST-d32ac8965a,2026-01-09 07:50:47.885004,DEV-1f9899fa5d,PAY-53adde9651,ADDR-f5441d63d7,normal,
CUST-e9dc775d1e,2026-03-11 19:20:17.196150,DEV-a8e35f5650,PAY-4df80ac731,ADDR-be374263f7,normal,
CUST-8229e3abb3,2025-07-08 12:57:01.240613,DEV-c5fac017d9,PAY-3fa9aa0ff4,ADDR-583749a40b,normal,
CUST-0dc48ba422,2025-12-16 06:37:11.908262,DEV-bb174141ed,PAY-ed8a10270b,ADDR-1b4fd7d13f,normal,
CUST-e0021ecf79,2026-03-17 05:06:28.722802,DEV-9bc53ff3f5,PAY-60fdb97583,ADDR-973d400598,normal,
CUST-8c8c0d851d,2026-06-17 21:26:55.877339,DEV-ff279f4361,PAY-55dd1e9e2a,ADDR-bdd7689ba9,normal,
CUST-7a322173ca,2025-09-09 19:05:12.894251,DEV-afcafd6658,PAY-eab92bf492,ADDR-0ceb6692c3,normal,
CUST-39e9d0b44d,2024-12-18 10:25:28.269329,DEV-39577058a0,PAY-614321655f,ADDR-86453d5341,normal,
CUST-962d5f85e7,2025-09-13 19:50:16.160092,DEV-3cd0cf28e8,PAY-013af8ff90,ADDR-96613df421,normal,
CUST-260758c05a,2025-11-03 17:08:50.084469,DEV-350ab5ecbf,PAY-ae5666fc80,ADDR-46b8f49fce,normal,
CUST-72c5a28f5a,2026-04-14 13:21:19.996133,DEV-24ee86e203,PAY-8688f3a8a2,ADDR-d8c175e7c3,normal,
CUST-8744e55d6a,2026-04-17 03:44:57.976291,DEV-3e329d539e,PAY-9a1d657edd,ADDR-cbfbd15383,normal,
CUST-83b8c74048,2025-08-08 22:29:42.327504,DEV-49c2198f43,PAY-d45fcfdadd,ADDR-4d9ee07403,normal,
CUST-cda727c7e6,2025-09-27 12:36:58.688200,DEV-f1854d7cdc,PAY-b9161cfc46,ADDR-5df5c763f5,normal,
CUST-194f43e16e,2025-08-18 13:28:21.082419,DEV-8843e60700,PAY-60153d6fa4,ADDR-35bdf1e968,normal,
CUST-0e9cc1124f,2026-01-19 07:04:45.940518,DEV-a39e7166ed,PAY-42d4fd1776,ADDR-0c2ad74100,normal,
CUST-9d09ea28a1,2025-07-22 09:03:46.439984,DEV-9c54b439b0,PAY-0b2b942e71,ADDR-9a3c77b402,normal,
CUST-8b3a324393,2025-12-11 02:50:28.723343,DEV-6130e010e8,PAY-13c0667ccc,ADDR-70f754f637,normal,
CUST-99a30e6c49,2025-02-24 09:00:12.585778,DEV-4794bc7122,PAY-b64ea72f47,ADDR-fc9ba87def,normal,
CUST-e2144fae7a,2025-08-25 20:02:29.008622,DEV-3685421fcc,PAY-321931b6be,ADDR-991b5dc5ff,normal,
CUST-f41198c9e5,2026-06-11 04:03:13.141654,DEV-b91630f2e2,PAY-7d25414fa7,ADDR-d88dbe40ec,normal,
CUST-61f69c591c,2025-06-11 00:38:48.870163,DEV-aff7eb4461,PAY-5801fb4a42,ADDR-62b1690b40,normal,
CUST-850f98c535,2026-01-02 01:49:23.167068,DEV-3ed9d49d95,PAY-45a2ab7058,ADDR-ff3ca8d8a5,normal,
CUST-a316de2a85,2025-12-08 06:07:48.447270,DEV-f3abb23739,PAY-6b16219de3,ADDR-8dd4e44235,normal,
CUST-71a771b046,2026-04-04 04:07:49.809019,DEV-8d4b419427,PAY-95bdf09c89,ADDR-dab451b90b,normal,
CUST-d850c8ecd6,2026-04-04 12:08:06.766511,DEV-c21265053b,PAY-348ab817ed,ADDR-8bc653df2f,normal,
CUST-4c4e37f57b,2026-04-08 13:25:08.368328,DEV-7bc3ad7356,PAY-8b86b39478,ADDR-22c2842db6,normal,
CUST-fa016209af,2025-07-05 00:36:38.116709,DEV-8336c54e58,PAY-c33a8000dd,ADDR-8dc4da9ad7,normal,
CUST-1f12367926,2025-05-29 08:19:24.222211,DEV-92433aa0b2,PAY-47439ff33b,ADDR-622e3c0c5b,normal,
CUST-805a5fecfe,2026-01-17 03:17:50.427235,DEV-c33a961882,PAY-72a1b7e059,ADDR-0008bb4694,normal,
CUST-792c84fa0d,2026-02-09 16:38:51.153037,DEV-953e63114d,PAY-fb737dcd7e,ADDR-18152b54cc,normal,
CUST-15ae179fe6,2026-04-16 02:38:03.875172,DEV-59a2db243d,PAY-a55f6ec885,ADDR-01c67d199b,normal,
CUST-bb131eeff3,2024-12-17 18:51:14.008840,DEV-d08a3d24c7,PAY-d8ab7cf831,ADDR-f5a39f19e1,normal,
CUST-b77c06713e,2025-01-05 14:46:28.930205,DEV-5841aa9162,PAY-40ded41f89,ADDR-11c3ec3e8c,normal,
CUST-1485548e6d,2025-11-27 10:36:48.564764,DEV-ca973c13e7,PAY-df4beec287,ADDR-e5de5c557c,normal,
CUST-7a17b24601,2026-05-14 05:13:50.723944,DEV-5f00feb3f6,PAY-ec80f99b53,ADDR-7535a0545f,normal,
CUST-531c7c2e29,2026-06-27 12:13:50.251438,DEV-fc53d3ffcc,PAY-ab6ff83551,ADDR-6569e7f2b7,normal,
CUST-39692c3bdc,2026-02-02 09:03:55.555885,DEV-fd31c5d2d9,PAY-644b0ad26c,ADDR-d76f1cc700,normal,
CUST-3071b82e9c,2025-08-05 06:28:03.265838,DEV-5b95749f94,PAY-7ff7e89a55,ADDR-4d4ac529ef,normal,
CUST-fe304509fd,2025-01-22 23:57:56.463195,DEV-2da704c339,PAY-4fef7aa154,ADDR-4798a17ef5,normal,
CUST-fd06584c0b,2025-11-28 22:33:35.383456,DEV-755b0ea5f3,PAY-5d526fde6f,ADDR-9070d9852c,normal,
CUST-e87b16250b,2026-04-16 05:21:39.658709,DEV-1b62448026,PAY-49ff1761c9,ADDR-59fa24406b,normal,
CUST-ab5377db01,2025-08-10 21:21:25.754008,DEV-6135d92207,PAY-b6febc7923,ADDR-8b850fc859,normal,
CUST-cef123fac3,2026-01-02 19:50:24.569429,DEV-e7b602135f,PAY-f438aaa813,ADDR-2aa60d9857,normal,
CUST-e884236c6a,2026-05-04 01:58:50.758513,DEV-5d9ec61eae,PAY-2a689a6b91,ADDR-6c47131e7c,normal,
CUST-7786aeceb5,2024-12-23 15:05:25.802659,DEV-e187fca9d9,PAY-2ebc1c59a2,ADDR-d51ca64723,normal,
CUST-d20989ed38,2026-03-02 23:12:34.530819,DEV-cbd8f625d3,PAY-9621d0f06a,ADDR-1ea4902677,normal,
CUST-3dac057e6f,2025-05-15 20:38:19.013325,DEV-80f19a37c6,PAY-7e31ec0e12,ADDR-3df4cf0608,normal,
CUST-dd06e9a755,2025-07-02 00:47:30.420664,DEV-9bfb6cf867,PAY-38e749795f,ADDR-5955411059,normal,
CUST-33760d8918,2025-02-19 06:50:16.371740,DEV-f037ef07e0,PAY-95340db774,ADDR-e7e764a42e,normal,
CUST-c1af47b484,2025-09-30 13:05:13.765183,DEV-660bd5a0ee,PAY-9489e57695,ADDR-a49ab3c41e,normal,
CUST-796fa76c22,2025-10-20 16:08:10.854182,DEV-6883c50fae,PAY-7465ddde86,ADDR-36a2af849d,normal,
CUST-49ec6e4612,2026-02-28 20:51:02.192579,DEV-145141cbe6,PAY-d6f5be79e4,ADDR-6278656df9,normal,
CUST-145221f846,2025-03-05 10:05:34.034821,DEV-9cebab22a5,PAY-8596b09df8,ADDR-9385c1f95f,normal,
CUST-245f28b165,2025-01-11 17:20:39.122777,DEV-07aaf67d33,PAY-ac71ee71dd,ADDR-6ca495ee10,normal,
CUST-253f8e3cef,2026-04-15 05:11:13.425968,DEV-32bab5fdb8,PAY-7be561b1a9,ADDR-eebe4028d1,normal,
CUST-b8b239763a,2025-11-20 19:29:43.012305,DEV-f63b418859,PAY-558977a2a1,ADDR-bff75af778,normal,
CUST-469d27c425,2025-04-15 10:34:14.835487,DEV-2f65fbe4f6,PAY-d28bf7b9fe,ADDR-93b39ce7c3,normal,
CUST-4c761b64eb,2026-05-09 12:40:19.223988,DEV-87f2477e0c,PAY-1ffdbd679c,ADDR-1d73240dd2,normal,
CUST-f12cbf7171,2025-02-17 20:45:49.820061,DEV-4b7ed901f7,PAY-e953140f51,ADDR-6752c2beb9,normal,
CUST-0e778a3fa2,2025-08-21 00:08:21.105532,DEV-0dc03f798e,PAY-49d2d4b137,ADDR-a61995e176,normal,
CUST-f0fec82fe7,2025-04-23 01:16:08.790566,DEV-19bbfbe919,PAY-0b9c85b678,ADDR-fec96963c9,normal,
CUST-22a9986b24,2025-04-23 20:01:11.771687,DEV-37f91d43a9,PAY-3f47d4e90f,ADDR-7f6d10181e,normal,
CUST-2fd58e6a13,2024-12-02 10:35:12.146989,DEV-3c7f2f8bce,PAY-bf6cc09de2,ADDR-aa00819350,normal,
CUST-14df13be36,2026-03-07 21:10:52.455528,DEV-0258d3e271,PAY-eabd832fb4,ADDR-0b67897aa6,normal,
CUST-d786bb408a,2026-05-02 19:12:22.141188,DEV-66bd1cde89,PAY-a9c0df09aa,ADDR-e5cd222a0a,normal,
CUST-657a5bd6b8,2025-12-24 08:04:51.123628,DEV-812c996bb6,PAY-e2f433acef,ADDR-31e6639609,normal,
CUST-76b75b9f2f,2025-02-26 11:13:45.279514,DEV-5ca1a935e6,PAY-65aad3fc02,ADDR-ad687b6808,normal,
CUST-22e78fdedf,2025-08-09 18:16:37.462651,DEV-2681fe7da1,PAY-e1cb092a80,ADDR-47ce6ba7c4,normal,
CUST-d5e24a4d23,2025-06-15 01:58:47.702140,DEV-9a89625f00,PAY-a6e2c2fc82,ADDR-a3c4bb840a,normal,
CUST-2119ef4c82,2025-11-02 04:53:47.091972,DEV-e538d7a959,PAY-40812f5b31,ADDR-a723f58d8a,normal,
CUST-e90c7f3170,2025-12-01 22:41:31.948781,DEV-0c0d073f6c,PAY-80aa1489a2,ADDR-c52c6dd6ef,normal,
CUST-5fc18b7255,2025-07-30 16:11:49.231869,DEV-1f24327893,PAY-324470ab4d,ADDR-3e5e8b84ec,normal,
CUST-69fe9c2e17,2025-04-20 19:21:53.734930,DEV-157a43b1b9,PAY-f2b9d7210e,ADDR-327ab88a1e,normal,
CUST-8f823d7c6d,2026-03-31 10:20:36.037614,DEV-cea2fa9c4c,PAY-9503da28cc,ADDR-592df70a8a,normal,
CUST-999853f1a2,2025-03-22 08:19:09.910622,DEV-c1bfc1a28e,PAY-b893735509,ADDR-582eebd833,normal,
CUST-25d960090c,2025-07-07 17:41:50.595541,DEV-eab2e0ec87,PAY-c07c92df37,ADDR-abbf584fa8,normal,
CUST-6c79a9e22a,2025-09-02 18:39:33.179324,DEV-17742c6855,PAY-8324498614,ADDR-083ab065da,normal,
CUST-b7e76f475e,2025-04-13 08:12:37.562348,DEV-b9362096bd,PAY-fbedf2d6fd,ADDR-0713065f8f,normal,
CUST-a853322775,2025-10-24 03:26:15.838461,DEV-f727fd5f88,PAY-e1f19788a6,ADDR-b9260a472a,normal,
CUST-d00b0881a3,2025-10-25 19:35:11.694345,DEV-64da56609c,PAY-614529860c,ADDR-dc76148ec7,normal,
CUST-5662dc2b47,2026-06-24 18:26:55.097662,DEV-3fb8191dc5,PAY-4eb24bf665,ADDR-1b52e41e19,normal,
CUST-2bc92be52a,2025-05-16 22:31:35.601463,DEV-ef823dfa32,PAY-ae5139715f,ADDR-6c56831606,normal,
CUST-c7c881aaaf,2026-06-16 05:30:59.607648,DEV-110887faf7,PAY-eb027f3cd6,ADDR-dc878e2986,normal,
CUST-38b1ffd94b,2025-12-13 02:45:41.479722,DEV-9b9e0c8797,PAY-2b78c78bd3,ADDR-e20698a2f9,normal,
CUST-8ca445504d,2025-05-04 22:10:45.706644,DEV-788146d7a5,PAY-311db941e6,ADDR-e8662a28fe,normal,
CUST-025e3c1947,2025-10-20 16:08:58.630619,DEV-d1a189f9c9,PAY-01078be603,ADDR-04459d256a,normal,
CUST-838d2da2e0,2025-12-29 01:52:11.103715,DEV-70636273f1,PAY-9713bdff25,ADDR-b6c498a64b,normal,
CUST-b74c3d4f6c,2026-02-01 03:55:05.580600,DEV-b96ee0ade5,PAY-e3a47a94ba,ADDR-69de9b3758,normal,
CUST-a6e11ca30e,2024-12-25 09:31:08.071620,DEV-ef25aaee91,PAY-da90a0da67,ADDR-65626173c0,normal,
CUST-18f5c12898,2025-11-13 02:37:28.660046,DEV-8da3494bb4,PAY-bee4cd97cc,ADDR-0c8506af72,normal,
CUST-b23afa2c9c,2025-09-10 14:31:20.544729,DEV-d9605e374e,PAY-11be96a5c2,ADDR-7ec902b841,normal,
CUST-ac43449eff,2026-05-04 12:08:30.920133,DEV-209a42523d,PAY-0547fd26f7,ADDR-566e61c744,normal,
CUST-d20a4b990e,2025-05-11 16:57:14.143237,DEV-49075c6b00,PAY-5cb8d24692,ADDR-0f2e6b3e43,normal,
CUST-18dab43dc4,2026-03-04 12:57:36.794439,DEV-8e5878b870,PAY-27ed231444,ADDR-86b6d04afa,normal,
CUST-a839f2db1e,2025-11-13 11:46:30.772166,DEV-2ba608e557,PAY-8106a33d5c,ADDR-3bf2f2e4d8,normal,
CUST-3514a5436e,2025-06-18 23:51:07.208235,DEV-576de9f264,PAY-53c4ccf958,ADDR-4e07a02262,normal,
CUST-cfbd5ccc6f,2025-11-30 14:26:31.317972,DEV-47bfe8d7ee,PAY-903b4304a2,ADDR-17ddd078f9,normal,
CUST-7dcf0e4d84,2025-11-21 11:54:12.970291,DEV-42dc5ed93d,PAY-081883e4df,ADDR-1a99fbfe5c,normal,
CUST-4ec83f3874,2025-12-24 10:12:53.701309,DEV-ca633baa92,PAY-228a88d072,ADDR-bdc8af6dc6,normal,
CUST-bc9f3bf76f,2026-01-18 10:01:14.599978,DEV-752ac94a5f,PAY-bd61b8c6ad,ADDR-9ef6195780,normal,
CUST-70a4a333b8,2025-12-13 15:59:12.063270,DEV-090cdcf25f,PAY-292ebe26e4,ADDR-37b2516396,normal,
CUST-802cf3acae,2026-03-27 09:31:57.278320,DEV-a42299452e,PAY-18b103dd6e,ADDR-4c951334de,normal,
CUST-b79600519a,2025-11-25 18:08:08.335799,DEV-8acca62528,PAY-c37eb16aa7,ADDR-4db1a19796,normal,
CUST-82e6d39e1e,2026-05-04 01:41:52.338473,DEV-5bdd68d2de,PAY-d810656c7d,ADDR-f80d15cd3e,normal,
CUST-85c6dc4870,2025-12-06 05:32:56.764114,DEV-11ecdf4632,PAY-729f4c1e3d,ADDR-d9bef604bf,normal,
CUST-9ba111297d,2025-05-24 20:55:52.879461,DEV-d8fe40c30e,PAY-727b185b26,ADDR-b0cde11225,normal,
CUST-12c41b2185,2025-08-09 05:40:44.581809,DEV-d2fcf76491,PAY-d1e61ad139,ADDR-b6430366fd,normal,
CUST-db3eb8593d,2025-10-28 13:45:27.357838,DEV-1ef34c4a1e,PAY-379493e893,ADDR-2bd8554851,normal,
CUST-91bfe86873,2026-01-25 00:52:16.807021,DEV-dc8edf8225,PAY-a9f4eb5dcb,ADDR-afe76718de,normal,
CUST-d3a354bf3f,2025-01-18 04:29:36.201730,DEV-255df47d13,PAY-94ff62df60,ADDR-8638e94ceb,normal,
CUST-740871ad92,2025-05-16 20:51:17.409019,DEV-335a2f9a6f,PAY-9b6b41aa3e,ADDR-cb1a9ca59d,normal,
CUST-753ac2d7b9,2026-02-02 18:59:38.757061,DEV-ef261f454c,PAY-83e0ffb5df,ADDR-474f38c963,normal,
CUST-19d65ea85e,2025-03-08 16:41:39.908019,DEV-ae0adef942,PAY-e15e4ff964,ADDR-d1e6c047d4,normal,
CUST-2454c28de2,2025-02-11 12:29:33.178161,DEV-ae589d2427,PAY-f40d45c70d,ADDR-e5f8d93b3f,normal,
CUST-a2fb454ab4,2025-10-05 07:36:36.787851,DEV-73bb8640bb,PAY-487cc6e057,ADDR-ebb295c06e,normal,
CUST-9fe0b5e2fe,2026-06-12 11:49:09.193846,DEV-c308a20844,PAY-c0cdf2aae7,ADDR-e2d24ef898,normal,
CUST-0c44dde560,2025-09-30 08:43:28.505906,DEV-fd7c7bbccf,PAY-29634b02e1,ADDR-2086a6dd1f,normal,
CUST-64b5bb5abe,2026-05-09 21:48:53.990632,DEV-4687384230,PAY-b7c61f4506,ADDR-2c054eaeb5,normal,
CUST-ace74385ec,2026-03-22 20:14:51.077431,DEV-db964dda6b,PAY-dc568548ab,ADDR-e6d5368ea2,normal,
CUST-840ea6499e,2025-04-24 18:51:22.662328,DEV-39eac29377,PAY-bda1af087a,ADDR-2b0ad451aa,normal,
CUST-595ca49ceb,2026-03-19 11:53:22.686321,DEV-22805cbc60,PAY-e8e94f66dc,ADDR-62e4e69900,normal,
CUST-095c9c2ac6,2025-09-01 23:45:26.798132,DEV-c389260c3f,PAY-9873dad02e,ADDR-4ecd67efdd,normal,
CUST-5fefc700b5,2026-03-08 22:57:50.795129,DEV-840aecdf15,PAY-e2b292b595,ADDR-7047a2e9f0,normal,
CUST-75d690d1fb,2026-02-02 06:11:19.455231,DEV-52975d1329,PAY-55c3225401,ADDR-c0f2cfca7d,normal,
CUST-3829efe410,2025-06-11 02:47:13.800592,DEV-0f70625e59,PAY-d3009ca745,ADDR-d98e81e24a,normal,
CUST-bda9cafb03,2025-02-01 16:23:53.716999,DEV-8bfac12ead,PAY-5dbb77f856,ADDR-8cb2c5edf7,normal,
CUST-d8ed237db1,2026-06-07 12:21:54.711741,DEV-355b09518c,PAY-b2de99daf1,ADDR-01b0cdf635,normal,
CUST-68cd15758a,2025-02-16 11:57:34.129878,DEV-1badb56860,PAY-960efe2f0e,ADDR-9d3a6e23d4,normal,
CUST-bc5894eee3,2026-06-09 14:29:12.878500,DEV-6aaf5e23ad,PAY-a0b2222a21,ADDR-bd29acdabd,normal,
CUST-243afc93c7,2026-04-09 00:30:49.444222,DEV-df9da67ac3,PAY-12363b6491,ADDR-a5bd491837,normal,
CUST-c5e0f257c1,2026-01-20 07:42:55.551605,DEV-014478bd4c,PAY-c56ab69fb6,ADDR-6cef33836b,normal,
CUST-56486ecead,2026-06-17 09:16:38.660510,DEV-2a2904e717,PAY-a5b4a8a3a3,ADDR-d9908711ad,normal,
CUST-e56ad5bc57,2026-06-10 01:10:49.470532,DEV-59780cf779,PAY-46deee5e1b,ADDR-17a645b1d2,normal,
CUST-a4c5c05e74,2026-03-07 20:32:59.644715,DEV-35d23f67eb,PAY-9b3b7c2494,ADDR-c6208f9f66,normal,
CUST-b6a38f52e1,2025-06-26 18:48:36.311543,DEV-7c0e52c8e9,PAY-67f5e0a796,ADDR-81120f6a49,normal,
CUST-3379537945,2026-02-27 19:18:59.887843,DEV-b97d9c2c5d,PAY-9aa5876b66,ADDR-baa191bb63,normal,
CUST-9a16da011e,2024-12-05 01:24:49.072616,DEV-26297ab26e,PAY-ade733234e,ADDR-d1453d2455,normal,
CUST-a078efb433,2025-10-03 16:12:31.664545,DEV-92a4ae655f,PAY-b95cf4a31d,ADDR-a9c0b9bbb1,normal,
CUST-2f8830fbd9,2025-08-17 07:42:23.909004,DEV-2861a08ce3,PAY-3f550b1bad,ADDR-4bbc4709a4,normal,
CUST-acb1006284,2025-12-21 13:37:23.500264,DEV-9ea32b4b47,PAY-ab51ea5302,ADDR-0c7f0db547,normal,
CUST-2f0fad3cc5,2025-12-21 06:50:51.791963,DEV-c429dbe066,PAY-a14fca3743,ADDR-89401efe4f,normal,
CUST-3c0af8536a,2025-10-31 11:02:49.320955,DEV-78cb3056d9,PAY-2a4d9c4de4,ADDR-b92a004263,normal,
CUST-322f7077c6,2026-03-18 04:18:38.944250,DEV-20c985d70f,PAY-69f02b9451,ADDR-a3f631a2a5,normal,
CUST-89e653396f,2026-05-25 10:17:46.061407,DEV-45c44fb6b2,PAY-8f7482fbfe,ADDR-537d7d363b,normal,
CUST-51db703d02,2025-01-28 17:34:38.770178,DEV-496e1a9a0e,PAY-ac5da64105,ADDR-15ba55bbe3,normal,
CUST-af77b94f62,2025-04-11 09:11:20.951276,DEV-065bf8db89,PAY-bd6a9bdd1a,ADDR-eef5852474,normal,
CUST-afa746cb7b,2024-12-11 11:44:33.113355,DEV-6fc0c78831,PAY-b32e1b4c99,ADDR-2f329240ef,normal,
CUST-32c4cd84d7,2026-04-22 23:19:38.672780,DEV-52ffb84abf,PAY-d8643ce717,ADDR-1da89b7613,normal,
CUST-f80ab72d5d,2025-10-18 01:19:01.141480,DEV-535f08fee4,PAY-c9b7e00f0a,ADDR-6c35a6a6ac,normal,
CUST-93a66f1be6,2026-05-10 22:23:45.988422,DEV-e71b1f0742,PAY-2196a6cb67,ADDR-3700c7f1ed,normal,
CUST-d5c0573996,2025-04-04 04:07:07.004021,DEV-abeaff7a50,PAY-058e7e4bd7,ADDR-1c5fc603f1,normal,
CUST-b865f22520,2025-01-02 14:27:50.414263,DEV-1e57a1bead,PAY-ca42e783a7,ADDR-4e2bcdedd9,normal,
CUST-1d57549ef7,2026-03-19 00:17:38.266518,DEV-63e19706bb,PAY-f7482b5ebd,ADDR-2d9093c5cd,normal,
CUST-a29e6be384,2026-05-07 12:51:02.244938,DEV-76641bbd2c,PAY-1933e9cf99,ADDR-a861b9763a,normal,
CUST-a627c4cb0f,2025-05-20 23:14:04.794930,DEV-5440affc18,PAY-55df3ac503,ADDR-32701992ba,normal,
CUST-ef699a79f0,2025-07-21 09:40:45.163679,DEV-7ca688a9ba,PAY-f937587ec9,ADDR-d7376f5303,normal,
CUST-cbc9ac8e5e,2025-02-15 22:20:28.916881,DEV-5351a021c9,PAY-5358790a55,ADDR-e18fc845d2,normal,
CUST-d303cabb40,2026-05-28 21:15:00.939339,DEV-8da90e6216,PAY-b3391e83c1,ADDR-efacd5d050,normal,
CUST-53d7275685,2025-05-22 05:27:00.951160,DEV-004c7649d8,PAY-e14c85e352,ADDR-1a79ae1e31,normal,
CUST-e649c03bbb,2025-09-08 05:30:42.139156,DEV-13ef67469a,PAY-d9dafa2dc7,ADDR-108f3ad14e,normal,
CUST-ac55d8a783,2025-01-22 06:34:48.046256,DEV-f2fb65328f,PAY-b401439357,ADDR-85cdce78ab,normal,
CUST-d0545ec50f,2026-04-24 17:21:19.264723,DEV-b1e837470a,PAY-752943b421,ADDR-ffb1b0874b,normal,
CUST-c05851ae8b,2025-02-13 13:11:15.434964,DEV-1f1456e3e7,PAY-0e4366b96b,ADDR-641fa7b8c2,normal,
CUST-d29fd19971,2025-08-16 15:50:01.124621,DEV-6d5b28abfc,PAY-977c723f5c,ADDR-d123642f00,normal,
CUST-e6ca884e20,2025-12-20 05:04:35.389711,DEV-55d2358d75,PAY-30024b49bd,ADDR-ade82396c2,normal,
CUST-656d1b12ef,2026-01-31 06:40:30.463270,DEV-f4be336c66,PAY-f1610d95e4,ADDR-e730c02d84,normal,
CUST-3127677799,2026-05-28 17:15:21.225568,DEV-836f84f93a,PAY-07897c980a,ADDR-97364f0711,normal,
CUST-98e5f0baa6,2025-07-27 16:11:07.315624,DEV-eac457c3ab,PAY-39dae9dfca,ADDR-40d9b4c8db,normal,
CUST-bac533cd90,2026-01-30 18:34:12.825044,DEV-7f3743d2c7,PAY-cc0ec362b3,ADDR-6b04ba091f,normal,
CUST-8a5a59d89d,2025-02-24 11:15:00.906793,DEV-a9d46bfd43,PAY-de8a7ceb5a,ADDR-603839730b,normal,
CUST-c70bb87810,2025-07-25 05:14:07.415743,DEV-802f018e8f,PAY-7f863a5771,ADDR-73d7bb0890,normal,
CUST-c2b2534011,2025-01-23 08:00:16.689375,DEV-28a14588e3,PAY-e04298fe0e,ADDR-cd3af054e7,normal,
CUST-bf64f0fee7,2025-09-06 07:57:59.173648,DEV-c1875672b2,PAY-04f22fb3ca,ADDR-27d534dc69,normal,
CUST-28e2d66f98,2025-07-21 07:10:42.051559,DEV-e1432c1053,PAY-89874c0b88,ADDR-99d55815a0,normal,
CUST-69aea962a8,2026-05-31 22:20:35.220103,DEV-60be4adb0a,PAY-393259c1d9,ADDR-af2c6b01f4,normal,
CUST-f14199a9a5,2024-12-15 22:37:31.879696,DEV-1753cc28d3,PAY-2034c3fd77,ADDR-b61155d255,normal,
CUST-7f65a9e587,2025-06-29 12:53:03.503665,DEV-91cf3a6348,PAY-d7d07ebec4,ADDR-5fbc2cd1fb,normal,
CUST-e961272288,2025-08-10 17:15:04.910038,DEV-f7bf3a86c1,PAY-cb2967b76b,ADDR-d47c49f1d4,normal,
CUST-61d7f1a4a3,2026-05-31 08:54:52.704920,DEV-53f7641665,PAY-a64d1edb06,ADDR-00d9999f2b,normal,
CUST-6d11668aa5,2026-04-06 07:20:09.190246,DEV-38bfe9517d,PAY-6b9b6f4094,ADDR-a99791e624,normal,
CUST-4e83e4a3bf,2025-01-23 12:37:54.708696,DEV-345e0f9026,PAY-764d30fe68,ADDR-e9af95af41,normal,
CUST-71b539e7e3,2025-12-29 00:12:46.688861,DEV-d072fc4c1e,PAY-30cef5d7eb,ADDR-073b7e1607,normal,
CUST-ed973a5369,2025-10-08 05:53:51.400161,DEV-6cb8878276,PAY-1ef35fbd10,ADDR-b7d63943ed,normal,
CUST-70fbb8698a,2026-06-16 04:05:59.241356,DEV-866fdd5d82,PAY-df1ceececa,ADDR-8f10bb4c71,normal,
CUST-55f19debda,2025-06-22 16:07:54.110951,DEV-2fd31b95ba,PAY-edcbee5bf9,ADDR-6d8239a08a,normal,
CUST-c2edb76cc3,2025-07-15 12:32:54.512073,DEV-50d9512a0b,PAY-c147293596,ADDR-a6343e8194,normal,
CUST-0a75d87160,2025-03-16 21:34:47.207245,DEV-5f01e160c7,PAY-48f2e0257f,ADDR-36e9a97238,normal,
CUST-4710b9c0f7,2025-02-05 17:31:53.243172,DEV-989f66cc3b,PAY-29c5c7e2ab,ADDR-18822cedac,normal,
CUST-f3eced8052,2026-04-02 00:16:09.072809,DEV-28b0847c90,PAY-39ccee4147,ADDR-ed7efa2f58,normal,
CUST-fa05005324,2025-08-17 06:45:09.193161,DEV-9b645200a2,PAY-de277f3afc,ADDR-107687afac,normal,
CUST-bc3ccbb088,2025-12-15 17:50:03.782793,DEV-f48fe84780,PAY-1ed6f96a65,ADDR-66d14e5bd9,normal,
CUST-414e912b7f,2025-12-03 13:07:30.996022,DEV-b9856224a5,PAY-935e0a6977,ADDR-c32043829d,normal,
CUST-04fba2462e,2025-11-07 17:56:24.912541,DEV-d626003eef,PAY-609d0cda88,ADDR-c73f966ff8,normal,
CUST-c5c7b3941b,2024-12-09 08:46:59.487660,DEV-602acd3a92,PAY-c6be07b452,ADDR-a2915f6381,normal,
CUST-253d900452,2026-02-25 13:17:51.464246,DEV-19d3ffc4f4,PAY-e460059f90,ADDR-4448c05e44,normal,
CUST-225b594cef,2025-04-17 00:38:00.221969,DEV-3e6fc71e2a,PAY-b235b11ecc,ADDR-f7d73d17a3,normal,
CUST-1b4913371e,2025-02-07 21:50:17.916866,DEV-092ecabc79,PAY-1d30cfc55c,ADDR-89046622a5,normal,
CUST-c4961d96eb,2025-10-19 21:22:31.991581,DEV-7b82d00bfc,PAY-f3fcbbc2f6,ADDR-9b4fa9f27b,normal,
CUST-49b78b8ce3,2025-01-05 17:24:24.061130,DEV-fbddac2696,PAY-df575147db,ADDR-33da56940d,normal,
CUST-0cd033caf3,2026-02-13 00:37:36.823252,DEV-47c151d7c1,PAY-0b5ead0077,ADDR-be775e58a5,normal,
CUST-4a00533331,2025-03-26 22:39:31.746014,DEV-05010fee92,PAY-79eb0c0ef1,ADDR-3cb9998433,normal,
CUST-6bab017845,2025-04-01 00:51:35.950543,DEV-d17cb2fcf6,PAY-cc0cacb8c7,ADDR-23ad928090,normal,
CUST-dda1ba65bd,2026-04-14 13:17:15.541403,DEV-ac2606376c,PAY-262d996688,ADDR-482818cada,normal,
CUST-f03c54e1ae,2025-06-05 05:39:48.796179,DEV-5781259287,PAY-bf9268ac84,ADDR-27f88fb7ae,normal,
CUST-501545ee94,2025-02-20 10:24:46.384079,DEV-177c410812,PAY-b7a8774d92,ADDR-4406ceb747,normal,
CUST-9e08eb2a2e,2026-05-02 09:46:45.376100,DEV-f17dec55e9,PAY-b134e879b3,ADDR-147bddb71f,normal,
CUST-31aa6a68fa,2024-11-28 15:24:10.164119,DEV-99d4e9e4c9,PAY-7ce48e26cc,ADDR-898711d21a,normal,
CUST-6e7632a046,2026-04-08 00:24:41.515844,DEV-e77c7d3356,PAY-1b9162f818,ADDR-1f79324b5d,normal,
CUST-719f4e1b2e,2025-02-18 18:35:03.028322,DEV-c52f018b5b,PAY-95526bc87a,ADDR-01c29cd2f8,normal,
CUST-6996b95048,2025-02-10 06:22:14.370737,DEV-13af4caa64,PAY-858b6efe42,ADDR-ebf782851b,normal,
CUST-2a71f79b82,2025-04-21 03:05:26.583842,DEV-dcdf08c8e5,PAY-1d46f3cfa2,ADDR-76fa0e73e5,normal,
CUST-378cafa00c,2025-03-08 00:48:43.171365,DEV-48f3881666,PAY-4247b563c0,ADDR-4b48558f3c,normal,
CUST-a6e2e65197,2025-12-14 18:03:25.205516,DEV-6ecd9964e1,PAY-9968afffe6,ADDR-4aa5673a60,normal,
CUST-04aa0d04c6,2024-12-11 22:14:27.461144,DEV-4ff6bf525e,PAY-928b533359,ADDR-708493c838,normal,
CUST-220ca1ff9c,2024-12-05 14:29:56.785913,DEV-662268380c,PAY-eb24262a75,ADDR-d6aca7c44b,normal,
CUST-2eae74d910,2026-02-27 09:37:36.819142,DEV-edd7468000,PAY-8e9f32c20d,ADDR-2d7c331501,normal,
CUST-13596fc871,2025-04-13 18:17:51.353639,DEV-cd8f232ee8,PAY-6284dd67ab,ADDR-7c6e6da0f1,normal,
CUST-53e1ceb1b5,2025-06-02 11:07:41.647527,DEV-dd66757666,PAY-ef667924ce,ADDR-d17f4e921c,normal,
CUST-5b6e6af4e1,2025-03-07 21:19:30.773065,DEV-310424a90d,PAY-08d686357a,ADDR-e7272a12ef,normal,
CUST-f49b044447,2024-12-27 08:08:12.307916,DEV-638c40872a,PAY-78da93379b,ADDR-979e35d700,normal,
CUST-2d999252cd,2026-01-30 10:54:50.829966,DEV-81af69871b,PAY-6057409961,ADDR-37bf5c7653,normal,
CUST-c61d65dcd8,2025-09-27 14:29:04.119374,DEV-80db3d2532,PAY-6b23214750,ADDR-efe7365c3f,normal,
CUST-85a05a8144,2026-02-01 17:45:52.782741,DEV-14d2ee7dad,PAY-61ab0a93ae,ADDR-89c05cbac8,normal,
CUST-5ff0803c58,2025-08-29 17:54:50.167877,DEV-11d0791a7a,PAY-9757a1a7af,ADDR-fdfd3d61be,normal,
CUST-9d92d48890,2026-02-20 11:19:29.201917,DEV-0d8047fdb8,PAY-a1ba3b04d7,ADDR-6284a2331b,normal,
CUST-26b1e587fd,2025-09-20 03:57:16.772174,DEV-5c95cd3f58,PAY-fe139ac12f,ADDR-e41ef6de06,normal,
CUST-4a751e692d,2025-01-29 03:24:52.282848,DEV-5b6b17658f,PAY-ae0ac8199d,ADDR-695761194a,normal,
CUST-a92a8cdb3b,2025-09-14 17:20:32.759750,DEV-dfa94c7a1d,PAY-b03b21b14e,ADDR-6726bdf22b,normal,
CUST-f8ea97b40a,2026-05-28 09:29:44.788965,DEV-6466251481,PAY-ff6d3f8169,ADDR-287fc0f025,normal,
CUST-e876f7b4bd,2024-12-22 02:36:01.989903,DEV-59b541e96c,PAY-72336511de,ADDR-cc691f5b75,normal,
CUST-d30faa6f08,2026-02-23 11:43:20.410116,DEV-d4e869de07,PAY-440f842156,ADDR-a92e56758b,normal,
CUST-3d95658c4c,2026-04-12 23:34:00.099231,DEV-b6079ccf0d,PAY-b2e4b4649c,ADDR-ec454b814a,normal,
CUST-494f9d4dc9,2025-09-24 22:05:09.886751,DEV-02d3b24c90,PAY-1ca53691f6,ADDR-727b2756a5,normal,
CUST-072e69a0e7,2025-08-19 04:57:31.993450,DEV-58bb227558,PAY-ae4906d625,ADDR-1c4a03bc98,normal,
CUST-e7b26cc1a4,2026-06-08 04:06:28.226389,DEV-5feeb01096,PAY-dc78c8e9e8,ADDR-298303824d,normal,
CUST-f0f9668416,2025-01-01 05:13:47.505157,DEV-9364c34293,PAY-dc2c8c39b2,ADDR-e6720ab860,normal,
CUST-49a0393216,2025-08-31 07:55:57.486840,DEV-a5e5fa245b,PAY-c4ae3f7f06,ADDR-07c62e0909,normal,
CUST-593001b84f,2025-07-17 12:52:24.127344,DEV-2300d19c8f,PAY-b04b17a99e,ADDR-c3540ce781,normal,
CUST-a38512d617,2025-12-29 06:00:38.899011,DEV-33dd95aa74,PAY-caf18b9bbb,ADDR-8005b312eb,normal,
CUST-e7ad866fa7,2025-09-06 20:46:33.589877,DEV-b845a14d24,PAY-dd1c6d6ce9,ADDR-870b3d4ca3,normal,
CUST-61c1d1abc2,2026-05-07 17:12:09.796987,DEV-cb39f62b85,PAY-b5834e6eda,ADDR-5b887a5565,normal,
CUST-8d2f4afe00,2025-01-08 13:13:37.150646,DEV-01bef93bfb,PAY-7d2fac84c0,ADDR-539750bff0,normal,
CUST-609e2831d7,2025-01-12 18:39:52.106761,DEV-5bd4068b2d,PAY-41e088f0a2,ADDR-57fece34b1,normal,
CUST-385ab3d172,2025-11-14 04:54:03.595717,DEV-ae611871b4,PAY-d45bcc91ec,ADDR-0d27cbd5c4,normal,
CUST-c877ebece2,2025-01-04 00:43:13.131179,DEV-e4b77892d0,PAY-17c3f959a0,ADDR-ccdc8216d2,normal,
CUST-fee37c782d,2025-05-05 05:37:20.387486,DEV-1baa85d4a2,PAY-808ce1917e,ADDR-b6d5d8f21c,normal,
CUST-140dea5448,2025-11-28 13:14:02.979193,DEV-7af6055c8e,PAY-3bde1fbee9,ADDR-fe0717dcbe,normal,
CUST-2f524b44a4,2025-10-10 11:57:39.627130,DEV-c9b5a34098,PAY-a52775273d,ADDR-d41a3bfc09,normal,
CUST-d1c70d1d12,2025-06-03 06:46:36.913282,DEV-a8efc869b0,PAY-87f1843591,ADDR-21b36f9e99,normal,
CUST-f543c77c5b,2026-06-25 21:20:50.263596,DEV-54a849f98a,PAY-584a229a07,ADDR-b0fa44080f,normal,
CUST-f8026aab94,2025-09-30 04:37:04.126604,DEV-824c0f7956,PAY-b03e6932d4,ADDR-25d2952857,normal,
CUST-831fccbf98,2025-08-16 16:49:45.993464,DEV-78ec58cc14,PAY-2c116deee7,ADDR-e6d6536e47,normal,
CUST-7353aa37e1,2025-11-12 13:00:38.502629,DEV-cef223065b,PAY-559831106f,ADDR-b7150b9e51,normal,
CUST-d32e016cef,2025-01-23 10:11:02.052571,DEV-8a0b544421,PAY-15314dda2b,ADDR-370b27e2ae,normal,
CUST-456a5f6c73,2026-01-07 07:55:36.480418,DEV-f40ddee2b2,PAY-9e8260e211,ADDR-4cc8ce7780,normal,
CUST-32a1ac0231,2026-04-04 18:24:28.358854,DEV-abf180c179,PAY-f67421c623,ADDR-5eddf79598,normal,
CUST-6c2c565b5d,2025-12-08 21:08:16.710686,DEV-e52dce74cd,PAY-fda117e8f5,ADDR-9b303cdfc9,normal,
CUST-6789ec480b,2026-02-15 05:30:21.951128,DEV-b3d47b1ced,PAY-f3b9ee5627,ADDR-357de8b9c8,normal,
CUST-1b165b5b8d,2026-01-18 08:47:29.334746,DEV-0ed4317bff,PAY-95ed950224,ADDR-d8041f7516,normal,
CUST-fd9ce044a1,2025-03-31 11:57:37.906873,DEV-adc59bc718,PAY-7110d6cdcf,ADDR-708d61107a,normal,
CUST-1a8bf8cf0f,2025-08-15 10:48:25.604113,DEV-af0b3d667f,PAY-fc70e84204,ADDR-ab5a75a1e7,normal,
CUST-f6126738c5,2025-04-08 07:08:48.153733,DEV-03b540a52f,PAY-a3d298ec9e,ADDR-3fc73ec9dd,normal,
CUST-1c180de2a1,2025-06-11 05:47:37.591201,DEV-a93b5ba95c,PAY-0b09b9bbb2,ADDR-29e7bce352,normal,
CUST-5e5961784d,2025-08-16 13:49:14.717287,DEV-504eb13b06,PAY-7cde2ee44d,ADDR-4c604e1a57,normal,
CUST-376f6aab5b,2025-07-25 20:35:31.848121,DEV-f80c5609cf,PAY-a8dacb3056,ADDR-d002c51386,normal,
CUST-b2b3dbf015,2025-01-21 01:18:46.161267,DEV-5082764c08,PAY-25912b27da,ADDR-a53b78d0e9,normal,
CUST-8b680903a1,2025-08-01 02:18:45.471608,DEV-9ad9313e14,PAY-b02ab9966d,ADDR-2784a78639,normal,
CUST-e8f9a1bef4,2025-12-17 02:20:19.914310,DEV-f201ab7990,PAY-f96eb601b6,ADDR-f28b91130c,normal,
CUST-7ac9128ba8,2025-07-01 17:17:13.277977,DEV-271e4a9a64,PAY-c8d423528e,ADDR-1a81941071,normal,
CUST-4db762bd5b,2025-02-23 09:04:13.794910,DEV-f2d8cf9647,PAY-75deb85648,ADDR-e61edab37c,normal,
CUST-e9d24cbeca,2026-05-15 09:48:00.203634,DEV-a7ebe58539,PAY-2f363a227b,ADDR-10a1de4d7d,normal,
CUST-a006d4e1f0,2025-01-04 20:53:04.019521,DEV-b08d9e26fd,PAY-1969c432b8,ADDR-a2d4bd65b9,normal,
CUST-e414b044e1,2026-03-23 14:18:07.784088,DEV-91895ce324,PAY-35dd9b15e9,ADDR-51e283237b,normal,
CUST-543f3bab48,2025-01-19 23:31:31.775787,DEV-c652424e3f,PAY-a2f3179ea4,ADDR-01e51d577b,normal,
CUST-04ffedec6d,2025-01-21 21:51:33.677763,DEV-f685187834,PAY-8619f5392d,ADDR-e9188246e3,normal,
CUST-4d11f351ea,2026-01-28 18:18:33.101997,DEV-135db368dd,PAY-ee6547628c,ADDR-88fd13b53a,normal,
CUST-c957700473,2026-03-12 00:20:45.557573,DEV-5b41ca42ba,PAY-1bda963f85,ADDR-f3bcff1f3f,normal,
CUST-ebb980f4c3,2025-10-15 03:19:39.871599,DEV-4e505fe8f6,PAY-f64090cd79,ADDR-1dbeeef2be,normal,
CUST-86ea154a65,2025-11-01 13:31:07.643092,DEV-f806efc1ee,PAY-bc2ad2cfb6,ADDR-cadad5c6c3,normal,
CUST-ed798a96e1,2025-10-18 03:48:17.311802,DEV-1d86a3de34,PAY-da27abfd7d,ADDR-777170dac0,normal,
CUST-01a21fa993,2025-06-05 20:45:38.007935,DEV-d7769e932d,PAY-6ac9b1583e,ADDR-e9cf70b30b,normal,
CUST-d4c1cf0add,2025-02-05 18:31:33.388633,DEV-e3bf47cffd,PAY-8dd9aa4ec4,ADDR-0e7d608c7d,normal,
CUST-200b1f4acf,2025-06-19 17:35:56.092527,DEV-78799b4463,PAY-fcc6db7854,ADDR-b6f15b3f67,normal,
CUST-18b3207bac,2025-12-17 05:34:18.717458,DEV-bb0914a135,PAY-43aebb6aae,ADDR-89320f274e,normal,
CUST-1a9decdafd,2026-02-04 09:56:59.789380,DEV-905417bb45,PAY-191fa584c8,ADDR-3206b8342e,normal,
CUST-e480d4ba16,2026-04-13 15:00:30.602464,DEV-b882e2b19a,PAY-baa8b10f9f,ADDR-cb0b4f5e67,normal,
CUST-ce75369192,2026-01-18 11:51:33.090683,DEV-66345c20ab,PAY-c643fd1942,ADDR-bd6c528887,normal,
CUST-a47620c4a2,2026-06-10 16:52:02.270382,DEV-a9cec1f772,PAY-b532d677be,ADDR-0477ab0d15,normal,
CUST-815a4be7c3,2025-11-09 15:17:55.059569,DEV-69f74fd5b3,PAY-364fbb6c3e,ADDR-7a15338017,normal,
CUST-03d1b3fe25,2025-06-18 14:28:31.427011,DEV-621ab1a83d,PAY-0f6e0612bc,ADDR-68623db2b7,normal,
CUST-7599e443a5,2025-10-27 14:45:20.633564,DEV-0bef277c66,PAY-90eca01bec,ADDR-c10400625a,normal,
CUST-cc77f73977,2025-03-30 04:13:06.397026,DEV-4fdfb67823,PAY-3ace1ff74a,ADDR-c8e427c4c3,normal,
CUST-338937f208,2025-12-12 06:00:27.598764,DEV-bbef467be6,PAY-f46e8be528,ADDR-2ec93c050e,normal,
CUST-e4959611a4,2025-04-05 20:06:24.124027,DEV-7a0606a6e6,PAY-1a1f870728,ADDR-06f306eacf,normal,
CUST-b0aa844ad7,2025-01-28 15:48:09.486941,DEV-7c2236798c,PAY-529d242927,ADDR-f0d558a5e0,normal,
CUST-1d13b5c2af,2026-03-31 11:18:32.489583,DEV-f33a5e6d6b,PAY-2288794785,ADDR-ae2264aa6c,normal,
CUST-5e82b0d5e2,2025-06-27 19:37:42.093663,DEV-8c1383ed8f,PAY-420065ed8c,ADDR-c8b30ac25b,normal,
CUST-f06a1dfc2c,2026-02-11 13:10:04.301020,DEV-532cfd6620,PAY-f82f96761a,ADDR-ae9cd6e093,normal,
CUST-e1ae2fa007,2025-10-25 09:41:37.176684,DEV-70cecc06a6,PAY-4e7057015f,ADDR-87739ee5da,normal,
CUST-1519a1535f,2026-03-09 09:08:53.424719,DEV-9106274857,PAY-a5774c16d2,ADDR-76929087d7,normal,
CUST-cbe7669b20,2026-03-31 08:16:34.038548,DEV-1029f5cc09,PAY-775f2d103e,ADDR-dc927aa510,normal,
CUST-1cb62d67bd,2026-06-14 06:17:58.499300,DEV-db5d44c431,PAY-02a233ba3a,ADDR-290a1a4119,normal,
CUST-d859aa3759,2026-03-15 20:51:34.704638,DEV-a622beacd9,PAY-8e8359a70a,ADDR-b08e3ce445,normal,
CUST-52eaf33e71,2025-11-17 06:12:51.502755,DEV-22b5d69613,PAY-ca6028108e,ADDR-3153893e6f,normal,
CUST-0f3bcc3e66,2025-12-04 02:56:51.290086,DEV-1c18a4a9e1,PAY-ad8c9468ca,ADDR-f7eeb25e76,normal,
CUST-54bc798926,2024-12-12 04:49:23.670764,DEV-dde26922a7,PAY-64173e1b45,ADDR-9213d19c6e,normal,
CUST-ac312c8103,2026-05-18 22:33:19.107596,DEV-405389bafb,PAY-2da0842b74,ADDR-31a5a28d74,normal,
CUST-1f770377e8,2026-03-22 06:11:13.694206,DEV-51b2e42ad7,PAY-ba48302668,ADDR-741bc073e9,normal,
CUST-736c782a22,2025-04-30 20:27:12.919469,DEV-0b4cbcbac2,PAY-f1178967fb,ADDR-af5546f922,normal,
CUST-fd46e16899,2025-03-11 11:03:42.249485,DEV-56865913dd,PAY-0c3ec63902,ADDR-4f5624c51f,normal,
CUST-de118639de,2026-01-07 20:42:07.731866,DEV-120aa63c58,PAY-ffda02f72b,ADDR-ea495556e7,normal,
CUST-7e7e7aec34,2025-05-24 21:39:04.449530,DEV-00372c3747,PAY-edb2081eb3,ADDR-73b5aed503,normal,
CUST-aa63d8c51a,2025-06-11 18:12:12.350076,DEV-c688292457,PAY-045f97a078,ADDR-c43f28d5f2,normal,
CUST-26138ba34c,2024-11-30 12:50:45.778392,DEV-521a7aa76e,PAY-8108a0758b,ADDR-7393336531,normal,
CUST-66ba9dbb2c,2026-04-14 15:36:43.812109,DEV-eb19cc2a94,PAY-f0a3986b6d,ADDR-0a5d9e0e71,normal,
CUST-3bc0dfaf31,2025-10-20 21:35:52.558095,DEV-afe969fcec,PAY-624fccb1b2,ADDR-1735b0e158,normal,
CUST-d0e0b44710,2025-07-17 01:17:57.279182,DEV-5c00852c77,PAY-859fac9698,ADDR-20d4b18522,normal,
CUST-5d54f9fbf8,2025-02-17 03:29:24.698710,DEV-2860b2d32c,PAY-7cf0e6649b,ADDR-578cad2ae3,normal,
CUST-ff00b3b65f,2025-11-28 14:33:29.836300,DEV-c85d7ad5e5,PAY-893e04cfd5,ADDR-bf501392ae,normal,
CUST-9d689abe36,2024-12-14 18:00:39.740764,DEV-7fba25ad54,PAY-05cd3c9452,ADDR-5a5ff73d24,normal,
CUST-6985190edf,2026-02-01 23:58:08.561393,DEV-b1d9ba1994,PAY-58af62eed5,ADDR-594ed5927c,normal,
CUST-e328cbebb7,2025-03-31 13:29:11.403404,DEV-5d4fad72b5,PAY-e454d40c8b,ADDR-0a1dda49f6,normal,
CUST-837be1b546,2025-07-28 01:59:32.400066,DEV-edf0ce07b6,PAY-39714d36fc,ADDR-5796109259,normal,
CUST-5284844e97,2025-06-12 09:05:26.025600,DEV-091cca3a17,PAY-3d21cda895,ADDR-e2dcd934e8,normal,
CUST-fdd15ae10a,2025-06-29 06:15:27.983018,DEV-edd9578a2e,PAY-640fcfea5c,ADDR-6e8dc1e9a6,normal,
CUST-10d45ad225,2026-01-18 19:17:51.243908,DEV-ad62056fad,PAY-538d34f133,ADDR-2c12cb0dbd,normal,
CUST-3504a1cd3c,2026-02-19 18:54:27.990208,DEV-cbc4f8361b,PAY-6beb97ed23,ADDR-118d5d2573,normal,
CUST-18d88dce34,2025-10-21 15:16:48.225769,DEV-84df91fa35,PAY-7a1400f770,ADDR-942b27d358,normal,
CUST-32b80aec73,2025-01-15 04:33:46.899082,DEV-9b3d28300c,PAY-1ba9781288,ADDR-bba8779275,normal,
CUST-5cfe3b0471,2024-12-27 11:03:08.107233,DEV-e65fdefb03,PAY-9055302a6d,ADDR-91300a8e8e,normal,
CUST-0baaf1d9b4,2025-02-26 03:22:04.548724,DEV-7a20f68246,PAY-957ed6d109,ADDR-ee6383d939,normal,
CUST-a3c9abe319,2025-11-19 17:28:45.753759,DEV-94a9c1b0f9,PAY-f5429e27f4,ADDR-63573d33ea,normal,
CUST-1f582d97e5,2025-12-22 05:28:09.129647,DEV-1524e5b4db,PAY-031786858e,ADDR-073360b3a7,normal,
CUST-f6b4c365e7,2025-05-03 13:08:28.010106,DEV-eb6b5b9a5c,PAY-7a99ffd021,ADDR-5d7a178f77,normal,
CUST-191bb22ea4,2025-12-15 06:18:00.270949,DEV-1c14586fe3,PAY-02898978f2,ADDR-33a08f37ba,normal,
CUST-1ab54357d7,2025-09-04 04:45:18.184195,DEV-3720ac601c,PAY-c669779879,ADDR-37c1b1b917,normal,
CUST-1791aaa5db,2025-08-09 22:38:45.666068,DEV-ede63d7b40,PAY-8ff113238b,ADDR-dd75ecbd58,normal,
CUST-71495db5fd,2025-05-04 03:55:35.289454,DEV-b61b98eab0,PAY-3fb4e5e9db,ADDR-dfceb5c3c7,normal,
CUST-1075d05f9b,2026-02-07 02:41:23.727896,DEV-95e7d1bf89,PAY-7eb2f85397,ADDR-81f8650204,normal,
CUST-166d89c0f0,2025-01-31 21:36:29.133718,DEV-f43c732b7e,PAY-19f9a45cfd,ADDR-eba6bca44b,normal,
CUST-6b55503b98,2025-08-02 22:04:47.458910,DEV-fdbda436fb,PAY-d2653a3e2e,ADDR-d73b86774b,normal,
CUST-49ac4c0f99,2025-05-09 23:59:34.613657,DEV-616bce65d9,PAY-4f20056a28,ADDR-fbc108f20e,normal,
CUST-e49d841786,2025-12-24 20:14:41.986129,DEV-33761b2732,PAY-6daa402374,ADDR-da70bd2820,normal,
CUST-a694140cc2,2025-09-04 18:14:55.466699,DEV-2d259e434f,PAY-81d953d95b,ADDR-5387bf886b,normal,
CUST-502a84184c,2025-12-18 06:28:26.530321,DEV-dbaf803bd1,PAY-160498cc3f,ADDR-e3416da594,normal,
CUST-34a696e0af,2024-12-23 07:07:10.814704,DEV-7275c4e85b,PAY-d8783311ec,ADDR-4972adafbb,normal,
CUST-4ce3293037,2025-07-13 20:34:48.547321,DEV-4db6d94e59,PAY-c4256803b5,ADDR-89854f401e,normal,
CUST-6e5f909b86,2025-11-09 00:13:10.566120,DEV-d1df1fe30e,PAY-0ce7f7281b,ADDR-c8f810d86a,normal,
CUST-a3f9d3e90a,2024-12-01 10:49:11.084393,DEV-e95f46ec9a,PAY-27da1ce11a,ADDR-658da4abd8,normal,
CUST-89c1d4a2ac,2025-05-20 12:31:24.436590,DEV-aeb357b8ff,PAY-28f9d5e71c,ADDR-c17bebb1a1,normal,
CUST-7111547c68,2025-03-29 07:18:26.550884,DEV-f8d596b671,PAY-e2c13b5b2a,ADDR-8a40cd3c6f,normal,
CUST-6000596824,2025-02-14 11:00:53.473881,DEV-5e6bb77703,PAY-a3ab03f20c,ADDR-107631e5be,normal,
CUST-7082ac94a6,2025-04-23 22:41:56.500376,DEV-6dcc4d4396,PAY-4b6a2191ec,ADDR-3c4b3095a4,normal,
CUST-b118525176,2025-06-04 23:35:17.729204,DEV-292ebf06be,PAY-2bf417adfd,ADDR-e2baa94668,normal,
CUST-e542c8a3e5,2024-12-01 11:24:53.214074,DEV-4397efc214,PAY-f59e2c2dd3,ADDR-eb82db783b,normal,
CUST-6649902d6a,2026-02-02 12:30:29.733048,DEV-074e585d85,PAY-7f41d9d04d,ADDR-c557498f69,normal,
CUST-49bc0f3a14,2025-03-08 17:27:17.880720,DEV-62fb96ad07,PAY-42a62f9e87,ADDR-3b947ea5cf,normal,
CUST-b58325f2e6,2025-07-05 03:21:45.596372,DEV-a39f8df2e3,PAY-ea686adf62,ADDR-9fce214b39,normal,
CUST-18e5c1ca34,2026-01-08 10:12:57.153476,DEV-821976a825,PAY-a11ea45737,ADDR-2ea62be11b,normal,
CUST-51fbe5fd66,2025-09-12 15:38:44.043882,DEV-94c1a618f5,PAY-8a10a1e2fc,ADDR-d82307dfc4,normal,
CUST-e1a3c1f61a,2026-03-24 12:17:23.988576,DEV-5c245e329a,PAY-af17dec635,ADDR-24f0f52b40,normal,
CUST-dd036eb5b2,2026-03-08 18:57:28.053114,DEV-0028c45d97,PAY-f5ebe918e4,ADDR-6b83c01f75,normal,
CUST-4e8824c491,2025-01-07 17:33:39.962321,DEV-af26bacdc6,PAY-3da42060f7,ADDR-a2c3302c57,normal,
CUST-a1487292ce,2026-04-09 23:04:39.268797,DEV-2d5b890e08,PAY-bda6e99936,ADDR-6ba14ef282,normal,
CUST-6284a92719,2024-12-21 11:49:56.016036,DEV-c01d3921ec,PAY-1cc39cc508,ADDR-847d2fc0c9,normal,
CUST-c9db6bc4c4,2024-12-07 20:25:56.612619,DEV-c24ed13b67,PAY-ccf625ce15,ADDR-524437ccc1,normal,
CUST-e2ce6ef869,2026-05-14 08:28:23.483444,DEV-4113c820a2,PAY-2d3b6988bd,ADDR-8ecb2e5fe2,normal,
CUST-a987751f1b,2026-04-10 03:52:50.696952,DEV-c35515de57,PAY-46e4849a2f,ADDR-1df13f5120,normal,
CUST-ebe756b519,2025-10-26 08:44:57.471356,DEV-235af936eb,PAY-0d556a2ae4,ADDR-06d0da5606,normal,
CUST-5ae33df5d6,2025-10-24 23:57:43.076123,DEV-d314571956,PAY-7e4c710bc6,ADDR-bdc3fe21f9,normal,
CUST-5f605f31ce,2026-01-11 19:11:51.251863,DEV-0a28ba05b6,PAY-1c39729e38,ADDR-cb88cac02c,normal,
CUST-7bbf412c27,2025-07-26 20:16:30.957546,DEV-afa1404179,PAY-f0441b5acb,ADDR-db75ade988,normal,
CUST-6c0dc9c38c,2025-02-01 16:26:57.071530,DEV-bf46529ec7,PAY-4432421214,ADDR-852e1ed75a,normal,
CUST-3453813f50,2024-12-09 01:49:21.879148,DEV-b732c75e95,PAY-8bf81e6612,ADDR-d0309c0069,normal,
CUST-49ba2c29bc,2025-06-03 00:58:43.037669,DEV-e3ad10b5fa,PAY-75bf4d7da3,ADDR-d19635d4e1,normal,
CUST-774f57d577,2026-03-05 23:10:21.562673,DEV-8f2343009f,PAY-2a834914ce,ADDR-bf620ce55b,normal,
CUST-8b115dcda3,2025-11-19 21:28:07.171953,DEV-bf60a8485d,PAY-2d7004e175,ADDR-6023e3f6f2,normal,
CUST-060cf43236,2026-03-23 17:49:55.516960,DEV-ad99b653bd,PAY-75b00b86e8,ADDR-46ca06d5a0,normal,
CUST-997560f41f,2026-05-13 13:07:13.692714,DEV-e8beb0b5e7,PAY-ccb76f3932,ADDR-3435aaeeb1,normal,
CUST-da622b5f06,2025-01-17 00:39:10.189855,DEV-7d44de284d,PAY-5211d0f1f9,ADDR-79bb033c9f,normal,
CUST-ee5142c97a,2026-03-30 22:57:16.790346,DEV-37479c9351,PAY-535280dade,ADDR-dd742115a2,normal,
CUST-0859c0d5f6,2025-04-16 21:07:32.642892,DEV-d38a41fce3,PAY-f5a17527b8,ADDR-aef16e8cbe,normal,
CUST-ca761589ba,2025-11-02 22:57:19.520126,DEV-ef6fda2465,PAY-a1431bc297,ADDR-3258f04350,normal,
CUST-909320c21c,2025-09-26 08:59:00.591132,DEV-e7fe8e8aeb,PAY-ff5a87ab41,ADDR-dd4cdfde6f,normal,
CUST-7457946707,2025-07-14 03:34:26.470406,DEV-c55421e13a,PAY-28a4dd1935,ADDR-4b3e335d9d,normal,
CUST-faf08e75bc,2025-05-25 15:34:31.120576,DEV-b345493311,PAY-aacaed571a,ADDR-fb8c0e135b,normal,
CUST-7a58d4b216,2025-06-11 13:52:35.597421,DEV-dbdbdf3a2e,PAY-81d7bbda24,ADDR-478d8e4d36,normal,
CUST-10e5db33df,2025-06-07 20:19:17.681392,DEV-50bde936cc,PAY-d6036dfafa,ADDR-4beeca98fc,normal,
CUST-8fd16bb0cb,2025-03-04 08:22:19.599610,DEV-afa97eecad,PAY-85aa8b9218,ADDR-467ba2f47f,normal,
CUST-d910257b36,2025-09-18 13:40:32.599192,DEV-0b67438471,PAY-b9ba227829,ADDR-30d98f5cf9,normal,
CUST-a1d56701e9,2025-02-01 00:30:51.073907,DEV-dc98f49c7f,PAY-2566e1f763,ADDR-0383f63aba,normal,
CUST-b15913e311,2025-09-18 06:17:37.888944,DEV-c4b8f002d8,PAY-12876df268,ADDR-be859bdbf9,normal,
CUST-9547ac8cba,2026-05-05 12:42:08.200931,DEV-4637557248,PAY-2c78a8e7a4,ADDR-0bca5b8e97,normal,
CUST-8e89107173,2025-06-17 06:55:07.280415,DEV-0bbd0a2ca2,PAY-55490908b4,ADDR-f3c7b02020,normal,
CUST-77be856095,2026-01-22 03:39:36.188800,DEV-9c50b377ea,PAY-32d8617391,ADDR-3b572edd8f,normal,
CUST-f237305628,2026-03-16 04:06:35.160442,DEV-1d41213963,PAY-94e10d43a3,ADDR-5488514598,normal,
CUST-b8cc68688e,2026-03-13 21:45:15.234848,DEV-982897ec21,PAY-d575f8e672,ADDR-50e5bacf08,normal,
CUST-e7be490e8b,2025-04-12 19:11:30.929869,DEV-36dc317625,PAY-c764dae077,ADDR-65868de03a,normal,
CUST-ff767391b4,2025-02-19 18:59:19.885873,DEV-579f73ccf3,PAY-74da9ec802,ADDR-9a2a22ad64,normal,
CUST-50b35419fb,2025-03-21 05:17:20.299351,DEV-ad2dd930b4,PAY-ae114940cc,ADDR-ff57e28e69,normal,
CUST-b79345f4c8,2025-11-10 18:56:10.677681,DEV-3351a0d2ad,PAY-365909a546,ADDR-9045125d80,normal,
CUST-deccc3a2ef,2026-02-10 03:57:06.288911,DEV-419c85bd09,PAY-31e55ed671,ADDR-12123b9029,normal,
CUST-2e05f774e1,2025-12-11 12:57:11.556606,DEV-f4bc158e6c,PAY-4a822de5aa,ADDR-546ac29ffd,normal,
CUST-3da8b89e94,2025-03-09 13:37:21.388263,DEV-17feb44cf1,PAY-e06a734a29,ADDR-91fe8ed043,normal,
CUST-35253de66e,2026-02-17 11:29:49.373463,DEV-cf30e27d78,PAY-9aca63a086,ADDR-0bfd4e0e9f,normal,
CUST-4d8ee12611,2025-09-09 02:15:00.646710,DEV-bacf38cd69,PAY-0dfddab249,ADDR-888f6aa0a2,normal,
CUST-efe9cc2ab7,2026-02-06 19:46:45.075476,DEV-b1079845ed,PAY-c4a170ef91,ADDR-d4d085c810,normal,
CUST-0b0bd0be93,2026-02-09 23:15:10.335417,DEV-25853a7971,PAY-93a97173db,ADDR-cf0e478c69,normal,
CUST-b2ad178fe8,2025-08-13 21:59:14.824332,DEV-5aebc5e67a,PAY-2d6acd1b90,ADDR-c19a19ea0a,normal,
CUST-fa10664ca0,2026-05-16 02:02:51.268298,DEV-fa1f261d51,PAY-761e78d639,ADDR-b7cfbebf9d,normal,
CUST-2b2e4a49d5,2025-10-19 20:10:40.159795,DEV-91c71e42bd,PAY-0c0a511bd7,ADDR-a945f1edd4,normal,
CUST-eb94941f24,2025-11-29 20:06:19.589998,DEV-c6fa4a9425,PAY-7a323df15c,ADDR-3b8ef148d6,normal,
CUST-149434510d,2025-11-23 14:21:16.729648,DEV-ceb943c957,PAY-e72ec374f5,ADDR-c02763438a,normal,
CUST-4e7ec5e7c8,2026-04-11 09:34:28.461566,DEV-0b11ba0dfd,PAY-f86d393af2,ADDR-f4526107a5,normal,
CUST-55ba7fe8ef,2025-11-25 03:48:47.110605,DEV-9f9b26e262,PAY-aea109f986,ADDR-8197bc8444,normal,
CUST-679911d3c5,2025-02-22 09:42:14.579130,DEV-981eb92618,PAY-26cf7c4d73,ADDR-cf852e1366,normal,
CUST-b919680127,2025-01-05 12:54:21.053005,DEV-fa39066e2e,PAY-1eab022dac,ADDR-67a793fc87,normal,
CUST-1e90227fd7,2025-08-10 00:55:23.718248,DEV-399bc2c995,PAY-82ff0c8b87,ADDR-d8583dc983,normal,
CUST-44296ad392,2025-05-21 07:59:33.960090,DEV-365a54c53e,PAY-eec4d8b036,ADDR-7c5d591bdf,normal,
CUST-fc21bd9640,2025-05-05 00:51:55.020196,DEV-7e3f265de0,PAY-c12c310562,ADDR-e663838a74,normal,
CUST-88f0c1e598,2024-12-29 12:34:04.016931,DEV-ac6fc98363,PAY-b1f1e7be42,ADDR-a3f5d5db3c,normal,
CUST-d973878b89,2025-09-16 17:57:12.088752,DEV-4f8a700c2c,PAY-1829491a9e,ADDR-48ba23187b,normal,
CUST-6ceca99be7,2025-05-25 17:25:38.971291,DEV-be82b25074,PAY-a40039ce58,ADDR-9c0368879c,normal,
CUST-006897ea3c,2025-08-15 15:47:42.179945,DEV-d494bfecbd,PAY-88ff2a9ba9,ADDR-cd0ee06872,normal,
CUST-4fa006c555,2024-12-29 22:32:38.926999,DEV-16180dffbc,PAY-2e558a2dca,ADDR-74928d5a5e,normal,
CUST-deb5aa0f67,2026-03-23 13:15:23.016927,DEV-2376d2f0e5,PAY-5854cc64ef,ADDR-d8119fd56b,normal,
CUST-66c04e573f,2025-01-10 10:15:14.372303,DEV-315af71981,PAY-d4d0f899fb,ADDR-4f5fecad6b,normal,
CUST-336e1342d0,2026-04-11 09:37:06.497130,DEV-6c099c108b,PAY-958009da71,ADDR-7b3c64df18,normal,
CUST-77ca6e07d1,2026-04-06 05:09:24.083114,DEV-7433fb3c3a,PAY-e3e1a94f01,ADDR-1cb56baca9,normal,
CUST-848d960eb7,2025-11-18 02:09:23.635522,DEV-860da43f64,PAY-3f2834bfa6,ADDR-a44c51c8b2,normal,
CUST-352d11449c,2025-09-16 14:12:51.802822,DEV-d4de957f0c,PAY-6e3e8d858e,ADDR-69e39b9edb,normal,
CUST-dfdbd64031,2025-08-21 21:50:28.364832,DEV-62e5e242a3,PAY-def6544a8f,ADDR-4b9d2179a5,normal,
CUST-72c0be6d02,2025-10-13 22:46:49.066021,DEV-bf71d02950,PAY-86c1297945,ADDR-e9ceed968e,normal,
CUST-f3ea4b2bab,2026-02-28 11:06:00.398878,DEV-746d64f58b,PAY-13604d9a25,ADDR-fed5b33f4e,normal,
CUST-43b84d7076,2026-04-29 17:06:12.723038,DEV-8e83e49f68,PAY-fa9ba4f3a5,ADDR-7642c48eab,normal,
CUST-1727486fb5,2025-08-14 09:29:58.365359,DEV-a000391128,PAY-b2e5bc7b34,ADDR-9735bbe7fb,normal,
CUST-3218745f95,2026-03-10 21:12:07.172392,DEV-9fe252a07e,PAY-a34395ce4e,ADDR-62908420df,normal,
CUST-eed3c42b34,2025-12-09 09:55:59.771269,DEV-d6be24778e,PAY-823f8c652f,ADDR-966dfac064,normal,
CUST-ad9e7407b9,2025-06-01 03:56:09.229151,DEV-b51d952967,PAY-1e7ce9e2f2,ADDR-cb8faaf127,normal,
CUST-95b0fc0666,2025-08-29 09:20:27.500269,DEV-e8d02397f6,PAY-173b6a14d2,ADDR-bd9b414a4e,normal,
CUST-1d867df612,2025-02-22 08:21:55.878345,DEV-67334a8a28,PAY-d6e0a67b42,ADDR-55fca8e917,normal,
CUST-bf0a106a96,2025-01-01 19:47:48.971778,DEV-844338de56,PAY-68540124df,ADDR-3195998a34,normal,
CUST-f939163080,2025-01-25 22:15:43.511578,DEV-6dc5646b7b,PAY-ed1fb0be65,ADDR-2617168ece,normal,
CUST-1578a93216,2026-05-01 14:15:59.344738,DEV-1e1b8eb57e,PAY-462a695db8,ADDR-efebf02e5c,normal,
CUST-34307f3f9d,2025-06-13 20:24:40.798975,DEV-7973973fa0,PAY-53e8d439c6,ADDR-0738d4d93f,normal,
CUST-3d6ba483b7,2026-01-14 14:07:43.936432,DEV-c9c24f1ce1,PAY-35c02f763e,ADDR-c990f59244,normal,
CUST-6c80afad55,2025-09-15 03:12:46.529486,DEV-bf6a1e4db5,PAY-771df28551,ADDR-e03ab91191,normal,
CUST-e9968a8218,2025-03-06 21:52:43.079951,DEV-cde8a4496a,PAY-0bf95fa20b,ADDR-0420b070f2,normal,
CUST-0ded28ac00,2025-04-19 10:38:48.419238,DEV-101dac89e2,PAY-27ef466102,ADDR-47b3824d49,normal,
CUST-db71795a6d,2025-08-07 11:05:20.327284,DEV-aaca3cf5e1,PAY-95c303f3d2,ADDR-448424d8b2,normal,
CUST-a38486f44e,2025-08-08 10:12:18.786000,DEV-d0f5369fb8,PAY-21a6246569,ADDR-c505dd2c79,normal,
CUST-4888eaf4af,2025-09-25 16:06:24.112980,DEV-2177fb81f8,PAY-1058f5d425,ADDR-dcbd36dbbb,normal,
CUST-a78a30e28a,2025-02-26 21:56:14.302001,DEV-2c493d9b66,PAY-64cbf05749,ADDR-bde37170ae,normal,
CUST-27db100e37,2025-06-30 21:09:04.115808,DEV-e66f0309f9,PAY-9765bd37e7,ADDR-e15469a9b9,normal,
CUST-b7e6913983,2025-05-09 19:05:21.006333,DEV-b90ce7a491,PAY-e739c08433,ADDR-167bd93e27,normal,
CUST-3e47687012,2025-07-21 16:15:34.358936,DEV-cbb47e496b,PAY-eaeaefc184,ADDR-64122e96de,normal,
CUST-b1354fdfbf,2025-06-10 21:56:59.541030,DEV-84f559e406,PAY-7104a42a68,ADDR-76ea89c3ed,normal,
CUST-8946db30cd,2025-11-08 04:13:18.997226,DEV-4264eda38a,PAY-ebddbf985f,ADDR-c0d980084c,normal,
CUST-22ca49055e,2026-02-26 23:05:50.787631,DEV-d0a5074984,PAY-360d758dd6,ADDR-ffb1036a2a,normal,
CUST-cfa0d154d3,2025-12-06 18:57:18.865604,DEV-a2f2afa68c,PAY-45f39e0814,ADDR-7ae950520e,normal,
CUST-394765f160,2025-01-04 03:54:40.057455,DEV-861d0f2a84,PAY-64fd0cc714,ADDR-806438f36a,normal,
CUST-6ee5abcd0f,2025-01-20 17:15:16.728011,DEV-ef78619ff7,PAY-bdb5b9108b,ADDR-24d1976a5d,normal,
CUST-bbe642e96c,2025-12-24 18:45:33.753232,DEV-4ef9269f3e,PAY-9f39ccf43b,ADDR-5bda35a931,normal,
CUST-30e05f6bfb,2025-05-10 12:30:22.856437,DEV-5ae40a7702,PAY-b508f02e60,ADDR-c4163cd4e1,normal,
CUST-dd66a83c38,2026-01-20 01:00:10.331691,DEV-bd62d179f3,PAY-f4240b8af3,ADDR-c5a321cb91,normal,
CUST-718b7ae6d4,2025-12-12 03:36:52.361136,DEV-a20583351d,PAY-517597dddc,ADDR-0457e068ec,normal,
CUST-2f60493a2e,2026-05-05 18:32:17.231231,DEV-1dc9435e4c,PAY-b6fea65fda,ADDR-d153fa834e,normal,
CUST-13cb5a6423,2026-04-16 15:05:39.062376,DEV-8f0519c4fa,PAY-f9b2722a32,ADDR-36584a644e,normal,
CUST-874c68c5b4,2025-06-08 00:23:55.871151,DEV-d5292aa3de,PAY-ad91c62c1c,ADDR-ac2dfb8f9d,normal,
CUST-b79651db29,2025-10-30 09:44:53.860894,DEV-293195725c,PAY-192d773dd2,ADDR-56b6a7597c,normal,
CUST-ccb42963f9,2025-02-16 21:17:19.595759,DEV-f924ba7b89,PAY-5b232ff9a5,ADDR-598dbcad11,normal,
CUST-03fc8d4fb1,2025-06-17 13:06:34.788953,DEV-754ca9920e,PAY-23a77fb9ea,ADDR-eda8f61635,normal,
CUST-29fb70485a,2026-06-10 07:06:38.415234,DEV-6584422ff3,PAY-9f8aa0fa2c,ADDR-31b752c78a,normal,
CUST-fb496ef634,2026-01-05 10:04:39.227642,DEV-196aeeac50,PAY-21552cdf8e,ADDR-03ff79f7fd,normal,
CUST-4b24f457a1,2025-07-11 22:38:53.341167,DEV-43ebdc497d,PAY-2125e23bdb,ADDR-9af158be8e,normal,
CUST-bbd0ae2070,2025-11-06 12:41:34.463019,DEV-44eda58912,PAY-cbb461ee3d,ADDR-ec4d366b16,normal,
CUST-4914eb5ca9,2026-05-24 02:28:42.834597,DEV-ae44a402d8,PAY-ea5f03378d,ADDR-f6190bb0d2,normal,
CUST-065b1903e9,2025-05-25 05:56:59.667116,DEV-f9431b6645,PAY-d1384aca2d,ADDR-b349949af7,normal,
CUST-58d1b74a6f,2025-07-03 02:20:08.293050,DEV-81333bea29,PAY-86558b0deb,ADDR-543ef7d9f4,normal,
CUST-679806de16,2026-02-28 08:56:04.439298,DEV-eedc220385,PAY-3826db0346,ADDR-0c12e70635,normal,
CUST-43fa9ddac9,2026-03-12 20:00:56.721206,DEV-b8ae9d7746,PAY-0267e43d25,ADDR-515d71f501,normal,
CUST-79044ff0b3,2025-12-19 23:56:14.979576,DEV-b9d9c99caf,PAY-24224c47d2,ADDR-378a51764f,normal,
CUST-add5c6a9b4,2026-03-21 23:12:49.994429,DEV-a568736da0,PAY-991c56fd08,ADDR-b8a4561593,normal,
CUST-e69928451a,2026-01-28 18:00:46.238081,DEV-8becc47732,PAY-69e30c601f,ADDR-ed2bd9ceaa,normal,
CUST-303553261b,2025-12-28 20:31:08.623550,DEV-1d89367d15,PAY-05bfcf80c5,ADDR-66945053cc,normal,
CUST-7aa53c63d9,2025-09-27 18:45:42.656206,DEV-a7ea54602b,PAY-86cc65f273,ADDR-6d98d23f46,normal,
CUST-934e2efa40,2025-12-06 01:09:39.272085,DEV-fd480cb9ca,PAY-d4bcec84d7,ADDR-f545df904a,normal,
CUST-0fd84879c7,2025-07-30 03:39:17.519083,DEV-36269d49a6,PAY-dfb88820b1,ADDR-9c4a7832f1,normal,
CUST-1e76a9be20,2025-06-24 11:57:47.616606,DEV-d04aa09fc8,PAY-7ce967c91a,ADDR-6957a1a785,normal,
CUST-3f42607adb,2025-06-24 22:39:25.949428,DEV-8ddade1ce0,PAY-c2f335b4a3,ADDR-5f15750615,normal,
CUST-498d846090,2025-03-11 08:56:00.874668,DEV-ef9a9ad928,PAY-0934a9f2d3,ADDR-138349fab9,normal,
CUST-f38f9b0849,2025-03-31 00:25:16.392572,DEV-ea47bec250,PAY-c6b0f3eac2,ADDR-8b8f312136,normal,
CUST-81b3268019,2026-05-29 16:47:53.684366,DEV-891480b4e2,PAY-5b527283a1,ADDR-6cd64eb488,normal,
CUST-7de4419be6,2025-09-04 13:13:14.579211,DEV-8d8628424b,PAY-37901e2d27,ADDR-74e9f35e7c,normal,
CUST-c733250d6c,2025-04-07 04:02:31.828686,DEV-ef957d6fd4,PAY-bae796f01a,ADDR-122eea2bce,normal,
CUST-488ca45fb5,2025-02-14 15:36:29.331895,DEV-5c921bfac0,PAY-91788be512,ADDR-d2b96a4df4,normal,
CUST-7984c21ac1,2025-01-10 16:17:09.641202,DEV-f1ff67a00e,PAY-3e709ca00b,ADDR-5dcad7f24c,normal,
CUST-2ceb29df5e,2026-03-30 22:10:36.801045,DEV-0ef3c7a485,PAY-a89e563383,ADDR-81ae45c4c0,normal,
CUST-5117c9d193,2025-01-24 13:27:07.386945,DEV-74fb8047b8,PAY-5a1ae16635,ADDR-a8735a8f1a,normal,
CUST-d6546f1358,2026-02-16 08:04:30.410996,DEV-22da73f56f,PAY-60a8dfc91c,ADDR-d00eecb6f5,normal,
CUST-35d13b8fd6,2026-03-25 12:49:30.399290,DEV-2dacfa734d,PAY-a23a1517bc,ADDR-2c35089de2,normal,
CUST-4dac725181,2026-04-22 15:38:50.538065,DEV-cd7c49130c,PAY-0a81f34cfd,ADDR-eee994a07a,normal,
CUST-4466f960eb,2024-12-18 20:32:20.953682,DEV-784bf4a769,PAY-b9d7a7c79d,ADDR-fe23200daa,normal,
CUST-cdcb89dd24,2025-06-09 23:40:39.766136,DEV-2d6cf336ee,PAY-05bcd710bd,ADDR-6ed7781732,normal,
CUST-86e5473d94,2026-02-13 16:36:37.697036,DEV-829e247aa2,PAY-a60c670e13,ADDR-5fd5c6efc1,normal,
CUST-f44b2b1c19,2025-02-10 21:03:26.926936,DEV-1982c1285d,PAY-0f3227281f,ADDR-5801723eed,normal,
CUST-d7271f6265,2025-07-03 02:53:57.569819,DEV-6514c1e3b3,PAY-ea1f88a0a7,ADDR-aa36de41b4,normal,
CUST-31a0396289,2025-02-28 22:35:14.133052,DEV-1b0d83a8c6,PAY-28d27b5423,ADDR-b08089e4a7,normal,
CUST-39e201394f,2026-03-23 08:22:15.267908,DEV-e27cf946c9,PAY-f10ad27964,ADDR-6fc15a73a1,normal,
CUST-115b96657c,2026-02-16 11:10:30.790581,DEV-b3db05b30c,PAY-f2da8f7fa2,ADDR-58c510dfb1,normal,
CUST-9fc24022a3,2026-03-10 10:28:17.501188,DEV-1970e05c31,PAY-e51bf3a245,ADDR-6ea57265db,normal,
CUST-c8914de0ef,2025-03-02 20:19:56.089846,DEV-312bb617f9,PAY-7c79e2b3ca,ADDR-9b9af283cc,normal,
CUST-2b89350f7f,2025-08-07 09:54:34.696089,DEV-0ccad70783,PAY-b83d4e5771,ADDR-d81dd3eae2,normal,
CUST-9374c9f0d2,2025-07-22 21:17:28.555281,DEV-7892ca3722,PAY-c9ac5c56cc,ADDR-13cbd74878,normal,
CUST-f203169158,2025-12-23 14:44:21.000235,DEV-5a049c0aa7,PAY-741dd66f20,ADDR-467442861c,normal,
CUST-da863ac8db,2025-04-13 12:43:10.845503,DEV-743f35bd52,PAY-95160ae970,ADDR-fb6e1b3383,normal,
CUST-9b55d550d3,2025-08-11 04:35:06.977235,DEV-701d0a3b86,PAY-8aa9c4e967,ADDR-7270af63f8,normal,
CUST-1298888cbe,2025-05-10 23:21:30.783242,DEV-3111e29a88,PAY-f34e13ac5f,ADDR-d25ff369ab,normal,
CUST-9e913b4a66,2026-02-03 09:39:48.439635,DEV-a37d3ff88f,PAY-0ab1f982c3,ADDR-59132c9c61,normal,
CUST-febcf319de,2025-08-13 22:18:10.707521,DEV-7860bb431e,PAY-ce04531bd3,ADDR-84321daad5,normal,
CUST-03354bbee8,2025-10-02 04:37:08.170345,DEV-96c228b512,PAY-218144f236,ADDR-079e55a0af,normal,
CUST-f0c6d455d1,2025-05-25 04:21:57.206291,DEV-546949120a,PAY-80b23225ea,ADDR-db81c022d5,normal,
CUST-e7642a2a36,2026-03-10 04:38:14.325639,DEV-705baa2618,PAY-6794fc25f8,ADDR-65fe84eb70,normal,
CUST-fec13b5377,2025-08-25 13:26:27.051101,DEV-ebe71105c4,PAY-6c2bcffd5e,ADDR-ad67e3dd33,normal,
CUST-3a3d7c4c5a,2026-03-25 12:44:08.539139,DEV-2aedef37fb,PAY-2a9e2ac431,ADDR-0db0b47735,normal,
CUST-71a5447c96,2025-06-27 23:31:04.639782,DEV-e3aa7ea32b,PAY-47da9546de,ADDR-431b341873,normal,
CUST-5069304588,2026-05-29 09:19:15.044564,DEV-099ca750bc,PAY-0023dcf36c,ADDR-bd5c580e10,normal,
CUST-d2343c0408,2026-06-19 23:46:31.335293,DEV-9cb2ce96ba,PAY-df45f1976c,ADDR-ed4ccc9c53,normal,
CUST-3a5d636810,2025-08-21 07:30:17.929498,DEV-438948ba28,PAY-3e9b9d7099,ADDR-44fa783d0f,normal,
CUST-6af0cc7050,2025-05-09 03:29:59.991546,DEV-d52949fd8c,PAY-97ed1dd9df,ADDR-ba5dd499aa,normal,
CUST-a7b21151ef,2025-07-06 02:29:57.643851,DEV-0620a7ad34,PAY-a90b6bc004,ADDR-6d520df5a5,normal,
CUST-f5e31b3ed9,2025-09-28 09:34:52.393659,DEV-38a9dabf37,PAY-b8f1e880a8,ADDR-40f4b66200,normal,
CUST-825fc7bd16,2026-06-09 11:15:44.125019,DEV-753300694c,PAY-c251a37afb,ADDR-d6a3871185,normal,
CUST-70b7d186da,2026-03-14 23:31:14.394795,DEV-53e032be06,PAY-fe0562159c,ADDR-4b9626cd38,normal,
CUST-ed623fb249,2026-03-05 22:17:53.443716,DEV-7f49e457b0,PAY-a8b1861389,ADDR-3200a165ce,normal,
CUST-41401ee1ab,2025-02-15 03:11:09.732657,DEV-d2303e53bd,PAY-aae8ec1874,ADDR-12d2f20d9a,normal,
CUST-23afb84461,2025-04-20 18:02:40.661667,DEV-f2fd35c5eb,PAY-1e4fe75493,ADDR-0b25292e2b,normal,
CUST-5d0ca0b112,2025-12-03 05:49:25.993549,DEV-9c03f05dfe,PAY-79df4d4c3f,ADDR-41f0454346,normal,
CUST-c364bf484a,2026-04-17 02:43:44.646405,DEV-d835d56f47,PAY-da113406ec,ADDR-d1fb58e6ed,normal,
CUST-6b09809316,2025-10-14 01:53:53.514304,DEV-c292103bc6,PAY-38385aa6ea,ADDR-8c885f5b99,normal,
CUST-eaeadf33ee,2025-01-25 09:35:12.884553,DEV-40b5a853a5,PAY-d061d5e91b,ADDR-0303adfa3f,normal,
CUST-54f1292326,2026-03-31 18:31:08.678956,DEV-66adc44e49,PAY-ae35c05351,ADDR-d92c7df2f6,normal,
CUST-4bbc4e9541,2026-04-03 19:48:12.255070,DEV-05722f7e22,PAY-4aa9549d85,ADDR-d728a2aee8,normal,
CUST-5d05e5e6a4,2025-05-11 01:14:08.316126,DEV-4e8121a7ea,PAY-a16c8dc9c3,ADDR-6fef7371f8,normal,
CUST-8af39c282a,2026-02-11 20:16:17.305440,DEV-45f2ceb8af,PAY-d0bd5d5739,ADDR-fc0941b9a7,normal,
CUST-979801e1c2,2025-05-03 22:42:28.436837,DEV-70c3da2342,PAY-dffd390a6e,ADDR-9c767dee8e,normal,
CUST-3a9ed96d4b,2026-05-05 04:08:06.287862,DEV-ff37cf9aa1,PAY-12e0e7b537,ADDR-bd000ee03a,normal,
CUST-cd7075551f,2025-02-20 07:33:24.925174,DEV-21f6703788,PAY-b7b8744635,ADDR-2ffba50c5d,normal,
CUST-ec94fb1305,2025-08-07 07:07:07.307290,DEV-27cebfd4bc,PAY-986955f849,ADDR-897a54bbc0,normal,
CUST-b252f48b6e,2026-05-28 23:21:31.330121,DEV-8d84b583f7,PAY-f9f4cf1007,ADDR-75f4b452e3,normal,
CUST-f059d0b7fb,2025-04-04 13:26:24.518326,DEV-dfa794ed64,PAY-5ea0add491,ADDR-4adffda223,normal,
CUST-f9bed91500,2025-08-15 04:52:28.387585,DEV-be6395b43d,PAY-2ab83c2f33,ADDR-f0b86edcc6,normal,
CUST-5c06e41f83,2025-06-17 09:50:03.284933,DEV-57c8de66bf,PAY-cb81b8963e,ADDR-e4dfbe7037,normal,
CUST-f06c2fa512,2024-12-12 10:36:32.297031,DEV-bc818d28a7,PAY-4392bf63c7,ADDR-f59c43ad63,normal,
CUST-d9de4c29a4,2024-12-27 20:03:27.734865,DEV-56d8140832,PAY-f9d84f9a9b,ADDR-4b0fb5eef7,normal,
CUST-126ac852c5,2025-09-13 15:53:27.116798,DEV-c7161991d1,PAY-bd005ef983,ADDR-8004066eae,normal,
CUST-db20fe43e1,2025-04-12 12:22:19.611863,DEV-b66875a758,PAY-826233a974,ADDR-9b9bfcd2ff,normal,
CUST-abf3b52468,2026-06-25 19:55:27.410906,DEV-2a95112c9d,PAY-b3a5d90a9d,ADDR-7eed87fa3f,normal,
CUST-ec58a1c55a,2025-07-02 01:47:11.435328,DEV-8295455b80,PAY-7c3fd1dbf2,ADDR-5a4830dd2c,normal,
CUST-ec5928713a,2024-12-13 07:41:38.877573,DEV-10d026d098,PAY-c9e380a0d1,ADDR-3f93a19dec,normal,
CUST-c9a4ce33db,2026-05-19 22:45:24.380659,DEV-7e924aef5e,PAY-fe0b4dd080,ADDR-cfdab66227,normal,
CUST-48df30b892,2026-03-27 21:11:37.293543,DEV-3da73195bc,PAY-8b41704c04,ADDR-3b2817982a,normal,
CUST-5cdf791029,2025-12-08 07:51:13.208227,DEV-508fe343c8,PAY-01dfbebd87,ADDR-7e2770aa65,normal,
CUST-64b997e5af,2026-02-28 05:01:31.218428,DEV-9ada3f2a4f,PAY-df4c7ab385,ADDR-0258c42966,normal,
CUST-5d382dea4c,2025-02-14 16:05:01.935739,DEV-acb55be758,PAY-b28ff6d9b4,ADDR-4d069cfb2a,normal,
CUST-50fd7d5cbc,2025-05-12 02:28:33.978235,DEV-bc743d487f,PAY-dc62bdce15,ADDR-8f2cc3367a,normal,
CUST-7f09c2ba7f,2026-03-22 10:22:01.054170,DEV-f558c64fb9,PAY-e6d7f2c11d,ADDR-597b9daab0,normal,
CUST-74872a4ee5,2026-01-04 00:36:58.871707,DEV-d4f14010c7,PAY-45d2d50b22,ADDR-f21e29c375,normal,
CUST-314e3524dd,2025-02-15 08:39:47.683820,DEV-1757d4c91b,PAY-59eebdd347,ADDR-c838fc49cb,normal,
CUST-779ba6e155,2026-01-09 12:07:50.490541,DEV-170f50eb8d,PAY-c3b40b4cac,ADDR-c190f0be4c,normal,
CUST-6269119225,2025-08-13 17:45:57.896846,DEV-e3fb8d79cd,PAY-49780e219e,ADDR-d366a49661,normal,
CUST-b1ba85a4b6,2024-11-30 00:58:14.345958,DEV-ba731dc520,PAY-9c8f65f907,ADDR-b494199d54,normal,
CUST-e0199515b3,2025-01-11 20:55:16.743281,DEV-e91c7e1a8d,PAY-863c6960e9,ADDR-37be5cf687,normal,
CUST-97ca528be3,2025-04-24 04:19:08.074420,DEV-9595ae3c1a,PAY-04fd3b85af,ADDR-6b99b472e9,normal,
CUST-f3f40f0d18,2026-03-25 10:38:50.019461,DEV-d194f58e20,PAY-209881a917,ADDR-c38ec8e312,normal,
CUST-22bcb1975c,2025-10-10 18:11:01.660875,DEV-f702c27786,PAY-0b015151f3,ADDR-9201efd41f,normal,
CUST-658c760d48,2026-01-22 01:39:16.476751,DEV-b795db2545,PAY-f9d780af30,ADDR-442a51570d,normal,
CUST-fc7a757131,2025-09-28 13:54:46.244887,DEV-2a38cf409b,PAY-aef075d60c,ADDR-6871133eac,normal,
CUST-2f740df8cb,2025-01-30 09:03:09.399836,DEV-931c89dde8,PAY-6f5e4a2568,ADDR-d98df322c0,normal,
CUST-857f9a3d3b,2025-05-12 19:27:34.302359,DEV-1cdfa4cd8b,PAY-f94f878bcb,ADDR-dc3e2a0768,normal,
CUST-deb4b4850e,2024-06-30 13:48:51.606125,DEV-5c580c75c3,PAY-da9ddb5c34,ADDR-216dbf3943,loyal_bulk,
CUST-44111b29c3,2024-02-24 20:59:36.093934,DEV-18dd0d9194,PAY-a4dd9d8dbe,ADDR-5ff62f9861,loyal_bulk,
CUST-6775700287,2024-08-28 21:54:23.490149,DEV-5d4e224cb5,PAY-3841b1a4a6,ADDR-7c5d334afd,loyal_bulk,
CUST-edf281a74c,2025-03-03 22:47:21.493224,DEV-040a887177,PAY-982cff0b95,ADDR-08d789f611,loyal_bulk,
CUST-10780309ff,2024-09-16 13:21:48.238695,DEV-0b0ba43a2d,PAY-0bfd68860c,ADDR-10267b363d,loyal_bulk,
CUST-123ca14c8f,2024-03-27 10:17:41.076529,DEV-3b1dd2b22c,PAY-37d0cf119a,ADDR-18166e3afb,loyal_bulk,
CUST-b61cd51dc0,2025-04-28 13:45:45.460598,DEV-8462f23a21,PAY-73b34e3055,ADDR-9a73e2022f,loyal_bulk,
CUST-59dc8ffaeb,2024-11-25 08:52:06.649779,DEV-37e1bb2478,PAY-f2335625c8,ADDR-57f7682cf2,loyal_bulk,
CUST-244ecab19c,2024-02-09 05:13:27.215295,DEV-42d1e59806,PAY-4f3db96ea9,ADDR-82d289108a,loyal_bulk,
CUST-447162978e,2024-10-15 16:30:31.545046,DEV-b68b638966,PAY-973d2d3ebf,ADDR-95361ee35b,loyal_bulk,
CUST-291e391fc8,2024-05-31 23:15:27.406987,DEV-5631e3aac2,PAY-4217da084d,ADDR-d4f9b7bdc5,loyal_bulk,
CUST-24c4b33014,2024-04-12 18:55:19.498638,DEV-fc097f1818,PAY-83712adc10,ADDR-05564a5f5d,loyal_bulk,
CUST-cf906f16a0,2024-09-02 14:52:00.182064,DEV-55a8fb8600,PAY-47d72665d7,ADDR-d8222af8d9,loyal_bulk,
CUST-50cf0a14a2,2024-12-04 09:42:53.975921,DEV-bad5e58bd4,PAY-d1a49e5c53,ADDR-bcd07108a8,loyal_bulk,
CUST-af886f7ef9,2024-05-31 06:46:15.116443,DEV-0821af4f79,PAY-f7d238e0b6,ADDR-0ae578213b,loyal_bulk,
CUST-0632d69def,2024-08-27 06:48:40.113009,DEV-9d9e8c7f25,PAY-5b9241e492,ADDR-6079d697e6,loyal_bulk,
CUST-9b58cf758c,2024-12-29 04:27:20.235255,DEV-a3df3c3628,PAY-c3c63b8b1d,ADDR-e39168e3b7,loyal_bulk,
CUST-cfb31c3f8f,2024-03-14 19:22:02.855450,DEV-38f1e43b63,PAY-692d10143e,ADDR-26367c5fac,loyal_bulk,
CUST-150b27822c,2025-06-02 07:51:14.009136,DEV-64bcee1350,PAY-18d6307551,ADDR-38e5b96024,loyal_bulk,
CUST-56571eb672,2024-03-05 20:09:06.749662,DEV-c2d4948d59,PAY-72d1ad0782,ADDR-c0a7c85725,loyal_bulk,
CUST-1f1d6d8e56,2024-10-21 00:42:48.037918,DEV-490db26d95,PAY-c6394bfc15,ADDR-b9a3f7f2e2,loyal_bulk,
CUST-c947388851,2024-10-11 15:55:56.492247,DEV-ccd236b730,PAY-21a781d3fc,ADDR-25e5bbcd22,loyal_bulk,
CUST-300f138532,2025-06-09 03:58:40.177767,DEV-8c2a597d54,PAY-5ce23bd967,ADDR-5fef61d578,loyal_bulk,
CUST-320f416d0d,2024-11-04 01:49:24.344466,DEV-8b68e83010,PAY-7b5b9430f9,ADDR-a380401f5b,loyal_bulk,
CUST-eedf5d929b,2024-08-14 05:26:41.246595,DEV-6f65e9127e,PAY-d8792599ed,ADDR-e542341504,loyal_bulk,
CUST-7d527759e6,2024-09-23 01:37:15.376447,DEV-3a8bbd398c,PAY-644f364122,ADDR-9d08855f58,loyal_bulk,
CUST-af97d2c219,2024-12-14 20:02:58.191445,DEV-1c8abaa207,PAY-797e61ec18,ADDR-404c4fe03f,loyal_bulk,
CUST-9af95f60f2,2025-06-05 12:28:23.054227,DEV-9a1abbb229,PAY-46e8c811a5,ADDR-e564ea556d,loyal_bulk,
CUST-1265e733d1,2024-06-06 19:48:11.278190,DEV-94b696e216,PAY-98acaf1972,ADDR-684c449396,loyal_bulk,
CUST-3290c1cdf4,2024-02-09 02:54:24.383907,DEV-b9d0b5bbbf,PAY-2c515b1409,ADDR-23a6519b79,loyal_bulk,
CUST-be4d6be783,2025-03-01 06:14:24.703275,DEV-91cd809e3f,PAY-28954b2060,ADDR-8436c18b41,loyal_bulk,
CUST-776c8abef0,2024-07-22 09:37:47.704659,DEV-0862dabb68,PAY-76d6155bf8,ADDR-d74626056e,loyal_bulk,
CUST-83ce16f3bc,2025-02-01 11:17:32.126668,DEV-7be2d2708a,PAY-a49169345f,ADDR-106806a41e,loyal_bulk,
CUST-b0c2bd472f,2024-12-11 03:05:00.778948,DEV-bee364e1a2,PAY-3f1699ecf7,ADDR-4460255fa0,loyal_bulk,
CUST-e0670e194c,2025-02-20 18:00:59.361546,DEV-c150a0cc17,PAY-bc64981674,ADDR-c8fea038a2,loyal_bulk,
CUST-d99ead67fe,2025-02-02 14:14:37.743892,DEV-38fdd72733,PAY-09591d5e56,ADDR-0e7b225e8b,loyal_bulk,
CUST-1b81d73698,2024-07-16 06:13:23.881670,DEV-427dbcd614,PAY-880c16d3e4,ADDR-7114933b46,loyal_bulk,
CUST-f4135f43d5,2024-02-23 04:01:41.734353,DEV-c72cc786a6,PAY-71fda523a5,ADDR-0e868872e3,loyal_bulk,
CUST-384f492b0e,2024-10-31 00:09:53.792972,DEV-8510eb0fb4,PAY-f43d7d78a6,ADDR-c14c053dc4,loyal_bulk,
CUST-acf1a61edf,2025-03-13 18:06:22.992023,DEV-6146afd457,PAY-75de052233,ADDR-d49be72a6c,loyal_bulk,
CUST-10d65a219d,2024-04-28 13:04:10.288634,DEV-62330ef04f,PAY-a2bf61fac8,ADDR-2d550ed9fd,loyal_bulk,
CUST-68cb3189fa,2025-02-24 13:42:40.038262,DEV-3851b022a3,PAY-0ae6cbe5ce,ADDR-1c18b9e037,loyal_bulk,
CUST-15ed43ad1c,2024-09-20 07:28:29.269072,DEV-a664b7dbc3,PAY-1060c25c26,ADDR-ace12e492b,loyal_bulk,
CUST-39ad91bb8a,2025-01-13 16:40:15.686230,DEV-471c7ff5b4,PAY-adf71f78bb,ADDR-7433309722,loyal_bulk,
CUST-b899d8a08d,2024-12-12 20:49:48.623160,DEV-698779477d,PAY-92ada7167c,ADDR-92ab4a2aa1,loyal_bulk,
CUST-87ee2c2489,2025-03-12 17:58:19.855817,DEV-87083bc5cc,PAY-e460828f66,ADDR-c1fb34672d,loyal_bulk,
CUST-90080423e9,2024-03-03 13:12:23.199792,DEV-8f8df9a00f,PAY-871552ce14,ADDR-831c398150,loyal_bulk,
CUST-6a5f028e10,2025-02-23 02:17:05.267188,DEV-e7b02fa488,PAY-5e47cc737e,ADDR-3a6644c43b,loyal_bulk,
CUST-21493922b7,2024-09-16 20:09:17.745726,DEV-e839b421bd,PAY-c6ac9e5258,ADDR-9706fce3d2,loyal_bulk,
CUST-ac100dae41,2024-06-26 17:18:39.074761,DEV-3085b15248,PAY-650369fc4b,ADDR-d3df5fb7bf,loyal_bulk,
CUST-3f30af00a1,2024-02-22 21:40:31.108474,DEV-b9ffaf4efa,PAY-f62f31a330,ADDR-a1021412ad,loyal_bulk,
CUST-e5782bc696,2024-05-10 17:38:16.816496,DEV-300bde08d1,PAY-de09b27423,ADDR-3e7c64f4d2,loyal_bulk,
CUST-e4e1b97896,2024-02-21 22:52:16.691393,DEV-e0b63ad6ae,PAY-ce107c3858,ADDR-6578170c28,loyal_bulk,
CUST-ca4b472cf9,2025-05-12 16:27:06.333857,DEV-7a60a8f555,PAY-0c46a0d4af,ADDR-c706bd7bac,loyal_bulk,
CUST-8d1a3b484e,2024-10-15 16:36:11.055794,DEV-352dff38da,PAY-90c2bf7c24,ADDR-1ddf8a31f5,loyal_bulk,
CUST-e7306daac0,2025-06-09 13:28:20.739193,DEV-23bb2f7ef8,PAY-c4cdd4c3ec,ADDR-2724ed4aa7,loyal_bulk,
CUST-84216b8544,2024-10-29 12:22:06.138661,DEV-7c4f81240a,PAY-edf6903a0d,ADDR-f384f0f8dc,loyal_bulk,
CUST-5c203e91f6,2024-06-06 15:45:54.656753,DEV-7ee25d1f43,PAY-4d6e12f0f9,ADDR-24fee2dd06,loyal_bulk,
CUST-4fedbdeef5,2025-02-11 15:29:27.692975,DEV-37a6841ae1,PAY-bdcb11e68c,ADDR-59491ebaa5,loyal_bulk,
CUST-33055a4bbb,2024-05-06 13:14:28.207705,DEV-bef043eb7a,PAY-45f33ab4f0,ADDR-02b866d71e,loyal_bulk,
CUST-0f0cd0d7d3,2024-07-28 11:41:24.404728,DEV-65e37a2672,PAY-71389e484a,ADDR-53255ed043,loyal_bulk,
CUST-33b02ef34d,2025-02-25 10:05:55.693468,DEV-0a4127c55c,PAY-96b020391e,ADDR-1f91a4d556,loyal_bulk,
CUST-90ba991718,2025-04-08 21:34:45.569772,DEV-cdb5b01de3,PAY-fdb5b205f6,ADDR-bd59512305,loyal_bulk,
CUST-971b37ed96,2024-07-15 23:05:46.451674,DEV-e8ef084929,PAY-aab0291cbb,ADDR-ab9e8aedad,loyal_bulk,
CUST-6827339e2a,2024-04-03 05:42:00.356157,DEV-460b544f6f,PAY-39c852bab0,ADDR-dbd697b338,loyal_bulk,
CUST-95b0ae4f38,2024-08-03 00:13:48.330394,DEV-32f09013fc,PAY-e533ecdd34,ADDR-f3ee1faf99,loyal_bulk,
CUST-2ef47a5407,2025-04-20 17:50:17.534931,DEV-fb1f82134f,PAY-dda2f7d7dc,ADDR-3cf0791e88,loyal_bulk,
CUST-ba85f4d7d3,2025-02-06 15:41:32.878448,DEV-b751a80a25,PAY-811dc6369e,ADDR-8bbdb02c75,loyal_bulk,
CUST-33deaff264,2025-04-23 07:38:59.782058,DEV-528f4b8749,PAY-d4678b15a9,ADDR-c94425bd3b,loyal_bulk,
CUST-88c3d15907,2024-08-12 07:44:13.988862,DEV-51ef5d9199,PAY-6250c15c73,ADDR-315145f13e,loyal_bulk,
CUST-b28fe70cc2,2025-06-01 20:40:58.842421,DEV-c863563cca,PAY-a1e375daae,ADDR-6ce68db9f6,loyal_bulk,
CUST-890a44b43e,2024-10-06 02:26:19.386399,DEV-1c95019e06,PAY-e2e6c6d323,ADDR-2ab7198629,loyal_bulk,
CUST-e157170eaa,2024-10-06 18:16:50.555725,DEV-7bc1f10105,PAY-94b12a1224,ADDR-4acc4ac9b5,loyal_bulk,
CUST-d17af5c541,2025-05-08 03:43:32.158285,DEV-f3527de056,PAY-9447ef5801,ADDR-4c8d6060bf,loyal_bulk,
CUST-e82c20accf,2024-10-17 15:18:36.872709,DEV-b4a68ea5ce,PAY-64edae6cd8,ADDR-4ae50e8485,loyal_bulk,
CUST-696801efa9,2025-03-07 13:46:37.375757,DEV-ca64c74cb8,PAY-cf8a0aa79d,ADDR-85a20a6b93,loyal_bulk,
CUST-8601c8c13e,2025-01-29 12:58:33.211602,DEV-1c086bc3bf,PAY-9827b4e950,ADDR-d5b822c6b7,loyal_bulk,
CUST-bae5fc8081,2024-03-11 11:07:26.661596,DEV-fef51deb6f,PAY-b2bf430ebd,ADDR-531a14f36d,loyal_bulk,
CUST-6e8634c184,2024-11-28 05:26:22.509466,DEV-4305e22ab2,PAY-55b0bcb51d,ADDR-ef9107fa65,loyal_bulk,
CUST-74a930e9bb,2025-03-18 04:05:43.276123,DEV-cb3246f8c6,PAY-adf375c8d4,ADDR-99e5fd8a9b,loyal_bulk,
CUST-19b6d9f3c5,2024-10-30 17:41:33.965288,DEV-00d41458c2,PAY-5dc54cc28b,ADDR-3a23a3ccda,loyal_bulk,
CUST-16e244aba9,2024-07-10 14:32:13.698870,DEV-a77b8e6429,PAY-c60f6dddde,ADDR-6ab6feeb1b,loyal_bulk,
CUST-886e2c201b,2024-03-12 00:49:36.958440,DEV-d934bb00cd,PAY-c17bd207dc,ADDR-d6563c4d4c,loyal_bulk,
CUST-94acc83b41,2024-12-27 11:01:50.366992,DEV-7752ed4319,PAY-3093e60e65,ADDR-0aa12c1aae,loyal_bulk,
CUST-4d700ae1de,2024-07-03 05:57:00.983121,DEV-4c3656c3e5,PAY-10a33eaf99,ADDR-b621be67e4,loyal_bulk,
CUST-b1b6b7ff52,2024-11-28 07:27:34.317962,DEV-a194e68981,PAY-5aad9e4686,ADDR-a9a3aebe2d,loyal_bulk,
CUST-79615f652f,2024-09-01 01:23:34.348548,DEV-72f98f33a1,PAY-95d1497ed6,ADDR-005b75a795,loyal_bulk,
CUST-a3ea8594dc,2025-01-10 21:10:39.724845,DEV-97ab45475b,PAY-d99515a336,ADDR-ac842dd1a6,loyal_bulk,
CUST-5762a44a4a,2024-07-25 18:33:49.698950,DEV-162fa277f6,PAY-b7a0eb80c1,ADDR-b1846eb5e2,loyal_bulk,
CUST-bdfbccbc67,2024-02-22 04:15:43.035126,DEV-336f5f7410,PAY-cb2c9ef512,ADDR-b79b308d4e,loyal_bulk,
CUST-7a8e34801c,2025-04-11 00:26:45.962436,DEV-5247236d06,PAY-d3f1cc265a,ADDR-1d9e7fd003,loyal_bulk,
CUST-35b384dcda,2024-07-26 06:42:42.205326,DEV-69b9b1efb2,PAY-1e75a88101,ADDR-fb07374f38,loyal_bulk,
CUST-4baf848a48,2025-06-14 01:48:25.823796,DEV-aebc97cc1f,PAY-d7f199810b,ADDR-9a4ae53ba1,loyal_bulk,
CUST-ac41a923cb,2024-06-17 06:39:51.555234,DEV-8f48d4f627,PAY-b0513577e8,ADDR-10be46678a,loyal_bulk,
CUST-da964b09a4,2025-06-05 00:19:38.461193,DEV-bf18dfd8df,PAY-e64cf53951,ADDR-758bedb57b,loyal_bulk,
CUST-0e44b57788,2025-05-19 22:51:09.155653,DEV-ddb9df382d,PAY-31bdfde60a,ADDR-675b6ea33a,loyal_bulk,
CUST-aeeb504c91,2024-03-09 12:29:38.327488,DEV-5b6cef08de,PAY-a4716ef63a,ADDR-a3e6d3a778,loyal_bulk,
CUST-83467c2672,2024-12-15 18:09:01.636558,DEV-9ff123da7c,PAY-a6211dad80,ADDR-66661a3e89,loyal_bulk,
CUST-2877f0c075,2024-07-31 15:44:00.844122,DEV-c183cdbcd1,PAY-fe946163ea,ADDR-dd72ebc027,loyal_bulk,
CUST-cc9fd5f390,2025-03-07 13:09:06.144286,DEV-dc2cfdb1e1,PAY-9564fb477a,ADDR-b3af803124,loyal_bulk,
CUST-7307febd2e,2025-01-05 16:55:38.257595,DEV-540cdc70d6,PAY-35e5850d10,ADDR-eadf5b73fa,loyal_bulk,
CUST-4a2c9094d6,2025-05-22 09:28:21.919279,DEV-1190c85111,PAY-d2b4f2294d,ADDR-d5a3309d5a,loyal_bulk,
CUST-f2e9d119d1,2024-04-12 09:21:13.033262,DEV-511f73ee62,PAY-7f8d29db46,ADDR-decb3f2f75,loyal_bulk,
CUST-b1acb51af7,2024-11-30 18:52:29.423461,DEV-139f0a3ae3,PAY-6cdb88ea4f,ADDR-25b9ac0980,loyal_bulk,
CUST-a2a3704de7,2025-02-25 15:44:37.092918,DEV-5b3b0c849a,PAY-e6513474c0,ADDR-e80ed4742e,loyal_bulk,
CUST-d599518540,2024-02-18 09:35:15.322497,DEV-b2ee308836,PAY-edadecf173,ADDR-fb9584edd1,loyal_bulk,
CUST-f7e00fa482,2024-03-05 14:48:01.284283,DEV-b7bd400b78,PAY-f3c016379a,ADDR-81b02ee69a,loyal_bulk,
CUST-d7019d14f5,2025-02-24 06:11:04.135497,DEV-b9766825e6,PAY-e6b824adb9,ADDR-f14325decf,loyal_bulk,
CUST-1f5eff83b2,2024-08-02 03:56:30.038229,DEV-049ea05af8,PAY-7af22de518,ADDR-b635b7c769,loyal_bulk,
CUST-4c02e92525,2024-08-10 10:15:10.152955,DEV-705d5430ba,PAY-09f127d53b,ADDR-c5fdc9fe13,loyal_bulk,
CUST-3c8b37f252,2024-11-10 14:56:08.522482,DEV-74b42f98cf,PAY-25f97f3d8e,ADDR-0c05f697c2,loyal_bulk,
CUST-48145cc605,2024-11-29 13:08:16.606527,DEV-db303b4aea,PAY-ed417becbb,ADDR-2aba7ee585,loyal_bulk,
CUST-409b01bed3,2025-01-05 12:44:40.858659,DEV-5ca57b7423,PAY-ece8b2cca1,ADDR-b294348937,loyal_bulk,
CUST-37077cc1fc,2025-05-20 09:52:56.464272,DEV-0afbcd532a,PAY-e0defc6b46,ADDR-2465ac1121,loyal_bulk,
CUST-77c4353814,2024-08-05 00:09:37.949934,DEV-87f425916f,PAY-9d22d03fe8,ADDR-8baa669951,loyal_bulk,
CUST-24b28e00c0,2025-02-16 13:00:49.181699,DEV-9684d69bc6,PAY-4933346c79,ADDR-9aad772a14,loyal_bulk,
CUST-ab97316476,2024-11-13 23:03:40.824024,DEV-613f54bbe0,PAY-4ab348dec2,ADDR-aa866e3d7a,loyal_bulk,
CUST-18db43730c,2024-10-22 17:31:06.882368,DEV-3e159b7fb8,PAY-aa8636a7bb,ADDR-91e0c049c4,loyal_bulk,
CUST-eaabadbd6a,2024-08-18 00:24:30.785146,DEV-c397ca8a71,PAY-49a50111b9,ADDR-05161acb12,loyal_bulk,
CUST-928577151d,2024-12-21 18:43:43.825701,DEV-0810db6206,PAY-9ccbe75845,ADDR-ce1147a579,loyal_bulk,
CUST-dd0c1d1cd9,2024-06-04 19:20:23.413635,DEV-57c5622b27,PAY-2c754fd12c,ADDR-f608b791d8,loyal_bulk,
CUST-2c9547c263,2024-03-28 17:23:00.063673,DEV-ef0338311d,PAY-4a57cbb201,ADDR-483879bc1a,loyal_bulk,
CUST-b59ab64d2e,2025-02-02 20:05:53.929511,DEV-991984cf5b,PAY-aea4ded8b0,ADDR-466033f7b0,loyal_bulk,
CUST-59376a0fb4,2024-10-07 12:31:39.083079,DEV-16ce68e3d5,PAY-410b9eba77,ADDR-426571bd4d,loyal_bulk,
CUST-618e8f6045,2024-08-12 11:50:54.817696,DEV-5dbf706e8d,PAY-0c9f47265f,ADDR-40dc3b741f,loyal_bulk,
CUST-59f6a03d2d,2024-11-07 20:04:21.104817,DEV-84e7d49c37,PAY-8e78a6249b,ADDR-3b7e3a5cb0,loyal_bulk,
CUST-f864f46d4c,2024-06-10 21:19:12.428580,DEV-04eeeb6926,PAY-f8c3e336f5,ADDR-dd507c8094,loyal_bulk,
CUST-0127d421ec,2024-06-10 03:28:38.113244,DEV-b9d6ccfba8,PAY-5c5fc5fac6,ADDR-6845fa8aac,loyal_bulk,
CUST-a6716d4e63,2024-09-11 03:16:38.455923,DEV-e30f944460,PAY-0e6e0a1530,ADDR-45f5f02e85,loyal_bulk,
CUST-ec72fd8f48,2025-06-13 04:22:52.845086,DEV-1b17758951,PAY-ccc49cfd21,ADDR-ab38b10bc7,loyal_bulk,
CUST-ab7196f3d4,2024-06-22 18:55:21.116560,DEV-1b1f5e2728,PAY-e9d0954e64,ADDR-2c3ae79c2a,loyal_bulk,
CUST-8c33eafe33,2025-05-04 05:44:48.892209,DEV-e73f335040,PAY-eecca6453c,ADDR-8ef44c6145,loyal_bulk,
CUST-45dda76457,2024-10-03 14:24:08.434982,DEV-b5ff3034ca,PAY-48a8617b78,ADDR-15609589dd,loyal_bulk,
CUST-44e55b502f,2024-04-02 07:38:56.626252,DEV-333b84c3d1,PAY-9521ca13de,ADDR-c1ff519e0e,loyal_bulk,
CUST-529400eb57,2025-04-02 09:54:55.744603,DEV-f59910ee0e,PAY-67a70108c2,ADDR-bf925f98c6,loyal_bulk,
CUST-9f94eb54b8,2024-09-14 00:30:44.002601,DEV-e3757540b9,PAY-1bfa95f79b,ADDR-8e18ce55a6,loyal_bulk,
CUST-96113e46bf,2025-04-25 08:08:54.129965,DEV-2fbd4dc59f,PAY-de8d757ef9,ADDR-0f766800cf,loyal_bulk,
CUST-284796df4f,2024-09-10 13:20:03.526474,DEV-fa14712454,PAY-9961ccc5d2,ADDR-71ba2099c5,loyal_bulk,
CUST-9e806ee9bd,2024-03-15 21:29:20.015724,DEV-47e7eb2110,PAY-1030fd741c,ADDR-df58380b72,loyal_bulk,
CUST-4cf6e9151d,2025-01-06 23:09:04.042828,DEV-8af526f3e2,PAY-e86c72b61c,ADDR-21b3ca358d,loyal_bulk,
CUST-41dc5774f4,2025-03-29 18:15:16.659707,DEV-48fc13a4c6,PAY-e0fde3697b,ADDR-3cd8f93b21,loyal_bulk,
CUST-87e7280844,2024-07-09 19:03:11.754719,DEV-de467aeac5,PAY-24b2ccef53,ADDR-7337c3c8c0,loyal_bulk,
CUST-172b53db98,2024-07-23 17:06:12.732706,DEV-bc88d5e0d2,PAY-7baa7f1667,ADDR-2f58aea96f,loyal_bulk,
CUST-1fd67b3d55,2024-03-04 11:16:08.183254,DEV-9005fa016f,PAY-2f46d3c396,ADDR-7a92553878,loyal_bulk,
CUST-b41298fa3e,2024-10-29 02:03:22.804944,DEV-0747923a7a,PAY-34fdba2f3a,ADDR-c79acc6b3a,loyal_bulk,
CUST-df25e99d69,2025-04-21 15:58:48.677688,DEV-d82295b2b0,PAY-41022af1d0,ADDR-fb8accb9ef,loyal_bulk,
CUST-5fcff0b461,2025-04-01 16:20:40.592535,DEV-d0f7363f9d,PAY-f053aebebb,ADDR-6b74575119,loyal_bulk,
CUST-2128f8a31b,2025-01-21 21:42:33.293112,DEV-8c7be258b6,PAY-0ba04fc367,ADDR-850d72589e,loyal_bulk,
CUST-caf5f21405,2025-05-09 15:53:36.530441,DEV-a1d3f08767,PAY-da8b6b53e3,ADDR-291fda1a4b,loyal_bulk,
CUST-3c0ab4a4f2,2024-12-15 20:24:00.974766,DEV-7a34a8fe02,PAY-4cebd6a263,ADDR-d7a3206def,loyal_bulk,
CUST-5143d30b32,2025-03-03 20:21:23.782104,DEV-47351affa5,PAY-27dc2108e9,ADDR-2316a64e4b,loyal_bulk,
CUST-cf278dc055,2024-10-12 09:04:08.191530,DEV-2aa72745f1,PAY-c4253627a4,ADDR-4d9194c7d5,loyal_bulk,
CUST-69b9db916f,2024-04-01 16:20:58.059389,DEV-ce697a3f97,PAY-960a032a70,ADDR-ed8190f856,loyal_bulk,
CUST-6295811ea7,2024-05-11 11:45:52.034876,DEV-c2dbfe9fb2,PAY-3b0231918d,ADDR-36cd601af2,loyal_bulk,
CUST-a27e800145,2024-04-10 10:31:20.872057,DEV-1610b399b6,PAY-9e05a99623,ADDR-ba78516941,loyal_bulk,
CUST-f052b69bb2,2025-03-02 04:28:36.226895,DEV-11d3b36bfd,PAY-0452e127cb,ADDR-84e2d8a08b,loyal_bulk,
CUST-5578346477,2024-02-14 03:24:29.958117,DEV-32ad052bf2,PAY-5ec424b100,ADDR-94fcdd9397,loyal_bulk,
CUST-788b7ab16c,2024-11-04 00:15:26.089615,DEV-fbf555b614,PAY-89170118c1,ADDR-e65e1b5c9c,loyal_bulk,
CUST-69ec1e9fb8,2024-08-03 10:56:02.349653,DEV-c56ddddc1e,PAY-3b94a90c61,ADDR-43429cb97e,loyal_bulk,
CUST-354a1fe02c,2025-03-08 19:56:26.575667,DEV-84f48c81b9,PAY-7209659d0f,ADDR-2eb40ef973,loyal_bulk,
CUST-cbefcbf803,2024-11-02 19:45:47.545622,DEV-f52961f9a9,PAY-145dd9ba2e,ADDR-d7203f0a2e,loyal_bulk,
CUST-1cf7934e29,2024-12-02 23:22:49.265207,DEV-bb48e53e5c,PAY-004541ac6c,ADDR-93270071d1,loyal_bulk,
CUST-62e0a63022,2024-03-15 02:35:08.807363,DEV-4659b7dd55,PAY-c5f0db2ebc,ADDR-4624a6c48d,loyal_bulk,
CUST-1235a02a94,2024-07-04 15:29:18.997230,DEV-e4063fcc30,PAY-84d35da790,ADDR-d334773a24,loyal_bulk,
CUST-a62c92933f,2025-06-14 19:08:25.897966,DEV-b9e0efdb2c,PAY-cb991471fc,ADDR-d2109c166d,loyal_bulk,
CUST-42f4e9b58a,2025-01-25 10:26:09.307279,DEV-aad68d6f5b,PAY-49bbfb84a6,ADDR-2906d4d0a8,loyal_bulk,
CUST-0f7992a3f9,2024-10-20 20:20:52.288669,DEV-5ce54b146b,PAY-5e8b06fef2,ADDR-0b6a5b3d6d,loyal_bulk,
CUST-521f69b32a,2025-02-19 13:58:28.576187,DEV-83eaa7bfd5,PAY-cc05861044,ADDR-32d421cd2b,loyal_bulk,
CUST-5f8e2cdac8,2025-03-18 16:04:22.058762,DEV-ca4ecd70ab,PAY-6d2087ebb9,ADDR-db648ec7ac,loyal_bulk,
CUST-3e0ed30f30,2024-03-08 21:00:30.797766,DEV-69a387618d,PAY-1c528919a4,ADDR-166b829c28,loyal_bulk,
CUST-47b2802f1d,2025-06-01 04:33:24.401395,DEV-3213e14127,PAY-89a945d8d4,ADDR-c54eaf2511,loyal_bulk,
CUST-17038dc4b7,2024-12-18 04:03:47.061492,DEV-0f93b5214f,PAY-b77ab3cf88,ADDR-a495bdff74,loyal_bulk,
CUST-60bcec8796,2024-09-12 23:41:38.212641,DEV-944a8cba8c,PAY-1fd06733c6,ADDR-56627db45a,loyal_bulk,
CUST-5107b8fd4a,2025-01-06 01:18:28.396062,DEV-d96d9cf3c1,PAY-739997d823,ADDR-6cc784a48a,loyal_bulk,
CUST-fb06d63dd2,2024-07-22 06:10:38.526357,DEV-07383c3b39,PAY-8f1f6b41a7,ADDR-fa8764935d,loyal_bulk,
CUST-e3627ab9ae,2025-04-14 23:31:18.551298,DEV-7708fd041d,PAY-98c50c8448,ADDR-de6e3b38ce,loyal_bulk,
CUST-2d8b391988,2025-02-25 03:09:18.525815,DEV-64e8840cbb,PAY-950c243460,ADDR-f5d1d96631,loyal_bulk,
CUST-13b4051c04,2024-12-16 21:31:37.748640,DEV-560c77da66,PAY-4c0567c907,ADDR-fa2c3291fd,loyal_bulk,
CUST-2d344a9ae5,2024-05-01 23:33:27.499052,DEV-486d15912d,PAY-11ca0ca2cb,ADDR-8faf43df79,loyal_bulk,
CUST-29d281539b,2025-05-29 03:10:31.321953,DEV-826286e443,PAY-f89be99d3e,ADDR-3837aeb771,loyal_bulk,
CUST-5250eae10e,2024-09-04 07:25:09.976021,DEV-5fd1ea197f,PAY-b5ba5e66ca,ADDR-e688d345fc,loyal_bulk,
CUST-552005954a,2025-05-01 08:32:50.104906,DEV-b637214405,PAY-03f77dcfa7,ADDR-fd41c2bfa6,loyal_bulk,
CUST-18ce4459e2,2024-02-28 16:57:15.120768,DEV-7652563911,PAY-007d3248d4,ADDR-260de42391,loyal_bulk,
CUST-07062b8ea4,2024-04-03 01:56:00.411605,DEV-24d6db6125,PAY-a1bdb62097,ADDR-0df3231a5b,loyal_bulk,
CUST-49e851ff71,2024-04-17 12:11:08.166201,DEV-3abb7bb891,PAY-51ff7dafe2,ADDR-21260ef2eb,loyal_bulk,
CUST-3b493dcafb,2024-04-23 07:53:05.851253,DEV-d40e472202,PAY-f94d55afff,ADDR-d123271712,loyal_bulk,
CUST-488cfa97ab,2024-07-11 07:55:44.449877,DEV-11cdb9c708,PAY-c64ca89565,ADDR-7dcbf6ee7b,loyal_bulk,
CUST-077cd3aa1c,2025-01-20 15:59:08.125263,DEV-216e040255,PAY-98ad234c58,ADDR-cc68f07418,loyal_bulk,
CUST-df39ca347f,2024-07-23 00:16:37.157169,DEV-a8ce6568cf,PAY-acde108b1f,ADDR-e7f68d397f,loyal_bulk,
CUST-77281bf17c,2025-05-16 10:50:55.173042,DEV-0679b3277f,PAY-2df66a222f,ADDR-dcb9b63c1d,loyal_bulk,
CUST-321436c52b,2025-04-23 11:06:39.606673,DEV-7c63aeafde,PAY-e08a423736,ADDR-7c25f1db92,loyal_bulk,
CUST-bb65cc5567,2025-03-29 23:12:16.105933,DEV-ba67f4a702,PAY-bacc5f7f57,ADDR-690abca069,loyal_bulk,
CUST-a0188a5700,2024-06-05 07:15:49.348022,DEV-ad59f595d2,PAY-ac45762c07,ADDR-5b203a2304,loyal_bulk,
CUST-4af3c262db,2024-12-14 12:41:06.347951,DEV-dca1c31821,PAY-877db2eb6e,ADDR-7520e5b105,loyal_bulk,
CUST-7b86622fd0,2024-11-02 10:05:49.148872,DEV-ed87631e2f,PAY-565943d174,ADDR-df8f2d7515,loyal_bulk,
CUST-3162f3b46b,2024-04-03 14:02:36.749482,DEV-9d886d4d7a,PAY-e7d95ef922,ADDR-a69050b98b,loyal_bulk,
CUST-95d15a823f,2024-07-01 09:53:42.983903,DEV-dde170be55,PAY-6fa764be33,ADDR-879e41b43d,loyal_bulk,
CUST-50abc865d2,2024-10-24 17:44:10.885994,DEV-250a2881e4,PAY-28f3727a45,ADDR-4ba611b15f,loyal_bulk,
CUST-0cb25365d4,2024-10-09 06:52:39.852823,DEV-7d46916318,PAY-51198af177,ADDR-cecb2e26d4,loyal_bulk,
CUST-1a831a900c,2024-04-25 07:37:50.955501,DEV-f27b74f848,PAY-57445f706b,ADDR-fdceb1bfe2,loyal_bulk,
CUST-a218d94ec9,2025-05-16 19:17:01.875923,DEV-8ed44a780b,PAY-cbfa49358b,ADDR-805b785ad9,loyal_bulk,
CUST-3e98403d67,2024-04-18 02:19:52.329197,DEV-3d52d13c4d,PAY-533fbb919e,ADDR-6325506395,loyal_bulk,
CUST-6d77ed3ff0,2024-12-26 08:47:40.130178,DEV-84de5a672e,PAY-b601e27321,ADDR-037eb2d528,loyal_bulk,
CUST-4e364d8bb8,2025-01-26 07:35:35.596490,DEV-76e8e64ed4,PAY-bd717d58e9,ADDR-67e105c6f5,loyal_bulk,
CUST-113e00352b,2024-11-29 13:40:00.819632,DEV-f328c11cec,PAY-906e696793,ADDR-184a5f5c17,loyal_bulk,
CUST-a189a52ead,2025-03-28 06:21:36.177698,DEV-4f7ff2cfa0,PAY-076518b304,ADDR-c1f4c167e7,loyal_bulk,
CUST-d63ba3e9aa,2024-11-08 19:24:59.087432,DEV-02bf375af7,PAY-f5614e8777,ADDR-338bd1d92b,loyal_bulk,
CUST-9a3d079eee,2025-03-19 14:50:06.748511,DEV-b065a942a4,PAY-c441db9a9b,ADDR-4ada8a9472,loyal_bulk,
CUST-26ccbf5650,2024-02-15 04:28:54.677232,DEV-43085cfa92,PAY-36f36cfb90,ADDR-b45693f335,loyal_bulk,
CUST-f804f2e459,2024-02-23 17:32:29.902186,DEV-8785ea41ec,PAY-ec5b39a8a3,ADDR-5b4651d7ab,loyal_bulk,
CUST-6324823f32,2024-12-17 17:26:41.301212,DEV-2c6bc2c886,PAY-2697daec4f,ADDR-7af7537292,loyal_bulk,
CUST-e52e9f5f57,2024-11-15 09:15:17.199823,DEV-6f12725a2c,PAY-dc4bcfdcfd,ADDR-aec57505ca,loyal_bulk,
CUST-327e417a8d,2024-12-22 13:33:35.027378,DEV-9bfb5250c0,PAY-203095ec98,ADDR-cee7bdaafb,loyal_bulk,
CUST-e0e1e96118,2025-02-18 11:30:28.839585,DEV-0b777d181a,PAY-9ef49170f2,ADDR-8aa5c18fc4,loyal_bulk,
CUST-751446ff47,2024-08-27 07:02:29.054252,DEV-bf5298b9a1,PAY-5ac8ea8a6f,ADDR-f23e5d081d,loyal_bulk,
CUST-637c5c9406,2024-12-16 11:53:39.503423,DEV-e9c3c891c9,PAY-8d27d00411,ADDR-64f53b7f7a,loyal_bulk,
CUST-a1d9a06e24,2024-10-07 00:27:24.197880,DEV-5349a70205,PAY-dd80694b99,ADDR-e6c2f6d2b0,loyal_bulk,
CUST-bd0531c66f,2024-12-10 13:58:05.244877,DEV-7dea70b97a,PAY-d72695fc39,ADDR-b52cd48c88,loyal_bulk,
CUST-547f6e66bc,2024-06-24 20:03:35.573829,DEV-9591c9e33a,PAY-fbdf060199,ADDR-54d561b0c1,loyal_bulk,
CUST-412068067a,2025-05-24 07:48:07.342030,DEV-c6506d8ade,PAY-60f8485bc1,ADDR-90f06c3f8f,loyal_bulk,
CUST-869193f9fe,2024-09-29 11:20:16.145178,DEV-c017a79a82,PAY-0f9b8404dc,ADDR-81a8fe6045,loyal_bulk,
CUST-6c3d368ece,2025-03-09 08:15:28.262120,DEV-76e7adb061,PAY-b3da405db4,ADDR-bede38bf1e,loyal_bulk,
CUST-63847e10ed,2025-01-08 11:53:24.339653,DEV-d8072c2bc0,PAY-ebe7196ca3,ADDR-bf8bde3de0,loyal_bulk,
CUST-98b7503c80,2024-06-28 17:12:23.245765,DEV-73511b3914,PAY-9a67fe53ee,ADDR-559dedf477,loyal_bulk,
CUST-a4ce463e7e,2024-03-08 11:40:34.701831,DEV-13b306726f,PAY-d0cdf22ff4,ADDR-91ea676281,loyal_bulk,
CUST-e13f17d643,2024-03-01 22:57:23.022778,DEV-338422e21a,PAY-01a2494258,ADDR-05a9011fc8,loyal_bulk,
CUST-24a2b8ef05,2024-09-07 19:15:57.596562,DEV-3fccdef291,PAY-e0a90c95c6,ADDR-1ee7048c61,loyal_bulk,
CUST-3a2ba9faf0,2024-09-30 03:00:48.820638,DEV-cbae23718f,PAY-d3952cb6fd,ADDR-fde6c3f307,loyal_bulk,
CUST-4c9efd6340,2024-05-13 00:16:34.185939,DEV-106eaa15ae,PAY-96a29b2451,ADDR-312c539ba4,loyal_bulk,
CUST-527147ec71,2024-11-30 07:55:23.353851,DEV-8163053cf6,PAY-6d217883f0,ADDR-9c0a9ccb91,loyal_bulk,
CUST-e7fb33e9b8,2024-07-06 06:59:23.967468,DEV-fe34d60441,PAY-2e276d985e,ADDR-e70908de6b,loyal_bulk,
CUST-d1458286d0,2025-01-25 04:21:16.636857,DEV-5844ff1707,PAY-79d4b9840c,ADDR-a40f872050,loyal_bulk,
CUST-57048606cb,2025-02-02 02:23:49.407556,DEV-f60aa3ce99,PAY-f42c44bb4b,ADDR-67db84e0ab,loyal_bulk,
CUST-82bea2e89a,2025-04-06 09:19:42.200587,DEV-ee419eecbb,PAY-ad9fedae8a,ADDR-dfd6f08c95,loyal_bulk,
CUST-11e6997fba,2025-06-02 16:29:22.325923,DEV-8d70c12e66,PAY-da358d657f,ADDR-e9d111dd91,loyal_bulk,
CUST-f5bc85e90e,2024-04-06 09:11:37.747063,DEV-282028b24e,PAY-6e516b76f2,ADDR-5e19584108,loyal_bulk,
CUST-70e1869dab,2024-08-04 06:28:56.555773,DEV-97d92b8727,PAY-39458772b7,ADDR-a2d5b5bb10,loyal_bulk,
CUST-7e92cdc4f5,2024-11-07 19:48:52.520330,DEV-bfc1f6ab0b,PAY-736a3c67be,ADDR-8fde8bbacf,loyal_bulk,
CUST-eafe59aa48,2024-07-09 13:23:26.292616,DEV-2653179c81,PAY-6b96d6e628,ADDR-00bd731b29,loyal_bulk,
CUST-474072ff24,2024-09-21 05:40:14.896155,DEV-b2a75da7e9,PAY-54c8923da2,ADDR-ce5092eff0,loyal_bulk,
CUST-55f7ccea91,2024-06-13 17:39:36.336421,DEV-eb55565c1e,PAY-4d1c93c51e,ADDR-9d1adce0ab,loyal_bulk,
CUST-4715e024d0,2024-06-03 23:01:35.725104,DEV-6829090c31,PAY-856ae29c2e,ADDR-59757aeb85,loyal_bulk,
CUST-9574640de4,2024-03-20 09:44:23.390617,DEV-30083a1d56,PAY-bf4879fd38,ADDR-05a26d7b10,loyal_bulk,
CUST-01f476ecb9,2024-06-25 02:32:38.614700,DEV-e0515d7ae8,PAY-d4f2262a04,ADDR-e2c1c12c63,loyal_bulk,
CUST-6c43eb1df2,2024-08-11 01:47:52.807269,DEV-ad0ad5a5d8,PAY-d26468f9c5,ADDR-c95591042f,loyal_bulk,
CUST-2c63d314e1,2024-12-04 16:31:45.587883,DEV-c0831aa3e2,PAY-d20d93bcb6,ADDR-e0cd56d03f,loyal_bulk,
CUST-987c95ee8c,2024-06-04 03:14:36.112467,DEV-707808f700,PAY-7ffb253d87,ADDR-ba67810f52,loyal_bulk,
CUST-ee0168f782,2025-04-08 15:41:24.074335,DEV-d98e3f756f,PAY-23408b05f6,ADDR-6f94f37f88,loyal_bulk,
CUST-bcd1c75e78,2024-04-20 20:23:45.404023,DEV-b60d5002d4,PAY-e727d76905,ADDR-8bead714e5,loyal_bulk,
CUST-2318b62966,2024-07-13 17:13:47.458612,DEV-f58844f8e2,PAY-f1d417154f,ADDR-fd1bb37824,loyal_bulk,
CUST-d65b509b0a,2025-12-21 15:30:31.953907,DEV-a93867c179,PAY-8de23aba7d,ADDR-87bac65520,shared_address_legit,
CUST-e191cd059b,2024-12-25 21:32:11.448729,DEV-35ed7f6a52,PAY-2eb3d1b133,ADDR-87bac65520,shared_address_legit,
CUST-89265c580c,2024-12-05 04:38:38.199127,DEV-cf45d4ed05,PAY-50fc567c32,ADDR-87bac65520,shared_address_legit,
CUST-91db3186d9,2026-06-26 06:19:03.083559,DEV-696ee76771,PAY-3ea5500d95,ADDR-87bac65520,shared_address_legit,
CUST-43a3b77afb,2025-07-23 15:47:17.548973,DEV-aae1ad361d,PAY-860ba17ea6,ADDR-0a091b5ce3,shared_address_legit,
CUST-81175befd2,2025-03-16 11:58:32.504012,DEV-3e1712a1c1,PAY-414e67a9a7,ADDR-0a091b5ce3,shared_address_legit,
CUST-1165a911a2,2024-09-03 17:40:51.440641,DEV-b9312963b4,PAY-3669b8cc3e,ADDR-0a091b5ce3,shared_address_legit,
CUST-e5642f4a37,2025-07-28 04:43:22.689967,DEV-11ba8805c8,PAY-8bf5b463be,ADDR-56b95f8229,shared_address_legit,
CUST-85fa7d6222,2026-06-06 09:07:31.193339,DEV-2f7ec56dbd,PAY-c28b5ad5d1,ADDR-56b95f8229,shared_address_legit,
CUST-301053b715,2025-01-12 01:59:36.634155,DEV-566e64d178,PAY-f688426fb3,ADDR-56b95f8229,shared_address_legit,
CUST-2dc1e8f112,2024-09-21 00:55:58.563198,DEV-792da00863,PAY-fdcdb656c1,ADDR-0f0b883d21,shared_address_legit,
CUST-6c2a2d930b,2025-02-26 00:58:58.404486,DEV-271396798f,PAY-272623473d,ADDR-0f0b883d21,shared_address_legit,
CUST-145694d7ee,2025-09-28 17:09:57.212575,DEV-715a134502,PAY-da97968417,ADDR-0f0b883d21,shared_address_legit,
CUST-ae1bff3497,2025-11-18 15:23:44.732262,DEV-0f10c45b22,PAY-fea78d449b,ADDR-1eabd46c85,shared_address_legit,
CUST-347771d4d9,2025-03-01 00:33:20.246266,DEV-e589227775,PAY-7067d4d4a3,ADDR-1eabd46c85,shared_address_legit,
CUST-0a128881fa,2024-08-24 13:15:32.426338,DEV-6c0ff3952f,PAY-00dd99347c,ADDR-1eabd46c85,shared_address_legit,
CUST-e82489d5a4,2024-10-30 23:46:20.952888,DEV-8d97a0e102,PAY-344152d960,ADDR-1eabd46c85,shared_address_legit,
CUST-03727156d9,2026-04-10 04:29:54.927778,DEV-38febfc4fa,PAY-039e348363,ADDR-51cf5af6e5,shared_address_legit,
CUST-d7fbd2db8c,2025-12-25 23:28:17.041817,DEV-5371948e7c,PAY-91a105464d,ADDR-51cf5af6e5,shared_address_legit,
CUST-e048cbaa5d,2025-04-24 11:18:54.347854,DEV-e5b1fd7e93,PAY-801105230c,ADDR-d8acc9dbf6,shared_address_legit,
CUST-e1a4fafd06,2025-05-17 23:52:41.145803,DEV-4db81fddab,PAY-cfe632c0bb,ADDR-d8acc9dbf6,shared_address_legit,
CUST-07b40eff38,2025-09-10 05:18:34.807267,DEV-11411ea07f,PAY-afaa40644e,ADDR-d8acc9dbf6,shared_address_legit,
CUST-25dbb5a503,2025-04-22 03:41:14.830037,DEV-46471d9cb5,PAY-11c465065c,ADDR-a47728099e,shared_address_legit,
CUST-a301f760e7,2025-03-02 23:03:11.717817,DEV-0a0fec5a1f,PAY-c359d3bb22,ADDR-a47728099e,shared_address_legit,
CUST-ff5f7ae7b9,2025-07-27 09:20:53.169330,DEV-0023f15c29,PAY-5409277c5b,ADDR-65da2f495a,shared_address_legit,
CUST-3c3a8ab98e,2026-01-20 00:43:46.031769,DEV-5d97c44c2f,PAY-3442a3d03b,ADDR-65da2f495a,shared_address_legit,
CUST-0bd7925f3d,2025-02-24 22:19:41.385217,DEV-e4af2c6b00,PAY-550d129b50,ADDR-65da2f495a,shared_address_legit,
CUST-0ee5fad219,2025-11-23 23:46:34.461757,DEV-50261e1c74,PAY-25a1822646,ADDR-bf95d4dae0,shared_address_legit,
CUST-72b1ea6a1c,2024-11-07 16:08:39.758696,DEV-d2ceaefdc0,PAY-9aff9dac4a,ADDR-bf95d4dae0,shared_address_legit,
CUST-2ea147fa67,2026-06-12 01:56:58.415939,DEV-e74fbdf78c,PAY-93d1fa8f81,ADDR-bf95d4dae0,shared_address_legit,
CUST-4b059345da,2025-05-13 11:03:17.649451,DEV-a68aa8c915,PAY-b00ba76a00,ADDR-bf95d4dae0,shared_address_legit,
CUST-4a69241d4a,2025-09-01 18:25:39.491337,DEV-d803161bfd,PAY-8f37cc787b,ADDR-858ff20dfc,shared_address_legit,
CUST-bcc95375da,2025-04-24 05:55:17.248363,DEV-7183b38226,PAY-59b2a32f31,ADDR-858ff20dfc,shared_address_legit,
CUST-04ec0a53c2,2024-11-24 22:58:51.197794,DEV-c2dfbcb7fe,PAY-0fceda04e7,ADDR-858ff20dfc,shared_address_legit,
CUST-e0526e259b,2025-07-30 16:39:37.887860,DEV-6a62d6052c,PAY-8a3f8d4702,ADDR-07a6cf7b3b,shared_address_legit,
CUST-9ca5b12810,2025-07-24 13:16:10.259714,DEV-ed74a15e2c,PAY-5316755658,ADDR-07a6cf7b3b,shared_address_legit,
CUST-72556b3060,2024-09-18 18:15:48.354492,DEV-c3cfc2fc65,PAY-6ec5f5d860,ADDR-07a6cf7b3b,shared_address_legit,
CUST-ef1339f730,2024-11-20 01:08:41.077163,DEV-28cd742b22,PAY-96476b4e4d,ADDR-07a6cf7b3b,shared_address_legit,
CUST-be731f62d8,2026-02-15 21:25:39.274482,DEV-f19768c6df,PAY-4e34304437,ADDR-60fe092674,shared_address_legit,
CUST-401a2fcd65,2025-08-06 15:02:45.051317,DEV-0c86f3227f,PAY-3dba2f4ec2,ADDR-60fe092674,shared_address_legit,
CUST-cfe3fc073d,2024-11-28 03:08:13.451776,DEV-e40ba2547a,PAY-4015dfe780,ADDR-60fe092674,shared_address_legit,
CUST-026cc001b9,2024-11-21 21:52:15.398927,DEV-0eba168c99,PAY-1c71badae2,ADDR-94f33255c7,shared_address_legit,
CUST-b841c02b4d,2026-05-13 09:35:05.691108,DEV-aa259972f2,PAY-6d37b2a436,ADDR-94f33255c7,shared_address_legit,
CUST-38b1b0a054,2025-03-23 06:45:55.431179,DEV-e2724a82d8,PAY-32d641142b,ADDR-94f33255c7,shared_address_legit,
CUST-7284c46e5a,2025-05-12 19:35:16.669940,DEV-a9fd927ae4,PAY-e6d0cac995,ADDR-94f33255c7,shared_address_legit,
CUST-a83c481f2f,2026-01-02 23:56:53.879667,DEV-29834883f5,PAY-5a7a97929c,ADDR-7818004149,shared_address_legit,
CUST-9bd65c7691,2025-03-10 04:19:22.245029,DEV-11acc3f188,PAY-70b5eb0b8a,ADDR-7818004149,shared_address_legit,
CUST-7e38ad3617,2025-04-04 09:32:30.394550,DEV-423dedc3f7,PAY-75514b2027,ADDR-7818004149,shared_address_legit,
CUST-92f5899605,2026-03-04 09:48:13.800821,DEV-712e6b9024,PAY-1f097f8b8a,ADDR-7818004149,shared_address_legit,
CUST-ace4bef62a,2025-07-17 14:32:27.751458,DEV-dbbcb165e1,PAY-b16e99276d,ADDR-13eb9dcbb8,shared_address_legit,
CUST-c61bd4c8e0,2025-09-05 05:24:49.505269,DEV-7f35bcac55,PAY-877b03f712,ADDR-13eb9dcbb8,shared_address_legit,
CUST-0daddc65f2,2025-07-07 10:50:59.314445,DEV-4558d8d7da,PAY-daecf317f6,ADDR-13eb9dcbb8,shared_address_legit,
CUST-33370ba6f6,2024-08-30 07:06:56.976717,DEV-dd3987ffda,PAY-28948ce884,ADDR-13eb9dcbb8,shared_address_legit,
CUST-efcef8bb75,2025-11-19 12:20:56.298265,DEV-33e6f84c38,PAY-7e2ee50854,ADDR-4d07118bcd,shared_address_legit,
CUST-1e492aa440,2026-06-15 08:25:05.937944,DEV-82e78867a4,PAY-1f51843ce6,ADDR-4d07118bcd,shared_address_legit,
CUST-28436eb68c,2025-09-19 08:00:36.372844,DEV-a7e6d50a34,PAY-506157cece,ADDR-4d07118bcd,shared_address_legit,
CUST-16a61afb79,2026-04-03 03:43:37.789338,DEV-e1478db9d0,PAY-4bbabfcea1,ADDR-b7b7fc90be,shared_address_legit,
CUST-a68c29797c,2025-10-20 06:25:43.650830,DEV-8c67e2c4fb,PAY-b35f570fe5,ADDR-b7b7fc90be,shared_address_legit,
CUST-88ad9f6a30,2025-09-28 07:14:20.765664,DEV-2e52191a07,PAY-be66954cda,ADDR-b7b7fc90be,shared_address_legit,
CUST-3f1cf53a43,2025-02-15 07:05:02.404030,DEV-50aeabfaf1,PAY-917dfa7c29,ADDR-b7b7fc90be,shared_address_legit,
CUST-3414481506,2026-02-01 14:12:12.399719,DEV-da83609481,PAY-aa67434832,ADDR-a3ef15b227,shared_address_legit,
CUST-9007cb5a40,2026-01-28 00:20:10.903935,DEV-b0e9cb1805,PAY-25fc0a1cf6,ADDR-a3ef15b227,shared_address_legit,
CUST-6770ed2806,2025-09-15 05:07:48.414010,DEV-16540600d0,PAY-c32c5c179f,ADDR-a3ef15b227,shared_address_legit,
CUST-dd08a96731,2025-12-21 19:56:10.427930,DEV-ab525fa25b,PAY-97e33f654b,ADDR-a3ef15b227,shared_address_legit,
CUST-c8413c1076,2025-07-11 05:23:36.165876,DEV-67a7735bc0,PAY-003536fa3a,ADDR-9b948c1d82,shared_address_legit,
CUST-19f78b96d0,2025-08-09 22:53:24.332827,DEV-cc550351fe,PAY-9cb2e5eba5,ADDR-9b948c1d82,shared_address_legit,
CUST-79bf0b876f,2025-12-21 16:23:43.739591,DEV-e84ad54ed1,PAY-90f78062d2,ADDR-9b948c1d82,shared_address_legit,
CUST-f894b2b61c,2026-01-26 22:58:53.370378,DEV-aa84cc3c2b,PAY-ee9b1feac3,ADDR-9b948c1d82,shared_address_legit,
CUST-99d26175bd,2024-11-27 08:09:10.592864,DEV-9c75482c2d,PAY-e25cfb98c9,ADDR-e7eb006c15,shared_address_legit,
CUST-4c5b18b6ac,2025-11-24 05:07:31.734285,DEV-8232f0dfd3,PAY-e62c1098a8,ADDR-e7eb006c15,shared_address_legit,
CUST-99c3639466,2024-09-09 10:28:23.107522,DEV-1872dd30fc,PAY-8fc640bc36,ADDR-e7eb006c15,shared_address_legit,
CUST-fb76d9ed2e,2024-11-01 14:51:26.696354,DEV-f774013e92,PAY-5f8ec49951,ADDR-d54a40f4f3,shared_address_legit,
CUST-fe3bbce9bb,2024-08-31 20:36:12.027196,DEV-64022a4a85,PAY-56971fe960,ADDR-d54a40f4f3,shared_address_legit,
CUST-5af7c9c776,2025-03-19 23:55:57.756841,DEV-2af1b54979,PAY-76c55c3016,ADDR-d54a40f4f3,shared_address_legit,
CUST-7fc7625339,2024-11-29 19:43:25.616326,DEV-a3cf9b235c,PAY-d469667d3e,ADDR-d54a40f4f3,shared_address_legit,
CUST-90292b5fd0,2025-01-04 10:37:07.900730,DEV-be72061644,PAY-ba49f5eece,ADDR-68365883c1,shared_address_legit,
CUST-74bf4df142,2025-07-25 17:39:02.329706,DEV-5980443b09,PAY-3918012081,ADDR-68365883c1,shared_address_legit,
CUST-a0e11a3fe4,2025-10-08 04:38:47.270386,DEV-da486cd259,PAY-0a42912621,ADDR-68365883c1,shared_address_legit,
CUST-dd2cb10d57,2025-07-05 05:16:57.501125,DEV-0b86e70612,PAY-747fb4b8c0,ADDR-68365883c1,shared_address_legit,
CUST-ccc58481ce,2025-12-25 21:44:40.575628,DEV-8303b433a6,PAY-0da9d0a2ba,ADDR-b6cd9ad37b,shared_address_legit,
CUST-3f5f1e1cd7,2025-12-11 05:18:47.459323,DEV-4594af0f4d,PAY-d4119cfa8a,ADDR-b6cd9ad37b,shared_address_legit,
CUST-fe7f3dd19e,2025-08-06 04:27:41.816101,DEV-1394dfba9b,PAY-7ede93adf0,ADDR-b6cd9ad37b,shared_address_legit,
CUST-04ae470063,2025-09-03 20:12:39.064749,DEV-849b43e2cd,PAY-dc8c792e21,ADDR-b6cd9ad37b,shared_address_legit,
CUST-49139aa8d1,2025-07-09 19:32:00.760431,DEV-34a6661023,PAY-c3601d2e21,ADDR-b57e7420db,shared_address_legit,
CUST-1ecefa4c64,2025-05-01 20:44:11.589800,DEV-e9f587b227,PAY-8901e52f5b,ADDR-b57e7420db,shared_address_legit,
CUST-6755132ffd,2026-05-30 14:08:48.411006,DEV-a899f38da3,PAY-8ae0919b62,ADDR-b57e7420db,shared_address_legit,
CUST-0d5231bb8e,2025-06-27 02:40:36.904048,DEV-dd12b919a5,PAY-c5b9074193,ADDR-b57e7420db,shared_address_legit,
CUST-c5d01ded7f,2025-04-08 10:33:39.888516,DEV-a6035b32ae,PAY-d2257465de,ADDR-289db4cd26,shared_address_legit,
CUST-ca957d82d1,2025-04-16 13:27:38.761041,DEV-f8979abd8b,PAY-c5c0da481c,ADDR-289db4cd26,shared_address_legit,
CUST-038ec365fd,2026-01-25 04:20:43.880956,DEV-568ba3e88d,PAY-040e499eb6,ADDR-289db4cd26,shared_address_legit,
CUST-2e9ec206c5,2025-12-21 12:11:11.945002,DEV-019e287e99,PAY-54f952e19b,ADDR-289db4cd26,shared_address_legit,
CUST-b88471b3c1,2026-02-15 16:19:17.870639,DEV-5100096d4c,PAY-f043e8638a,ADDR-99bf48ddb8,shared_address_legit,
CUST-9a27b956bb,2025-02-14 12:02:46.099919,DEV-a678a9292a,PAY-cfff9a12da,ADDR-99bf48ddb8,shared_address_legit,
CUST-262a5425c7,2025-07-13 18:11:56.173977,DEV-1cb029a00d,PAY-537e593af8,ADDR-99bf48ddb8,shared_address_legit,
CUST-d6f7e5d717,2026-05-31 00:46:12.750126,DEV-807d5d2ea8,PAY-aed507252c,ADDR-99bf48ddb8,shared_address_legit,
CUST-c3eec6fbb0,2025-09-01 22:34:48.221607,DEV-f6b93c141e,PAY-dd143f9d6b,ADDR-27489a396d,shared_address_legit,
CUST-4a6986d818,2025-01-18 16:25:59.704071,DEV-a92e6907e4,PAY-bb2835577b,ADDR-27489a396d,shared_address_legit,
CUST-b7d5cf0096,2026-06-10 14:33:05.713977,DEV-9e4835f942,PAY-d2be14f71f,ADDR-27489a396d,shared_address_legit,
CUST-3bbdd38101,2026-01-24 15:03:21.200588,DEV-702bf7b277,PAY-44196f6ebe,ADDR-90d4175b8a,shared_address_legit,
CUST-f054dc1a71,2025-12-10 15:03:56.400080,DEV-9bae052a6f,PAY-94f3146c5b,ADDR-90d4175b8a,shared_address_legit,
CUST-f5fa513e4f,2025-11-30 16:08:58.555826,DEV-debc3f2783,PAY-1dace63197,ADDR-90d4175b8a,shared_address_legit,
CUST-6abc1b3588,2025-03-22 06:29:45.530954,DEV-8abe52143a,PAY-957d64e05b,ADDR-ebce233f1d,shared_address_legit,
CUST-609b4b829f,2025-04-12 20:05:47.496424,DEV-aa31245e1d,PAY-4b53cb4c71,ADDR-ebce233f1d,shared_address_legit,
CUST-f29a700fba,2026-05-14 23:34:52.706154,DEV-d4e62f8cd6,PAY-62a34b29cf,ADDR-ebce233f1d,shared_address_legit,
CUST-7f53e3302b,2025-02-20 16:15:50.468279,DEV-910457f3db,PAY-4c1969f601,ADDR-6aadee37e7,shared_address_legit,
CUST-8e91179d2b,2024-11-09 18:03:37.537273,DEV-f9e72b0c01,PAY-8b1e486be1,ADDR-6aadee37e7,shared_address_legit,
CUST-5814e67a00,2025-11-21 10:14:10.022181,DEV-bec95ffd96,PAY-489ad8e1d9,ADDR-6aadee37e7,shared_address_legit,
CUST-dcdd512bc0,2025-05-03 19:29:47.201499,DEV-9e7814d642,PAY-7ea4d54827,ADDR-6aadee37e7,shared_address_legit,
CUST-f3ab475740,2026-02-25 16:16:44.725036,DEV-5acdac8941,PAY-d37e40a759,ADDR-de91c5a931,shared_address_legit,
CUST-500f402dd4,2026-05-29 04:18:21.736178,DEV-117dcbd223,PAY-ec40ac82de,ADDR-de91c5a931,shared_address_legit,
CUST-e768c7f3e5,2026-02-16 08:01:10.668563,DEV-7a0ae0b445,PAY-aed4e82998,ADDR-de91c5a931,shared_address_legit,
CUST-8ec90ce114,2024-09-16 13:30:55.689934,DEV-c6ae7dfa1f,PAY-6ee847b7e8,ADDR-e5ed2e7d2a,shared_address_legit,
CUST-5e25094db3,2026-05-29 15:47:32.435883,DEV-e8fd04bdbf,PAY-2fb6ac9baa,ADDR-e5ed2e7d2a,shared_address_legit,
CUST-05d214a97f,2024-10-11 15:51:49.281179,DEV-e15a15037d,PAY-d93f43ee26,ADDR-e5ed2e7d2a,shared_address_legit,
CUST-8ee4f2c1f7,2025-11-07 09:43:13.928799,DEV-115912233e,PAY-84f1c267bf,ADDR-181ad99a1e,shared_address_legit,
CUST-42db90a1a0,2026-01-08 10:37:41.489057,DEV-d922a429b9,PAY-4316b3ff3e,ADDR-181ad99a1e,shared_address_legit,
CUST-a1bf620122,2025-01-11 07:07:44.487922,DEV-4ef6f852e5,PAY-5284d6235e,ADDR-181ad99a1e,shared_address_legit,
CUST-2ecf6f56a0,2025-02-19 02:22:43.815644,DEV-97aa05e884,PAY-502b7024c4,ADDR-2043e2ad0b,shared_address_legit,
CUST-e4aafddb34,2025-09-04 14:38:44.335191,DEV-add085ff1a,PAY-3574dcb1cb,ADDR-2043e2ad0b,shared_address_legit,
CUST-673186b94f,2025-02-19 10:20:36.317173,DEV-9d5b11c66b,PAY-cfc6b073db,ADDR-2043e2ad0b,shared_address_legit,
CUST-0029cd02dd,2024-11-01 03:57:22.943816,DEV-9b0fbe8a67,PAY-3039cce5d0,ADDR-2043e2ad0b,shared_address_legit,
CUST-5b7bc9dc8d,2025-09-21 10:59:23.296956,DEV-a626d523ec,PAY-f384f0c87a,ADDR-b95595e88e,shared_address_legit,
CUST-5bd3fc4f4a,2025-01-30 15:05:46.298163,DEV-cc3410ac24,PAY-221d31b35e,ADDR-b95595e88e,shared_address_legit,
CUST-9b26ad0ddc,2025-11-16 19:36:51.450833,DEV-2a77ee6483,PAY-b04b2feccb,ADDR-b95595e88e,shared_address_legit,
CUST-35ac9c9deb,2025-08-14 13:51:07.620069,DEV-3ac6e9bdfb,PAY-912fce1a36,ADDR-b95595e88e,shared_address_legit,
CUST-8962408488,2025-01-24 02:18:16.482952,DEV-417ed997fa,PAY-df4afa1da7,ADDR-f2dc8dc3d3,shared_address_legit,
CUST-f0eb5f3ebb,2024-10-26 00:49:33.386170,DEV-a314d3bafe,PAY-8f55008cfe,ADDR-f2dc8dc3d3,shared_address_legit,
CUST-0df5880427,2025-03-31 06:27:53.598059,DEV-712d7099c5,PAY-df93ae9876,ADDR-f2dc8dc3d3,shared_address_legit,
CUST-c48a7b7ac1,2025-07-05 18:17:38.648545,DEV-8ab7152d19,PAY-e60788c900,ADDR-f2dc8dc3d3,shared_address_legit,
CUST-dfb49cd9f7,2026-01-24 08:24:13.257970,DEV-b5f2e11bc5,PAY-c37d48a0b1,ADDR-66f1f98729,shared_address_legit,
CUST-b48067d371,2024-08-22 12:26:12.662342,DEV-74fa6e58e1,PAY-2466a57c16,ADDR-66f1f98729,shared_address_legit,
CUST-21059c3991,2025-08-27 16:32:43.483001,DEV-83c7666f89,PAY-1a6ff1b4bd,ADDR-66f1f98729,shared_address_legit,
CUST-55aa8cfbe4,2026-05-11 20:36:30.196980,DEV-63f6c7f003,PAY-fd8c6e8209,ADDR-66f1f98729,shared_address_legit,
CUST-2cfe1c8a1e,2025-11-05 07:32:27.712825,DEV-5b62416bad,PAY-8de59117ef,ADDR-4e144b4b3f,shared_address_legit,
CUST-874425e1cc,2026-04-08 23:01:51.466877,DEV-ab1f019e5c,PAY-bd3884942e,ADDR-4e144b4b3f,shared_address_legit,
CUST-391c3507c6,2025-07-08 00:00:05.056621,DEV-06bb1d37ca,PAY-15187f1bf1,ADDR-4e144b4b3f,shared_address_legit,
CUST-cc031c9e35,2025-01-01 10:20:04.427460,DEV-f05d61deca,PAY-ba98a62715,ADDR-df91a3eccc,shared_address_legit,
CUST-2e3bd06650,2026-06-04 11:56:35.439960,DEV-cb70c042a2,PAY-bb864585e3,ADDR-df91a3eccc,shared_address_legit,
CUST-bb12a27967,2025-03-25 01:44:55.945442,DEV-8424a81046,PAY-c5a0f66d03,ADDR-df91a3eccc,shared_address_legit,
CUST-2d0f3da877,2025-10-31 13:33:08.891783,DEV-9c874b7b21,PAY-1599142ee4,ADDR-df91a3eccc,shared_address_legit,
CUST-03fa0a2b8f,2025-11-04 21:51:36.399274,DEV-0d91b8529c,PAY-9e1eaada7b,ADDR-1dd2c5abbd,shared_address_legit,
CUST-1f650481c6,2025-01-23 16:15:37.319420,DEV-3d7c8cdd9e,PAY-79e6435805,ADDR-1dd2c5abbd,shared_address_legit,
CUST-dd265df721,2025-12-22 23:55:32.464699,DEV-6cf361982f,PAY-83c71667d5,ADDR-369613a96e,shared_address_legit,
CUST-1d9887f8cb,2026-05-16 23:57:51.164698,DEV-5dacd5ed4d,PAY-ae9d9dacc5,ADDR-369613a96e,shared_address_legit,
CUST-2a065e1f54,2026-05-01 01:59:29.794257,DEV-2e1cece35f,PAY-a20ef5e932,ADDR-369613a96e,shared_address_legit,
CUST-e609b9b4ba,2024-12-15 20:51:20.092456,DEV-eee4bd0852,PAY-63af02b1cf,ADDR-369613a96e,shared_address_legit,
CUST-c1836c4072,2026-05-15 03:12:10.303136,DEV-68fc28573f,PAY-7d2b60e1fd,ADDR-579201ac9f,shared_address_legit,
CUST-d27656d322,2024-09-12 16:11:39.057964,DEV-f4d0131d60,PAY-667b893432,ADDR-579201ac9f,shared_address_legit,
CUST-f0cede8b59,2026-02-05 00:36:23.128044,DEV-c6909bfd0d,PAY-410d9ed547,ADDR-6e384f3e5d,shared_address_legit,
CUST-e76c1c0211,2024-12-23 12:08:03.673712,DEV-92884f32bb,PAY-113113479f,ADDR-6e384f3e5d,shared_address_legit,
CUST-b219cc433f,2026-01-09 13:45:22.214455,DEV-2c2a6d1eb0,PAY-974cbdb76f,ADDR-6e384f3e5d,shared_address_legit,
CUST-42746b0483,2026-04-06 07:24:23.991806,DEV-62ad79432f,PAY-9fdce0885e,ADDR-daec3945f0,shared_address_legit,
CUST-cbff19fdfa,2024-08-25 07:01:03.999186,DEV-b49d6eafeb,PAY-9305cbf9bc,ADDR-daec3945f0,shared_address_legit,
CUST-92300dfbb0,2025-09-08 15:30:23.802324,DEV-d43e12c942,PAY-c5e817d9ba,ADDR-daec3945f0,shared_address_legit,
CUST-2e7cfe97da,2026-05-11 10:06:00.614496,DEV-ca1d85e7d6,PAY-f83acf2183,ADDR-79d703455e,shared_address_legit,
CUST-9c8d5ec347,2025-04-03 11:50:46.625230,DEV-856822aac0,PAY-585baa9f66,ADDR-79d703455e,shared_address_legit,
CUST-69ba362a5e,2026-06-21 14:21:53.872437,DEV-b325697afe,PAY-b8b93cd908,ADDR-4431a7e552,shared_address_legit,
CUST-3a71490156,2025-08-22 21:37:28.848160,DEV-7bc622990d,PAY-fda0220e2f,ADDR-4431a7e552,shared_address_legit,
CUST-cc032318a4,2025-07-20 08:47:48.486805,DEV-bcf233fb71,PAY-4e684e8fee,ADDR-4431a7e552,shared_address_legit,
CUST-6f53210804,2026-03-19 20:52:10.199521,DEV-2146658da2,PAY-2e92dda197,ADDR-225665657e,shared_address_legit,
CUST-63140835b9,2025-07-02 18:51:59.226215,DEV-1aed986daf,PAY-3f6a8b608c,ADDR-225665657e,shared_address_legit,
CUST-d98eacf2f5,2026-02-19 04:25:51.455454,DEV-071bc158ba,PAY-fb438078b0,ADDR-2a1970ea67,shared_address_legit,
CUST-e51bd12a6e,2025-03-31 12:49:40.951095,DEV-c007229d92,PAY-e4644684a2,ADDR-2a1970ea67,shared_address_legit,
CUST-2de898e726,2025-06-26 14:28:12.791796,DEV-ed9168e060,PAY-51906689be,ADDR-ae6cec672e,shared_address_legit,
CUST-413970c225,2025-02-09 16:23:18.557593,DEV-4950e30b99,PAY-760ad1d7b6,ADDR-ae6cec672e,shared_address_legit,
CUST-1a1c68a92f,2024-12-23 10:18:00.109840,DEV-e8e7d3f5d2,PAY-5b657541df,ADDR-ae6cec672e,shared_address_legit,
CUST-f5f1e2e8a2,2026-01-01 03:55:30.809791,DEV-8269fb5705,PAY-a1a57197e3,ADDR-ae6cec672e,shared_address_legit,
CUST-79a5fc3f36,2025-09-08 12:33:46.082058,DEV-6f769ff462,PAY-68b08d4269,ADDR-c9ffb8a8f4,shared_address_legit,
CUST-2fe807a774,2026-01-15 04:40:46.913510,DEV-be1870b25c,PAY-bb404fe576,ADDR-c9ffb8a8f4,shared_address_legit,
CUST-3640ed174b,2024-12-16 03:51:54.417282,DEV-98b5cd1293,PAY-4b4bc67d6e,ADDR-c9ffb8a8f4,shared_address_legit,
CUST-80418a4759,2026-04-20 02:12:31.845714,DEV-a27446ba39,PAY-80657a5cca,ADDR-c2123f5fb3,shared_address_legit,
CUST-45451f74f9,2026-03-03 12:37:34.293730,DEV-1249184cc8,PAY-5b97f46c47,ADDR-c2123f5fb3,shared_address_legit,
CUST-339c5cc6c2,2025-08-03 21:00:49.026272,DEV-3788d43ecd,PAY-75e9a1cc53,ADDR-c2123f5fb3,shared_address_legit,
CUST-e9d262ccdc,2024-10-16 21:28:43.310816,DEV-6f17195cd0,PAY-c758752ae7,ADDR-c2123f5fb3,shared_address_legit,
CUST-41e759f684,2024-10-22 18:23:44.462499,DEV-35a4a2c35c,PAY-1409104807,ADDR-62f8a089bd,shared_address_legit,
CUST-a0b6cecd82,2026-06-16 13:32:30.825640,DEV-f9e637d80c,PAY-3d043f4185,ADDR-62f8a089bd,shared_address_legit,
CUST-8f7e086777,2025-07-09 04:35:31.160369,DEV-e8484e3701,PAY-4bfcd3ba5a,ADDR-62f8a089bd,shared_address_legit,
CUST-77044074a2,2026-05-16 10:12:37.823669,DEV-4efc6694e1,PAY-2f5a600bec,ADDR-62f8a089bd,shared_address_legit,
CUST-304bf34b93,2025-02-12 01:45:24.750211,DEV-a8646a1dbf,PAY-c68e58e9f3,ADDR-79bc77bffe,shared_address_legit,
CUST-b4a43f642d,2025-01-25 22:03:15.608354,DEV-e79d383352,PAY-666e6f368f,ADDR-79bc77bffe,shared_address_legit,
CUST-726d5650f4,2026-05-28 18:57:05.291944,DEV-b5b05bf0c2,PAY-c011778ab5,ADDR-577e6b5886,shared_address_legit,
CUST-0364b2996f,2025-03-12 00:30:33.853012,DEV-3d17d097f2,PAY-47b3c96ce1,ADDR-577e6b5886,shared_address_legit,
CUST-592a9a7ece,2025-12-22 20:05:37.258162,DEV-9bbf2bac61,PAY-afa2085d88,ADDR-577e6b5886,shared_address_legit,
CUST-4efc699b0e,2025-02-12 14:16:12.524476,DEV-7d3213979c,PAY-0606614955,ADDR-9a6b0442c4,shared_address_legit,
CUST-71401caaa4,2025-04-20 03:15:39.124025,DEV-2de8c14a02,PAY-8b8f25704a,ADDR-9a6b0442c4,shared_address_legit,
CUST-9af1c76fa2,2024-09-30 04:22:41.199678,DEV-47bf6b9e06,PAY-f2190c2b0a,ADDR-00c314b9bc,shared_address_legit,
CUST-29c4bda970,2024-11-07 06:35:31.631329,DEV-338e1ede0f,PAY-66ed6a89a6,ADDR-00c314b9bc,shared_address_legit,
CUST-fb09da74fd,2024-12-05 10:44:43.382070,DEV-2f30fba827,PAY-3013ee1117,ADDR-aa3853678a,shared_address_legit,
CUST-876bbd8879,2025-11-27 20:15:20.555084,DEV-eff094f318,PAY-a90745f483,ADDR-aa3853678a,shared_address_legit,
CUST-c6a3b63f42,2026-05-07 18:56:08.171816,DEV-c214736e85,PAY-a6fac9cb23,ADDR-aa3853678a,shared_address_legit,
CUST-a003504366,2026-01-23 17:19:46.953763,DEV-960c19537a,PAY-85c48e0cfb,ADDR-9514a6cc8e,shared_address_legit,
CUST-b18a69a1f5,2025-11-30 16:58:19.165501,DEV-3105dc0870,PAY-5f825ede5c,ADDR-9514a6cc8e,shared_address_legit,
CUST-97f4ba6196,2025-10-26 16:26:23.119617,DEV-6f25f9fd3a,PAY-cf9a3d2c1a,ADDR-9514a6cc8e,shared_address_legit,
CUST-91049fa4b7,2026-05-19 16:35:53.248427,DEV-e6835a24c3,PAY-a1ad93e797,ADDR-9514a6cc8e,shared_address_legit,
CUST-fb1d1fabbe,2025-10-10 07:56:10.690628,DEV-5c1d60e0d6,PAY-e14b7c6966,ADDR-321db5cf49,shared_address_legit,
CUST-da4acb97c3,2025-01-14 18:55:10.851033,DEV-43607e027d,PAY-2f31c61d5d,ADDR-321db5cf49,shared_address_legit,
CUST-b60e796a4d,2024-11-17 16:38:12.748845,DEV-875fd81536,PAY-46cc21bb4e,ADDR-321db5cf49,shared_address_legit,
CUST-d4802f6c5b,2025-06-23 22:19:56.825295,DEV-814f18d559,PAY-3552351cb2,ADDR-91a502132d,shared_address_legit,
CUST-fe57ae9909,2026-06-21 10:06:12.337365,DEV-8383628d47,PAY-a507fc4609,ADDR-91a502132d,shared_address_legit,
CUST-d49d493a0c,2025-05-28 08:37:12.536642,DEV-a946d790d6,PAY-e5156e7a52,ADDR-aabd9b6202,shared_address_legit,
CUST-2acd17973c,2025-08-26 22:19:32.000535,DEV-cea46f1ccd,PAY-b61c2ace70,ADDR-aabd9b6202,shared_address_legit,
CUST-ef73cbda21,2025-07-04 16:36:51.626971,DEV-740c21522f,PAY-67a69b3ca9,ADDR-aabd9b6202,shared_address_legit,
CUST-7f02645948,2026-02-14 13:18:37.389771,DEV-34a4faa828,PAY-1f26ccad18,ADDR-35d7d08daf,shared_address_legit,
CUST-40591eabf3,2026-03-02 14:02:05.222662,DEV-7400695c78,PAY-24987d43b0,ADDR-35d7d08daf,shared_address_legit,
CUST-11e620a2bc,2026-01-18 07:15:51.721377,DEV-be663e0fe4,PAY-f12f357bd4,ADDR-35d7d08daf,shared_address_legit,
CUST-44e55e223e,2025-11-23 22:51:06.937223,DEV-398a2be2f5,PAY-c887ff210c,ADDR-35d7d08daf,shared_address_legit,
CUST-389438ce66,2026-04-03 20:36:32.087218,DEV-ebae247a3e,PAY-914193cf2a,ADDR-ee068005e2,shared_address_legit,
CUST-92ca6721ae,2024-10-13 14:09:30.651439,DEV-ed66901520,PAY-1c24ae5b15,ADDR-ee068005e2,shared_address_legit,
CUST-07c46e7fab,2025-06-18 08:12:18.148618,DEV-7e206a8d30,PAY-caa931b3bd,ADDR-ee068005e2,shared_address_legit,
CUST-c27748bb1d,2025-12-09 20:34:21.991944,DEV-86a6e80d6d,PAY-ba963b387f,ADDR-ee068005e2,shared_address_legit,
CUST-08a9a3d02f,2026-05-03 19:25:11.070130,DEV-44bca13322,PAY-74adf93a43,ADDR-2b706ae0cc,shared_address_legit,
CUST-caa100bb9d,2024-11-03 04:33:16.080809,DEV-9bfd4c7430,PAY-e6b8d09600,ADDR-2b706ae0cc,shared_address_legit,
CUST-ee0763c7ba,2026-04-24 01:27:55.653365,DEV-3b96c239e5,PAY-2c4a027bc5,ADDR-3575193408,shared_address_legit,
CUST-14cf65e55e,2025-01-03 06:20:48.732146,DEV-43b4d9e142,PAY-068046da04,ADDR-3575193408,shared_address_legit,
CUST-d1cabd4129,2025-08-18 09:24:50.180451,DEV-4674f2a4be,PAY-3b627c6e74,ADDR-3575193408,shared_address_legit,
CUST-5fb4e5631e,2024-12-08 17:17:51.013221,DEV-827c777130,PAY-9c58f59e26,ADDR-3575193408,shared_address_legit,
CUST-5774adb77a,2025-06-15 00:14:01.126109,DEV-5106d8cccf,PAY-96d4ecdc30,ADDR-3160ca067c,shared_address_legit,
CUST-d861169eb5,2025-11-23 22:05:28.310838,DEV-33b9be9cd9,PAY-2de1eed997,ADDR-3160ca067c,shared_address_legit,
CUST-b30122d311,2025-12-18 18:53:42.636768,DEV-e87704e31c,PAY-28ea9011ff,ADDR-3160ca067c,shared_address_legit,
CUST-ec6a736fbe,2025-07-16 21:56:25.970932,DEV-21c0e4fcbb,PAY-c09e005d78,ADDR-3160ca067c,shared_address_legit,
CUST-c3e89e8485,2025-06-17 11:35:09.426779,DEV-2f73eee1d9,PAY-7e7222ef98,ADDR-f9584a665b,shared_address_legit,
CUST-68112a4173,2024-09-25 18:38:27.930273,DEV-b1c02f6724,PAY-46f9521682,ADDR-f9584a665b,shared_address_legit,
CUST-2d068a216a,2024-11-16 14:09:53.862209,DEV-9e507aba45,PAY-b4f789e6f7,ADDR-f9584a665b,shared_address_legit,
CUST-57fa2c692d,2025-05-28 01:45:31.879341,DEV-1035e65449,PAY-3e6e51c18b,ADDR-f9584a665b,shared_address_legit,
CUST-0a5e03c1f1,2024-09-27 04:52:42.895475,DEV-c62a8c667c,PAY-d3e1254c9c,ADDR-4528709e0e,shared_address_legit,
CUST-4a67246b40,2025-06-28 22:55:00.733157,DEV-201bc1346e,PAY-5f778ae6da,ADDR-4528709e0e,shared_address_legit,
CUST-d92e7b6858,2026-02-17 21:29:33.306815,DEV-5f1bf826e7,PAY-259680bd9c,ADDR-4528709e0e,shared_address_legit,
CUST-f0ab06059c,2025-12-23 02:34:19.850982,DEV-b2f701678f,PAY-6be924d178,ADDR-4528709e0e,shared_address_legit,
CUST-f46596f6e3,2025-02-07 18:38:05.430933,DEV-5122c171cf,PAY-81c413cf80,ADDR-cbfaa08c2c,shared_address_legit,
CUST-9a5dbf6461,2024-08-21 01:08:24.450174,DEV-92e586a809,PAY-9b48a4a024,ADDR-cbfaa08c2c,shared_address_legit,
CUST-1b470de3c1,2025-01-13 22:55:11.014084,DEV-984f263aef,PAY-fb8c74f126,ADDR-cbfaa08c2c,shared_address_legit,
CUST-9391184f6e,2025-11-17 08:04:07.718210,DEV-e9e443238c,PAY-e8a49560c7,ADDR-48f214347e,solo_reseller,
CUST-fcb70c41f8,2026-01-29 23:26:05.349423,DEV-6fcf8a67d3,PAY-454b3f27ba,ADDR-12a55439f1,solo_reseller,
CUST-9a3930de06,2026-03-29 01:56:23.228195,DEV-85fb0cf25e,PAY-ab17e9f556,ADDR-a8ef4efdc3,solo_reseller,
CUST-5583f52c86,2026-02-23 15:27:50.618026,DEV-e1bf1fa3ec,PAY-2766184ea1,ADDR-720c6b6896,solo_reseller,
CUST-933b6afd87,2025-11-14 15:41:18.174617,DEV-62f038914c,PAY-10c33d597c,ADDR-3f50595d70,solo_reseller,
CUST-5b3dac1dd7,2026-05-08 18:51:39.472221,DEV-75b99dd130,PAY-3c5ecde86d,ADDR-74a08bfefe,solo_reseller,
CUST-2a305e468e,2026-05-28 02:07:54.229205,DEV-7c0218a8f9,PAY-460b9b356c,ADDR-49a49a863b,solo_reseller,
CUST-812e405fc3,2026-02-09 03:14:19.868143,DEV-ff2c3fd2ec,PAY-1cbe1e283d,ADDR-8859154b0c,solo_reseller,
CUST-3ad918fe22,2026-01-01 06:56:13.785836,DEV-85917839b4,PAY-ca19914d01,ADDR-c91f57dce7,solo_reseller,
CUST-9f9df0eea8,2025-12-09 19:06:21.193926,DEV-d076a6fb26,PAY-ea3307544c,ADDR-4569852840,solo_reseller,
CUST-cc41c1b575,2025-11-30 10:33:41.353584,DEV-703fed859a,PAY-ba543bb8f5,ADDR-da1a666358,solo_reseller,
CUST-544f42ba5f,2026-03-16 17:17:09.603127,DEV-5b3b93167d,PAY-61e6f9f24a,ADDR-75520d4479,solo_reseller,
CUST-61b0a9bfaa,2026-04-04 03:37:08.674701,DEV-1902db026e,PAY-b05f63cc7a,ADDR-6cdc053bef,solo_reseller,
CUST-8242fb6008,2026-05-23 09:27:50.894514,DEV-ab65fb627c,PAY-aaca55221a,ADDR-8ecae8c059,solo_reseller,
CUST-7b32e26a19,2026-01-19 15:16:58.944061,DEV-9137c90668,PAY-1300efe5b9,ADDR-55e9593f6f,solo_reseller,
CUST-222771e03a,2026-05-08 04:19:16.933085,DEV-7a7a9c76a9,PAY-a088ca0aac,ADDR-c010f4eb03,solo_reseller,
CUST-4f03055bb6,2026-02-04 04:37:37.735032,DEV-838fe4ac78,PAY-5fb4474749,ADDR-3bec0fe120,solo_reseller,
CUST-8349a6f87a,2026-05-13 14:15:35.951313,DEV-33fb3aa6b0,PAY-71c5aadbd1,ADDR-77b4bb94d0,solo_reseller,
CUST-b9148d29ac,2026-01-20 06:34:53.767689,DEV-a98d2b8e12,PAY-8c4a81fa51,ADDR-9a5a7bc5de,solo_reseller,
CUST-a943ea6957,2025-11-18 20:27:35.866267,DEV-6a49f90970,PAY-4c06e569c6,ADDR-4e72560f38,solo_reseller,
CUST-f93872ad2b,2026-05-23 11:17:15.565051,DEV-18b195638d,PAY-1ddb7da144,ADDR-f2b1dee872,solo_reseller,
CUST-53409f5015,2026-05-04 15:45:02.726360,DEV-64e749bd8a,PAY-65767a5448,ADDR-4458ebcdc0,solo_reseller,
CUST-338fd4e749,2025-11-29 22:16:07.046154,DEV-ca3a6c5f6b,PAY-055480ebb2,ADDR-63ea0e5fa1,solo_reseller,
CUST-3a0b79cb54,2026-05-01 15:50:39.727970,DEV-e4417f5699,PAY-7e26721932,ADDR-76490fccef,solo_reseller,
CUST-ae82449958,2025-11-26 21:54:40.187224,DEV-577925c60d,PAY-4f5c38b3b2,ADDR-44fdff1c06,solo_reseller,
CUST-d8011153be,2026-05-29 11:56:51.905152,DEV-5609ab4b2b,PAY-2c472c8bf4,ADDR-f204f29cd4,solo_reseller,
CUST-7dc8dff22e,2026-01-23 13:00:55.815090,DEV-f2d3648c59,PAY-6abbef6014,ADDR-650dfda517,solo_reseller,
CUST-8d9ec80d4b,2025-11-28 17:49:45.552381,DEV-dbd95767c2,PAY-7715098d17,ADDR-6c05d99eeb,solo_reseller,
CUST-6294c6c944,2026-05-26 12:46:15.096766,DEV-f7c0432049,PAY-6c9b6203a0,ADDR-34d22635e3,solo_reseller,
CUST-241db547de,2026-04-26 07:30:03.322117,DEV-7c4ded8b0b,PAY-b2a33a453b,ADDR-314e35a842,solo_reseller,
CUST-343b7244f5,2026-04-09 19:08:39.303200,DEV-138c614023,PAY-e7aaff8945,ADDR-5b44a5d318,solo_reseller,
CUST-51e7c16efc,2026-05-26 11:35:34.946530,DEV-f56048eb75,PAY-d4ebf5e873,ADDR-2b663c2cce,solo_reseller,
CUST-374a4b67ed,2026-02-07 05:32:22.783278,DEV-e269ce6f59,PAY-588f046d99,ADDR-57b12e322d,solo_reseller,
CUST-79fc75f885,2026-04-02 00:14:01.082597,DEV-d3acd1316b,PAY-f201c1dec0,ADDR-c257a74fc6,solo_reseller,
CUST-01d7efeeb9,2026-01-30 01:36:18.971483,DEV-0f301e99f6,PAY-53dd72ea5a,ADDR-72ab970a1e,solo_reseller,
CUST-45439087ba,2026-01-20 15:33:12.236005,DEV-e6282c9b97,PAY-1f38698e41,ADDR-09e1844c75,solo_reseller,
CUST-93b72ec932,2025-12-20 05:30:24.827800,DEV-0c4caa08d7,PAY-4061e1aac2,ADDR-b118041569,solo_reseller,
CUST-13aadff98c,2026-02-06 17:33:05.053986,DEV-5d3318dc85,PAY-f31dca599d,ADDR-82b7e9d59a,solo_reseller,
CUST-cb4fdbf7d0,2025-12-04 13:48:42.195409,DEV-dfc7efbd7c,PAY-518b11bb76,ADDR-b84475ac78,solo_reseller,
CUST-55de15c72f,2025-12-11 13:56:29.307239,DEV-8e75731a0d,PAY-36b4e31475,ADDR-03c661807f,solo_reseller,
CUST-9e98fde2f4,2026-05-04 19:02:57.120373,DEV-f4110fe865,PAY-fa791c404c,ADDR-1868587cc8,solo_reseller,
CUST-2d3266b26c,2026-04-11 18:04:09.276586,DEV-3a8910356e,PAY-7570bbb251,ADDR-f062dcab39,solo_reseller,
CUST-1f7c6924c4,2025-11-08 18:22:30.961727,DEV-378d886598,PAY-5e91a3ea6a,ADDR-4935b3dee7,solo_reseller,
CUST-c68b63556b,2026-03-20 15:23:46.811197,DEV-37afa99525,PAY-21195c1525,ADDR-5e69e3d978,solo_reseller,
CUST-ceb4d0eb2e,2026-03-11 03:12:46.671599,DEV-905af5cc16,PAY-07622f8105,ADDR-be8fc81b3b,solo_reseller,
CUST-ccb2efc8d4,2026-05-17 14:38:21.008914,DEV-ad0121820f,PAY-444de5e26c,ADDR-e07ef3fde8,solo_reseller,
CUST-d1414834ff,2026-05-07 16:46:06.108482,DEV-ddd026eacd,PAY-6d2ee400a9,ADDR-ae7f21cb85,solo_reseller,
CUST-51da75dcec,2025-12-22 12:57:29.240934,DEV-4bd9fa1633,PAY-ceb2d3fc66,ADDR-432c9db083,solo_reseller,
CUST-0ac8d87c4b,2025-11-16 03:08:46.142027,DEV-216d23366d,PAY-c9bed6dcd9,ADDR-daa1113cae,solo_reseller,
CUST-1ebe33cbf4,2026-03-06 17:28:42.611865,DEV-d70959267b,PAY-a28beca3cf,ADDR-e7ca80a1aa,solo_reseller,
CUST-510be49879,2026-02-03 18:03:46.706015,DEV-4df89ce4e3,PAY-e1b944666d,ADDR-f435301e63,solo_reseller,
CUST-2023bd8f18,2026-03-23 02:59:56.867410,DEV-6a3a817151,PAY-5bcee1f870,ADDR-eb753f64e5,solo_reseller,
CUST-588c518ee5,2026-05-04 03:57:02.108316,DEV-8db7907344,PAY-aa9233ea24,ADDR-5a8717ceb3,solo_reseller,
CUST-cf62e47e16,2025-12-23 09:27:36.439707,DEV-5348b30c5b,PAY-aa797f4d5d,ADDR-313a6d134f,solo_reseller,
CUST-0a017be95d,2025-11-11 06:57:11.230136,DEV-c9ecfdbfeb,PAY-5dd3c95f7f,ADDR-cb1217783a,solo_reseller,
CUST-555bcc1fa0,2026-02-02 04:22:21.251628,DEV-a4204b4e5d,PAY-41e6c6c497,ADDR-e48c7037ca,solo_reseller,
CUST-7db8574fad,2026-02-23 08:23:21.972816,DEV-b9aa1732b0,PAY-823d8f8683,ADDR-8fa3c45547,solo_reseller,
CUST-27bbdc1fed,2026-04-09 10:06:14.299511,DEV-edfcbd534c,PAY-98b65438ec,ADDR-2b8279d559,solo_reseller,
CUST-3c83951574,2026-04-13 23:21:38.347856,DEV-4b61eebd78,PAY-9c4def64fa,ADDR-adf103bf3a,solo_reseller,
CUST-c4e843d17f,2025-12-01 10:16:59.874885,DEV-a8c3f3c6bf,PAY-232664ed31,ADDR-7351dc21e4,solo_reseller,
CUST-8524e2e555,2026-05-29 15:09:23.557914,DEV-6597512797,PAY-39fcefbd68,ADDR-7e4b23e966,solo_reseller,
CUST-8fe4614018,2025-12-21 04:10:26.567018,DEV-d83f4c3cc4,PAY-7b7df8fb3c,ADDR-cf49e105ff,solo_reseller,
CUST-6756d9f418,2026-05-13 10:38:27.768958,DEV-63ee130f7e,PAY-45a014fd29,ADDR-2869d83c7b,solo_reseller,
CUST-8c6a5a251a,2026-03-02 23:35:45.928769,DEV-b31ada2ef1,PAY-b44ccba385,ADDR-bc80439e46,solo_reseller,
CUST-6d52bed99d,2026-03-03 06:28:23.036790,DEV-f4c02fccb1,PAY-a06b589b7e,ADDR-8531d75e66,solo_reseller,
CUST-efaa326c76,2026-04-13 05:35:33.327276,DEV-4bf61b9c28,PAY-980ec2affc,ADDR-bdd0a3188d,solo_reseller,
CUST-aa003bf09a,2026-04-22 20:38:51.882052,DEV-e273cdc28f,PAY-a2030720e7,ADDR-bd3a5b6921,solo_reseller,
CUST-a6c4bc3e30,2025-12-21 17:59:46.806989,DEV-365c71d446,PAY-312395a4b6,ADDR-320e8e74c0,solo_reseller,
CUST-e214ea497a,2026-05-05 00:20:30.997522,DEV-041a16d983,PAY-29ea7906f6,ADDR-0a1f916c19,solo_reseller,
CUST-c183b16a2c,2026-05-27 23:54:20.253797,DEV-095cac257a,PAY-00775ac380,ADDR-f80e2ef53d,solo_reseller,
CUST-7d8f63cd5b,2026-02-19 11:06:19.128583,DEV-15397cd3aa,PAY-809ff6534b,ADDR-229b2cf965,solo_reseller,
CUST-686a25a1a5,2026-01-27 20:20:36.385771,DEV-92ac89eef6,PAY-c0afcd2a67,ADDR-ac322401c9,solo_reseller,
CUST-d534992381,2025-12-29 18:46:32.733708,DEV-6a563d69d7,PAY-f187fe4285,ADDR-fda938a37e,solo_reseller,
CUST-97739acc4f,2026-02-26 21:51:33.534901,DEV-44f9542a16,PAY-fccee07b50,ADDR-1ca37699a6,solo_reseller,
CUST-2870b7c324,2026-03-06 06:00:08.265972,DEV-3964d8b636,PAY-490243bf3d,ADDR-150b5fa785,solo_reseller,
CUST-c78ca879c2,2026-04-05 09:28:08.511578,DEV-e95ff07e94,PAY-2527793f04,ADDR-716713c2eb,solo_reseller,
CUST-c01bcae953,2025-12-08 18:40:16.567835,DEV-9ecc4f50e2,PAY-ac27084c90,ADDR-50c8fd2032,solo_reseller,
CUST-ed7efbb602,2026-03-24 12:54:02.236906,DEV-353330d054,PAY-a62c0c02d9,ADDR-4f0748c1dd,solo_reseller,
CUST-edb0bf38b3,2026-02-26 17:29:14.483608,DEV-7224c569f7,PAY-9ca574e652,ADDR-4002aaae6b,solo_reseller,
CUST-2c3826c801,2025-11-11 20:17:45.055105,DEV-989c3d7358,PAY-761b6cd4e4,ADDR-d503b961f0,solo_reseller,
CUST-58dfcb686d,2026-01-13 07:51:02.671394,DEV-ba1bc25c58,PAY-84553e4344,ADDR-8177bebb47,solo_reseller,
CUST-940a77882e,2026-03-17 02:18:46.688922,DEV-1984886aca,PAY-150d76c00b,ADDR-08a72208af,solo_reseller,
CUST-2a7561160b,2026-01-21 01:01:09.651401,DEV-52d39d4ac4,PAY-c01258330b,ADDR-5551a16dde,solo_reseller,
CUST-464df92045,2026-02-20 03:17:37.758694,DEV-92a41fd5c3,PAY-4d2ecef615,ADDR-f223453884,solo_reseller,
CUST-4c0fc85892,2026-03-28 05:23:39.742216,DEV-535645a303,PAY-5183e9e586,ADDR-1ac15d0a58,solo_reseller,
CUST-cedd35a464,2026-01-26 17:37:34.504396,DEV-113933981d,PAY-cd3a1c0926,ADDR-d79cc49933,solo_reseller,
CUST-668712945c,2026-01-03 23:26:16.843036,DEV-b1a5947f10,PAY-638010c8ba,ADDR-228b5b4323,solo_reseller,
CUST-af64862be8,2025-12-10 14:45:00.190390,DEV-60a2f64e71,PAY-270954fc19,ADDR-ed54ee5869,solo_reseller,
CUST-566fd5e05f,2026-02-22 23:09:30.429107,DEV-4ffa6f787a,PAY-69a0707098,ADDR-322caec40e,solo_reseller,
CUST-72ca998a70,2025-12-22 14:28:46.821417,DEV-2bfbdfee54,PAY-ec511c6198,ADDR-7a0c3725cd,solo_reseller,
CUST-77dd15ffda,2025-12-19 07:44:11.485805,DEV-613dba3370,PAY-668a1e0437,ADDR-c7a15d8274,solo_reseller,
CUST-3e45222873,2026-05-01 02:00:28.232669,DEV-ba569991d4,PAY-0874841261,ADDR-afc9d00479,solo_reseller,
CUST-41aa4d37d3,2025-12-02 07:31:58.136853,DEV-51dcad79e1,PAY-0410659c9c,ADDR-5fce64f6cf,solo_reseller,
CUST-06526e35a7,2026-02-07 05:38:48.493943,DEV-bccaaf1267,PAY-44a84982dd,ADDR-9502a1ac29,solo_reseller,
CUST-9ff394236c,2025-11-14 02:25:28.666943,DEV-859b04960d,PAY-a55c263c0b,ADDR-4eb018548f,solo_reseller,
CUST-148d1f52e5,2026-01-27 15:53:40.360073,DEV-89a8136a3c,PAY-5cb9acb3f5,ADDR-f6ba4fb7de,solo_reseller,
CUST-f299834e9f,2026-01-28 11:11:58.732686,DEV-37ca624c2a,PAY-12b64c602d,ADDR-d263b5c3ec,solo_reseller,
CUST-7e9a6fdc9f,2026-02-21 07:09:31.473272,DEV-e33224ccf9,PAY-687754501d,ADDR-8ddd6dca83,solo_reseller,
CUST-a800c9384f,2026-01-22 13:37:55.221563,DEV-bde5bf2da0,PAY-68209f6816,ADDR-acf2f52684,solo_reseller,
CUST-ce8398a635,2025-12-25 13:10:40.993903,DEV-2018f9c89d,PAY-b7004c6596,ADDR-cdffcccf42,solo_reseller,
CUST-81f90fc2bb,2026-01-10 08:31:31.756316,DEV-561a67d0a5,PAY-9d27714917,ADDR-1e5fe75546,solo_reseller,
CUST-0584e7bfba,2025-11-18 14:30:53.943515,DEV-6e0d1f9cdd,PAY-87cb5c79e8,ADDR-380f1c3931,solo_reseller,
CUST-ba79dbe06d,2026-02-04 10:55:32.167846,DEV-733601bdfb,PAY-baded8e06f,ADDR-9d1263b866,solo_reseller,
CUST-fb741a3761,2026-01-18 22:13:50.042464,DEV-0ff96fd79e,PAY-06edc4acb0,ADDR-d11c022364,solo_reseller,
CUST-fbc1078e04,2026-02-22 11:36:11.171484,DEV-4a68821978,PAY-3a8d81aeb6,ADDR-bf8be20de6,solo_reseller,
CUST-eae25b1411,2026-04-25 04:12:27.638942,DEV-0403502fe1,PAY-5a5478f678,ADDR-df7fdeceb3,solo_reseller,
CUST-ec77107dc3,2025-11-12 19:44:40.598645,DEV-4d5ef0bd16,PAY-905f6ff05a,ADDR-eb7500f975,solo_reseller,
CUST-56190c81ad,2026-01-20 04:55:35.737699,DEV-05c6811e3d,PAY-356644d047,ADDR-978fd8c906,solo_reseller,
CUST-2b67960b4e,2026-03-09 01:02:45.635170,DEV-5ac6114775,PAY-53c792272d,ADDR-6ff178ff4e,solo_reseller,
CUST-e5ad22296d,2025-11-10 07:19:10.823532,DEV-f5f57c66fb,PAY-0af416e3ea,ADDR-2c87d9375e,solo_reseller,
CUST-e7484fa29c,2025-11-17 06:49:58.853991,DEV-5705bf58d4,PAY-6136c2c075,ADDR-2792ed25f4,solo_reseller,
CUST-6707578eb6,2026-04-19 23:26:20.810280,DEV-7efdf9d5ae,PAY-9b4cf1b25c,ADDR-c9e7f7085d,solo_reseller,
CUST-25c809963a,2026-03-05 09:25:18.450089,DEV-e4ed9983ae,PAY-0256d18b01,ADDR-62d1a2f9ba,solo_reseller,
CUST-1a4a3d1da9,2026-03-23 00:06:38.275439,DEV-cb6b00c673,PAY-8a55653d4c,ADDR-2bddb52881,solo_reseller,
CUST-105d13b82a,2025-12-17 13:45:47.769503,DEV-9b373e927c,PAY-783b28549c,ADDR-3fec808015,solo_reseller,
CUST-1599c18c35,2025-12-15 20:48:03.622692,DEV-493d902519,PAY-8f4381f7c9,ADDR-2a56a1f7ec,solo_reseller,
CUST-f549d7d223,2026-05-11 11:26:43.622768,DEV-294bd40ba5,PAY-58342de1af,ADDR-fea27d840e,solo_reseller,
CUST-c37d8150fd,2026-01-04 16:04:03.537052,DEV-948eaaeecc,PAY-9e85b44d88,ADDR-d0c7d464a5,solo_reseller,
CUST-6fd01c7d7c,2026-05-11 21:19:50.051864,DEV-2cee912ba2,PAY-e5aaacebac,ADDR-b1ea49c103,solo_reseller,
CUST-f3e61e5e4b,2025-12-16 11:30:40.216057,DEV-f0c99e63a1,PAY-4ac8874f06,ADDR-d70e979c77,solo_reseller,
CUST-f4957559cc,2025-12-11 21:43:09.969801,DEV-ff8b1537ba,PAY-335704f362,ADDR-497fe8055e,solo_reseller,
CUST-897d77479e,2026-04-06 17:02:06.083545,DEV-50a03d4fad,PAY-db84e33f09,ADDR-a793b38e1c,solo_reseller,
CUST-ba920e2f69,2026-04-07 20:16:16.702966,DEV-5facc593f5,PAY-73ac590e11,ADDR-277e505a22,solo_reseller,
CUST-38c7ef8450,2026-04-09 09:49:37.000033,DEV-c157670449,PAY-7c126bb689,ADDR-f8a2c0429a,solo_reseller,
CUST-af8dad3706,2026-05-13 00:47:02.888696,DEV-db01db6b51,PAY-6cdb66a583,ADDR-4b4d7422e5,solo_reseller,
CUST-624e971dca,2026-03-28 01:57:23.327831,DEV-be404bca4f,PAY-37607966b4,ADDR-6b79a56e4f,solo_reseller,
CUST-b9915d05ae,2026-03-29 18:59:37.164068,DEV-868de7ac1a,PAY-9e4036e239,ADDR-0cb234e02c,solo_reseller,
CUST-4246994f93,2026-01-24 07:01:32.092580,DEV-9822590828,PAY-76a39e4903,ADDR-42bce9be93,solo_reseller,
CUST-8a224ca445,2025-12-22 06:13:40.919425,DEV-2adf44b4f4,PAY-d8b2755175,ADDR-48abb98dfd,solo_reseller,
CUST-254893c4c9,2026-01-08 12:56:22.720164,DEV-b0fb3ddf95,PAY-4e9598795b,ADDR-af21219a03,solo_reseller,
CUST-cfd956d94b,2025-12-31 10:37:06.079806,DEV-7b1ad375cf,PAY-01795c950c,ADDR-9971ec182e,solo_reseller,
CUST-60ec055f5d,2026-02-07 21:54:08.361583,DEV-0b2292cc23,PAY-15cf134e31,ADDR-987db0c719,solo_reseller,
CUST-531c66147e,2026-03-18 05:33:19.992871,DEV-856e72a667,PAY-2ef01e3cad,ADDR-f11eaf409c,solo_reseller,
CUST-1e9716f39e,2026-01-05 18:26:53.926102,DEV-ad41ade1d6,PAY-61bcd70e41,ADDR-1dede68bc4,solo_reseller,
CUST-b66934c3df,2026-01-16 12:36:31.948644,DEV-581cdf5bcf,PAY-dad0476f03,ADDR-13d4d32d2e,solo_reseller,
CUST-260d08ace3,2026-05-06 09:22:20.063657,DEV-88cc5d71dc,PAY-6e63df22b2,ADDR-c3d69a840b,solo_reseller,
CUST-57468a3e46,2026-02-07 20:39:37.789905,DEV-6c49de9837,PAY-d17b7da54f,ADDR-194fb65fc1,solo_reseller,
CUST-e00edcb666,2026-04-19 14:11:44.786302,DEV-b0dd192130,PAY-f63731761d,ADDR-e8125a9305,solo_reseller,
CUST-5a1152c219,2026-04-02 16:57:51.871901,DEV-d46549659b,PAY-2a6ecb6a4c,ADDR-8f600edebb,solo_reseller,
CUST-1b857c50a3,2026-04-10 22:36:36.019155,DEV-894f55cd9d,PAY-a42d88ac8f,ADDR-d6c2634c1b,solo_reseller,
CUST-1b4366f329,2026-01-08 05:58:32.719208,DEV-d4e53d92b8,PAY-76629c3be4,ADDR-eedd0bac7c,solo_reseller,
CUST-8c3cd23abd,2025-12-14 15:45:45.201347,DEV-18b7a4dd17,PAY-e24b79d7a5,ADDR-36f98df9e6,solo_reseller,
CUST-a8befde676,2026-01-06 17:07:37.110381,DEV-eda7fd74ee,PAY-1e493d2b0c,ADDR-fdbcfc83f5,solo_reseller,
CUST-f9a396b5e1,2025-11-11 14:24:21.088169,DEV-7e0ce5399a,PAY-0423aae145,ADDR-9d22acee12,solo_reseller,
CUST-9878eee37c,2026-05-02 10:59:15.363622,DEV-7b55846132,PAY-e28c9465b4,ADDR-485b7bac3d,solo_reseller,
CUST-2aad787b43,2026-04-06 15:54:43.159432,DEV-3f0975c0e3,PAY-6b650b6fe9,ADDR-117de4c1e4,solo_reseller,
CUST-17e2a303b6,2025-11-05 09:44:53.883767,DEV-47b0e42588,PAY-baaa38bae7,ADDR-517c3d9c82,solo_reseller,
CUST-a329de9312,2026-02-26 04:41:25.008909,DEV-0408deac8c,PAY-ee871fbb0b,ADDR-2b985c443a,solo_reseller,
CUST-f13f1b5ff1,2026-03-04 15:31:14.777597,DEV-220bcb1fb6,PAY-efde85187e,ADDR-47d3f67152,solo_reseller,
CUST-21dc7505d6,2026-04-02 04:51:36.598522,DEV-43adcb0fa9,PAY-e35a1720d1,ADDR-20b4091c9e,solo_reseller,
CUST-dd933e538d,2026-01-02 23:46:08.864540,DEV-40c9390973,PAY-5c0d2f83ff,ADDR-b99daf7cf3,solo_reseller,
CUST-4624534205,2025-12-13 04:48:23.705796,DEV-a7f3927d38,PAY-ee51b85399,ADDR-f82665c025,solo_reseller,
CUST-f437f52377,2025-12-20 07:17:37.950203,DEV-74ec708a87,PAY-b40ee644a1,ADDR-176fa1c886,solo_reseller,
CUST-265e19ac93,2026-03-01 15:44:20.918502,DEV-22c90b048d,PAY-a43cf00947,ADDR-19dc690224,solo_reseller,
CUST-0d1b00427c,2025-12-23 14:28:45.417114,DEV-a50340c7a4,PAY-ccecf84032,ADDR-5981e76be8,solo_reseller,
CUST-ce2cdd886d,2026-02-25 15:14:18.109990,DEV-18a6ff3046,PAY-9cd47fab0f,ADDR-b12ae41341,solo_reseller,
CUST-ae0f7ebcc0,2026-05-19 03:03:40.705344,DEV-5df4b2d8be,PAY-5ea2c98e86,ADDR-d8fbf8c98e,solo_reseller,
CUST-d391708787,2026-01-11 21:19:26.369558,DEV-29bc14d9e1,PAY-9e57a9b3b9,ADDR-6516c066ff,solo_reseller,
CUST-41fbf7f9b2,2026-04-11 07:20:15.192090,DEV-d68e23019d,PAY-1d7e103f21,ADDR-15c418e0c9,solo_reseller,
CUST-81b5ee6546,2026-02-12 14:39:01.248086,DEV-d0e49c63a9,PAY-c22ae4566d,ADDR-aa28068675,solo_reseller,
CUST-5aa31a9859,2026-04-02 22:43:55.379420,DEV-f0ad406fe4,PAY-8209052276,ADDR-9d1a383aef,solo_reseller,
CUST-2e53c20113,2026-04-06 07:33:15.180933,DEV-f0dd55ba98,PAY-f6e4f56f68,ADDR-f7f1636845,solo_reseller,
CUST-ec2f319b19,2026-02-06 18:34:41.347844,DEV-8c47a89dc0,PAY-020cabc6e5,ADDR-a6d248da0b,solo_reseller,
CUST-787158f2ce,2026-04-04 21:10:19.468582,DEV-3e976191c1,PAY-b786ee9a6d,ADDR-cb656d81ca,solo_reseller,
CUST-2f131c4757,2026-01-14 22:58:04.398216,DEV-2b2b541757,PAY-edf97359f2,ADDR-45ea455311,solo_reseller,
CUST-18bba2717c,2025-12-01 09:23:27.542567,DEV-1eaf13affd,PAY-9fb79ddf26,ADDR-8042da3242,solo_reseller,
CUST-0b0c03e9f2,2026-02-24 18:35:36.588401,DEV-b0407245a6,PAY-dc52d373e0,ADDR-cc6e5b7495,solo_reseller,
CUST-a36c8c59dd,2025-12-10 15:36:02.790795,DEV-fd85da797f,PAY-978368f4cb,ADDR-44f2cff398,solo_reseller,
CUST-c0e40fc407,2026-05-07 18:23:50.027149,DEV-b606063139,PAY-ac2fb4c058,ADDR-ca2955a251,solo_reseller,
CUST-8b6de25f67,2026-05-28 23:13:50.325724,DEV-7b8cce025a,PAY-f6ae10a97b,ADDR-2608f90440,solo_reseller,
CUST-9c3ad47498,2026-05-22 00:28:26.203151,DEV-35464254de,PAY-802a0907de,ADDR-ee426812ee,solo_reseller,
CUST-ebd48c436d,2026-02-20 00:40:47.473092,DEV-69e9f19a05,PAY-3b72d81d13,ADDR-d41852cf6b,solo_reseller,
CUST-a559db865a,2026-04-27 04:54:18.747787,DEV-e9cc1e8025,PAY-63ccec8208,ADDR-41ea6195de,solo_reseller,
CUST-b9ecb8e7c7,2025-11-17 14:37:30.985222,DEV-ae0dc02e7b,PAY-6ee13425cb,ADDR-ed302c3694,solo_reseller,
CUST-0f2c8c6fe2,2026-04-22 18:41:57.806549,DEV-2b1a91a065,PAY-69f6b9dc64,ADDR-f0033073dc,solo_reseller,
CUST-015f067531,2025-11-12 04:30:45.168300,DEV-54f7aa257d,PAY-17d3467774,ADDR-a13ccacf5f,solo_reseller,
CUST-48515bdb12,2025-11-03 08:10:28.110653,DEV-ae4ced3a3f,PAY-16008d6639,ADDR-537d2bd3b4,solo_reseller,
CUST-c9ef829212,2025-11-30 20:57:26.329337,DEV-498f25ff7c,PAY-590c2d1f47,ADDR-953eb3e3c7,solo_reseller,
CUST-af9e89fd47,2026-03-14 10:44:10.700098,DEV-2289ae00c7,PAY-1a907e848b,ADDR-da3372694f,solo_reseller,
CUST-6dbda8b053,2025-11-16 06:33:30.333577,DEV-eec6869ad1,PAY-0c91745860,ADDR-5b8353d29f,solo_reseller,
CUST-2f785d26bf,2025-12-03 17:11:21.905456,DEV-a4060335e1,PAY-6010ae1939,ADDR-64828e1c7e,solo_reseller,
CUST-eee90bc87a,2025-12-17 22:20:49.737013,DEV-6319730e62,PAY-e3a4844895,ADDR-4245e9c30c,solo_reseller,
CUST-ddefee5c7d,2026-02-05 18:17:19.252378,DEV-18bf4129a2,PAY-c7dc79fe33,ADDR-74284d9282,solo_reseller,
CUST-f775d55470,2025-11-14 16:40:06.957558,DEV-055cd0873d,PAY-da792a012f,ADDR-c184b6f966,solo_reseller,
CUST-e9874e6e75,2026-03-15 22:09:07.568905,DEV-3c3c0f9700,PAY-ac14f7b70f,ADDR-add4d60576,solo_reseller,
CUST-4458abbd28,2026-05-17 02:52:29.115602,DEV-6221c94850,PAY-9c8b5b5690,ADDR-c8f9241f2c,solo_reseller,
CUST-7c0a59de6f,2026-05-12 16:16:02.394709,DEV-a089964f2b,PAY-d747fc96de,ADDR-f4ccccbc15,solo_reseller,
CUST-3a7f1d3a99,2026-03-20 10:47:35.101064,DEV-cc4766991f,PAY-da4b43827a,ADDR-f04e9c5501,solo_reseller,
CUST-9630f7c01a,2025-11-05 07:17:17.178075,DEV-085e3584a9,PAY-f05347a252,ADDR-47879a1dcc,solo_reseller,
CUST-3e95dc6ee6,2026-02-21 18:21:03.328071,DEV-0e08f8ed81,PAY-97d65c69a7,ADDR-bca57e4de3,solo_reseller,
CUST-b941f009ba,2026-01-27 09:08:45.893097,DEV-dd38965198,PAY-c9f80e629d,ADDR-438ea1764e,solo_reseller,
CUST-7d363f3c25,2025-11-05 12:17:59.222102,DEV-afa68c219b,PAY-3c07f0924f,ADDR-d8935eb24f,solo_reseller,
CUST-796ef060d2,2026-04-02 15:51:04.741177,DEV-d0892bf581,PAY-fb340d5a3a,ADDR-f6d162bd22,solo_reseller,
CUST-2cbb09ab0c,2026-02-22 12:07:12.139452,DEV-347be5ca1b,PAY-bbb678e436,ADDR-5b8e17fe99,solo_reseller,
CUST-d47430685b,2026-01-01 04:54:36.806860,DEV-45388c882f,PAY-a370649c39,ADDR-4877fcd2ed,solo_reseller,
CUST-7f45aac667,2026-02-15 11:10:07.689061,DEV-87ab610967,PAY-0c74dea1ee,ADDR-5a3640ba87,solo_reseller,
CUST-7d32265de1,2026-03-28 13:12:35.078882,DEV-8b42571dd5,PAY-d3732cf9ff,ADDR-58bab9d7e1,solo_reseller,
CUST-baa3cbecfb,2026-01-31 10:05:20.298218,DEV-c3816fbf44,PAY-0cc51d353d,ADDR-6b5c67fca5,solo_reseller,
CUST-92a60a6a33,2026-05-18 08:08:52.945738,DEV-aca74c4a31,PAY-6b41d94b1f,ADDR-553c326417,solo_reseller,
CUST-aeb2747c31,2025-12-09 15:30:17.563409,DEV-b543004ce8,PAY-9f9173a85a,ADDR-1c9fc496b8,solo_reseller,
CUST-95b7888cef,2026-05-13 18:57:58.233864,DEV-7efef99773,PAY-69296884dd,ADDR-0c55e44ae7,solo_reseller,
CUST-2459583e15,2026-02-20 02:54:08.719841,DEV-99db84d10c,PAY-c02cb7454c,ADDR-b5bf8f001b,solo_reseller,
CUST-7f5777c563,2025-12-22 14:28:58.493496,DEV-a59d2f2b76,PAY-3dfaa85258,ADDR-6d5805901f,solo_reseller,
CUST-f654086e31,2026-03-12 03:41:43.604722,DEV-8a791757f3,PAY-9f5bb3e7be,ADDR-2536174e74,solo_reseller,
CUST-7f1256e505,2025-12-25 00:11:15.753934,DEV-1cde41426e,PAY-33cb28441c,ADDR-3374971037,solo_reseller,
CUST-c86cd917f2,2026-01-15 10:22:59.334014,DEV-87dfeed99b,PAY-97d16309a4,ADDR-3af2b09b59,solo_reseller,
CUST-74db14eba4,2026-04-17 22:28:44.809322,DEV-598db22984,PAY-9a004f1a28,ADDR-5c94dbec02,solo_reseller,
CUST-da9b1da1d8,2025-11-18 14:15:25.159769,DEV-997ea0bda0,PAY-77fbe5b3dc,ADDR-04bd9d2c1b,solo_reseller,
CUST-2d6c8ad8d1,2026-05-22 10:51:39.177031,DEV-faeae22b3b,PAY-b9bbc905ea,ADDR-829e7757f6,solo_reseller,
CUST-d15bb782e6,2026-02-06 09:20:55.095281,DEV-158edc98ee,PAY-60d016f7b3,ADDR-f73cb90541,solo_reseller,
CUST-e8bf8423ca,2025-12-23 01:46:04.032236,DEV-933c358cfb,PAY-abcccbbfac,ADDR-c075318f7f,solo_reseller,
CUST-1a6034379b,2026-03-28 10:04:15.719295,DEV-634fe01018,PAY-cc10decb2e,ADDR-0fbda12c02,solo_reseller,
CUST-7d9e3d2433,2026-01-03 23:52:19.874328,DEV-11a5f18056,PAY-d2427117ef,ADDR-21b65b7581,solo_reseller,
CUST-9c9620e7f9,2026-04-24 21:25:58.356176,DEV-a7fbf5a3d0,PAY-0f28aff500,ADDR-f675b2e401,solo_reseller,
CUST-a594286f7a,2025-11-18 22:18:33.371198,DEV-666f9adeab,PAY-fdfe2c8f41,ADDR-9b690052e9,solo_reseller,
CUST-279f24a9f1,2026-05-29 06:02:25.852664,DEV-67af8c2fb4,PAY-47c6ad266b,ADDR-b270a1eec4,solo_reseller,
CUST-38b0a0ba86,2026-03-18 11:28:04.933349,DEV-22172129e0,PAY-9b65fdec31,ADDR-164292e2af,solo_reseller,
CUST-8c36fd5cea,2025-11-08 15:41:23.634332,DEV-f1932956d6,PAY-a555fbe878,ADDR-3ea289a69c,solo_reseller,
CUST-346ac3805c,2026-01-26 02:36:09.440804,DEV-db60bfdf64,PAY-9c00737bc4,ADDR-8f1587e76a,solo_reseller,
CUST-519b9077f1,2026-01-20 04:56:04.650579,DEV-68e070a60f,PAY-ef58eb3f03,ADDR-79ef547039,solo_reseller,
CUST-4e258b85f8,2026-02-09 23:03:56.536793,DEV-f6cf646f4a,PAY-fb77f2e9a3,ADDR-b90ce7e02f,solo_reseller,
CUST-7500a31e8b,2026-03-15 17:12:37.082882,DEV-f158287c62,PAY-4319af0fab,ADDR-340e5513e4,solo_reseller,
CUST-ac6d1a1afa,2026-03-29 14:20:22.401947,DEV-f73559ba12,PAY-13fb0ca447,ADDR-48ef9ff793,solo_reseller,
CUST-7e1f91b850,2025-11-19 08:44:17.006745,DEV-19e92dd9de,PAY-029305df3f,ADDR-a20a012dbd,solo_reseller,
CUST-4999e336f3,2026-04-28 12:27:43.792140,DEV-62deccefe3,PAY-7788474a44,ADDR-5c8403dc6d,solo_reseller,
CUST-547ff023de,2026-03-17 10:19:56.997819,DEV-5114a944ac,PAY-ddf350f812,ADDR-93c04486d8,solo_reseller,
CUST-e170a25956,2026-01-10 13:36:14.074707,DEV-29f9e93761,PAY-f359b572f7,ADDR-848d14fc44,solo_reseller,
CUST-99783c2547,2026-05-26 05:44:21.427370,DEV-12fc379fdc,PAY-6db91816af,ADDR-160e4a33f6,solo_reseller,
CUST-c0feab86fd,2026-05-25 12:09:08.344820,DEV-8e75992ca1,PAY-ca05592f43,ADDR-2432d63160,solo_reseller,
CUST-d2e1a7839f,2026-05-08 21:44:51.753117,DEV-edfe5403d3,PAY-3b0ba6951f,ADDR-7f04f9ef1a,solo_reseller,
CUST-76670fd572,2026-05-14 00:31:37.796947,DEV-fde7fe4017,PAY-f990e4cd76,ADDR-7066c0180c,stealth_reseller,
CUST-2cee9e5d0c,2025-12-20 06:01:23.323401,DEV-20900b5e94,PAY-c3a3678744,ADDR-328975d808,stealth_reseller,
CUST-82c212b5c9,2026-05-10 06:24:56.568542,DEV-ec8e24d806,PAY-21e9211caa,ADDR-0f6e72321b,stealth_reseller,
CUST-1a522417c2,2026-03-27 09:07:48.254720,DEV-ab50ca6577,PAY-986c1de8e2,ADDR-b972efe167,stealth_reseller,
CUST-e6564468d8,2026-03-01 00:35:31.562998,DEV-be09992d44,PAY-7767f4ff33,ADDR-0aba5f73a8,stealth_reseller,
CUST-f8de31a20d,2025-12-28 22:19:08.636341,DEV-8fd816b5fe,PAY-e5ff656025,ADDR-8cfe21793a,stealth_reseller,
CUST-ebd990eef5,2026-05-15 01:45:45.733346,DEV-ca4fda1d17,PAY-90c2fb300a,ADDR-f551975f49,stealth_reseller,
CUST-0a8201b55c,2026-03-25 17:31:15.121404,DEV-a142ca6a2a,PAY-772eb6ed54,ADDR-b146b9487f,stealth_reseller,
CUST-ffc82e59bf,2025-12-30 21:04:47.961652,DEV-f673c60ef5,PAY-3144764023,ADDR-2a3a6cd800,stealth_reseller,
CUST-9610094faa,2026-02-24 00:52:28.990419,DEV-af5c36cc95,PAY-d95b5416b5,ADDR-5c980adece,stealth_reseller,
CUST-9d9c9fecf4,2026-03-20 04:52:14.059252,DEV-7befded02a,PAY-781996419c,ADDR-850257d30f,stealth_reseller,
CUST-19aa38e5b0,2025-12-09 15:56:48.106425,DEV-97b083075e,PAY-54b20b3e1b,ADDR-0b60f3266e,stealth_reseller,
CUST-84b0061abe,2026-04-29 14:09:18.376291,DEV-6297a30e7a,PAY-244780283c,ADDR-6996fe1ecb,stealth_reseller,
CUST-c1088b760f,2025-11-05 06:55:00.479162,DEV-b99df437e6,PAY-877bc4d297,ADDR-b1854bb8fe,stealth_reseller,
CUST-d7717b59f4,2025-12-15 12:04:36.845991,DEV-8a85f42561,PAY-946a789fcc,ADDR-4463701c2b,stealth_reseller,
CUST-4083d3b3d4,2025-12-02 06:43:31.687929,DEV-53d67164a5,PAY-34f3c88e4f,ADDR-f4c8848fc5,stealth_reseller,
CUST-9a165d3835,2026-04-23 08:16:52.813498,DEV-6c21f8554f,PAY-731ea3a66b,ADDR-a1e30cc9c5,stealth_reseller,
CUST-5fb9eba320,2026-04-23 09:20:52.923974,DEV-fd6a2a634e,PAY-28cfd3f4b5,ADDR-1e51d8f562,stealth_reseller,
CUST-476aba291d,2026-05-16 01:31:46.915956,DEV-3d7aec1c08,PAY-0379a41f8f,ADDR-1d20c39277,stealth_reseller,
CUST-5340824460,2026-01-03 20:21:19.884555,DEV-8c18725bf3,PAY-501fd680ea,ADDR-b11384d520,stealth_reseller,
CUST-1dff89a02a,2026-02-28 10:20:57.573974,DEV-4fee936e3e,PAY-4756d28a24,ADDR-3529abbb35,stealth_reseller,
CUST-924a048cb0,2026-03-01 00:08:50.770504,DEV-be9dbe4869,PAY-7b19619f8c,ADDR-0777a4e1e1,stealth_reseller,
CUST-a705d8f69c,2026-04-29 09:11:23.364451,DEV-de8b086aa7,PAY-20a4bd4889,ADDR-bfe1375e45,stealth_reseller,
CUST-ce513f3d42,2026-03-24 04:15:22.420867,DEV-770ac4aa34,PAY-c30d9f72e7,ADDR-75d0c457e9,stealth_reseller,
CUST-8503e74460,2026-02-23 12:26:04.748166,DEV-e94f8d8af7,PAY-506f056bc1,ADDR-0408ea5522,stealth_reseller,
CUST-90ea3b19e6,2026-01-21 14:35:05.708320,DEV-38d0de9d58,PAY-3e4a89e670,ADDR-49f457bd3a,stealth_reseller,
CUST-f0b71e1b5a,2026-04-06 08:18:56.381186,DEV-425fc67ad7,PAY-530a586c9a,ADDR-cea9e576b4,stealth_reseller,
CUST-a36a66c078,2026-04-17 00:06:37.258488,DEV-b2209155c0,PAY-a806da11d2,ADDR-fe78756c10,stealth_reseller,
CUST-ccb7b8b201,2026-03-26 18:07:30.459242,DEV-ed924772a9,PAY-6b26fa7462,ADDR-3f5fafbee5,stealth_reseller,
CUST-aaaa0c6fd9,2025-11-18 11:16:32.025840,DEV-19b494cdeb,PAY-1b052332d0,ADDR-377244b1b7,stealth_reseller,
CUST-189787966c,2026-04-07 13:06:03.847409,DEV-38a9869747,PAY-5b3c6fa9ee,ADDR-0699d87848,stealth_reseller,
CUST-a8be560c73,2026-01-13 15:07:54.735080,DEV-42a373f53b,PAY-fb454a4df5,ADDR-1b92a3629d,stealth_reseller,
CUST-03eb225edb,2025-11-22 12:20:10.925824,DEV-1f6b3367e0,PAY-cd8435168b,ADDR-ff007772d4,stealth_reseller,
CUST-7cc070dc77,2025-12-20 18:00:20.815737,DEV-ed9b00d733,PAY-e71798dd0d,ADDR-248c9a35c3,stealth_reseller,
CUST-11ccae1212,2025-11-17 23:07:55.065688,DEV-472086cd79,PAY-94ebe17f23,ADDR-26a4ef3561,stealth_reseller,
CUST-6dbbd0f9e3,2026-03-09 02:03:01.676632,DEV-9c48887977,PAY-834e3f728c,ADDR-f447eee0fa,stealth_reseller,
CUST-0ae1f177b4,2026-03-10 21:52:50.798827,DEV-34486ec90c,PAY-29ec53b711,ADDR-14baf184be,stealth_reseller,
CUST-8870001a1c,2026-03-07 01:52:03.564131,DEV-9caca0cd06,PAY-bfe2588b84,ADDR-c26eb3a875,stealth_reseller,
CUST-fbffd6dbef,2026-05-24 11:21:34.045545,DEV-ccdc5b4f08,PAY-3e4b74aa84,ADDR-bd7f21b722,stealth_reseller,
CUST-e70081c5bc,2026-01-09 12:56:17.882766,DEV-816b2bd982,PAY-19efa47f93,ADDR-6b4c031dbb,stealth_reseller,
CUST-d1048a7fd7,2026-03-15 03:58:46.757712,DEV-9a203bb0a3,PAY-bf424f4c8c,ADDR-a5ea897af0,stealth_reseller,
CUST-c5e4c3a2b8,2026-04-15 13:04:57.433662,DEV-a2167bc291,PAY-dce2b83788,ADDR-a6e1694e72,stealth_reseller,
CUST-b4c3a4fbfb,2026-02-04 14:46:22.733720,DEV-2482a846fd,PAY-7099bf5d39,ADDR-053a41b732,stealth_reseller,
CUST-693ce0321f,2025-12-19 21:49:02.945515,DEV-4c2ef76555,PAY-659745fecc,ADDR-c4adc3dd1a,stealth_reseller,
CUST-087c60f4c8,2026-02-26 03:18:36.481502,DEV-8f0d3a25a5,PAY-37f95e7226,ADDR-d45e2d9336,stealth_reseller,
CUST-1ceb06cb0f,2026-01-19 20:09:07.415270,DEV-c000089ba5,PAY-658203e6ed,ADDR-e3e54e5a3b,stealth_reseller,
CUST-71b966f696,2025-12-11 00:07:07.475926,DEV-66b1c9f646,PAY-c4a6652a3f,ADDR-a91ca926f9,stealth_reseller,
CUST-075b73d2a1,2026-03-05 00:48:38.199253,DEV-31026e87e4,PAY-cf1c25a6de,ADDR-f17f9487e6,stealth_reseller,
CUST-7550651e59,2026-01-20 19:33:59.314410,DEV-3ae43bc3b7,PAY-c62b367a2d,ADDR-5df2f75f9a,stealth_reseller,
CUST-5cb18a41c7,2026-04-13 03:43:25.380620,DEV-94801485e7,PAY-0fe26d3471,ADDR-9a1d022e56,stealth_reseller,
CUST-6818c6de6b,2026-01-03 00:42:45.297913,DEV-63545a7247,PAY-a80ddb2f2b,ADDR-a50fd960e2,stealth_reseller,
CUST-082f0a8df0,2025-12-23 18:06:24.832032,DEV-9237bb742c,PAY-e889137883,ADDR-13081aa1e2,stealth_reseller,
CUST-0a13ea6b2e,2025-11-17 10:28:25.269460,DEV-5fd46c2f87,PAY-f42e8b949d,ADDR-3d3eb2d257,stealth_reseller,
CUST-de51601fb5,2025-12-28 06:34:44.528552,DEV-f6a369907d,PAY-ce838bf6fb,ADDR-2409bdb0f5,stealth_reseller,
CUST-28c6683b6d,2026-01-20 19:11:59.874506,DEV-c3b9a33d89,PAY-e8e29ad00d,ADDR-ea0c2176c2,stealth_reseller,
CUST-f812989008,2026-04-15 14:48:25.274253,DEV-4ba45f299a,PAY-c3b4d6d017,ADDR-b86b553582,stealth_reseller,
CUST-66931e165e,2025-12-04 09:33:19.903103,DEV-e9d13cc9ee,PAY-02a267c942,ADDR-a5a13e350d,stealth_reseller,
CUST-539dccec02,2026-01-22 19:41:41.121606,DEV-2c9a64e17e,PAY-8c3bc7dc95,ADDR-ab923a7ea9,stealth_reseller,
CUST-b4fcf00565,2026-01-16 17:55:44.938902,DEV-7596131a16,PAY-aa5ed1a521,ADDR-5f8db83951,stealth_reseller,
CUST-d5dc7f3b0f,2025-11-21 05:15:46.658265,DEV-0370f9da95,PAY-5d6c3baca9,ADDR-e3118b6800,stealth_reseller,
CUST-7362501c1f,2026-05-19 00:31:10.364901,DEV-392a7522e1,PAY-66d27f0f1a,ADDR-c2cc1f2380,stealth_reseller,
CUST-4a4a2f58fa,2026-02-03 09:28:07.534493,DEV-24f1b1d99e,PAY-8c50ba0d0a,ADDR-a58b662a5a,stealth_reseller,
CUST-4d962b4835,2026-04-10 21:11:10.736350,DEV-4439d6f72c,PAY-37b971ff18,ADDR-6a3b71dc14,stealth_reseller,
CUST-30231aec62,2025-11-23 11:14:46.777671,DEV-bb8243ff83,PAY-3edd2d5575,ADDR-8e0370115f,stealth_reseller,
CUST-beea7a99f8,2025-11-20 07:58:40.983851,DEV-800d370da1,PAY-17da856fb9,ADDR-ef40f2567c,stealth_reseller,
CUST-7d7848de84,2026-01-31 12:08:12.337869,DEV-a12b691b98,PAY-13c18881a6,ADDR-289b7f1e06,stealth_reseller,
CUST-d6baac4b94,2026-02-26 23:12:16.424622,DEV-4fc1a42bd1,PAY-70f2ace5d9,ADDR-92c124c697,stealth_reseller,
CUST-96c82fb190,2026-02-17 14:42:06.753559,DEV-c1288f9bfc,PAY-ebcf09d7d6,ADDR-265417efe3,stealth_reseller,
CUST-fc1f1cf4c8,2025-11-23 16:35:46.873686,DEV-c286e18c17,PAY-404253db3a,ADDR-fd36077899,stealth_reseller,
CUST-13cff9b691,2025-11-20 19:40:44.268529,DEV-69a229970a,PAY-5b37236c14,ADDR-6bad83bf7d,stealth_reseller,
CUST-b3a4276e6e,2026-02-26 09:16:04.149134,DEV-d75cc5e4ee,PAY-ba2c9b9255,ADDR-3158afb779,stealth_reseller,
CUST-39e82e4ad5,2026-03-07 08:29:59.131129,DEV-48a05e8d1f,PAY-1e46e52748,ADDR-384889676b,stealth_reseller,
CUST-0c6565bc97,2026-04-15 17:34:16.212843,DEV-9115388515,PAY-777434e554,ADDR-f8263938ea,stealth_reseller,
CUST-4d11ddfb0a,2026-05-02 09:08:22.608354,DEV-09fc2d4958,PAY-de75d4bb37,ADDR-6735fdfb43,stealth_reseller,
CUST-d0b12b8ccb,2025-11-04 14:11:48.116454,DEV-f9652a5183,PAY-03546f8023,ADDR-1b0d1a2834,stealth_reseller,
CUST-413951589d,2026-01-27 21:36:09.905873,DEV-ede9b78e27,PAY-a3ce4affb1,ADDR-ba30854313,stealth_reseller,
CUST-f9ae1d8f70,2026-04-14 15:00:44.252449,DEV-df3f6d5f7c,PAY-f37f83c2a6,ADDR-5de2f979e0,stealth_reseller,
CUST-da87a0d6d3,2026-04-03 05:12:46.706167,DEV-95302d100c,PAY-4a0b76978d,ADDR-9d76690193,stealth_reseller,
CUST-47cdb32654,2026-02-27 12:03:51.086314,DEV-b2a4ab89d5,PAY-f64487be52,ADDR-a4024fd674,stealth_reseller,
CUST-c524ccc2f8,2026-05-29 11:21:36.751123,DEV-f166a64ae0,PAY-ea23e91197,ADDR-5019ffb0b1,stealth_reseller,
CUST-f41814435b,2025-12-22 23:25:20.289445,DEV-799efd1db2,PAY-293d1b6ec1,ADDR-0fe17672a1,stealth_reseller,
CUST-988fd0b964,2026-02-19 10:22:00.606173,DEV-d3a45c9ed5,PAY-48e69a5cf9,ADDR-32a0de8168,stealth_reseller,
CUST-ef8b87797e,2026-03-25 21:59:33.355120,DEV-6bfa985712,PAY-5a8ff7a0b2,ADDR-9915121dba,stealth_reseller,
CUST-11f4e743c6,2025-12-07 14:17:19.665728,DEV-8de10f7a7e,PAY-64cc3756b7,ADDR-7ba17c37c2,stealth_reseller,
CUST-5b4db895b8,2025-12-28 11:21:05.674291,DEV-d35184cac5,PAY-06555c05fa,ADDR-0a567fa837,stealth_reseller,
CUST-1c6773a83a,2025-12-28 08:46:12.927475,DEV-c48aaba081,PAY-5ccb1f23a8,ADDR-51884f1fef,stealth_reseller,
CUST-eec24db3c6,2025-12-02 15:30:41.385811,DEV-abf88f3307,PAY-12620efb8d,ADDR-13c1960a43,stealth_reseller,
CUST-e0294360cd,2025-12-07 02:43:31.079374,DEV-adfad52d52,PAY-0f26cddea6,ADDR-1398c99748,stealth_reseller,
CUST-c8dda6a503,2025-12-29 22:50:52.198354,DEV-1a3a4236ab,PAY-7763b4a130,ADDR-1cc1734c07,stealth_reseller,
CUST-c8eab08776,2026-01-03 22:45:04.895153,DEV-90bbd1f4c2,PAY-0650d67991,ADDR-542938b24a,stealth_reseller,
CUST-95569a24fc,2026-02-12 19:55:16.645627,DEV-ed116d78d7,PAY-df53f5073e,ADDR-f81255edae,ring_reseller,RING-d64d177382
CUST-3281f4873d,2026-02-12 21:26:06.233747,DEV-4f54137b28,PAY-df53f5073e,ADDR-f81255edae,ring_reseller,RING-d64d177382
CUST-ccc3cfaa41,2026-02-03 06:15:52.729134,DEV-fb0e1d3b52,PAY-ffe2c08229,ADDR-8ddfba9a6b,ring_reseller,RING-beb607b590
CUST-6372249aa7,2026-02-03 07:03:19.402180,DEV-84ba9cce84,PAY-0f8d260992,ADDR-8ddfba9a6b,ring_reseller,RING-beb607b590
CUST-db35cdf5e3,2026-02-03 09:37:55.384899,DEV-ef4aa3bd51,PAY-8769e5506b,ADDR-8ddfba9a6b,ring_reseller,RING-beb607b590
CUST-ebf2e6c7a7,2026-02-03 07:09:56.254941,DEV-7deb2702fc,PAY-7996a19121,ADDR-8ddfba9a6b,ring_reseller,RING-beb607b590
CUST-3325d873f3,2026-02-03 08:19:03.094546,DEV-dccd37b570,PAY-c17a9d2b03,ADDR-8ddfba9a6b,ring_reseller,RING-beb607b590
CUST-aa5873b753,2026-02-03 09:03:11.028093,DEV-b8febb0f0b,PAY-7f2881b089,ADDR-8ddfba9a6b,ring_reseller,RING-beb607b590
CUST-75d294c942,2026-02-27 00:59:08.501163,DEV-cf2c68de25,PAY-fddf28b2dd,ADDR-851a03fcdd,ring_reseller,RING-3e7f9d7ac8
CUST-b4099eeb79,2026-02-27 01:09:42.576321,DEV-90ec6b93c5,PAY-fddf28b2dd,ADDR-851a03fcdd,ring_reseller,RING-3e7f9d7ac8
CUST-c9fd95e987,2026-02-27 01:37:14.499817,DEV-1c8fbef8a8,PAY-fddf28b2dd,ADDR-851a03fcdd,ring_reseller,RING-3e7f9d7ac8
CUST-fcbfe5cff8,2026-02-26 22:16:05.846786,DEV-0b19e38771,PAY-fddf28b2dd,ADDR-851a03fcdd,ring_reseller,RING-3e7f9d7ac8
CUST-d63a7d0461,2026-06-11 01:42:05.068010,DEV-b8a567c093,PAY-06e54abd86,ADDR-39d1292e11,ring_reseller,RING-a11ceab236
CUST-2e10f1e8c8,2026-06-11 02:09:17.045822,DEV-71b4ed709c,PAY-7dd3baccad,ADDR-39d1292e11,ring_reseller,RING-a11ceab236
CUST-91ba2ba4bd,2026-06-11 04:45:22.681146,DEV-48df3219f2,PAY-87f392ce46,ADDR-39d1292e11,ring_reseller,RING-a11ceab236
CUST-e47a63f170,2026-06-11 04:46:22.449766,DEV-da42032f40,PAY-cea08a13c8,ADDR-39d1292e11,ring_reseller,RING-a11ceab236
CUST-e0d8c724c3,2026-04-29 05:23:30.196874,DEV-12d16fe0b6,PAY-2be6d1121f,ADDR-c94aa1b296,ring_reseller,RING-9b7b6190fe
CUST-81f2bd3812,2026-04-29 05:43:52.353223,DEV-f810a064ba,PAY-696a5186c3,ADDR-c94aa1b296,ring_reseller,RING-9b7b6190fe
CUST-a453beb580,2026-04-29 04:23:50.601442,DEV-fdd62814b0,PAY-44e72e2aeb,ADDR-c94aa1b296,ring_reseller,RING-9b7b6190fe
CUST-97d6616ed6,2026-04-29 04:55:54.887921,DEV-06c87138d1,PAY-55650b2932,ADDR-c94aa1b296,ring_reseller,RING-9b7b6190fe
CUST-c055201274,2026-01-20 10:55:03.800537,DEV-b33c60588c,PAY-9857ab464f,ADDR-53c9cb62e5,ring_reseller,RING-894e2ab1ac
CUST-bbcf38d7b3,2026-01-20 11:01:52.422506,DEV-0b7d34239c,PAY-9857ab464f,ADDR-53c9cb62e5,ring_reseller,RING-894e2ab1ac
CUST-1f62d901f0,2026-01-20 10:50:41.412043,DEV-07136380bc,PAY-9857ab464f,ADDR-53c9cb62e5,ring_reseller,RING-894e2ab1ac
CUST-93617fcff3,2026-01-20 11:23:21.015130,DEV-88dc519cdd,PAY-9857ab464f,ADDR-53c9cb62e5,ring_reseller,RING-894e2ab1ac
CUST-fcbe143f3e,2026-01-20 10:51:45.781074,DEV-06893ba138,PAY-9857ab464f,ADDR-53c9cb62e5,ring_reseller,RING-894e2ab1ac
CUST-0f04386ee2,2026-02-05 18:33:22.317258,DEV-8bb7abb34b,PAY-d09ec931df,ADDR-dc244f90c4,ring_reseller,RING-cdb0167d09
CUST-9e9c8b39ad,2026-02-05 18:41:26.103800,DEV-ad858b5cab,PAY-07dbfacf0e,ADDR-dc244f90c4,ring_reseller,RING-cdb0167d09
CUST-35c599fbde,2026-02-05 15:38:31.530631,DEV-632d1e3941,PAY-3e85d32b57,ADDR-dc244f90c4,ring_reseller,RING-cdb0167d09
CUST-d408e55816,2026-02-05 18:45:23.791948,DEV-325c2332fe,PAY-f5d4e39dd8,ADDR-dc244f90c4,ring_reseller,RING-cdb0167d09
CUST-8a26cedb98,2026-02-05 18:32:44.302751,DEV-4a7c967512,PAY-96ec7f99fc,ADDR-dc244f90c4,ring_reseller,RING-cdb0167d09
CUST-005d87bf49,2026-04-18 16:58:44.855247,DEV-94f895f99c,PAY-fc35f0cfb6,ADDR-0f80d60873,ring_reseller,RING-6d44a6e1b5
CUST-908d66d4ed,2026-04-18 18:38:44.497180,DEV-94f895f99c,PAY-3af79cf5c7,ADDR-0f80d60873,ring_reseller,RING-6d44a6e1b5
CUST-4c6eafd64e,2026-04-18 18:52:19.154468,DEV-94f895f99c,PAY-eead32a57d,ADDR-0f80d60873,ring_reseller,RING-6d44a6e1b5
CUST-133c712dfb,2026-04-18 19:10:02.455823,DEV-94f895f99c,PAY-a1f37f442a,ADDR-0f80d60873,ring_reseller,RING-6d44a6e1b5
CUST-215fbd0c23,2026-04-18 16:18:24.848385,DEV-94f895f99c,PAY-e9e36d18f3,ADDR-0f80d60873,ring_reseller,RING-6d44a6e1b5
CUST-5ebca6890e,2026-04-10 01:41:35.044827,DEV-12c33dba5d,PAY-2127ac81bc,ADDR-1153c60b08,ring_reseller,RING-3db4c5568b
CUST-172a18a36a,2026-04-10 03:14:58.493108,DEV-e9ff81e380,PAY-2127ac81bc,ADDR-1153c60b08,ring_reseller,RING-3db4c5568b
CUST-920dd196ae,2026-04-10 03:02:02.879882,DEV-4c05bf573b,PAY-2127ac81bc,ADDR-1153c60b08,ring_reseller,RING-3db4c5568b
CUST-221a48bc43,2026-04-10 01:13:43.684219,DEV-0c621bf548,PAY-2127ac81bc,ADDR-1153c60b08,ring_reseller,RING-3db4c5568b
CUST-1f5cc92c5e,2026-04-09 23:42:09.572613,DEV-0eb21e5c90,PAY-2127ac81bc,ADDR-1153c60b08,ring_reseller,RING-3db4c5568b
CUST-697982e2e0,2026-04-10 03:25:45.518037,DEV-0137a9533e,PAY-2127ac81bc,ADDR-1153c60b08,ring_reseller,RING-3db4c5568b
CUST-a9b8deac53,2026-04-19 12:06:56.970505,DEV-fcd1d4897b,PAY-c5a4cde50e,ADDR-a2b44b478a,ring_reseller,RING-3758965a2b
CUST-4da0c7efa3,2026-04-19 14:51:06.168945,DEV-c7e43803c0,PAY-fa304786f6,ADDR-a2b44b478a,ring_reseller,RING-3758965a2b
CUST-c897d36ab1,2026-04-19 14:24:22.694337,DEV-5cb956b086,PAY-a7df385751,ADDR-a2b44b478a,ring_reseller,RING-3758965a2b
CUST-346a472d2d,2026-04-19 13:11:45.357655,DEV-2914c02873,PAY-49e7cf2e96,ADDR-a2b44b478a,ring_reseller,RING-3758965a2b
CUST-d50eea4929,2026-04-19 14:21:50.028466,DEV-9317de92b7,PAY-49768c0cf7,ADDR-a2b44b478a,ring_reseller,RING-3758965a2b
CUST-3627d43c08,2026-04-19 11:57:11.103042,DEV-650b9f5c1a,PAY-cadcda33a1,ADDR-a2b44b478a,ring_reseller,RING-3758965a2b
CUST-94a07ce1b3,2026-06-14 05:50:46.590893,DEV-680e43b392,PAY-27449b2a82,ADDR-23e9c222ed,ring_reseller,RING-73c72fcf51
CUST-45e0af7de0,2026-06-14 04:09:59.918989,DEV-01c60a6350,PAY-27449b2a82,ADDR-23e9c222ed,ring_reseller,RING-73c72fcf51
CUST-beef401a6a,2026-06-14 05:09:33.863595,DEV-466b9aa9c2,PAY-27449b2a82,ADDR-23e9c222ed,ring_reseller,RING-73c72fcf51
CUST-9f228c84d0,2026-06-14 06:10:01.768925,DEV-c5cbff3e5f,PAY-27449b2a82,ADDR-23e9c222ed,ring_reseller,RING-73c72fcf51
CUST-c9f8ddcc3c,2026-06-14 06:11:58.718904,DEV-0b369d28c9,PAY-27449b2a82,ADDR-23e9c222ed,ring_reseller,RING-73c72fcf51
CUST-ff6cbc8f07,2026-04-08 20:44:36.740938,DEV-c0da057242,PAY-4fb854d6eb,ADDR-02382c4d0e,ring_reseller,RING-aa0b799879
CUST-5cda875fae,2026-04-08 20:31:29.861825,DEV-67088f7bc5,PAY-a8b0ea3c27,ADDR-02382c4d0e,ring_reseller,RING-aa0b799879
CUST-2753e8a79d,2026-04-08 22:02:59.257943,DEV-dc3a7762c7,PAY-172d12f503,ADDR-02382c4d0e,ring_reseller,RING-aa0b799879
CUST-85d67fdd24,2026-04-08 21:18:53.225170,DEV-8bc29214c5,PAY-93644010ff,ADDR-02382c4d0e,ring_reseller,RING-aa0b799879
CUST-cbe4e7a7ad,2026-04-08 20:57:44.237051,DEV-c0f60de3fc,PAY-073f419e4b,ADDR-02382c4d0e,ring_reseller,RING-aa0b799879
CUST-9b393faa9e,2026-04-08 20:20:25.060177,DEV-9da482fc24,PAY-777a4df277,ADDR-02382c4d0e,ring_reseller,RING-aa0b799879
CUST-37fc58035c,2026-01-18 20:13:31.016564,DEV-0c2a3c02fb,PAY-381fa7fb61,ADDR-85345d567d,ring_reseller,RING-393d5f7780
CUST-eb494cb9ad,2026-01-18 22:24:29.851659,DEV-4a74ce1bc8,PAY-381fa7fb61,ADDR-85345d567d,ring_reseller,RING-393d5f7780
CUST-7f39d6a64a,2026-01-25 03:16:56.218254,DEV-8ae16328e5,PAY-419c1986f2,ADDR-dae849b924,ring_reseller,RING-69ce5aad14
CUST-ae4d70a54d,2026-01-25 03:51:21.787249,DEV-084b11acaa,PAY-c28c1f0be5,ADDR-dae849b924,ring_reseller,RING-69ce5aad14
CUST-e9aac76890,2026-03-24 04:14:33.810521,DEV-5ee5e14fbd,PAY-10a0e4407c,ADDR-39d4b5517e,ring_reseller,RING-4fb6e899cf
CUST-914b7764aa,2026-03-24 04:05:26.659583,DEV-4c35d17a8e,PAY-8de1087f0c,ADDR-39d4b5517e,ring_reseller,RING-4fb6e899cf
CUST-0000912ffc,2026-03-24 05:07:30.461096,DEV-2afc7549b5,PAY-a90cdfcfa2,ADDR-39d4b5517e,ring_reseller,RING-4fb6e899cf
CUST-27328236c9,2026-02-21 04:19:05.531268,DEV-e64411b54d,PAY-9d10d9a2ae,ADDR-a8cac40f6d,ring_reseller,RING-f1fe5469c6
CUST-8e2544d632,2026-02-21 01:32:16.081616,DEV-e64411b54d,PAY-7fce4fc547,ADDR-a8cac40f6d,ring_reseller,RING-f1fe5469c6
CUST-139ac278b2,2026-02-21 04:28:27.045892,DEV-e64411b54d,PAY-19313fdf41,ADDR-a8cac40f6d,ring_reseller,RING-f1fe5469c6
CUST-fa5d33e76d,2026-02-21 03:40:09.620585,DEV-e64411b54d,PAY-037cebbda3,ADDR-a8cac40f6d,ring_reseller,RING-f1fe5469c6
CUST-72b29009f6,2026-02-11 11:51:45.485509,DEV-18b845e82d,PAY-a56f94ac0e,ADDR-b04f6e8b77,ring_reseller,RING-96371e6dae
CUST-d21c1e8cc0,2026-02-11 11:48:19.313198,DEV-935382db4f,PAY-7747f8d675,ADDR-b04f6e8b77,ring_reseller,RING-96371e6dae
CUST-d40f621369,2026-02-11 13:24:15.183872,DEV-0f8bdb71d4,PAY-f2591e236c,ADDR-b04f6e8b77,ring_reseller,RING-96371e6dae
CUST-f18a1e4702,2026-05-16 17:21:45.567205,DEV-d70dccc8e5,PAY-df419e7e18,ADDR-d2e3e68ef6,ring_reseller,RING-404f3cd5c2
CUST-a43aa45fd1,2026-05-16 15:35:20.990337,DEV-d70dccc8e5,PAY-43ffa52870,ADDR-d2e3e68ef6,ring_reseller,RING-404f3cd5c2
CUST-99ca51557b,2026-05-16 17:28:22.252534,DEV-d70dccc8e5,PAY-4f7af09f99,ADDR-d2e3e68ef6,ring_reseller,RING-404f3cd5c2
CUST-804d4f0525,2026-05-16 16:25:33.404858,DEV-d70dccc8e5,PAY-bcd47b2a26,ADDR-d2e3e68ef6,ring_reseller,RING-404f3cd5c2
CUST-45bd734392,2026-05-16 17:47:35.411134,DEV-d70dccc8e5,PAY-9813f4d085,ADDR-d2e3e68ef6,ring_reseller,RING-404f3cd5c2
CUST-0052a6de4e,2026-04-11 17:44:39.225234,DEV-4e98892dfc,PAY-8e70bc4449,ADDR-c7ce5a2147,ring_reseller,RING-883b398ff5
CUST-3f24e0724d,2026-04-11 19:00:28.182867,DEV-f18d1ef446,PAY-8e70bc4449,ADDR-c7ce5a2147,ring_reseller,RING-883b398ff5
CUST-9fddb2855a,2026-04-11 17:00:43.286500,DEV-d73bf41151,PAY-8e70bc4449,ADDR-c7ce5a2147,ring_reseller,RING-883b398ff5
CUST-3ae45e1732,2026-01-18 10:38:10.594056,DEV-cc3d8d2971,PAY-3bf126bd74,ADDR-f209881db5,ring_reseller,RING-0430589a75
CUST-86825b322f,2026-01-18 07:53:46.313337,DEV-828b5664f8,PAY-d3ffd1276b,ADDR-f209881db5,ring_reseller,RING-0430589a75
CUST-37c00095eb,2026-03-19 19:51:18.490259,DEV-0a3ec42eaf,PAY-c815524607,ADDR-06d192b11f,ring_reseller,RING-d5398a8929
CUST-fa3a37cf0c,2026-03-19 22:15:22.567647,DEV-0a3ec42eaf,PAY-31136675e8,ADDR-06d192b11f,ring_reseller,RING-d5398a8929
CUST-e38eaa4298,2026-03-19 20:54:59.697647,DEV-0a3ec42eaf,PAY-2b19d6645c,ADDR-06d192b11f,ring_reseller,RING-d5398a8929
CUST-8c5136eb27,2026-03-19 21:21:43.764998,DEV-0a3ec42eaf,PAY-0a60b3d8ba,ADDR-06d192b11f,ring_reseller,RING-d5398a8929
CUST-85ef24de76,2026-04-15 00:29:10.957580,DEV-1289ad2492,PAY-85ceec9eb2,ADDR-ad9bb70edf,ring_reseller,RING-caaa88a2e6
CUST-a14c0986dd,2026-04-14 23:31:48.204469,DEV-f2c8a6c2cc,PAY-85ceec9eb2,ADDR-ad9bb70edf,ring_reseller,RING-caaa88a2e6
CUST-d786a96ed6,2026-04-15 01:31:13.546048,DEV-0c8b4598b5,PAY-85ceec9eb2,ADDR-ad9bb70edf,ring_reseller,RING-caaa88a2e6
CUST-3f930cc945,2026-04-15 00:36:28.112272,DEV-2019117ebf,PAY-85ceec9eb2,ADDR-ad9bb70edf,ring_reseller,RING-caaa88a2e6
CUST-77e574b194,2026-04-15 01:23:35.920551,DEV-56da0ab016,PAY-85ceec9eb2,ADDR-ad9bb70edf,ring_reseller,RING-caaa88a2e6
CUST-d07d63eec9,2026-04-15 00:57:44.322088,DEV-30531c23f2,PAY-85ceec9eb2,ADDR-ad9bb70edf,ring_reseller,RING-caaa88a2e6
CUST-b460374984,2026-04-11 10:34:31.329966,DEV-c2b12d9f8f,PAY-68d37d40fd,ADDR-8478755a2a,ring_reseller,RING-d9a9286486
CUST-cf60f3d990,2026-04-11 09:08:22.819515,DEV-4b6327dce6,PAY-9463482f84,ADDR-8478755a2a,ring_reseller,RING-d9a9286486
CUST-5fc97fbb84,2026-04-11 08:50:28.392050,DEV-7ba91b87c0,PAY-24ab5dfcf0,ADDR-8478755a2a,ring_reseller,RING-d9a9286486
CUST-f2bab57ebc,2026-04-11 08:21:17.009006,DEV-3739f3b974,PAY-5c10e9a6d2,ADDR-8478755a2a,ring_reseller,RING-d9a9286486
CUST-74c0066890,2026-01-25 02:17:48.154599,DEV-f6ce27ae82,PAY-24e0a505c3,ADDR-26842f3606,ring_reseller,RING-c8145c291e
CUST-d84dc7264e,2026-01-25 03:07:42.815292,DEV-7eede8382b,PAY-cc0d77a195,ADDR-26842f3606,ring_reseller,RING-c8145c291e
CUST-59e9a11fe2,2026-01-25 03:02:31.490567,DEV-317f52cc92,PAY-dffa042aaa,ADDR-26842f3606,ring_reseller,RING-c8145c291e
CUST-15e90409d9,2026-01-25 02:26:06.041983,DEV-1fc7323040,PAY-6a34940741,ADDR-26842f3606,ring_reseller,RING-c8145c291e
CUST-58184a540b,2026-04-02 12:11:02.636084,DEV-38eb545103,PAY-b76e56fd7e,ADDR-ac2af66071,ring_reseller,RING-dcfab1b669
CUST-be11d20ec8,2026-04-02 12:13:48.724834,DEV-2f50b42840,PAY-3e89c25737,ADDR-ac2af66071,ring_reseller,RING-dcfab1b669
CUST-11f6f2f960,2026-04-02 09:12:01.298882,DEV-4b55de3e1d,PAY-dc0bfc3a89,ADDR-ac2af66071,ring_reseller,RING-dcfab1b669
CUST-b2344d366f,2026-04-02 09:10:29.581274,DEV-e7f8cd21a8,PAY-f2dead7ef0,ADDR-ac2af66071,ring_reseller,RING-dcfab1b669
CUST-fae6f0d7d5,2026-04-02 09:39:45.938477,DEV-55fc6299e1,PAY-64844d50b9,ADDR-ac2af66071,ring_reseller,RING-dcfab1b669
CUST-12284b1bf1,2026-05-24 05:46:38.328933,DEV-c05e7387ea,PAY-70478b9f04,ADDR-5490dab99e,ring_reseller,RING-377fd03110
CUST-54cd9787a2,2026-05-24 06:45:42.345362,DEV-a3c5775133,PAY-70478b9f04,ADDR-5490dab99e,ring_reseller,RING-377fd03110
CUST-7177c3171c,2026-05-24 07:06:25.349325,DEV-44e2a43d84,PAY-70478b9f04,ADDR-5490dab99e,ring_reseller,RING-377fd03110
CUST-a387dc610c,2026-02-03 05:39:36.081256,DEV-53cf643a84,PAY-3c241b8cd8,ADDR-cdfbaf119c,ring_reseller,RING-a041704bb4
CUST-529fd76e52,2026-02-03 06:22:14.067038,DEV-53cf643a84,PAY-b2202aed3c,ADDR-cdfbaf119c,ring_reseller,RING-a041704bb4
CUST-32363555f7,2026-02-03 06:44:11.489677,DEV-53cf643a84,PAY-1c4b2dc382,ADDR-cdfbaf119c,ring_reseller,RING-a041704bb4
CUST-282a05bc59,2026-02-03 05:45:38.819740,DEV-53cf643a84,PAY-3e193e16cf,ADDR-cdfbaf119c,ring_reseller,RING-a041704bb4
CUST-ef03cbfec0,2026-02-03 06:05:28.137796,DEV-53cf643a84,PAY-0622a09b75,ADDR-cdfbaf119c,ring_reseller,RING-a041704bb4
CUST-b9e5e9cf25,2026-01-29 12:39:20.951652,DEV-541d039fc8,PAY-a5f88cc7bc,ADDR-2614dc7f8d,ring_reseller,RING-219e757801
CUST-fed57d919b,2026-01-29 13:34:39.908153,DEV-fbafed86f9,PAY-a5f88cc7bc,ADDR-2614dc7f8d,ring_reseller,RING-219e757801
CUST-a92f520a5f,2026-01-29 11:16:34.848234,DEV-7663eb36d9,PAY-a5f88cc7bc,ADDR-2614dc7f8d,ring_reseller,RING-219e757801
CUST-a72a40fbc1,2026-01-29 10:31:30.032594,DEV-f0efbd601d,PAY-a5f88cc7bc,ADDR-2614dc7f8d,ring_reseller,RING-219e757801
CUST-5d5eec5ad0,2026-01-29 11:17:36.968543,DEV-e35695eae5,PAY-a5f88cc7bc,ADDR-2614dc7f8d,ring_reseller,RING-219e757801
CUST-1e7f98ee42,2026-05-13 19:40:57.386492,DEV-013a7165a1,PAY-e6f008f734,ADDR-bac95e131b,ring_reseller,RING-c46b3701bf
CUST-7f9c4fa072,2026-05-13 20:30:36.705841,DEV-013a7165a1,PAY-187df8d3cd,ADDR-bac95e131b,ring_reseller,RING-c46b3701bf
CUST-01420ac692,2026-05-13 19:24:04.531991,DEV-013a7165a1,PAY-6b2a796cc5,ADDR-bac95e131b,ring_reseller,RING-c46b3701bf
CUST-cb2de0f4e8,2026-05-13 19:27:47.625966,DEV-013a7165a1,PAY-35eaaec4de,ADDR-bac95e131b,ring_reseller,RING-c46b3701bf
CUST-285ff3423f,2026-02-15 15:09:33.030185,DEV-c7a38b31be,PAY-7fd4157c84,ADDR-a4aabbe626,ring_reseller,RING-0fa9cfcadd
CUST-553abf275d,2026-02-15 16:57:01.169291,DEV-c7a38b31be,PAY-8798c3bbf3,ADDR-a4aabbe626,ring_reseller,RING-0fa9cfcadd
CUST-734c175aac,2026-02-15 15:09:17.725822,DEV-c7a38b31be,PAY-a4fd5c27dc,ADDR-a4aabbe626,ring_reseller,RING-0fa9cfcadd
CUST-1bd74c5f4f,2026-02-15 16:00:50.023054,DEV-c7a38b31be,PAY-f02fe06f6e,ADDR-a4aabbe626,ring_reseller,RING-0fa9cfcadd
CUST-7b7bcf7ab6,2026-02-15 16:01:36.360648,DEV-c7a38b31be,PAY-761727602a,ADDR-a4aabbe626,ring_reseller,RING-0fa9cfcadd
CUST-e8c5dfc890,2026-02-15 14:45:07.979911,DEV-c7a38b31be,PAY-9ba6faddbf,ADDR-a4aabbe626,ring_reseller,RING-0fa9cfcadd
CUST-afbce7e40e,2026-01-18 13:10:45.672551,DEV-1443b78b60,PAY-3f9b31da8f,ADDR-807ab29fec,ring_reseller,RING-5a0fed3174
CUST-9ad165e14c,2026-01-18 12:51:52.029357,DEV-4e706e8880,PAY-3f9b31da8f,ADDR-807ab29fec,ring_reseller,RING-5a0fed3174
CUST-56a47f526b,2026-01-18 11:02:59.662898,DEV-dbcbb1e35d,PAY-3f9b31da8f,ADDR-807ab29fec,ring_reseller,RING-5a0fed3174
CUST-038478152d,2026-02-14 19:44:05.695606,DEV-bb8015bb0a,PAY-428f73909d,ADDR-ab260b34da,ring_reseller,RING-aa1af2b1a2
CUST-8d1ebf9aac,2026-02-14 16:38:02.576285,DEV-631b36e4eb,PAY-428f73909d,ADDR-ab260b34da,ring_reseller,RING-aa1af2b1a2
CUST-33ff044fed,2026-02-05 19:15:12.152500,DEV-6dc069241d,PAY-aaacf5eee7,ADDR-08210cd7c6,ring_reseller,RING-4843bb6986
CUST-29d2d4dcc2,2026-02-05 19:03:34.049213,DEV-6dc069241d,PAY-7c869ce559,ADDR-08210cd7c6,ring_reseller,RING-4843bb6986
CUST-6490815089,2026-03-14 21:23:10.372979,DEV-7ac3517a84,PAY-00195887e2,ADDR-59ff3def9d,ring_reseller,RING-60ad509c3f
CUST-dd3ecfb256,2026-03-14 22:03:39.625766,DEV-02c270bd0e,PAY-b1876b97d4,ADDR-59ff3def9d,ring_reseller,RING-60ad509c3f
CUST-c20fa9bef4,2026-03-14 22:10:32.625765,DEV-e3687bb42a,PAY-33b7dc4540,ADDR-59ff3def9d,ring_reseller,RING-60ad509c3f
CUST-9e68ca8882,2026-03-14 22:08:36.138807,DEV-1125704c57,PAY-40a259a8ae,ADDR-59ff3def9d,ring_reseller,RING-60ad509c3f
CUST-4f71037d6f,2026-03-14 21:12:06.866267,DEV-2d70395dd3,PAY-ed3bc43cc7,ADDR-59ff3def9d,ring_reseller,RING-60ad509c3f
CUST-84284ece30,2026-03-14 21:03:02.639184,DEV-75f016d3df,PAY-f91601d74d,ADDR-59ff3def9d,ring_reseller,RING-60ad509c3f
CUST-11e409107b,2026-01-29 18:53:44.333542,DEV-2ccc7ae8ac,PAY-c3e66d9e44,ADDR-238837eb25,ring_reseller,RING-ca421adb72
CUST-f7966c23c8,2026-01-29 16:09:00.670940,DEV-2fe4301fcb,PAY-61e4e39973,ADDR-238837eb25,ring_reseller,RING-ca421adb72
CUST-3ddbc68abb,2026-01-29 17:16:14.123639,DEV-5407e00731,PAY-bc3b1775d2,ADDR-238837eb25,ring_reseller,RING-ca421adb72
CUST-8987e22af6,2026-01-29 18:47:21.253064,DEV-f2c7af617b,PAY-09eef82a9b,ADDR-238837eb25,ring_reseller,RING-ca421adb72
CUST-dd151e13da,2026-01-29 17:02:14.307122,DEV-c7a0771bf3,PAY-a2cdee936b,ADDR-238837eb25,ring_reseller,RING-ca421adb72
CUST-d717009b06,2026-01-29 18:34:48.967445,DEV-494e6840b3,PAY-8355227533,ADDR-238837eb25,ring_reseller,RING-ca421adb72
CUST-be29e0b28c,2026-06-13 19:15:09.013564,DEV-1849ae3e1c,PAY-622eeefe94,ADDR-bf6e77503c,ring_reseller,RING-5ac2a98b80
CUST-5844e4f69d,2026-06-13 19:47:05.331919,DEV-1849ae3e1c,PAY-20656eb148,ADDR-bf6e77503c,ring_reseller,RING-5ac2a98b80
CUST-6ec22278e7,2026-01-22 17:10:04.955248,DEV-fddc6f5b72,PAY-5b2bea6055,ADDR-0d84f4a4f1,ring_reseller,RING-cadef49f0f
CUST-92c1a342b7,2026-01-22 14:42:08.772884,DEV-0d658e0c1c,PAY-e17c8dc777,ADDR-0d84f4a4f1,ring_reseller,RING-cadef49f0f
CUST-b4ef9a3c6c,2026-01-22 16:32:57.506423,DEV-6d58016e32,PAY-63f571334d,ADDR-0d84f4a4f1,ring_reseller,RING-cadef49f0f
CUST-f088b8650d,2026-01-22 17:01:03.558559,DEV-f36505dca2,PAY-633b8a245e,ADDR-0d84f4a4f1,ring_reseller,RING-cadef49f0f
CUST-2d5e001037,2026-01-25 06:35:23.535158,DEV-1a2bdafc15,PAY-57992eaf77,ADDR-1de5252a08,ring_reseller,RING-f842b8aced
CUST-512922ef80,2026-01-25 06:34:17.451230,DEV-77e1ddd1ae,PAY-57992eaf77,ADDR-1de5252a08,ring_reseller,RING-f842b8aced
CUST-4b55052016,2026-01-25 05:33:39.428132,DEV-d76103f18a,PAY-57992eaf77,ADDR-1de5252a08,ring_reseller,RING-f842b8aced
CUST-7b7f7da148,2026-01-25 04:21:44.380947,DEV-1bbe37df1d,PAY-57992eaf77,ADDR-1de5252a08,ring_reseller,RING-f842b8aced
CUST-491caf2935,2026-01-25 07:14:19.166893,DEV-446347582e,PAY-57992eaf77,ADDR-1de5252a08,ring_reseller,RING-f842b8aced
CUST-b438148120,2026-03-29 16:48:57.127929,DEV-228bb1e806,PAY-d16e608ccd,ADDR-1d89de7621,ring_reseller,RING-86c5128049
CUST-25af161b72,2026-03-29 19:26:53.918067,DEV-9022fd95f9,PAY-d16e608ccd,ADDR-1d89de7621,ring_reseller,RING-86c5128049
CUST-ffa3a23462,2026-06-11 14:20:44.876009,DEV-2bb4f6c95a,PAY-22ceee3d49,ADDR-c2af39adc7,ring_reseller,RING-e0ae0f80cc
CUST-f6b3108798,2026-06-11 13:02:47.522801,DEV-459b0d0158,PAY-22ceee3d49,ADDR-c2af39adc7,ring_reseller,RING-e0ae0f80cc
CUST-ca0e8981c9,2026-06-11 16:07:59.458557,DEV-e67c4065ad,PAY-22ceee3d49,ADDR-c2af39adc7,ring_reseller,RING-e0ae0f80cc
CUST-04186c801c,2026-06-11 15:58:03.136357,DEV-8b516dc143,PAY-22ceee3d49,ADDR-c2af39adc7,ring_reseller,RING-e0ae0f80cc
CUST-9d8ca819f4,2026-04-23 23:08:22.847681,DEV-4b6987f8e3,PAY-d2317d70c9,ADDR-89678d21ed,ring_reseller,RING-8e88572c39
CUST-7905fc35b5,2026-04-23 21:57:36.402257,DEV-45c779190c,PAY-50ab812e50,ADDR-89678d21ed,ring_reseller,RING-8e88572c39
CUST-e65a72e5ab,2026-04-23 23:50:40.152665,DEV-708ac12aae,PAY-4415c0763b,ADDR-89678d21ed,ring_reseller,RING-8e88572c39
CUST-22474c264c,2026-04-23 22:34:41.191442,DEV-0f662fc7c1,PAY-06ff6260cd,ADDR-89678d21ed,ring_reseller,RING-8e88572c39
CUST-5e46cc2a38,2026-04-23 23:25:31.301028,DEV-a8bf0f40dc,PAY-d6da6bb0c1,ADDR-89678d21ed,ring_reseller,RING-8e88572c39
CUST-b7577c42f9,2026-02-15 18:56:37.229248,DEV-a7d162aaea,PAY-eccdcd3c9d,ADDR-580ae73b68,ring_reseller,RING-0abef1e374
CUST-37cce052d5,2026-02-15 16:58:52.755396,DEV-d18520454e,PAY-eccdcd3c9d,ADDR-580ae73b68,ring_reseller,RING-0abef1e374
CUST-539457b24e,2026-02-15 17:56:31.325582,DEV-2d79facf4c,PAY-eccdcd3c9d,ADDR-580ae73b68,ring_reseller,RING-0abef1e374
CUST-db97c23cb9,2026-05-15 03:51:19.889342,DEV-93dc40888d,PAY-b228f0706d,ADDR-3b1891e475,ring_reseller,RING-915045f138
CUST-9237e7872c,2026-05-15 03:19:40.520189,DEV-2d37bf61cc,PAY-b228f0706d,ADDR-3b1891e475,ring_reseller,RING-915045f138
CUST-c4545049ba,2026-05-15 00:27:45.640395,DEV-4243fe10aa,PAY-b228f0706d,ADDR-3b1891e475,ring_reseller,RING-915045f138
CUST-0850da7f06,2026-05-15 02:47:01.047385,DEV-62a5e34888,PAY-b228f0706d,ADDR-3b1891e475,ring_reseller,RING-915045f138
CUST-78d604f90a,2026-05-15 03:37:32.573642,DEV-60f4555b3e,PAY-b228f0706d,ADDR-3b1891e475,ring_reseller,RING-915045f138
CUST-f70ba245e4,2026-05-15 00:20:38.513740,DEV-ac51639a9e,PAY-b228f0706d,ADDR-3b1891e475,ring_reseller,RING-915045f138
CUST-bb47bd259c,2026-03-19 18:33:40.851765,DEV-68da0af971,PAY-3fc29dc233,ADDR-8e3ae70a50,ring_reseller,RING-e533215d59
CUST-02fe2c61cb,2026-03-19 16:18:18.691058,DEV-5afe3ede10,PAY-3fc29dc233,ADDR-8e3ae70a50,ring_reseller,RING-e533215d59
CUST-04a8af22a9,2026-03-19 18:34:36.375716,DEV-7ec4bb01fd,PAY-3fc29dc233,ADDR-8e3ae70a50,ring_reseller,RING-e533215d59
CUST-c4c3ffb452,2026-02-21 11:06:32.224798,DEV-3ea7a5e461,PAY-638924e3a3,ADDR-a48d7a5288,ring_reseller,RING-e8cda2eeb7
CUST-b9b341f51b,2026-02-21 11:07:03.496817,DEV-5bfab7b5db,PAY-b69a6c595b,ADDR-a48d7a5288,ring_reseller,RING-e8cda2eeb7
CUST-2ea6e66543,2026-02-21 07:59:04.624058,DEV-eaf7c21b18,PAY-53a890ac6e,ADDR-a48d7a5288,ring_reseller,RING-e8cda2eeb7
CUST-a83859fb68,2026-01-15 02:56:01.681886,DEV-57fe4a42e0,PAY-77ab2ba32a,ADDR-573f17b642,ring_reseller,RING-da3fb58f90
CUST-86e97ee101,2026-01-15 02:52:17.076414,DEV-4e1a975d64,PAY-77ab2ba32a,ADDR-573f17b642,ring_reseller,RING-da3fb58f90
CUST-9c04276982,2026-01-15 00:28:58.491763,DEV-f01e634a40,PAY-77ab2ba32a,ADDR-573f17b642,ring_reseller,RING-da3fb58f90
CUST-a6832f653a,2026-01-15 02:46:41.456550,DEV-b28547d41e,PAY-77ab2ba32a,ADDR-573f17b642,ring_reseller,RING-da3fb58f90
CUST-51a1e43441,2026-04-22 13:11:40.286270,DEV-c3fec2503f,PAY-8ec7ed7191,ADDR-c7a69d4f0b,ring_reseller,RING-2404243428
CUST-823ff84ef6,2026-04-22 10:23:02.677270,DEV-da01ad0e7b,PAY-8ec7ed7191,ADDR-c7a69d4f0b,ring_reseller,RING-2404243428
CUST-834ed74afa,2026-04-22 12:17:13.051096,DEV-dabfbda721,PAY-8ec7ed7191,ADDR-c7a69d4f0b,ring_reseller,RING-2404243428
CUST-7eaad9a8d8,2026-02-08 13:34:43.124358,DEV-6c7e14de95,PAY-3cbf25ca1a,ADDR-d55b39345e,ring_reseller,RING-714143ec53
CUST-fbc7354e18,2026-02-08 10:53:45.105162,DEV-3df7e21bbd,PAY-651979d623,ADDR-d55b39345e,ring_reseller,RING-714143ec53
CUST-de1fb7fa42,2026-02-08 13:38:27.971461,DEV-e9be1cbcfd,PAY-526b6a3c5b,ADDR-d55b39345e,ring_reseller,RING-714143ec53
CUST-bc610019a8,2026-04-29 01:33:26.227959,DEV-87f770bb04,PAY-6e18443f1d,ADDR-420c19652c,ring_reseller,RING-3c2457cdb0
CUST-2bf21c8a69,2026-04-29 00:33:44.179373,DEV-9b8f824114,PAY-6e18443f1d,ADDR-420c19652c,ring_reseller,RING-3c2457cdb0
CUST-f16bc54be0,2026-05-18 00:43:00.077339,DEV-a37a0b7d61,PAY-96cd610d72,ADDR-bc88bd4364,ring_reseller,RING-aca0376c13
CUST-fb9b87f23b,2026-05-18 01:46:26.863592,DEV-d8e4218cb0,PAY-ef2602349d,ADDR-bc88bd4364,ring_reseller,RING-aca0376c13
CUST-568acc2baa,2026-03-07 04:45:19.278826,DEV-632f6ebd2a,PAY-075a694400,ADDR-1b7bab8273,ring_reseller,RING-dcaecfac90
CUST-b46921e462,2026-03-07 04:59:59.541778,DEV-632f6ebd2a,PAY-a845886aca,ADDR-1b7bab8273,ring_reseller,RING-dcaecfac90
CUST-368c395653,2026-03-07 04:04:05.477263,DEV-632f6ebd2a,PAY-260234982a,ADDR-1b7bab8273,ring_reseller,RING-dcaecfac90
CUST-0635a07e03,2026-03-07 04:12:37.554646,DEV-632f6ebd2a,PAY-d14b6f9eac,ADDR-1b7bab8273,ring_reseller,RING-dcaecfac90
CUST-f0b205bbf1,2026-04-06 20:40:09.955176,DEV-cd7c742abf,PAY-eb9cefe9de,ADDR-0ebb89b8c2,ring_reseller,RING-b6e573ccb0
CUST-08705c6b88,2026-04-06 18:53:04.636447,DEV-4619a82bd7,PAY-4a6aaac897,ADDR-0ebb89b8c2,ring_reseller,RING-b6e573ccb0
CUST-8f58d6ced4,2026-02-06 08:15:33.541753,DEV-47cfa52662,PAY-bc43dd678f,ADDR-be04c8c5bb,ring_reseller,RING-695a851723
CUST-150cb790ce,2026-02-06 08:56:44.945904,DEV-3e952fe2fb,PAY-241d9c35f9,ADDR-be04c8c5bb,ring_reseller,RING-695a851723
CUST-80ea8a5a23,2026-02-06 07:43:49.965090,DEV-c27927fd1f,PAY-e5462f904d,ADDR-be04c8c5bb,ring_reseller,RING-695a851723
CUST-1046530029,2026-02-06 07:02:08.798229,DEV-9849e32386,PAY-06886a1d47,ADDR-be04c8c5bb,ring_reseller,RING-695a851723
CUST-aa67213d0b,2026-06-02 10:39:33.374344,DEV-1c28cb9262,PAY-a7d42f4f66,ADDR-350494a201,ring_reseller,RING-1a4bf7d016
CUST-d7bc0c3219,2026-06-02 10:35:30.649109,DEV-1c28cb9262,PAY-a1ae043541,ADDR-350494a201,ring_reseller,RING-1a4bf7d016
CUST-f62e078845,2026-06-02 13:01:09.316849,DEV-1c28cb9262,PAY-b5cb81df60,ADDR-350494a201,ring_reseller,RING-1a4bf7d016
CUST-6d9e65ce76,2026-02-23 11:44:03.432979,DEV-fe9165833d,PAY-118c1889de,ADDR-1a148118dc,ring_reseller,RING-fe0e97f168
CUST-e40157acf0,2026-02-23 12:16:58.212520,DEV-59b2679ea3,PAY-118c1889de,ADDR-1a148118dc,ring_reseller,RING-fe0e97f168
CUST-cc0311ed6e,2026-02-23 11:30:43.059770,DEV-870e01ea1f,PAY-118c1889de,ADDR-1a148118dc,ring_reseller,RING-fe0e97f168
CUST-a71eef8ca4,2026-02-23 13:23:18.789758,DEV-3fd546d978,PAY-118c1889de,ADDR-1a148118dc,ring_reseller,RING-fe0e97f168
