customer_id,total_quantity,n_orders,avg_qty_per_order,max_qty_single_order,n_distinct_skus,sku_concentration,pct_orders_discount_window,avg_discount_pct_when_used,purchase_span_days,order_frequency_per_week,total_spend,account_age_at_first_order_days,shared_device_count,shared_payment_count,shared_address_count,identity_cluster_size,segment,is_reseller,is_loyal_bulk
CUST-005d87bf49,6,2,3.0,3,1,1.0,1.0,0.45,90.00704895511574,0.1555433731304917,280.5,0.0,4,0,4,5,ring_reseller,1,0
CUST-006264beba,1,1,1.0,1,1,1.0,0.0,0.0,0.0,7.0,30.0,432.99699955487273,0,0,0,1,normal,0,0
CUST-0076a91dbb,4,3,1.3333333333333333,2,3,0.375,0.0,0.0,66.16944449575232,0.31736702884589085,225.0,329.0117697269676,0,0,0,1,normal,0,0
CUST-0098596325,3,2,1.5,2,2,0.5555555555555556,0.0,0.0,116.91202198495371,0.1197481641520302,110.0,304.00906289525466,0,0,0,1,normal,0,0
CUST-011a35cb86,1,1,1.0,1,1,1.0,0.0,0.0,0.0,7.0,100.0,492.69165320114587,0,0,0,1,normal,0,0
CUST-0127d421ec,11,2,5.5,6,2,0.5041322314049586,0.0,0.0,151.27310873864582,0.09254784354427308,570.0,578.6123028144908,0,0,0,1,loyal_bulk,0,1
CUST-015f067531,15,1,15.0,15,1,1.0,1.0,0.3,0.0,7.0,315.0,89.81357329532408,0,0,0,1,solo_reseller,1,0
CUST-01a21fa993,2,2,1.0,1,2,0.5,0.0,0.0,14.072183875972222,0.9948704567387389,115.0,313.20037243140047,0,0,0,1,normal,0,0
CUST-01a4f6a963,2,2,1.0,1,2,0.5,0.0,0.0,30.62399987707176,0.4571577865790753,100.0,16.656484653125,0,0,0,1,normal,0,0
CUST-01d7efeeb9,15,1,15.0,15,1,1.0,1.0,0.3,0.0,7.0,315.0,10.949104077106481,0,0,0,1,solo_reseller,1,0
CUST-01f476ecb9,14,3,4.666666666666667,6,3,0.3571428571428571,0.0,0.0,137.31636172991898,0.15293152058094797,990.0,589.8550735759607,0,0,0,1,loyal_bulk,0,1
CUST-022fd13372,1,1,1.0,1,1,1.0,0.0,0.0,0.0,7.0,70.0,243.25341137394676,0,0,0,1,normal,0,0
CUST-025e3c1947,2,2,1.0,1,2,0.5,0.0,0.0,37.47411926671296,0.3735911683569771,115.0,106.50016037775463,0,0,0,1,normal,0,0
CUST-026cc001b9,1,1,1.0,1,1,1.0,0.0,0.0,0.0,7.0,100.0,540.6741643940509,0,0,3,4,shared_address_legit,0,1
CUST-028658b3b0,4,4,1.0,1,3,0.375,0.0,0.0,11.939638662743056,2.3451295965406693,225.0,4.210334469409722,0,0,0,1,normal,0,0
CUST-02fe2c61cb,8,2,4.0,4,2,0.5,1.0,0.35,120.00251480314813,0.11666422177039848,288.0,0.0,0,2,2,3,ring_reseller,1,0
CUST-03329da971,2,2,1.0,1,1,1.0,0.0,0.0,3.7337710130439814,3.7495604178967605,140.0,13.979402825856482,0,0,0,1,normal,0,0
CUST-03354bbee8,1,1,1.0,1,1,1.0,0.0,0.0,0.0,7.0,90.0,98.21480649263889,0,0,0,1,normal,0,0
CUST-03664ebd97,1,1,1.0,1,1,1.0,0.0,0.0,0.0,7.0,90.0,366.06852289702545,0,0,0,1,normal,0,0
CUST-03727156d9,1,1,1.0,1,1,1.0,0.0,0.0,0.0,7.0,60.0,80.76771866688658,0,0,1,2,shared_address_legit,0,1
CUST-038478152d,4,1,4.0,4,1,1.0,1.0,0.3,0.0,7.0,196.0,0.0,0,1,1,2,ring_reseller,1,0
CUST-038ea0bcce,4,3,1.3333333333333333,2,2,0.625,0.0,0.0,72.05586855172453,0.2914405227788681,205.0,110.26913589513889,0,0,0,1,normal,0,0
CUST-03d1b3fe25,3,3,1.0,1,3,0.3333333333333333,0.0,0.0,112.4095749033912,0.18681682604038088,265.0,258.10949764511577,0,0,0,1,normal,0,0
CUST-03eb225edb,42,10,4.2,5,1,1.0,0.0,0.0,144.62623519174767,0.48400623792213726,1260.0,56.942352648425924,0,0,0,1,stealth_reseller,1,0
CUST-03fa0a2b8f,1,1,1.0,1,1,1.0,0.0,0.0,0.0,7.0,85.0,185.68925626686342,0,0,1,2,shared_address_legit,0,1
CUST-04186c801c,7,2,3.5,4,2,0.510204081632653,1.0,0.32499999999999996,90.00028921956019,0.15555505567150238,212.0,0.0,0,3,3,4,ring_reseller,1,0
CUST-04a8af22a9,9,2,4.5,5,2,0.5061728395061729,1.0,0.35,119.99863607770833,0.11666799271729993,309.0,0.0,0,2,2,3,ring_reseller,1,0
CUST-04aa0d04c6,1,1,1.0,1,1,1.0,0.0,0.0,0.0,7.0,30.0,532.2328138743055,0,0,0,1,normal,0,0
CUST-04ae470063,2,2,1.0,1,2,0.5,0.0,0.0,21.383661047210648,0.654705476723136,125.0,223.04621481934026,0,0,3,4,shared_address_legit,0,1
CUST-04af3e001b,2,1,2.0,2,1,1.0,0.0,0.0,0.0,7.0,60.0,137.20671539398148,0,0,0,1,normal,0,0
CUST-04ec0a53c2,2,2,1.0,1,2,0.5,0.0,0.0,45.46686969121528,0.3079165136082584,115.0,534.212456726389,0,0,2,3,shared_address_legit,0,1
CUST-04fba2462e,4,4,1.0,1,3,0.375,0.0,0.0,147.09110889453703,0.19035820866695446,235.0,69.75401392207176,0,0,0,1,normal,0,0
CUST-04ffedec6d,2,2,1.0,1,2,0.5,0.0,0.0,27.530855004201392,0.5085203491814368,85.0,419.87209283119216,0,0,0,1,normal,0,0
CUST-055dc22fad,2,1,2.0,2,1,1.0,0.0,0.0,0.0,7.0,180.0,105.62580847388888,0,0,0,1,normal,0,0
CUST-0584e7bfba,10,1,10.0,10,1,1.0,1.0,0.3,0.0,7.0,210.0,83.40752505159722,0,0,0,1,solo_reseller,1,0
CUST-05d214a97f,1,1,1.0,1,1,1.0,0.0,0.0,0.0,7.0,25.0,590.4313478797222,0,0,2,3,shared_address_legit,0,1
CUST-0632d69def,14,3,4.666666666666667,8,3,0.4183673469387755,0.0,0.0,138.06488227670138,0.15210240036212144,675.0,530.2855224826042,0,0,0,1,loyal_bulk,0,1
CUST-0635a07e03,3,1,3.0,3,1,1.0,1.0,0.45,0.0,7.0,165.0,34.83347948847222,3,0,3,4,ring_reseller,1,0
CUST-064775f9de,3,2,1.5,2,2,0.5555555555555556,0.0,0.0,68.72752720083334,0.20370294946142403,280.0,188.53301511876157,0,0,0,1,normal,0,0
CUST-0648139e8e,3,2,1.5,2,2,0.5555555555555556,0.0,0.0,124.0696083165162,0.1128398823044911,270.0,311.68499940888887,0,0,0,1,normal,0,0
CUST-06526e35a7,15,1,15.0,15,1,1.0,1.0,0.3,0.0,7.0,735.0,2.7735443661574073,0,0,0,1,solo_reseller,1,0
CUST-069a9309c3,1,1,1.0,1,1,1.0,0.0,0.0,0.0,7.0,85.0,334.9969155109838,0,0,0,1,normal,0,0
CUST-0705720874,2,2,1.0,1,2,0.5,0.0,0.0,4.989464843831018,2.8059121445278086,85.0,38.93882129013889,0,0,0,1,normal,0,0
CUST-07062b8ea4,7,2,3.5,4,1,1.0,0.0,0.0,11.622289743946759,1.2045819118639358,595.0,692.8324677278588,0,0,0,1,loyal_bulk,0,1
CUST-071f5298fd,1,1,1.0,1,1,1.0,0.0,0.0,0.0,7.0,85.0,373.1608237961921,0,0,0,1,normal,0,0
CUST-0727c28c71,1,1,1.0,1,1,1.0,0.0,0.0,0.0,7.0,30.0,365.3444181221181,0,0,0,1,normal,0,0
CUST-072e69a0e7,3,3,1.0,1,3,0.3333333333333333,0.0,0.0,107.0956218791088,0.19608644715378865,210.0,151.0893205752662,0,0,0,1,normal,0,0
CUST-075b73d2a1,41,11,3.727272727272727,5,2,0.8239143367043427,0.0,0.0,113.37690912767361,0.6791506365135636,1045.0,0.663494133287037,0,0,0,1,stealth_reseller,1,0
CUST-077cd3aa1c,15,4,3.75,5,3,0.39555555555555555,0.0,0.0,126.9752311051736,0.2205154482200359,1075.0,375.47197117519676,0,0,0,1,loyal_bulk,0,1
CUST-07b40eff38,2,2,1.0,1,2,0.5,0.0,0.0,62.88317025702546,0.22263508571175902,150.0,195.02423048930558,0,0,2,3,shared_address_legit,0,1
CUST-07c46e7fab,1,1,1.0,1,1,1.0,0.0,0.0,0.0,7.0,70.0,218.04073836778937,0,0,3,4,shared_address_legit,0,1
CUST-07fdf425e2,1,1,1.0,1,1,1.0,0.0,0.0,0.0,7.0,25.0,204.87168133546297,0,0,0,1,normal,0,0
CUST-082f0a8df0,32,8,4.0,5,2,0.625,0.0,0.0,176.3015750344676,0.3176375479858975,1280.0,11.161774412361112,0,0,0,1,stealth_reseller,1,0
CUST-084108c9f5,3,2,1.5,2,2,0.5555555555555556,0.0,0.0,115.92964275601852,0.12076290124919914,260.0,111.07712253363425,0,0,0,1,normal,0,0
CUST-0850da7f06,3,1,3.0,3,1,1.0,1.0,0.4,0.0,7.0,162.0,0.0,0,5,5,6,ring_reseller,1,0
CUST-0859c0d5f6,3,3,1.0,1,2,0.5555555555555556,0.0,0.0,135.84421189385418,0.15458884635003042,265.0,270.4795811812963,0,0,0,1,normal,0,0
CUST-08705c6b88,7,2,3.5,4,2,0.510204081632653,1.0,0.375,59.98812624726852,0.23337951817819064,367.0,0.0,0,0,1,2,ring_reseller,1,0
CUST-087c60f4c8,37,10,3.7,5,2,0.5091307523739956,0.0,0.0,82.19466272515047,0.8516368055924991,3250.0,40.705958833032405,0,0,0,1,stealth_reseller,1,0
CUST-08936e4983,2,1,2.0,2,1,1.0,0.0,0.0,0.0,7.0,140.0,137.7050822383912,0,0,0,1,normal,0,0
CUST-08a9a3d02f,1,1,1.0,1,1,1.0,0.0,0.0,0.0,7.0,25.0,31.462037210150463,0,0,1,2,shared_address_legit,0,1
CUST-095e56b419,2,2,1.0,1,2,0.5,0.0,0.0,8.989811961539353,1.557318446692264,150.0,450.0700058527546,0,0,0,1,normal,0,0
CUST-09642cc48d,4,4,1.0,1,4,0.25,0.0,0.0,117.66288595748843,0.2379679860148628,340.0,272.95189653193285,0,0,0,1,normal,0,0
CUST-09e31ddef4,4,3,1.3333333333333333,2,3,0.375,0.0,0.0,61.513218071168986,0.34139004036016485,305.0,5.378558196967592,0,0,0,1,normal,0,0
CUST-09f39fd07f,1,1,1.0,1,1,1.0,0.0,0.0,0.0,7.0,25.0,271.0135301107523,0,0,0,1,normal,0,0
CUST-0a017be95d,15,1,15.0,15,1,1.0,1.0,0.35,0.0,7.0,243.75,180.71112029038196,0,0,0,1,solo_reseller,1,0
CUST-0a128881fa,1,1,1.0,1,1,1.0,0.0,0.0,0.0,7.0,30.0,555.0265775882639,0,0,3,4,shared_address_legit,0,1
CUST-0a13ea6b2e,33,10,3.3,5,2,0.5041322314049586,0.0,0.0,114.49475030023147,0.6113817429746251,1950.0,77.26488440768519,0,0,0,1,stealth_reseller,1,0
CUST-0a5e03c1f1,2,2,1.0,1,2,0.5,0.0,0.0,35.61054438148148,0.3931419820495754,175.0,580.7362063771991,0,0,3,4,shared_address_legit,0,1
CUST-0a75531295,2,2,1.0,1,2,0.5,0.0,0.0,6.431662284212963,2.176731205922322,90.0,60.92720075284723,0,0,0,1,normal,0,0
CUST-0a75d87160,2,1,2.0,2,1,1.0,0.0,0.0,0.0,7.0,140.0,315.5810716912037,0,0,0,1,normal,0,0
CUST-0a8201b55c,29,8,3.625,5,2,0.5005945303210464,0.0,0.0,82.48716584847223,0.6788934911749934,2750.0,7.4586238414583335,0,0,0,1,stealth_reseller,1,0
CUST-0ac8d87c4b,28,2,14.0,20,2,0.5918367346938775,1.0,0.42500000000000004,89.99147152195602,0.1555702975318533,1476.0,55.88135020061342,0,0,0,1,solo_reseller,1,0
CUST-0ae1f177b4,44,12,3.6666666666666665,5,1,1.0,0.0,0.0,97.36597688380786,0.8627243590463001,2640.0,0.7646556425462964,0,0,0,1,stealth_reseller,1,0
CUST-0b0bd0be93,2,1,2.0,2,1,1.0,0.0,0.0,0.0,7.0,170.0,38.70832701314815,0,0,0,1,normal,0,0
CUST-0b0c03e9f2,10,1,10.0,10,1,1.0,1.0,0.3,0.0,7.0,490.0,0.0,0,0,0,1,solo_reseller,1,0
CUST-0b7d7ab258,2,2,1.0,1,1,1.0,0.0,0.0,25.052856560925925,0.5588185110130441,180.0,309.23188406960645,0,0,0,1,normal,0,0
CUST-0baaf1d9b4,1,1,1.0,1,1,1.0,0.0,0.0,0.0,7.0,90.0,334.75673763822914,0,0,0,1,normal,0,0
CUST-0bcd61092a,1,1,1.0,1,1,1.0,0.0,0.0,0.0,7.0,30.0,80.30352099241898,0,0,0,1,normal,0,0
CUST-0c6565bc97,42,12,3.5,5,2,0.5011337868480725,0.0,0.0,71.00627682962963,1.182994007720573,3400.0,1.1988162074305555,0,0,0,1,stealth_reseller,1,0
CUST-0c82de72d5,2,1,2.0,2,1,1.0,0.0,0.0,0.0,7.0,60.0,165.88913125083334,0,0,0,1,normal,0,0
CUST-0cb25365d4,6,2,3.0,3,2,0.5,0.5,0.35,44.65297791751158,0.3135289213154497,303.75,534.1123129544792,0,0,0,1,loyal_bulk,0,1
CUST-0cd033caf3,1,1,1.0,1,1,1.0,0.0,0.0,0.0,7.0,90.0,133.3689855855787,0,0,0,1,normal,0,0
CUST-0cdb07cfd8,3,3,1.0,1,2,0.5555555555555556,0.0,0.0,100.46199066138888,0.2090342811420225,205.0,207.49703669555555,0,0,0,1,normal,0,0
CUST-0cdbe712cf,2,2,1.0,1,2,0.5,0.0,0.0,27.92644094997685,0.5013170144050026,160.0,158.79422025619212,0,0,0,1,normal,0,0
CUST-0d1b00427c,22,2,11.0,12,2,0.5041322314049586,1.0,0.35,30.008393613819443,0.4665361358614255,792.0,18.398707820370372,0,0,0,1,solo_reseller,1,0
CUST-0d5231bb8e,1,1,1.0,1,1,1.0,0.0,0.0,0.0,7.0,100.0,255.66850442990741,0,0,3,4,shared_address_legit,0,1
CUST-0d595ecf8d,4,2,2.0,2,2,0.5,0.0,0.0,42.37530004693287,0.33038114147850905,240.0,64.41186107674768,0,0,0,1,normal,0,0
CUST-0d6f6b6d55,2,2,1.0,1,2,0.5,0.0,0.0,36.354935767662035,0.385092139605789,170.0,155.4750937707986,0,0,0,1,normal,0,0
CUST-0daddc65f2,3,2,1.5,2,2,0.5555555555555556,0.0,0.0,45.46035240037037,0.30796065716124854,250.0,193.33038591708333,0,0,3,4,shared_address_legit,0,1
CUST-0df5880427,1,1,1.0,1,1,1.0,0.0,0.0,0.0,7.0,90.0,446.0492605131597,0,0,3,4,shared_address_legit,0,1
CUST-0e1f6ab017,1,1,1.0,1,1,1.0,0.0,0.0,0.0,7.0,30.0,304.31971389800924,0,0,0,1,normal,0,0
CUST-0e249aeaee,1,1,1.0,1,1,1.0,0.0,0.0,0.0,7.0,25.0,206.72410833575233,0,0,0,1,normal,0,0
CUST-0e44b57788,15,3,5.0,6,2,0.6088888888888888,0.0,0.0,167.14165638930555,0.12564192825208637,690.0,235.21380313795137,0,0,0,1,loyal_bulk,0,1
CUST-0e778a3fa2,1,1,1.0,1,1,1.0,0.0,0.0,0.0,7.0,100.0,263.8685161542824,0,0,0,1,normal,0,0
CUST-0e9cc1124f,1,1,1.0,1,1,1.0,0.0,0.0,0.0,7.0,90.0,124.46133167965277,0,0,0,1,normal,0,0
CUST-0ee5fad219,3,2,1.5,2,2,0.5555555555555556,0.0,0.0,2.430215005335648,5.760807158733841,230.0,38.57256309400463,0,0,3,4,shared_address_legit,0,1
CUST-0f04386ee2,12,3,4.0,5,1,1.0,1.0,0.4166666666666667,150.00004979284722,0.13999995352669137,695.0,0.0,0,0,4,5,ring_reseller,1,0
CUST-0f0cd0d7d3,7,2,3.5,4,2,0.510204081632653,0.0,0.0,12.965726926041667,1.0797697714796843,415.0,542.8451348046759,0,0,0,1,loyal_bulk,0,1
CUST-0f215bac2d,4,3,1.3333333333333333,2,2,0.625,0.0,0.0,4.6881192825115745,4.479408209244546,355.0,2.4020887758564817,0,0,0,1,normal,0,0
CUST-0f243d4a04,2,1,2.0,2,1,1.0,0.0,0.0,0.0,7.0,180.0,378.75502366974536,0,0,0,1,normal,0,0
CUST-0f6935a0e8,1,1,1.0,1,1,1.0,0.0,0.0,0.0,7.0,90.0,3.6688712542824073,0,0,0,1,normal,0,0
CUST-0f7992a3f9,17,3,5.666666666666667,8,2,0.5017301038062284,0.0,0.0,71.20639971237269,0.2949173119947964,945.0,541.3603770514699,0,0,0,1,loyal_bulk,0,1
CUST-102ae1dda0,2,1,2.0,2,1,1.0,0.0,0.0,0.0,7.0,140.0,250.93671207307872,0,0,0,1,normal,0,0
CUST-1046530029,9,2,4.5,5,1,1.0,1.0,0.4,150.01182260287038,0.0933259776268602,486.0,0.0,0,0,3,4,ring_reseller,1,0
CUST-104ce9b35a,3,2,1.5,2,2,0.5555555555555556,0.0,0.0,6.96102141332176,2.0111990997768356,240.0,87.0206987198264,0,0,0,1,normal,0,0
CUST-105d13b82a,12,1,12.0,12,1,1.0,1.0,0.35,0.0,7.0,195.0,144.44562830481482,0,0,0,1,solo_reseller,1,0
CUST-1075d05f9b,2,1,2.0,2,1,1.0,0.0,0.0,0.0,7.0,200.0,93.28656930457176,0,0,0,1,normal,0,0
CUST-10780309ff,26,7,3.7142857142857144,5,5,0.23964497041420124,0.0,0.0,145.23193833034722,0.33739135181507873,1740.0,492.4250088333218,0,0,0,1,loyal_bulk,0,1
CUST-10d45ad225,2,2,1.0,1,2,0.5,0.0,0.0,6.545071125254629,2.1390141882461737,130.0,154.99535956721064,0,0,0,1,normal,0,0
CUST-10d65a219d,15,4,3.75,5,3,0.36888888888888893,0.0,0.0,58.9912329772338,0.47464680066622617,1030.0,637.0129496608217,0,0,0,1,loyal_bulk,0,1
CUST-10e5db33df,1,1,1.0,1,1,1.0,0.0,0.0,0.0,7.0,100.0,267.54393855684026,0,0,0,1,normal,0,0
CUST-113e00352b,31,8,3.875,5,6,0.20499479708636836,0.0,0.0,164.9940337356134,0.3394062120436091,2390.0,403.2011938091782,0,0,0,1,loyal_bulk,0,1
CUST-1165a911a2,1,1,1.0,1,1,1.0,0.0,0.0,0.0,7.0,100.0,498.6290578664815,0,0,2,3,shared_address_legit,0,1
CUST-117c593a3b,3,2,1.5,2,2,0.5555555555555556,0.0,0.0,19.385379163865743,0.722193766841349,225.0,34.86324499206019,0,0,0,1,normal,0,0
CUST-11ccae1212,21,6,3.5,5,2,0.5011337868480725,0.0,0.0,145.24505596133102,0.2891664691924644,1535.0,68.9791357384838,0,0,0,1,stealth_reseller,1,0
CUST-11e620a2bc,1,1,1.0,1,1,1.0,0.0,0.0,0.0,7.0,60.0,146.5899272955787,0,0,3,4,shared_address_legit,0,1
CUST-11e6997fba,23,4,5.75,8,4,0.2892249527410208,0.0,0.0,130.1041534400463,0.21521219161464178,1415.0,256.3994285238079,0,0,0,1,loyal_bulk,0,1
CUST-11f4e743c6,47,12,3.9166666666666665,5,2,0.5020371208691715,0.0,0.0,157.50362047793982,0.5333210737956665,4480.0,31.890903304085647,0,0,0,1,stealth_reseller,1,0
CUST-11f6f2f960,5,1,5.0,5,1,1.0,1.0,0.3,0.0,7.0,105.0,0.0,0,0,4,5,ring_reseller,1,0
CUST-12282cf46a,2,2,1.0,1,2,0.5,0.0,0.0,7.819586087268519,1.7903760945600609,120.0,522.842470229375,0,0,0,1,normal,0,0
CUST-12284b1bf1,3,1,3.0,3,1,1.0,1.0,0.35,0.0,7.0,48.75,0.0,0,2,2,3,ring_reseller,1,0
CUST-1235a02a94,28,5,5.6,6,4,0.27806122448979587,0.0,0.0,142.80980887363427,0.24508120468790676,1925.0,580.7924684176273,0,0,0,1,loyal_bulk,0,1
CUST-123ca14c8f,17,5,3.4,4,4,0.28719723183391,0.0,0.0,118.67177163645835,0.29493113246189456,1330.0,649.7477690552083,0,0,0,1,loyal_bulk,0,1
CUST-124fa4ab53,2,2,1.0,1,2,0.5,0.0,0.0,124.65686837991898,0.1123082922100365,150.0,49.18240260578704,0,0,0,1,normal,0,0
CUST-12513911ca,2,2,1.0,1,2,0.5,0.0,0.0,17.01496474107639,0.8228051137950427,190.0,396.7308235297106,0,0,0,1,normal,0,0
CUST-1265e733d1,13,3,4.333333333333333,5,3,0.3372781065088758,0.0,0.0,76.79122513016205,0.27346874547716554,1030.0,615.4068453833218,0,0,0,1,loyal_bulk,0,1
CUST-126ac852c5,1,1,1.0,1,1,1.0,0.0,0.0,0.0,7.0,60.0,121.2387212026389,0,0,0,1,normal,0,0
CUST-1280bf2fbe,1,1,1.0,1,1,1.0,0.0,0.0,0.0,7.0,60.0,63.80633391251157,0,0,0,1,normal,0,0
CUST-12f0ab6d3e,2,2,1.0,1,2,0.5,0.0,0.0,17.605406980717593,0.795210245087408,115.0,164.23323773034724,0,0,0,1,normal,0,0
CUST-133b335958,3,2,1.5,2,2,0.5555555555555556,0.0,0.0,59.33807639702547,0.2359361956111843,210.0,160.13460895262733,0,0,0,1,normal,0,0
CUST-133c712dfb,7,2,3.5,4,1,1.0,1.0,0.45,89.99938733721065,0.1555566144861037,323.0,0.0,4,0,4,5,ring_reseller,1,0
CUST-139941e2ee,2,2,1.0,1,2,0.5,0.0,0.0,19.553560203796295,0.715982146171106,160.0,79.662619953125,0,0,0,1,normal,0,0
CUST-139ac278b2,3,1,3.0,3,1,1.0,1.0,0.45,0.0,7.0,165.0,48.825888228634255,3,0,3,4,ring_reseller,1,0
CUST-13aadff98c,10,1,10.0,10,1,1.0,1.0,0.4,0.0,7.0,540.0,0.0,0,0,0,1,solo_reseller,1,0
CUST-13b4051c04,15,4,3.75,4,3,0.36000000000000004,0.0,0.0,102.28540812939815,0.27374383611568576,1195.0,423.12646249414354,0,0,0,1,loyal_bulk,0,1
CUST-13cb5a6423,1,1,1.0,1,1,1.0,0.0,0.0,0.0,7.0,25.0,63.80459025070601,0,0,0,1,normal,0,0
CUST-13cff9b691,20,6,3.3333333333333335,4,1,1.0,0.0,0.0,106.72065865462963,0.39355079447101976,1800.0,103.69484478350694,0,0,0,1,stealth_reseller,1,0
CUST-140dea5448,4,3,1.3333333333333333,2,3,0.375,0.0,0.0,19.59390050486111,1.0717621024354007,280.0,33.60037316886574,0,0,0,1,normal,0,0
CUST-1485548e6d,1,1,1.0,1,1,1.0,0.0,0.0,0.0,7.0,60.0,190.12858048194443,0,0,0,1,normal,0,0
CUST-149434510d,2,2,1.0,1,2,0.5,0.0,0.0,110.90070374313657,0.12623905464501106,190.0,48.12686028285879,0,0,0,1,normal,0,0
CUST-14c5a97f32,3,3,1.0,1,3,0.3333333333333333,0.0,0.0,31.047841169768517,0.6763755291446104,175.0,198.02467542298612,0,0,0,1,normal,0,0
CUST-14df13be36,1,1,1.0,1,1,1.0,0.0,0.0,0.0,7.0,100.0,2.9896741868287036,0,0,0,1,normal,0,0
CUST-14f034386d,1,1,1.0,1,1,1.0,0.0,0.0,0.0,7.0,100.0,68.99948181476852,0,0,0,1,normal,0,0
CUST-150b27822c,24,5,4.8,6,4,0.2638888888888889,0.0,0.0,136.76124930337963,0.25592044660515606,1100.0,244.9462655335648,0,0,0,1,loyal_bulk,0,1
CUST-150cb790ce,6,2,3.0,3,1,1.0,1.0,0.4,149.9927319801852,0.09333785587590651,324.0,0.0,0,0,3,4,ring_reseller,1,0
CUST-1519a1535f,4,4,1.0,1,4,0.25,0.0,0.0,106.97658718237267,0.261739514574959,205.0,1.3360016495717593,0,0,0,1,normal,0,0
CUST-1578a93216,3,2,1.5,2,2,0.5555555555555556,0.0,0.0,29.464141547337963,0.4751538400501907,280.0,24.81797221266204,0,0,0,1,normal,0,0
CUST-1599c18c35,8,1,8.0,8,1,1.0,1.0,0.3,0.0,7.0,168.0,56.142105862013885,0,0,0,1,solo_reseller,1,0
CUST-15a15aec35,1,1,1.0,1,1,1.0,0.0,0.0,0.0,7.0,90.0,39.29764493670139,0,0,0,1,normal,0,0
CUST-15ae179fe6,2,2,1.0,1,2,0.5,0.0,0.0,17.294273606481482,0.8095165092538569,160.0,3.9755666368171294,0,0,0,1,normal,0,0
CUST-15e90409d9,7,2,3.5,4,2,0.510204081632653,1.0,0.35,29.99071866986111,0.4668110875938818,363.0,0.0,0,0,3,4,ring_reseller,1,0
CUST-15ed43ad1c,19,4,4.75,6,4,0.26869806094182824,0.0,0.0,57.50875246966436,0.486882410025672,1435.0,583.6614379513542,0,0,0,1,loyal_bulk,0,1
CUST-166d89c0f0,1,1,1.0,1,1,1.0,0.0,0.0,0.0,7.0,90.0,502.0205330398264,0,0,0,1,normal,0,0
CUST-16a61afb79,1,1,1.0,1,1,1.0,0.0,0.0,0.0,7.0,85.0,74.41488026773149,0,0,3,4,shared_address_legit,0,1
CUST-16e244aba9,15,5,3.0,3,3,0.44000000000000006,0.0,0.0,158.94889941265046,0.2201965545488666,750.0,555.6343087916782,0,0,0,1,loyal_bulk,0,1
CUST-17038dc4b7,19,4,4.75,6,3,0.3462603878116343,0.0,0.0,109.9983918977199,0.25454917582827313,1120.0,412.2969185313889,0,0,0,1,loyal_bulk,0,1
CUST-1727486fb5,5,3,1.6666666666666667,2,3,0.3600000000000001,0.0,0.0,69.08083534738427,0.30399169168117424,390.0,179.17782715121527,0,0,0,1,normal,0,0
CUST-172a18a36a,4,1,4.0,4,1,1.0,1.0,0.5,0.0,7.0,180.0,0.0,0,5,5,6,ring_reseller,1,0
CUST-172b53db98,14,3,4.666666666666667,8,3,0.4183673469387755,0.0,0.0,69.70053586913194,0.3012889318301526,1080.0,570.6242498946643,0,0,0,1,loyal_bulk,0,1
CUST-175ca23434,1,1,1.0,1,1,1.0,0.0,0.0,0.0,7.0,25.0,7.853756546562501,0,0,0,1,normal,0,0
CUST-17e2a303b6,32,2,16.0,20,2,0.53125,1.0,0.4,150.01349530435184,0.09332493701047619,1668.0,66.59737861247685,0,0,0,1,solo_reseller,1,0
CUST-17ee5e3ecc,3,3,1.0,1,3,0.3333333333333333,0.0,0.0,67.3026938509375,0.31202317171005,215.0,300.25986647607635,0,0,0,1,normal,0,0
CUST-186e0f8490,1,1,1.0,1,1,1.0,0.0,0.0,0.0,7.0,100.0,94.28521113503471,0,0,0,1,normal,0,0
CUST-189787966c,37,11,3.3636363636363638,4,1,1.0,0.0,0.0,64.93515745819445,1.185798310407932,3330.0,12.666552067314814,0,0,0,1,stealth_reseller,1,0
CUST-18b3207bac,1,1,1.0,1,1,1.0,0.0,0.0,0.0,7.0,90.0,168.02798500778937,0,0,0,1,normal,0,0
CUST-18ce4459e2,20,4,5.0,6,4,0.265,0.0,0.0,103.00782076800925,0.27182402065432154,1730.0,733.2025652587847,0,0,0,1,loyal_bulk,0,1
CUST-18d88dce34,1,1,1.0,1,1,1.0,0.0,0.0,0.0,7.0,85.0,181.21767001197918,0,0,0,1,normal,0,0
CUST-18dab43dc4,1,1,1.0,1,1,1.0,0.0,0.0,0.0,7.0,90.0,21.11594603829861,0,0,0,1,normal,0,0
CUST-18db43730c,7,2,3.5,4,1,1.0,0.0,0.0,87.33050410668982,0.16031053688750607,490.0,478.71121947709486,0,0,0,1,loyal_bulk,0,1
CUST-18e7e00c47,1,1,1.0,1,1,1.0,0.0,0.0,0.0,7.0,60.0,125.79711773185184,0,0,0,1,normal,0,0
CUST-191bb22ea4,1,1,1.0,1,1,1.0,0.0,0.0,0.0,7.0,70.0,156.64018662090277,0,0,0,1,normal,0,0
CUST-194f43e16e,2,1,2.0,2,1,1.0,0.0,0.0,0.0,7.0,120.0,242.33653170680554,0,0,0,1,normal,0,0
CUST-1970ddcd05,4,4,1.0,1,4,0.25,0.0,0.0,134.9348931270602,0.20750748269118247,245.0,188.91496174280093,0,0,0,1,normal,0,0
CUST-19aa38e5b0,36,11,3.272727272727273,5,2,0.5385802469135802,0.0,0.0,151.03511296649307,0.5098152243384777,965.0,39.275081447858796,0,0,0,1,stealth_reseller,1,0
CUST-19b6d9f3c5,16,4,4.0,6,4,0.2734375,0.0,0.0,85.14155079684028,0.3288641061614198,1200.0,491.89076790892364,0,0,0,1,loyal_bulk,0,1
CUST-19d3bb10ed,1,1,1.0,1,1,1.0,0.0,0.0,0.0,7.0,70.0,83.70167785292824,0,0,0,1,normal,0,0
CUST-19e1019f3d,2,2,1.0,1,2,0.5,0.0,0.0,23.991951897418982,0.5835290125563356,95.0,510.77343658322917,0,0,0,1,normal,0,0
CUST-19f78b96d0,1,1,1.0,1,1,1.0,0.0,0.0,0.0,7.0,30.0,154.6325120441435,0,0,3,4,shared_address_legit,0,1
CUST-1a4a3d1da9,8,1,8.0,8,1,1.0,1.0,0.35,0.0,7.0,130.0,49.01123382969907,0,0,0,1,solo_reseller,1,0
CUST-1a522417c2,46,12,3.8333333333333335,5,1,1.0,0.0,0.0,66.61231889122685,1.2610280110074834,1380.0,3.4545334368750003,0,0,0,1,stealth_reseller,1,0
CUST-1a6034379b,49,4,12.25,15,2,0.6301541024573094,1.0,0.4,150.00689731494214,0.18665808373606652,2496.0,0.0,0,0,0,1,solo_reseller,1,0
CUST-1a831a900c,25,7,3.5714285714285716,4,6,0.18400000000000002,0.0,0.0,115.80468685594907,0.4231262251151521,1565.0,653.4073047567824,0,0,0,1,loyal_bulk,0,1
CUST-1a8bf8cf0f,2,2,1.0,1,2,0.5,0.0,0.0,54.23259335405093,0.25814734524315835,155.0,212.50051011575232,0,0,0,1,normal,0,0
CUST-1a9decdafd,1,1,1.0,1,1,1.0,0.0,0.0,0.0,7.0,70.0,36.694946752789356,0,0,0,1,normal,0,0
CUST-1b165b5b8d,3,3,1.0,1,2,0.5555555555555556,0.0,0.0,52.6321453320949,0.39899570628359454,135.0,30.21588105391204,0,0,0,1,normal,0,0
CUST-1b2b5b4281,2,1,2.0,2,1,1.0,0.0,0.0,0.0,7.0,180.0,486.21903794460644,0,0,0,1,normal,0,0
CUST-1b4366f329,8,1,8.0,8,1,1.0,1.0,0.3,0.0,7.0,168.0,32.75366175394676,0,0,0,1,solo_reseller,1,0
CUST-1b771cbbde,5,4,1.25,2,4,0.28,0.0,0.0,128.92116088315973,0.21718699869120933,360.0,274.66839278496525,0,0,0,1,normal,0,0
CUST-1b81d73698,41,9,4.555555555555555,8,5,0.25044616299821537,0.0,0.0,146.45282254659722,0.4301726583654962,2320.0,545.8492555860532,0,0,0,1,loyal_bulk,0,1
CUST-1b857c50a3,27,2,13.5,15,2,0.5061728395061729,1.0,0.375,29.980628774675925,0.4669681915352469,1233.0,30.077864189837964,0,0,0,1,solo_reseller,1,0
CUST-1b8615c88a,2,2,1.0,1,2,0.5,0.0,0.0,1.2196691069212962,11.478523085116892,160.0,325.7872981435185,0,0,0,1,normal,0,0
CUST-1c6773a83a,33,10,3.3,5,1,1.0,0.0,0.0,140.13525404939813,0.49951741604810435,2310.0,37.51759454430556,0,0,0,1,stealth_reseller,1,0
CUST-1c846d844c,3,3,1.0,1,3,0.3333333333333333,0.0,0.0,57.95266387560185,0.362364705875773,205.0,46.60134042313658,0,0,0,1,normal,0,0
CUST-1cb62d67bd,3,2,1.5,2,1,1.0,0.0,0.0,7.354912285625,1.903489729899657,210.0,5.271555379768518,0,0,0,1,normal,0,0
CUST-1ceb06cb0f,30,8,3.75,5,2,0.5088888888888888,0.0,0.0,146.92496186372685,0.38114694255929155,1930.0,10.565586653275464,0,0,0,1,stealth_reseller,1,0
CUST-1cf7934e29,13,3,4.333333333333333,5,3,0.34911242603550297,0.0,0.0,150.63080295765045,0.13941371610363193,830.0,402.47945523190975,0,0,0,1,loyal_bulk,0,1
CUST-1d13b5c2af,1,1,1.0,1,1,1.0,0.0,0.0,0.0,7.0,70.0,43.1158067858912,0,0,0,1,normal,0,0
CUST-1d510d69d4,1,1,1.0,1,1,1.0,0.0,0.0,0.0,7.0,90.0,355.37823702305553,0,0,0,1,normal,0,0
CUST-1d8613fdbc,3,2,1.5,2,1,1.0,0.0,0.0,53.88127087083333,0.25983054545171075,180.0,166.21432508018518,0,0,0,1,normal,0,0
CUST-1d867df612,2,2,1.0,1,2,0.5,0.0,0.0,56.23379873199074,0.24896059515245886,110.0,362.90219469435186,0,0,0,1,normal,0,0
CUST-1d9887f8cb,2,2,1.0,1,2,0.5,0.0,0.0,20.483169623194446,0.6834879687832529,120.0,2.9023101591319445,0,0,3,4,shared_address_legit,0,1
CUST-1dadcfc385,1,1,1.0,1,1,1.0,0.0,0.0,0.0,7.0,85.0,544.8290465377198,0,0,0,1,normal,0,0
CUST-1dff89a02a,34,9,3.7777777777777777,5,1,1.0,0.0,0.0,106.73859770862269,0.5902269783605247,2040.0,0.6011311706828704,0,0,0,1,stealth_reseller,1,0
CUST-1e09880572,1,1,1.0,1,1,1.0,0.0,0.0,0.0,7.0,85.0,110.51700359793982,0,0,0,1,normal,0,0
CUST-1e492aa440,1,1,1.0,1,1,1.0,0.0,0.0,0.0,7.0,30.0,8.451391444791668,0,0,2,3,shared_address_legit,0,1
CUST-1e76a9be20,4,4,1.0,1,4,0.25,0.0,0.0,40.755714868287036,0.6870202152137306,275.0,240.3876923341088,0,0,0,1,normal,0,0
CUST-1e90227fd7,2,2,1.0,1,2,0.5,0.0,0.0,58.862841362465275,0.23784105007420347,190.0,172.40974096072918,0,0,0,1,normal,0,0
CUST-1e9716f39e,8,1,8.0,8,1,1.0,1.0,0.3,0.0,7.0,392.0,35.235847910208335,0,0,0,1,solo_reseller,1,0
CUST-1ebe33cbf4,20,2,10.0,10,1,1.0,1.0,0.45,59.9990097849537,0.23333718423317817,990.0,0.0,0,0,0,1,solo_reseller,1,0
CUST-1ec9814d45,3,3,1.0,1,3,0.3333333333333333,0.0,0.0,153.60969712108798,0.13671011917591405,275.0,389.3160066061343,0,0,0,1,normal,0,0
CUST-1ecef6b93d,1,1,1.0,1,1,1.0,0.0,0.0,0.0,7.0,85.0,327.73471639890045,0,0,0,1,normal,0,0
CUST-1ecefa4c64,1,1,1.0,1,1,1.0,0.0,0.0,0.0,7.0,85.0,376.49337835002314,0,0,3,4,shared_address_legit,0,1
CUST-1ed73b9766,2,2,1.0,1,2,0.5,0.0,0.0,24.261169550416664,0.5770537966402186,120.0,295.98428194946763,0,0,0,1,normal,0,0
CUST-1f035c613d,1,1,1.0,1,1,1.0,0.0,0.0,0.0,7.0,90.0,249.68569158122685,0,0,0,1,normal,0,0
CUST-1f12367926,2,2,1.0,1,2,0.5,0.0,0.0,26.328795990578705,0.5317371901476108,170.0,315.4372017385648,0,0,0,1,normal,0,0
CUST-1f1d6d8e56,24,4,6.0,8,2,0.5034722222222221,0.0,0.0,151.22683844696758,0.18515232010103205,1160.0,463.4976152047454,0,0,0,1,loyal_bulk,0,1
CUST-1f582d97e5,1,1,1.0,1,1,1.0,0.0,0.0,0.0,7.0,90.0,174.04177666641203,0,0,0,1,normal,0,0
CUST-1f5cc92c5e,4,1,4.0,4,1,1.0,1.0,0.5,0.0,7.0,180.0,0.0,0,5,5,6,ring_reseller,1,0
CUST-1f5eff83b2,16,4,4.0,5,4,0.2578125,0.0,0.0,116.3224494880324,0.24071019930577306,1230.0,538.9727879440162,0,0,0,1,loyal_bulk,0,1
CUST-1f62d901f0,5,1,5.0,5,1,1.0,1.0,0.35,0.0,7.0,81.25,110.55828428471064,0,4,4,5,ring_reseller,1,0
CUST-1f650481c6,2,2,1.0,1,1,1.0,0.0,0.0,18.598703959895833,0.752740622690056,200.0,399.2673458328357,0,0,1,2,shared_address_legit,0,1
CUST-1f7322fc65,2,1,2.0,2,1,1.0,0.0,0.0,0.0,7.0,200.0,167.21289906199075,0,0,0,1,normal,0,0
CUST-1f9e6bd616,2,2,1.0,1,2,0.5,0.0,0.0,97.35950221430555,0.14379695542386314,95.0,190.65932022155093,0,0,0,1,normal,0,0
CUST-1fa1710842,3,2,1.5,2,2,0.5555555555555556,0.0,0.0,50.79479470924768,0.27561879283373036,190.0,113.99068514131945,0,0,0,1,normal,0,0
CUST-1fd67b3d55,11,3,3.6666666666666665,4,3,0.33884297520661155,0.0,0.0,86.08837419703704,0.2439353768249322,760.0,722.3607723957755,0,0,0,1,loyal_bulk,0,1
CUST-200b1f4acf,2,2,1.0,1,2,0.5,0.0,0.0,28.798977406689815,0.4861283719312857,180.0,218.09455227247685,0,0,0,1,normal,0,0
CUST-201bd120c8,2,2,1.0,1,2,0.5,0.0,0.0,78.16831979872684,0.1791006898453,190.0,97.80977738496529,0,0,0,1,normal,0,0
CUST-2023bd8f18,8,1,8.0,8,1,1.0,1.0,0.35,0.0,7.0,312.0,48.887269079942136,0,0,0,1,solo_reseller,1,0
CUST-2029fe6ed2,2,2,1.0,1,2,0.5,0.0,0.0,49.72818053075231,0.28153050947324093,120.0,365.80787842046294,0,0,0,1,normal,0,0
CUST-203cd34f5c,1,1,1.0,1,1,1.0,0.0,0.0,0.0,7.0,70.0,303.2019457529167,0,0,0,1,normal,0,0
CUST-2047ccd52a,1,1,1.0,1,1,1.0,0.0,0.0,0.0,7.0,90.0,309.74567132879633,0,0,0,1,normal,0,0
CUST-20739f6db5,3,2,1.5,2,2,0.5555555555555556,0.0,0.0,27.989012057199073,0.5001962902938208,120.0,29.713504573888887,0,0,0,1,normal,0,0
CUST-2084f32bea,2,1,2.0,2,1,1.0,0.0,0.0,0.0,7.0,200.0,225.3889462612616,0,0,0,1,normal,0,0
CUST-20fd2205b9,1,1,1.0,1,1,1.0,0.0,0.0,0.0,7.0,90.0,387.9340325059838,0,0,0,1,normal,0,0
CUST-21059c3991,2,2,1.0,1,2,0.5,0.0,0.0,17.177944426724537,0.8149985616567452,175.0,151.81072741706018,0,0,3,4,shared_address_legit,0,1
CUST-210ee3ec83,1,1,1.0,1,1,1.0,0.0,0.0,0.0,7.0,90.0,477.8389801138773,0,0,0,1,normal,0,0
CUST-2119ef4c82,4,3,1.3333333333333333,2,3,0.375,0.0,0.0,160.77699538341435,0.1306157012694513,360.0,65.59730231267362,0,0,0,1,normal,0,0
CUST-2128f8a31b,10,3,3.3333333333333335,4,3,0.33999999999999997,0.0,0.0,97.14139850637731,0.21617971660786162,820.0,352.28269945288196,0,0,0,1,loyal_bulk,0,1
CUST-21493922b7,16,4,4.0,5,4,0.2578125,0.0,0.0,108.05711898543981,0.25912221483318343,1060.0,536.4998534846875,0,0,0,1,loyal_bulk,0,1
CUST-215fbd0c23,7,2,3.5,4,1,1.0,1.0,0.45,89.99637949979167,0.1555618134619783,323.0,0.0,4,0,4,5,ring_reseller,1,0
CUST-21d0725aeb,3,3,1.0,1,3,0.3333333333333333,0.0,0.0,8.52748103261574,2.4626264098013957,255.0,20.07029635013889,0,0,0,1,normal,0,0
CUST-21dc7505d6,35,3,11.666666666666666,15,2,0.510204081632653,1.0,0.4166666666666667,150.01917009850695,0.13998211019438908,1905.0,0.0,0,0,0,1,solo_reseller,1,0
CUST-221a48bc43,4,1,4.0,4,1,1.0,1.0,0.5,0.0,7.0,180.0,0.0,0,5,5,6,ring_reseller,1,0
CUST-22474c264c,5,1,5.0,5,1,1.0,1.0,0.5,0.0,7.0,212.5,0.0,0,0,4,5,ring_reseller,1,0
CUST-224d9bfbf7,2,2,1.0,1,2,0.5,0.0,0.0,48.51482289899305,0.2885715986049817,85.0,38.155699673946756,0,0,0,1,normal,0,0
CUST-225b594cef,1,1,1.0,1,1,1.0,0.0,0.0,0.0,7.0,25.0,369.9103693253125,0,0,0,1,normal,0,0
CUST-226cda88ab,1,1,1.0,1,1,1.0,0.0,0.0,0.0,7.0,90.0,192.63892871912037,0,0,0,1,normal,0,0
CUST-228d5bb627,3,3,1.0,1,2,0.5555555555555556,0.0,0.0,9.66779990769676,2.172159146910086,145.0,9.519483412581017,0,0,0,1,normal,0,0
CUST-22bcb1975c,1,1,1.0,1,1,1.0,0.0,0.0,0.0,7.0,100.0,146.57172562930558,0,0,0,1,normal,0,0
CUST-22e78fdedf,1,1,1.0,1,1,1.0,0.0,0.0,0.0,7.0,60.0,177.35422129252316,0,0,0,1,normal,0,0
CUST-2318b62966,9,3,3.0,3,3,0.3333333333333333,0.0,0.0,138.98971027061344,0.15109032142820447,435.0,536.5662335646181,0,0,0,1,loyal_bulk,0,1
CUST-23afb84461,2,2,1.0,1,2,0.5,0.0,0.0,106.5991010082986,0.13133319012615424,180.0,280.34433331212966,0,0,0,1,normal,0,0
CUST-241db547de,22,2,11.0,12,2,0.5041322314049586,1.0,0.35,29.99437538454861,0.4667541770918824,1128.0,0.0,0,0,0,1,solo_reseller,1,0
CUST-242ab76068,4,3,1.3333333333333333,2,2,0.625,0.0,0.0,81.29190506795139,0.25832830442891247,300.0,49.557223044895835,0,0,0,1,normal,0,0
CUST-243afc93c7,4,2,2.0,2,1,1.0,0.0,0.0,24.118329435983796,0.5804713812023994,400.0,55.097034108159725,0,0,0,1,normal,0,0
CUST-244342036b,3,2,1.5,2,2,0.5555555555555556,0.0,0.0,68.88021966998842,0.2032513843172294,150.0,77.75140226215278,0,0,0,1,normal,0,0
CUST-244ecab19c,25,4,6.25,8,2,0.5072000000000001,0.0,0.0,134.9592634054861,0.20747001201298643,2030.0,699.5729931886921,0,0,0,1,loyal_bulk,0,1
CUST-2459583e15,12,1,12.0,12,1,1.0,1.0,0.4,0.0,7.0,612.0,109.88660493341436,0,0,0,1,solo_reseller,1,0
CUST-245f28b165,2,2,1.0,1,2,0.5,0.0,0.0,50.68025296490741,0.2762417150856378,185.0,458.86285108736115,0,0,0,1,normal,0,0
CUST-248c1553db,1,1,1.0,1,1,1.0,0.0,0.0,0.0,7.0,90.0,286.71868999327546,0,0,0,1,normal,0,0
CUST-24a2b8ef05,31,8,3.875,8,6,0.19042663891779393,0.0,0.0,169.04943902913195,0.3312640392160641,2015.0,488.10625973574076,0,0,0,1,loyal_bulk,0,1
CUST-24b28e00c0,27,7,3.857142857142857,6,6,0.17969821673525377,0.0,0.0,133.69007381578706,0.3665193578060074,1690.0,333.6283302918865,0,0,0,1,loyal_bulk,0,1
CUST-24c4b33014,20,5,4.0,6,4,0.265,0.0,0.0,155.72846057421296,0.22475018292061408,1820.0,646.0506031057986,0,0,0,1,loyal_bulk,0,1
CUST-253f8e3cef,2,2,1.0,1,2,0.5,0.0,0.0,19.587690111412037,0.7147346073156131,170.0,32.591937890486115,0,0,0,1,normal,0,0
CUST-254893c4c9,10,1,10.0,10,1,1.0,1.0,0.35,0.0,7.0,390.0,122.46488652358795,0,0,0,1,solo_reseller,1,0
CUST-25af161b72,8,2,4.0,5,2,0.53125,1.0,0.475,30.002966086145832,0.46662053211014487,382.5,0.0,0,1,1,2,ring_reseller,1,0
CUST-25dbb5a503,2,2,1.0,1,2,0.5,0.0,0.0,125.91715680086806,0.11118421314214016,130.0,258.46883304197917,0,0,1,2,shared_address_legit,0,1
CUST-260758c05a,1,1,1.0,1,1,1.0,0.0,0.0,0.0,7.0,70.0,198.10447321225695,0,0,0,1,normal,0,0
CUST-260d08ace3,10,1,10.0,10,1,1.0,1.0,0.45,0.0,7.0,495.0,0.0,0,0,0,1,solo_reseller,1,0
CUST-26138ba34c,2,2,1.0,1,2,0.5,0.0,0.0,43.63449361538194,0.32084708312198107,175.0,523.9182669845833,0,0,0,1,normal,0,0
CUST-262a5425c7,1,1,1.0,1,1,1.0,0.0,0.0,0.0,7.0,30.0,215.3418915612384,0,0,3,4,shared_address_legit,0,1
CUST-265e19ac93,15,1,15.0,15,1,1.0,1.0,0.35,0.0,7.0,243.75,70.35873918018518,0,0,0,1,solo_reseller,1,0
CUST-26b1e587fd,1,1,1.0,1,1,1.0,0.0,0.0,0.0,7.0,30.0,204.93323750783566,0,0,0,1,normal,0,0
CUST-26ccbf5650,12,3,4.0,4,2,0.5555555555555556,0.0,0.0,32.36848072048611,0.6487792918469921,780.0,709.2010670607408,0,0,0,1,loyal_bulk,0,1
CUST-27328236c9,3,1,3.0,3,1,1.0,1.0,0.45,0.0,7.0,165.0,48.83237492322916,3,0,3,4,ring_reseller,1,0
CUST-2753e8a79d,3,1,3.0,3,1,1.0,1.0,0.5,0.0,7.0,127.5,0.0,0,0,5,6,ring_reseller,1,0
CUST-279f24a9f1,28,3,9.333333333333334,10,2,0.5408163265306123,1.0,0.45,90.00464573665509,0.23332128945259087,1400.0,0.0,0,0,0,1,solo_reseller,1,0
CUST-27bbdc1fed,22,2,11.0,12,1,1.0,1.0,0.42500000000000004,89.99637120366899,0.1555618278021108,1134.0,0.0,0,0,0,1,solo_reseller,1,0
CUST-27d842eec5,1,1,1.0,1,1,1.0,0.0,0.0,0.0,7.0,90.0,78.64643024614583,0,0,0,1,normal,0,0
CUST-27db100e37,1,1,1.0,1,1,1.0,0.0,0.0,0.0,7.0,30.0,355.10680357185186,0,0,0,1,normal,0,0
CUST-282a05bc59,8,2,4.0,5,1,1.0,1.0,0.42500000000000004,89.99498912123842,0.15556421681589006,409.5,0.0,4,0,4,5,ring_reseller,1,0
CUST-28436eb68c,1,1,1.0,1,1,1.0,0.0,0.0,0.0,7.0,90.0,159.61005015094906,0,0,2,3,shared_address_legit,0,1
CUST-284796df4f,9,2,4.5,6,1,1.0,0.0,0.0,76.88423688640046,0.18209194195014983,810.0,498.080435974375,0,0,0,1,loyal_bulk,0,1
CUST-287743882c,1,1,1.0,1,1,1.0,0.0,0.0,0.0,7.0,100.0,65.57402403217593,0,0,0,1,normal,0,0
CUST-2877f0c075,14,3,4.666666666666667,6,3,0.3571428571428571,0.0,0.0,85.31673761491898,0.24614161988687927,870.0,522.0896811224305,0,0,0,1,loyal_bulk,0,1
CUST-28c6683b6d,23,6,3.8333333333333335,5,1,1.0,0.0,0.0,110.2294750541898,0.3810233150375834,2070.0,48.5293074489699,0,0,0,1,stealth_reseller,1,0
CUST-28e2d66f98,2,2,1.0,1,2,0.5,0.0,0.0,128.65394196502314,0.10881905199458365,125.0,197.93900432817128,0,0,0,1,normal,0,0
CUST-291e391fc8,16,4,4.0,5,3,0.3828125,0.0,0.0,165.5158480108912,0.1691680907689127,1130.0,584.2975736935996,0,0,0,1,loyal_bulk,0,1
CUST-2957ae55d2,2,2,1.0,1,2,0.5,0.0,0.0,88.84420352819444,0.15757921669653036,170.0,15.540857099999998,0,0,0,1,normal,0,0
CUST-2964a2b74e,3,2,1.5,2,2,0.5555555555555556,0.0,0.0,158.7436436163773,0.0881925076246369,140.0,156.3585543051736,0,0,0,1,normal,0,0
CUST-299aaaa9b8,2,2,1.0,1,2,0.5,0.0,0.0,19.58525015295139,0.7148236499746865,115.0,221.95925960380788,0,0,0,1,normal,0,0
CUST-29ba4b88f8,2,1,2.0,2,1,1.0,0.0,0.0,0.0,7.0,180.0,39.738247910613424,0,0,0,1,normal,0,0
CUST-29bc34d9d9,2,2,1.0,1,2,0.5,0.0,0.0,50.47711029827546,0.2773534363847747,115.0,471.0838237642014,0,0,0,1,normal,0,0
CUST-29c4bda970,4,4,1.0,1,4,0.25,0.0,0.0,88.87820580983797,0.3150378627119031,305.0,480.5578756222454,0,0,1,2,shared_address_legit,0,1
CUST-29d281539b,19,3,6.333333333333333,8,2,0.5124653739612188,0.0,0.0,38.7872445069213,0.5414151035207646,1190.0,242.50004818877312,0,0,0,1,loyal_bulk,0,1
CUST-29d2d4dcc2,4,1,4.0,4,1,1.0,1.0,0.5,0.0,7.0,170.0,34.2078292853588,1,0,1,2,ring_reseller,1,0
CUST-29dcc7f317,2,2,1.0,1,2,0.5,0.0,0.0,71.6327882225926,0.19544122666977906,95.0,292.36152649163193,0,0,0,1,normal,0,0
CUST-29fb70485a,1,1,1.0,1,1,1.0,0.0,0.0,0.0,7.0,90.0,7.5835541161689815,0,0,0,1,normal,0,0
CUST-2a065e1f54,1,1,1.0,1,1,1.0,0.0,0.0,0.0,7.0,90.0,21.739060967314817,0,0,3,4,shared_address_legit,0,1
CUST-2a305e468e,16,2,8.0,8,1,1.0,1.0,0.4,149.99142249402777,0.09333867075337218,864.0,0.0,0,0,0,1,solo_reseller,1,0
CUST-2a5f9152b6,2,1,2.0,2,1,1.0,0.0,0.0,0.0,7.0,170.0,109.77027022560185,0,0,0,1,normal,0,0
CUST-2a7ba3418c,3,3,1.0,1,2,0.5555555555555556,0.0,0.0,115.03084567240741,0.18255972889050312,150.0,302.6632079495833,0,0,0,1,normal,0,0
CUST-2aad787b43,32,3,10.666666666666666,12,2,0.53125,1.0,0.39999999999999997,59.9966456290162,0.3500195682580588,1260.0,0.0,0,0,0,1,solo_reseller,1,0
CUST-2acd17973c,2,1,2.0,2,1,1.0,0.0,0.0,0.0,7.0,50.0,245.20010455172454,0,0,2,3,shared_address_legit,0,1
CUST-2b2e4a49d5,1,1,1.0,1,1,1.0,0.0,0.0,0.0,7.0,100.0,196.50313320449075,0,0,0,1,normal,0,0
CUST-2b67960b4e,18,2,9.0,10,1,1.0,1.0,0.45,59.99943669197917,0.2333355239962035,900.0,0.0,0,0,0,1,solo_reseller,1,0
CUST-2b89350f7f,2,2,1.0,1,2,0.5,0.0,0.0,130.77806353579862,0.10705159276324427,170.0,177.49978100336807,0,0,0,1,normal,0,0
CUST-2bc2aeb167,2,2,1.0,1,2,0.5,0.0,0.0,103.09343551105324,0.13579914114414182,120.0,0.0205217249537037,0,0,0,1,normal,0,0
CUST-2bc92be52a,2,2,1.0,1,2,0.5,0.0,0.0,20.208772003368058,0.6927684669640845,120.0,338.488785927419,0,0,0,1,normal,0,0
CUST-2bf21c8a69,7,2,3.5,4,1,1.0,1.0,0.45,90.00711193278936,0.15554326429731646,351.0,0.0,0,1,1,2,ring_reseller,1,0
CUST-2c3826c801,25,2,12.5,15,2,0.52,1.0,0.35,120.000790915,0.11666589772659583,1245.0,90.17391030070601,0,0,0,1,solo_reseller,1,0
CUST-2c63d314e1,33,8,4.125,6,6,0.1790633608815427,0.0,0.0,126.34422344417824,0.44323356045432566,2345.0,435.9347943732407,0,0,0,1,loyal_bulk,0,1
CUST-2c9547c263,28,6,4.666666666666667,8,4,0.25255102040816324,0.0,0.0,114.04219113402777,0.36828475130436256,1650.0,657.3287783080093,0,0,0,1,loyal_bulk,0,1
CUST-2cbb09ab0c,31,3,10.333333333333334,15,1,1.0,1.0,0.4166666666666667,150.00049121950232,0.1399995415299659,1820.0,0.0,0,0,0,1,solo_reseller,1,0
CUST-2ce2e8dcfc,2,2,1.0,1,2,0.5,0.0,0.0,23.696956623634257,0.5907931648082202,190.0,7.692244494652778,0,0,0,1,normal,0,0
CUST-2cee9e5d0c,20,6,3.3333333333333335,4,2,0.545,0.0,0.0,137.63116430951388,0.3051634432558289,1800.0,15.376787694212961,0,0,0,1,stealth_reseller,1,0
CUST-2cef64edaf,1,1,1.0,1,1,1.0,0.0,0.0,0.0,7.0,30.0,388.76064927337967,0,0,0,1,normal,0,0
CUST-2cfe1c8a1e,2,2,1.0,1,2,0.5,0.0,0.0,9.743841977916667,1.4368049103966836,100.0,70.07052906666667,0,0,2,3,shared_address_legit,0,1
CUST-2d068a216a,4,3,1.3333333333333333,2,3,0.375,0.0,0.0,86.16177491652778,0.2437275696832439,320.0,461.2099998293171,0,0,3,4,shared_address_legit,0,1
CUST-2d0f3da877,1,1,1.0,1,1,1.0,0.0,0.0,0.0,7.0,70.0,240.59998217814814,0,0,3,4,shared_address_legit,0,1
CUST-2d3266b26c,24,3,8.0,8,2,0.5555555555555556,1.0,0.4166666666666667,149.9995445882176,0.1400004250522874,1352.0,0.0,0,0,0,1,solo_reseller,1,0
CUST-2d344a9ae5,14,3,4.666666666666667,6,3,0.3571428571428571,0.0,0.0,111.7382333138773,0.18793925210013063,950.0,645.975376577419,0,0,0,1,loyal_bulk,0,1
CUST-2d5e001037,11,3,3.6666666666666665,4,2,0.5371900826446281,1.0,0.45,89.9959099402662,0.23334393767381786,549.0,45.732778112349536,0,4,4,5,ring_reseller,1,0
CUST-2d6c8ad8d1,20,2,10.0,10,1,1.0,1.0,0.45,90.00354118219907,0.155549435234543,990.0,0.0,0,0,0,1,solo_reseller,1,0
CUST-2d8b391988,16,2,8.0,8,2,0.5,0.0,0.0,7.4931442871180565,1.8683745385856634,1440.0,391.6429124925116,0,0,0,1,loyal_bulk,0,1
CUST-2d999252cd,2,1,2.0,2,1,1.0,0.0,0.0,0.0,7.0,50.0,60.3410144058912,0,0,0,1,normal,0,0
CUST-2dc1e8f112,3,2,1.5,2,2,0.5555555555555556,0.0,0.0,85.62379978682871,0.16350594151222875,140.0,468.6723114600232,0,0,2,3,shared_address_legit,0,1
CUST-2de898e726,2,2,1.0,1,2,0.5,0.0,0.0,44.05890403710648,0.31775642871663756,100.0,238.04520955894677,0,0,3,4,shared_address_legit,0,1
CUST-2e05f774e1,2,2,1.0,1,2,0.5,0.0,0.0,66.83116134736112,0.20948311712306944,130.0,63.52595951577546,0,0,0,1,normal,0,0
CUST-2e10f1e8c8,12,3,4.0,5,1,1.0,1.0,0.43333333333333335,149.99558006518518,0.14000412539405366,603.0,0.0,0,0,3,4,ring_reseller,1,0
CUST-2e3bd06650,2,2,1.0,1,2,0.5,0.0,0.0,10.310479924351853,1.3578417399304603,130.0,13.666828953460648,0,0,3,4,shared_address_legit,0,1
CUST-2e53c20113,10,1,10.0,10,1,1.0,1.0,0.3,0.0,7.0,490.0,0.0,0,0,0,1,solo_reseller,1,0
CUST-2e92642646,1,1,1.0,1,1,1.0,0.0,0.0,0.0,7.0,100.0,503.35640017651616,0,0,0,1,normal,0,0
CUST-2e9ec206c5,3,3,1.0,1,3,0.3333333333333333,0.0,0.0,134.34344232104166,0.15631578019131087,215.0,42.82614114795139,0,0,3,4,shared_address_legit,0,1
CUST-2ea147fa67,4,3,1.3333333333333333,2,2,0.5,0.0,0.0,4.7784243904050925,4.394754062064319,290.0,10.872445923055555,0,0,3,4,shared_address_legit,0,1
CUST-2ea6e66543,4,1,4.0,4,1,1.0,1.0,0.3,0.0,7.0,196.0,0.0,0,0,2,3,ring_reseller,1,0
CUST-2eae74d910,1,1,1.0,1,1,1.0,0.0,0.0,0.0,7.0,90.0,39.95126352236111,0,0,0,1,normal,0,0
CUST-2ecf6f56a0,1,1,1.0,1,1,1.0,0.0,0.0,0.0,7.0,85.0,433.3761718310069,0,0,3,4,shared_address_legit,0,1
CUST-2ef47a5407,11,3,3.6666666666666665,4,3,0.33884297520661155,0.0,0.0,102.32277131530093,0.2052329088633641,660.0,280.77997361765046,0,0,0,1,loyal_bulk,0,1
CUST-2f0fad3cc5,1,1,1.0,1,1,1.0,0.0,0.0,0.0,7.0,60.0,57.45348540528935,0,0,0,1,normal,0,0
CUST-2f131c4757,30,2,15.0,15,2,0.5,1.0,0.45,60.00352435877315,0.2333196282986843,1447.5,0.0,0,0,0,1,solo_reseller,1,0
CUST-2f26033d6b,2,1,2.0,2,1,1.0,0.0,0.0,0.0,7.0,60.0,140.7884392245023,0,0,0,1,normal,0,0
CUST-2f34e529df,5,5,1.0,1,3,0.44000000000000006,0.0,0.0,76.96602761398148,0.45474608843710124,260.0,410.4610993019097,0,0,0,1,normal,0,0
CUST-2f524b44a4,2,2,1.0,1,2,0.5,0.0,0.0,78.11354442844907,0.17922628018529882,155.0,160.21041488694445,0,0,0,1,normal,0,0
CUST-2f785d26bf,23,2,11.5,15,2,0.5463137996219282,1.0,0.35,119.98710082064814,0.11667920888368354,1202.0,68.29923067280093,0,0,0,1,solo_reseller,1,0
CUST-2fd58e6a13,2,2,1.0,1,2,0.5,0.0,0.0,8.133412126898149,1.7212947999647474,155.0,413.7777450994444,0,0,0,1,normal,0,0
CUST-2fe41789f7,2,2,1.0,1,2,0.5,0.0,0.0,60.40064726037037,0.2317855956021448,90.0,358.86823474789355,0,0,0,1,normal,0,0
CUST-300f138532,28,5,5.6,8,4,0.3112244897959184,0.0,0.0,115.19905752978009,0.3038219300618163,1575.0,233.3268544128935,0,0,0,1,loyal_bulk,0,1
CUST-30231aec62,42,12,3.5,5,2,0.510204081632653,0.0,0.0,162.57146056967593,0.516695856121676,3060.0,49.89260176512732,0,0,0,1,stealth_reseller,1,0
CUST-303553261b,2,1,2.0,2,1,1.0,0.0,0.0,0.0,7.0,180.0,119.971951140625,0,0,0,1,normal,0,0
CUST-304bf34b93,1,1,1.0,1,1,1.0,0.0,0.0,0.0,7.0,100.0,444.34078718710646,0,0,1,2,shared_address_legit,0,1
CUST-3127677799,1,1,1.0,1,1,1.0,0.0,0.0,0.0,7.0,90.0,10.948180673784721,0,0,0,1,normal,0,0
CUST-315022b5e0,2,2,1.0,1,2,0.5,0.0,0.0,5.7955368421875,2.415651971718941,150.0,19.236336413344908,0,0,0,1,normal,0,0
CUST-3162f3b46b,29,6,4.833333333333333,6,5,0.23186682520808566,0.0,0.0,178.17681949798612,0.2357208985901486,2260.0,638.9509505488194,0,0,0,1,loyal_bulk,0,1
CUST-31a0396289,1,1,1.0,1,1,1.0,0.0,0.0,0.0,7.0,60.0,424.0957545010648,0,0,0,1,normal,0,0
CUST-31aa6a68fa,3,2,1.5,2,2,0.5555555555555556,0.0,0.0,138.4451868416551,0.10112305324136922,240.0,424.2281187732176,0,0,0,1,normal,0,0
CUST-320f416d0d,12,3,4.0,6,3,0.375,0.0,0.0,44.797533025405095,0.4687758137951638,795.0,475.7653514221991,0,0,0,1,loyal_bulk,0,1
CUST-321436c52b,3,1,3.0,3,1,1.0,0.0,0.0,0.0,7.0,90.0,367.3960496767477,0,0,0,1,loyal_bulk,0,1
CUST-322f7077c6,3,2,1.5,2,2,0.5555555555555556,0.0,0.0,18.176521018518518,0.7702244002434011,270.0,73.56578044631944,0,0,0,1,normal,0,0
CUST-32363555f7,7,2,3.5,4,1,1.0,1.0,0.42500000000000004,89.99656181724538,0.15556149832067565,364.5,0.0,4,0,4,5,ring_reseller,1,0
CUST-327e417a8d,8,2,4.0,4,2,0.5,0.0,0.0,27.69409080116898,0.5055230049079298,720.0,417.5801576226389,0,0,0,1,loyal_bulk,0,1
CUST-3281f4873d,7,2,3.5,4,1,1.0,1.0,0.42500000000000004,90.00501195251157,0.155546893403966,364.5,0.0,0,1,1,2,ring_reseller,1,0
CUST-3290c1cdf4,26,6,4.333333333333333,8,4,0.3017751479289941,0.0,0.0,95.64222666862268,0.43913657662446426,2060.0,752.6458507181134,0,0,0,1,loyal_bulk,0,1
CUST-32a1ac0231,2,1,2.0,2,1,1.0,0.0,0.0,0.0,7.0,50.0,56.73499620552083,0,0,0,1,normal,0,0
CUST-32b80aec73,1,1,1.0,1,1,1.0,0.0,0.0,0.0,7.0,100.0,466.9968457305092,0,0,0,1,normal,0,0
CUST-32c4cd84d7,2,2,1.0,1,1,1.0,0.0,0.0,46.17196682717592,0.3032142869807286,170.0,0.7685308241550926,0,0,0,1,normal,0,0
CUST-3304ed8560,6,4,1.5,2,3,0.3888888888888889,0.0,0.0,117.67938996180555,0.23793461207682826,430.0,111.88345438171297,0,0,0,1,normal,0,0
CUST-33055a4bbb,20,4,5.0,8,4,0.29500000000000004,0.0,0.0,146.36565813350694,0.19130170531163734,1245.0,606.9889678529629,0,0,0,1,loyal_bulk,0,1
CUST-3325d873f3,5,1,5.0,5,1,1.0,1.0,0.5,0.0,7.0,212.5,36.66595811148148,0,0,5,6,ring_reseller,1,0
CUST-33370ba6f6,2,2,1.0,1,2,0.5,0.0,0.0,30.92017369991898,0.45277882769580574,175.0,591.8145289277778,0,0,3,4,shared_address_legit,0,1
CUST-33760d8918,1,1,1.0,1,1,1.0,0.0,0.0,0.0,7.0,85.0,390.83508885557865,0,0,0,1,normal,0,0
CUST-3379537945,3,3,1.0,1,3,0.3333333333333333,0.0,0.0,25.31703640622685,0.8294809733273103,260.0,14.910645696643519,0,0,0,1,normal,0,0
CUST-338937f208,1,1,1.0,1,1,1.0,0.0,0.0,0.0,7.0,90.0,29.203856028472224,0,0,0,1,normal,0,0
CUST-339c5cc6c2,1,1,1.0,1,1,1.0,0.0,0.0,0.0,7.0,25.0,295.6268779465625,0,0,3,4,shared_address_legit,0,1
CUST-33b02ef34d,29,6,4.833333333333333,8,4,0.25326991676575505,0.0,0.0,127.30418588203703,0.3299184524766386,1535.0,361.4123716239468,0,0,0,1,loyal_bulk,0,1
CUST-33b1849e68,1,1,1.0,1,1,1.0,0.0,0.0,0.0,7.0,70.0,267.5795097199421,0,0,0,1,normal,0,0
CUST-33deaff264,23,6,3.8333333333333335,5,5,0.23251417769376181,0.16666666666666666,0.45,67.62584234293982,0.621064352692456,1180.0,345.7363359488773,0,0,0,1,loyal_bulk,0,1
CUST-33fec7410d,3,2,1.5,2,1,1.0,0.0,0.0,21.35789383976852,0.6554953454226803,270.0,2.646238029050926,0,0,0,1,normal,0,0
CUST-33ff044fed,4,1,4.0,4,1,1.0,1.0,0.5,0.0,7.0,170.0,34.204056240625,1,0,1,2,ring_reseller,1,0
CUST-3414481506,1,1,1.0,1,1,1.0,0.0,0.0,0.0,7.0,25.0,100.91473776872687,0,0,3,4,shared_address_legit,0,1
CUST-34307f3f9d,2,2,1.0,1,2,0.5,0.0,0.0,124.81517195641203,0.11216585115861621,115.0,208.3600901561111,0,0,0,1,normal,0,0
CUST-343b7244f5,15,1,15.0,15,1,1.0,1.0,0.3,0.0,7.0,315.0,0.0,0,0,0,1,solo_reseller,1,0
CUST-3453813f50,4,3,1.3333333333333333,2,2,0.5,0.0,0.0,119.60933878280093,0.17557157504343354,230.0,431.6069116130787,0,0,0,1,normal,0,0
CUST-345a93c474,2,2,1.0,1,2,0.5,0.0,0.0,27.951172789375,0.5008734376012223,115.0,398.46632237247684,0,0,0,1,normal,0,0
CUST-346a472d2d,5,1,5.0,5,1,1.0,1.0,0.3,0.0,7.0,245.0,0.0,0,0,5,6,ring_reseller,1,0
CUST-347771d4d9,1,1,1.0,1,1,1.0,0.0,0.0,0.0,7.0,25.0,442.2209438253356,0,0,3,4,shared_address_legit,0,1
CUST-34a696e0af,1,1,1.0,1,1,1.0,0.0,0.0,0.0,7.0,70.0,445.81401077848375,0,0,0,1,normal,0,0
CUST-34ad823786,1,1,1.0,1,1,1.0,0.0,0.0,0.0,7.0,25.0,225.2838625016551,0,0,0,1,normal,0,0
CUST-34f02cba6d,1,1,1.0,1,1,1.0,0.0,0.0,0.0,7.0,90.0,236.85663294752314,0,0,0,1,normal,0,0
CUST-3504a1cd3c,2,2,1.0,1,2,0.5,0.0,0.0,40.859578177245375,0.3426369195313077,160.0,23.16858563650463,0,0,0,1,normal,0,0
CUST-354a1fe02c,11,3,3.6666666666666665,4,3,0.33884297520661155,0.0,0.0,153.3428724121875,0.13694800201441218,550.0,298.5210305252199,0,0,0,1,loyal_bulk,0,1
CUST-3560f76498,5,4,1.25,2,3,0.44,0.0,0.0,78.59829245719908,0.35624183585473534,340.0,305.850017038125,0,0,0,1,normal,0,0
CUST-35b384dcda,10,2,5.0,6,2,0.52,0.0,0.0,30.35207380927083,0.46125349088087014,940.0,610.321439723125,0,0,0,1,loyal_bulk,0,1
CUST-35c599fbde,12,3,4.0,4,1,1.0,1.0,0.4166666666666667,150.00172048471063,0.13999839423268806,700.0,0.0,0,0,4,5,ring_reseller,1,0
CUST-3627d43c08,3,1,3.0,3,1,1.0,1.0,0.3,0.0,7.0,147.0,0.0,0,0,5,6,ring_reseller,1,0
CUST-3640ed174b,2,2,1.0,1,1,1.0,0.0,0.0,101.67118280865742,0.13769880130486575,180.0,410.55931610403934,0,0,2,3,shared_address_legit,0,1
CUST-368c395653,3,1,3.0,3,1,1.0,1.0,0.45,0.0,7.0,165.0,34.83777937440972,3,0,3,4,ring_reseller,1,0
CUST-36c41ecbb5,1,1,1.0,1,1,1.0,0.0,0.0,0.0,7.0,60.0,36.38959501210648,0,0,0,1,normal,0,0
CUST-36d73135be,2,2,1.0,1,2,0.5,0.0,0.0,6.278235001284722,2.2299260854579614,115.0,3.170870943703704,0,0,0,1,normal,0,0
CUST-37077cc1fc,13,4,3.25,4,4,0.25443786982248523,0.0,0.0,113.91255381873843,0.2458025833092511,1120.0,240.84831398288193,0,0,0,1,loyal_bulk,0,1
CUST-371eb87b65,1,1,1.0,1,1,1.0,0.0,0.0,0.0,7.0,100.0,373.9681933818866,0,0,0,1,normal,0,0
CUST-374a4b67ed,10,1,10.0,10,1,1.0,1.0,0.45,0.0,7.0,550.0,62.78861578730324,0,0,0,1,solo_reseller,1,0
CUST-37c00095eb,4,1,4.0,4,1,1.0,1.0,0.4,0.0,7.0,216.0,82.17809706369214,3,0,3,4,ring_reseller,1,0
CUST-37fc58035c,8,2,4.0,4,2,0.5,1.0,0.35,120.00040776238426,0.11666627023236241,412.0,22.164673028379628,0,1,1,2,ring_reseller,1,0
CUST-3829efe410,1,1,1.0,1,1,1.0,0.0,0.0,0.0,7.0,100.0,213.79537688894675,0,0,0,1,normal,0,0
CUST-384f492b0e,28,6,4.666666666666667,6,5,0.21683673469387754,0.0,0.0,124.85688152917825,0.3363851434186659,1715.0,454.0782051167246,0,0,0,1,loyal_bulk,0,1
CUST-385ab3d172,2,2,1.0,1,2,0.5,0.0,0.0,36.12787211637732,0.3875124434370876,100.0,176.99821165934028,0,0,0,1,normal,0,0
CUST-38a1cb27bd,2,2,1.0,1,2,0.5,0.0,0.0,68.66548192666667,0.2038870129092185,130.0,376.8963106155903,0,0,0,1,normal,0,0
CUST-38afd7afc3,3,3,1.0,1,3,0.3333333333333333,0.0,0.0,134.2865765024537,0.156381974631815,220.0,287.8770925711805,0,0,0,1,normal,0,0
CUST-38b0a0ba86,16,2,8.0,8,1,1.0,1.0,0.4,150.0118882166435,0.0933259368069652,960.0,0.0,0,0,0,1,solo_reseller,1,0
CUST-38b1b0a054,2,1,2.0,2,1,1.0,0.0,0.0,0.0,7.0,120.0,446.19484182960645,0,0,3,4,shared_address_legit,0,1
CUST-38c7ef8450,8,1,8.0,8,1,1.0,1.0,0.3,0.0,7.0,392.0,0.0,0,0,0,1,solo_reseller,1,0
CUST-38e1d59fce,4,3,1.3333333333333333,2,3,0.375,0.0,0.0,81.46096973180555,0.25779216806697036,340.0,374.82661241358795,0,0,0,1,normal,0,0
CUST-391c3507c6,2,2,1.0,1,2,0.5,0.0,0.0,25.08928800650463,0.5580070664568229,170.0,223.92134107302084,0,0,2,3,shared_address_legit,0,1
CUST-392eb96805,6,4,1.5,2,3,0.3888888888888889,0.0,0.0,151.97002974052083,0.18424685477661762,500.0,3.928276236261574,0,0,0,1,normal,0,0
CUST-39692c3bdc,2,2,1.0,1,2,0.5,0.0,0.0,100.43560486019675,0.13939279819629272,115.0,27.51935858009259,0,0,0,1,normal,0,0
CUST-39ad91bb8a,34,7,4.857142857142857,8,5,0.25259515570934254,0.0,0.0,118.93177662246528,0.412000908348865,2770.0,394.7927813297685,0,0,0,1,loyal_bulk,0,1
CUST-39e201394f,1,1,1.0,1,1,1.0,0.0,0.0,0.0,7.0,60.0,47.959128130671296,0,0,0,1,normal,0,0
CUST-39e82e4ad5,31,8,3.875,5,2,0.5629552549427679,0.0,0.0,85.23020528436344,0.657044058654566,880.0,11.613413865451388,0,0,0,1,stealth_reseller,1,0
CUST-39e9d0b44d,3,2,1.5,2,2,0.5555555555555556,0.0,0.0,36.492613618206015,0.3836392796216563,150.0,479.2389569473495,0,0,0,1,normal,0,0
CUST-3a0b79cb54,10,1,10.0,10,1,1.0,1.0,0.3,0.0,7.0,490.0,0.0,0,0,0,1,solo_reseller,1,0
CUST-3a2ba9faf0,17,5,3.4,5,4,0.27335640138408307,0.0,0.0,163.89144862413195,0.2135559865619888,1035.0,470.02686193658565,0,0,0,1,loyal_bulk,0,1
CUST-3a3d7c4c5a,1,1,1.0,1,1,1.0,0.0,0.0,0.0,7.0,25.0,52.08057726057871,0,0,0,1,normal,0,0
CUST-3a71490156,3,3,1.0,1,2,0.5555555555555556,0.0,0.0,71.73034266410879,0.29276313509802354,230.0,177.72995726538196,0,0,2,3,shared_address_legit,0,1
CUST-3a7f1d3a99,8,1,8.0,8,1,1.0,1.0,0.4,0.0,7.0,480.0,81.57109664236111,0,0,0,1,solo_reseller,1,0
CUST-3a9ed96d4b,2,2,1.0,1,2,0.5,0.0,0.0,1.5591578316435186,8.97920641250444,90.0,20.635592763518517,0,0,0,1,normal,0,0
CUST-3ad918fe22,8,1,8.0,8,1,1.0,1.0,0.4,0.0,7.0,432.0,9.730572761215278,0,0,0,1,solo_reseller,1,0
CUST-3ae45e1732,6,2,3.0,3,1,1.0,1.0,0.45,89.992656101875,0.15556824974864042,280.5,52.56598030752315,0,0,1,2,ring_reseller,1,0
CUST-3b493dcafb,22,5,4.4,8,5,0.23553719008264462,0.0,0.0,154.52787971875,0.2264963452789367,1675.0,639.0002575890394,0,0,0,1,loyal_bulk,0,1
CUST-3b79535f76,2,1,2.0,2,1,1.0,0.0,0.0,0.0,7.0,50.0,52.94388626953703,0,0,0,1,normal,0,0
CUST-3b925bc00b,4,3,1.3333333333333333,2,2,0.625,0.0,0.0,130.7021053917477,0.16067070945075917,345.0,341.17483089333336,0,0,0,1,normal,0,0
CUST-3ba2966006,5,3,1.6666666666666667,2,3,0.3600000000000001,0.0,0.0,110.54555478841435,0.189966933000556,420.0,260.4204192712268,0,0,0,1,normal,0,0
CUST-3ba30b9254,1,1,1.0,1,1,1.0,0.0,0.0,0.0,7.0,85.0,349.25482687133103,0,0,0,1,normal,0,0
CUST-3bbdd38101,2,1,2.0,2,1,1.0,0.0,0.0,0.0,7.0,180.0,18.23737470403935,0,0,2,3,shared_address_legit,0,1
CUST-3bc6c5abb5,2,2,1.0,1,2,0.5,0.0,0.0,146.47155587417825,0.09558169786921808,190.0,290.72491136703707,0,0,0,1,normal,0,0
CUST-3bf0f8a3c0,1,1,1.0,1,1,1.0,0.0,0.0,0.0,7.0,70.0,153.93964951850694,0,0,0,1,normal,0,0
CUST-3c0ab4a4f2,9,2,4.5,5,2,0.5061728395061729,0.0,0.0,113.50236163648147,0.12334545112672067,700.0,384.0074196269907,0,0,0,1,loyal_bulk,0,1
CUST-3c0af8536a,3,3,1.0,1,2,0.5555555555555556,0.0,0.0,78.22816459769676,0.2684455158573194,110.0,150.19050860271992,0,0,0,1,normal,0,0
CUST-3c16c94c44,1,1,1.0,1,1,1.0,0.0,0.0,0.0,7.0,60.0,146.58634928537037,0,0,0,1,normal,0,0
CUST-3c3a8ab98e,2,2,1.0,1,2,0.5,0.0,0.0,23.579488923645833,0.5937363632152607,110.0,59.30601509996528,0,0,2,3,shared_address_legit,0,1
CUST-3c83951574,22,2,11.0,12,2,0.5041322314049586,1.0,0.4,30.007528053611107,0.46654959298839144,1000.0,0.0,0,0,0,1,solo_reseller,1,0
CUST-3c8b37f252,23,4,5.75,8,4,0.2665406427221172,0.0,0.0,113.39385887972222,0.24692695245251178,1500.0,431.719774243912,0,0,0,1,loyal_bulk,0,1
CUST-3caea9f7a0,1,1,1.0,1,1,1.0,0.0,0.0,0.0,7.0,70.0,317.1344560609722,0,0,0,1,normal,0,0
CUST-3cd5a34106,1,1,1.0,1,1,1.0,0.0,0.0,0.0,7.0,60.0,29.627162760393517,0,0,0,1,normal,0,0
CUST-3cf63236e1,3,3,1.0,1,2,0.5555555555555556,0.0,0.0,103.30221059385417,0.20328703402644677,210.0,293.9309494717824,0,0,0,1,normal,0,0
CUST-3d32dce9cd,1,1,1.0,1,1,1.0,0.0,0.0,0.0,7.0,70.0,482.1323934742245,0,0,0,1,normal,0,0
CUST-3d37fa1538,1,1,1.0,1,1,1.0,0.0,0.0,0.0,7.0,30.0,283.74788515032407,0,0,0,1,normal,0,0
CUST-3d95658c4c,2,2,1.0,1,2,0.5,0.0,0.0,40.10029138111111,0.3491246451788771,190.0,24.032347838171294,0,0,0,1,normal,0,0
CUST-3da8b89e94,2,2,1.0,1,2,0.5,0.0,0.0,2.840012450925926,4.929555852980713,115.0,404.7613460689815,0,0,0,1,normal,0,0
CUST-3dac057e6f,1,1,1.0,1,1,1.0,0.0,0.0,0.0,7.0,100.0,245.94316080085648,0,0,0,1,normal,0,0
CUST-3df01bf375,3,3,1.0,1,3,0.3333333333333333,0.0,0.0,136.15702764403935,0.15423368417604652,175.0,234.0950328493403,0,0,0,1,normal,0,0
CUST-3e0ed30f30,31,6,5.166666666666667,8,4,0.259105098855359,0.0,0.0,124.64550431703705,0.33695559442860124,2090.0,681.608781215162,0,0,0,1,loyal_bulk,0,1
CUST-3e45222873,20,1,20.0,20,1,1.0,1.0,0.45,0.0,7.0,990.0,0.0,0,0,0,1,solo_reseller,1,0
CUST-3e98403d67,11,2,5.5,8,1,1.0,0.0,0.0,60.682001834502316,0.2307109122435038,330.0,699.5323492425463,0,0,0,1,loyal_bulk,0,1
CUST-3ea6f9acb5,2,2,1.0,1,2,0.5,0.0,0.0,17.143213415393518,0.8166496945916153,175.0,359.8806139606713,0,0,0,1,normal,0,0
CUST-3f1cf53a43,2,2,1.0,1,2,0.5,0.0,0.0,93.8322773080787,0.14920238964289356,95.0,376.5715537995486,0,0,3,4,shared_address_legit,0,1
CUST-3f30af00a1,37,8,4.625,8,5,0.2198685171658145,0.0,0.0,165.53543293681713,0.3382961521076549,2450.0,679.5127612963889,0,0,0,1,loyal_bulk,0,1
CUST-3f42607adb,1,1,1.0,1,1,1.0,0.0,0.0,0.0,7.0,25.0,277.5767925860532,0,0,0,1,normal,0,0
CUST-3f5f1e1cd7,2,1,2.0,2,1,1.0,0.0,0.0,0.0,7.0,140.0,103.13446739372685,0,0,3,4,shared_address_legit,0,1
CUST-3f7863a9e8,1,1,1.0,1,1,1.0,0.0,0.0,0.0,7.0,70.0,258.6523173627083,0,0,0,1,normal,0,0
CUST-3f930cc945,12,3,4.0,5,2,0.513888888888889,1.0,0.4000000000000001,120.0090326506713,0.17498682837589333,428.0,0.0,0,5,5,6,ring_reseller,1,0
CUST-401a2fcd65,2,1,2.0,2,1,1.0,0.0,0.0,0.0,7.0,50.0,266.64866956341433,0,0,2,3,shared_address_legit,0,1
CUST-40591eabf3,2,2,1.0,1,2,0.5,0.0,0.0,45.473250511307874,0.30787330667110785,100.0,4.807215712013889,0,0,3,4,shared_address_legit,0,1
CUST-4083d3b3d4,23,6,3.8333333333333335,4,1,1.0,0.0,0.0,126.08734325670139,0.3331024265813274,575.0,68.87442549211805,0,0,0,1,stealth_reseller,1,0
CUST-409b01bed3,13,2,6.5,8,2,0.5266272189349113,0.0,0.0,143.66807108171298,0.09744684323100106,605.0,386.67414660502317,0,0,0,1,loyal_bulk,0,1
CUST-40eb4439a3,2,2,1.0,1,2,0.5,0.0,0.0,14.662424857118056,0.9548216025948482,175.0,414.08083834056714,0,0,0,1,normal,0,0
CUST-412068067a,17,4,4.25,8,3,0.3771626297577855,0.0,0.0,121.68274903978009,0.2301065699201646,1550.0,260.67595301231484,0,0,0,1,loyal_bulk,0,1
CUST-413951589d,43,12,3.5833333333333335,5,1,1.0,0.0,0.0,133.76741906461805,0.6279556007537436,3870.0,3.385831917199074,0,0,0,1,stealth_reseller,1,0
CUST-41401ee1ab,1,1,1.0,1,1,1.0,0.0,0.0,0.0,7.0,25.0,380.8304458452662,0,0,0,1,normal,0,0
CUST-41931cba87,3,3,1.0,1,3,0.3333333333333333,0.0,0.0,42.35151495202546,0.49585003095611047,200.0,103.04171575560184,0,0,0,1,normal,0,0
CUST-419befdd0f,1,1,1.0,1,1,1.0,0.0,0.0,0.0,7.0,30.0,40.48815659744213,0,0,0,1,normal,0,0
CUST-41aa4d37d3,23,2,11.5,15,2,0.5463137996219282,1.0,0.35,119.98408344052083,0.11668214315226366,1143.0,69.70617166070602,0,0,0,1,solo_reseller,1,0
CUST-41c65bcdfd,2,2,1.0,1,2,0.5,0.0,0.0,7.238987291157407,1.9339721755142918,125.0,123.5245849721412,0,0,0,1,normal,0,0
CUST-41dc5774f4,18,3,6.0,8,3,0.35802469135802467,0.0,0.0,103.13452029761574,0.2036175660622671,1100.0,334.8468540039352,0,0,0,1,loyal_bulk,0,1
CUST-41e759f684,2,2,1.0,1,2,0.5,0.0,0.0,35.52788080244213,0.394056715002198,130.0,521.5715837190972,0,0,3,4,shared_address_legit,0,1
CUST-41f6fe685b,1,1,1.0,1,1,1.0,0.0,0.0,0.0,7.0,25.0,210.03390787331017,0,0,0,1,normal,0,0
CUST-41fbf7f9b2,10,1,10.0,10,1,1.0,1.0,0.45,0.0,7.0,550.0,0.0,0,0,0,1,solo_reseller,1,0
CUST-4246994f93,8,1,8.0,8,1,1.0,1.0,0.3,0.0,7.0,392.0,16.72206238763889,0,0,0,1,solo_reseller,1,0
CUST-42746b0483,1,1,1.0,1,1,1.0,0.0,0.0,0.0,7.0,70.0,49.86858072648148,0,0,2,3,shared_address_legit,0,1
CUST-42a6ded785,3,3,1.0,1,3,0.3333333333333333,0.0,0.0,53.236646357835646,0.3944651182354035,180.0,516.8480269523843,0,0,0,1,normal,0,0
CUST-42c32871bf,2,1,2.0,2,1,1.0,0.0,0.0,0.0,7.0,140.0,67.9360006890162,0,0,0,1,normal,0,0
CUST-42f4e9b58a,13,3,4.333333333333333,5,2,0.57396449704142,0.0,0.0,24.690395156284723,0.8505331675363905,1125.0,488.4592533164699,0,0,0,1,loyal_bulk,0,1
CUST-438e9c6c1b,2,1,2.0,2,1,1.0,0.0,0.0,0.0,7.0,180.0,205.28918048091435,0,0,0,1,normal,0,0
CUST-43b84d7076,1,1,1.0,1,1,1.0,0.0,0.0,0.0,7.0,25.0,25.631831354918983,0,0,0,1,normal,0,0
CUST-43c3c37054,1,1,1.0,1,1,1.0,0.0,0.0,0.0,7.0,60.0,80.06747166560186,0,0,0,1,normal,0,0
CUST-43fa9ddac9,2,2,1.0,1,2,0.5,0.0,0.0,40.74527723630787,0.3435981038687027,150.0,56.19172787707176,0,0,0,1,normal,0,0
CUST-44111b29c3,11,3,3.6666666666666665,5,2,0.5041322314049586,0.0,0.0,130.94665325935188,0.16037065077491955,710.0,693.375290460706,0,0,0,1,loyal_bulk,0,1
CUST-44296ad392,1,1,1.0,1,1,1.0,0.0,0.0,0.0,7.0,90.0,237.4216777834259,0,0,0,1,normal,0,0
CUST-4458abbd28,20,1,20.0,20,1,1.0,1.0,0.4,0.0,7.0,1080.0,23.897039333912037,0,0,0,1,solo_reseller,1,0
CUST-447162978e,12,3,4.0,5,2,0.513888888888889,0.0,0.0,107.56601811629629,0.1952289428181268,1045.0,475.57286331939815,0,0,0,1,loyal_bulk,0,1
CUST-44e55b502f,15,4,3.75,4,3,0.36000000000000004,0.0,0.0,81.26774213278935,0.34454014920518816,1270.0,673.3181010489583,0,0,0,1,loyal_bulk,0,1
CUST-44e55e223e,1,1,1.0,1,1,1.0,0.0,0.0,0.0,7.0,100.0,157.9647038083565,0,0,3,4,shared_address_legit,0,1
CUST-452be04361,2,1,2.0,2,1,1.0,0.0,0.0,0.0,7.0,200.0,542.1162494486921,0,0,0,1,normal,0,0
CUST-45439087ba,26,3,8.666666666666666,10,2,0.57396449704142,1.0,0.4166666666666667,89.99749817482639,0.23333981972705556,1162.0,50.363165613738424,0,0,0,1,solo_reseller,1,0
CUST-45451f74f9,2,1,2.0,2,1,1.0,0.0,0.0,0.0,7.0,140.0,65.65347453629629,0,0,3,4,shared_address_legit,0,1
CUST-455551f009,1,1,1.0,1,1,1.0,0.0,0.0,0.0,7.0,70.0,459.694583893125,0,0,0,1,normal,0,0
CUST-456a5f6c73,2,2,1.0,1,2,0.5,0.0,0.0,12.669204033946759,1.1050417976131264,190.0,112.60557606741898,0,0,0,1,normal,0,0
CUST-45bd734392,4,1,4.0,4,1,1.0,1.0,0.35,0.0,7.0,156.0,0.0,4,0,4,5,ring_reseller,1,0
CUST-45dda76457,3,1,3.0,3,1,1.0,0.0,0.0,0.0,7.0,270.0,610.2715455720023,0,0,0,1,loyal_bulk,0,1
CUST-45e0af7de0,3,1,3.0,3,1,1.0,1.0,0.35,0.0,7.0,117.0,0.0,0,4,4,5,ring_reseller,1,0
CUST-4624534205,8,1,8.0,8,1,1.0,1.0,0.35,0.0,7.0,312.0,148.81339090622686,0,0,0,1,solo_reseller,1,0
CUST-464df92045,20,2,10.0,12,1,1.0,1.0,0.4,149.988906589456,0.0933402364104185,1200.0,0.0,0,0,0,1,solo_reseller,1,0
CUST-469d27c425,2,2,1.0,1,2,0.5,0.0,0.0,24.004979096643517,0.5832123387250748,190.0,293.70388937010415,0,0,0,1,normal,0,0
CUST-4710b9c0f7,3,3,1.0,1,3,0.3333333333333333,0.0,0.0,90.51121285572917,0.2320154524221553,230.0,342.0932394681134,0,0,0,1,normal,0,0
CUST-4715e024d0,15,3,5.0,8,2,0.6800000000000002,0.0,0.0,100.12456106333333,0.20973874718628277,810.0,645.167295021412,0,0,0,1,loyal_bulk,0,1
CUST-471e5a5f71,1,1,1.0,1,1,1.0,0.0,0.0,0.0,7.0,90.0,442.4418288069213,0,0,0,1,normal,0,0
CUST-474072ff24,9,2,4.5,5,2,0.5061728395061729,0.0,0.0,100.8250047233912,0.1388544442760837,825.0,494.61411851378466,0,0,0,1,loyal_bulk,0,1
CUST-476aba291d,43,12,3.5833333333333335,4,1,1.0,0.0,0.0,30.347521177881944,2.767936119317098,2580.0,7.133654144942129,0,0,0,1,stealth_reseller,1,0
CUST-477327009d,2,2,1.0,1,2,0.5,0.0,0.0,13.682719004872684,1.0231884463178937,55.0,0.8985973657986112,0,0,0,1,normal,0,0
CUST-47b2802f1d,13,3,4.333333333333333,5,3,0.3372781065088758,0.0,0.0,56.067028798784726,0.37455168304647496,1200.0,320.5297039715972,0,0,0,1,loyal_bulk,0,1
CUST-47cdb32654,19,6,3.1666666666666665,4,2,0.5013850415512464,0.0,0.0,104.1574961605787,0.4032354995865969,1810.0,11.742997840833333,0,0,0,1,stealth_reseller,1,0
CUST-47d286e086,2,1,2.0,2,1,1.0,0.0,0.0,0.0,7.0,140.0,2.4047629644560184,0,0,0,1,normal,0,0
CUST-47e2697459,1,1,1.0,1,1,1.0,0.0,0.0,0.0,7.0,70.0,224.5498748519213,0,0,0,1,normal,0,0
CUST-48145cc605,15,4,3.75,6,3,0.3600000000000001,0.0,0.0,29.632463994305553,0.9449096101282951,630.0,539.1514189865741,0,0,0,1,loyal_bulk,0,1
CUST-4833372046,4,4,1.0,1,4,0.25,0.0,0.0,102.55955758054398,0.27301209814609934,210.0,346.3875238959028,0,0,0,1,normal,0,0
CUST-488368a5ee,3,2,1.5,2,2,0.5555555555555556,0.0,0.0,14.52488163337963,0.9638632763675403,145.0,54.976666661145835,0,0,0,1,normal,0,0
CUST-4888eaf4af,1,1,1.0,1,1,1.0,0.0,0.0,0.0,7.0,85.0,112.285361889375,0,0,0,1,normal,0,0
CUST-488ca45fb5,3,3,1.0,1,3,0.3333333333333333,0.0,0.0,156.77059589149306,0.13395369125556494,125.0,336.0652355381713,0,0,0,1,normal,0,0
CUST-488cfa97ab,23,4,5.75,8,3,0.4177693761814744,0.0,0.0,121.29155023938657,0.23084872725872424,1765.0,583.160521106551,0,0,0,1,loyal_bulk,0,1
CUST-48cebeb95b,2,2,1.0,1,2,0.5,0.0,0.0,30.2828527396875,0.46230783210368287,125.0,360.0223402207523,0,0,0,1,normal,0,0
CUST-48df30b892,1,1,1.0,1,1,1.0,0.0,0.0,0.0,7.0,70.0,46.50322054055555,0,0,0,1,normal,0,0
CUST-48e47021e4,2,2,1.0,1,2,0.5,0.0,0.0,37.1626718575,0.3767221058185186,160.0,216.72601738628475,0,0,0,1,normal,0,0
CUST-48fcc86f72,1,1,1.0,1,1,1.0,0.0,0.0,0.0,7.0,85.0,9.808873449780092,0,0,0,1,normal,0,0
CUST-49139aa8d1,2,2,1.0,1,2,0.5,0.0,0.0,122.23469049694444,0.11453377059395398,155.0,214.45066745568286,0,0,3,4,shared_address_legit,0,1
CUST-491caf2935,13,3,4.333333333333333,5,2,0.5266272189349113,1.0,0.45,89.99840047329862,0.23333748032811352,643.5,45.700168904236115,0,4,4,5,ring_reseller,1,0
CUST-494f9d4dc9,1,1,1.0,1,1,1.0,0.0,0.0,0.0,7.0,30.0,110.60912095041668,0,0,0,1,normal,0,0
CUST-4964698ef5,1,1,1.0,1,1,1.0,0.0,0.0,0.0,7.0,90.0,206.75981719774308,0,0,0,1,normal,0,0
CUST-4999e336f3,32,2,16.0,20,1,1.0,1.0,0.42500000000000004,90.00138414681713,0.15555316323982452,1638.0,0.0,0,0,0,1,solo_reseller,1,0
CUST-49a0393216,1,1,1.0,1,1,1.0,0.0,0.0,0.0,7.0,70.0,192.8663523734838,0,0,0,1,normal,0,0
CUST-49ac4c0f99,3,3,1.0,1,3,0.3333333333333333,0.0,0.0,76.76606112680555,0.27355838884727035,175.0,322.06539051832175,0,0,0,1,normal,0,0
CUST-49b78b8ce3,1,1,1.0,1,1,1.0,0.0,0.0,0.0,7.0,85.0,488.5964847657639,0,0,0,1,normal,0,0
CUST-49bc0f3a14,1,1,1.0,1,1,1.0,0.0,0.0,0.0,7.0,85.0,386.33456879988427,0,0,0,1,normal,0,0
CUST-49c3619d9d,4,3,1.3333333333333333,2,2,0.5,0.0,0.0,127.53955453738426,0.1646548012196836,230.0,184.59914529800926,0,0,0,1,normal,0,0
CUST-49dccbe52a,2,2,1.0,1,2,0.5,0.0,0.0,54.05004082937499,0.25901923079383343,150.0,287.8797162410301,0,0,0,1,normal,0,0
CUST-49e851ff71,10,2,5.0,6,2,0.52,0.0,0.0,39.14624182228009,0.3576333090557852,480.0,742.4558353333333,0,0,0,1,loyal_bulk,0,1
CUST-49ec6e4612,2,2,1.0,1,2,0.5,0.0,0.0,29.3636516021875,0.4767799383288229,160.0,25.044761879386574,0,0,0,1,normal,0,0
CUST-4a00533331,1,1,1.0,1,1,1.0,0.0,0.0,0.0,7.0,25.0,382.25795697575234,0,0,0,1,normal,0,0
CUST-4a2c9094d6,25,4,6.25,8,4,0.27040000000000003,0.0,0.0,31.343451348842592,0.893328551740169,1890.0,335.5369299778935,0,0,0,1,loyal_bulk,0,1
CUST-4a4a2f58fa,38,11,3.4545454545454546,5,2,0.5055401662049862,0.0,0.0,122.64663871390047,0.6278198963089318,3120.0,20.957906441481484,0,0,0,1,stealth_reseller,1,0
CUST-4a5027c7f7,1,1,1.0,1,1,1.0,0.0,0.0,0.0,7.0,30.0,235.02057737956017,0,0,0,1,normal,0,0
CUST-4a67246b40,2,1,2.0,2,1,1.0,0.0,0.0,0.0,7.0,60.0,221.7593730501273,0,0,3,4,shared_address_legit,0,1
CUST-4a69241d4a,2,2,1.0,1,2,0.5,0.0,0.0,70.35672182770833,0.19898596234036636,120.0,183.93229425310184,0,0,2,3,shared_address_legit,0,1
CUST-4a6986d818,4,3,1.3333333333333333,2,3,0.375,0.0,0.0,22.488091955520833,0.9338275582266327,320.0,464.8187352483565,0,0,2,3,shared_address_legit,0,1
CUST-4a7d3229e2,1,1,1.0,1,1,1.0,0.0,0.0,0.0,7.0,85.0,438.52732125157405,0,0,0,1,normal,0,0
CUST-4af3c262db,24,6,4.0,8,4,0.3159722222222222,0.0,0.0,112.48897217254628,0.37336993297064186,1810.0,414.7932858864005,0,0,0,1,loyal_bulk,0,1
CUST-4b55052016,10,3,3.3333333333333335,4,2,0.58,1.0,0.45,90.0059759354398,0.2333178411960451,490.5,45.77347913774305,0,4,4,5,ring_reseller,1,0
CUST-4b7b2942a9,2,1,2.0,2,1,1.0,0.0,0.0,0.0,7.0,170.0,67.19813061503473,0,0,0,1,normal,0,0
CUST-4baf848a48,3,1,3.0,3,1,1.0,0.0,0.0,0.0,7.0,90.0,352.50084888354166,0,0,0,1,loyal_bulk,0,1
CUST-4c02e92525,6,1,6.0,6,1,1.0,0.0,0.0,0.0,7.0,150.0,570.0104117161227,0,0,0,1,loyal_bulk,0,1
CUST-4c4e37f57b,4,4,1.0,1,4,0.25,0.0,0.0,59.87513359521991,0.4676398751657293,270.0,1.1321846713078703,0,0,0,1,normal,0,0
CUST-4c5b18b6ac,1,1,1.0,1,1,1.0,0.0,0.0,0.0,7.0,85.0,163.85977271929397,0,0,2,3,shared_address_legit,0,1
CUST-4c6eafd64e,7,2,3.5,4,1,1.0,1.0,0.45,90.00307149824074,0.15555024697433412,331.5,0.0,4,0,4,5,ring_reseller,1,0
CUST-4c9efd6340,19,3,6.333333333333333,8,3,0.3462603878116343,0.0,0.0,94.43517103806712,0.2223747759352798,1410.0,639.8575560280786,0,0,0,1,loyal_bulk,0,1
CUST-4ce3293037,2,1,2.0,2,1,1.0,0.0,0.0,0.0,7.0,180.0,236.9064587372454,0,0,0,1,normal,0,0
CUST-4cf6e9151d,20,5,4.0,6,4,0.29500000000000004,0.0,0.0,89.48713098141204,0.391117690512059,1380.0,391.6977810942361,0,0,0,1,loyal_bulk,0,1
CUST-4cfadb722a,2,2,1.0,1,2,0.5,0.0,0.0,6.422561760150463,2.1798155506833177,130.0,296.4937054363426,0,0,0,1,normal,0,0
CUST-4d0dff0840,2,2,1.0,1,1,1.0,0.0,0.0,2.6522208233564815,5.278595159464321,200.0,10.5387250703125,0,0,0,1,normal,0,0
CUST-4d11ddfb0a,25,7,3.5714285714285716,5,2,0.6352,0.0,0.0,47.29916061092593,1.0359591875861152,2310.0,1.5451541330439815,0,0,0,1,stealth_reseller,1,0
CUST-4d5b13276b,2,2,1.0,1,2,0.5,0.0,0.0,107.02402202896991,0.13081175360995495,125.0,15.717251542337962,0,0,0,1,normal,0,0
CUST-4d700ae1de,29,6,4.833333333333333,8,5,0.2247324613555291,0.0,0.0,74.37404472190971,0.5647131355709003,1660.0,610.7344463684838,0,0,0,1,loyal_bulk,0,1
CUST-4d8ee12611,2,2,1.0,1,2,0.5,0.0,0.0,50.280855695798614,0.2784359933072861,160.0,176.5198845472338,0,0,0,1,normal,0,0
CUST-4d962b4835,31,9,3.4444444444444446,5,2,0.5046826222684703,0.0,0.0,48.262305113287034,1.3053665765055957,2450.0,20.45268263604167,0,0,0,1,stealth_reseller,1,0
CUST-4da0c7efa3,3,1,3.0,3,1,1.0,1.0,0.3,0.0,7.0,147.0,0.0,0,0,5,6,ring_reseller,1,0
CUST-4dac725181,3,2,1.5,2,2,0.5555555555555556,0.0,0.0,12.352913031238424,1.1333359155525804,290.0,20.037552692997686,0,0,0,1,normal,0,0
CUST-4db762bd5b,4,3,1.3333333333333333,2,1,1.0,0.0,0.0,78.99168870614582,0.26585075397136215,360.0,355.76369729915507,0,0,0,1,normal,0,0
CUST-4dbd3efefa,1,1,1.0,1,1,1.0,0.0,0.0,0.0,7.0,60.0,42.46690106050926,0,0,0,1,normal,0,0
CUST-4e1a83dd56,1,1,1.0,1,1,1.0,0.0,0.0,0.0,7.0,90.0,282.40892366511576,0,0,0,1,normal,0,0
CUST-4e258b85f8,20,2,10.0,12,1,1.0,1.0,0.42500000000000004,90.00317194476852,0.1555500733750946,1044.0,0.0,0,0,0,1,solo_reseller,1,0
CUST-4e364d8bb8,12,3,4.0,6,3,0.375,0.0,0.0,74.15662151027777,0.28318442200187743,750.0,441.9579750476158,0,0,0,1,loyal_bulk,0,1
CUST-4e464606ff,4,4,1.0,1,3,0.375,0.0,0.0,126.72794885372684,0.2209457365424452,195.0,397.8056747812848,0,0,0,1,normal,0,0
CUST-4e7ec5e7c8,2,2,1.0,1,2,0.5,0.0,0.0,2.6811818134722225,5.221578010731589,90.0,20.01025599763889,0,0,0,1,normal,0,0
CUST-4e83e4a3bf,2,2,1.0,1,1,1.0,0.0,0.0,110.94670635927082,0.12618671125454411,140.0,346.5201193616088,0,0,0,1,normal,0,0
CUST-4e932c74d5,1,1,1.0,1,1,1.0,0.0,0.0,0.0,7.0,90.0,260.39290335304395,0,0,0,1,normal,0,0
CUST-4ea27f1375,1,1,1.0,1,1,1.0,0.0,0.0,0.0,7.0,90.0,350.96106729065974,0,0,0,1,normal,0,0
CUST-4ec83f3874,4,4,1.0,1,3,0.375,0.0,0.0,88.10671186002315,0.3177964471592601,345.0,78.32638712197917,0,0,0,1,normal,0,0
CUST-4ef43503f1,3,2,1.5,2,2,0.5555555555555556,0.0,0.0,34.513431243067124,0.405639181494371,200.0,394.21320184837964,0,0,0,1,normal,0,0
CUST-4f03055bb6,32,2,16.0,20,2,0.53125,1.0,0.375,120.01881156927082,0.11664838050758126,1275.0,0.0,0,0,0,1,solo_reseller,1,0
CUST-4f71037d6f,4,1,4.0,4,1,1.0,1.0,0.5,0.0,7.0,180.0,0.0,0,0,5,6,ring_reseller,1,0
CUST-4fa006c555,2,2,1.0,1,1,1.0,0.0,0.0,3.8661924282291666,3.6211337795238565,60.0,523.6401950977199,0,0,0,1,normal,0,0
CUST-4fedbdeef5,11,2,5.5,8,2,0.6033057851239669,0.0,0.0,92.0396634517824,0.1521083354170922,890.0,339.3855687156019,0,0,0,1,loyal_bulk,0,1
CUST-4ff37263af,2,2,1.0,1,2,0.5,0.0,0.0,173.79636202167822,0.08055404518912618,145.0,91.7559292322801,0,0,0,1,normal,0,0
CUST-500f402dd4,1,1,1.0,1,1,1.0,0.0,0.0,0.0,7.0,90.0,23.977069785347222,0,0,2,3,shared_address_legit,0,1
CUST-501545ee94,1,1,1.0,1,1,1.0,0.0,0.0,0.0,7.0,70.0,437.77216527886577,0,0,0,1,normal,0,0
CUST-502a84184c,4,3,1.3333333333333333,2,3,0.375,0.0,0.0,47.37964026364583,0.4432283546929586,265.0,35.546905543877315,0,0,0,1,normal,0,0
CUST-5037099af0,2,2,1.0,1,2,0.5,0.0,0.0,2.133558999201389,6.561805886427481,120.0,3.1169423233796296,0,0,0,1,normal,0,0
CUST-5069304588,1,1,1.0,1,1,1.0,0.0,0.0,0.0,7.0,90.0,29.096419601886574,0,0,0,1,normal,0,0
CUST-50abc865d2,10,2,5.0,6,2,0.52,0.0,0.0,114.93716732673612,0.12180568153556183,940.0,474.10771953677084,0,0,0,1,loyal_bulk,0,1
CUST-50cf0a14a2,7,2,3.5,4,2,0.510204081632653,0.0,0.0,100.39843285724538,0.13944440766228228,435.0,458.55855322819446,0,0,0,1,loyal_bulk,0,1
CUST-5107b8fd4a,12,3,4.0,5,2,0.513888888888889,0.0,0.0,82.86532985291667,0.253423235474647,1130.0,370.2626809779514,0,0,0,1,loyal_bulk,0,1
CUST-510be49879,23,2,11.5,15,2,0.5463137996219282,1.0,0.42500000000000004,59.99952018094908,0.23333519931123134,1250.0,66.26249459039352,0,0,0,1,solo_reseller,1,0
CUST-5117c9d193,1,1,1.0,1,1,1.0,0.0,0.0,0.0,7.0,100.0,430.77867013318286,0,0,0,1,normal,0,0
CUST-512922ef80,12,3,4.0,5,2,0.513888888888889,1.0,0.45,90.00836445482639,0.23331164972494894,589.5,45.73092436873843,0,4,4,5,ring_reseller,1,0
CUST-5143d30b32,3,1,3.0,3,1,1.0,0.0,0.0,0.0,7.0,270.0,412.73342315129634,0,0,0,1,loyal_bulk,0,1
CUST-519b9077f1,20,1,20.0,20,1,1.0,1.0,0.4,0.0,7.0,1020.0,140.80027811150464,0,0,0,1,solo_reseller,1,0
CUST-51c8f5de3f,2,2,1.0,1,2,0.5,0.0,0.0,104.92845694390046,0.13342424360138105,110.0,22.04481703267361,0,0,0,1,normal,0,0
CUST-51d142b52e,2,1,2.0,2,1,1.0,0.0,0.0,0.0,7.0,200.0,12.570599021331018,0,0,0,1,normal,0,0
CUST-51db703d02,2,2,1.0,1,2,0.5,0.0,0.0,11.590397114409722,1.2078964906728302,90.0,400.20461482662034,0,0,0,1,normal,0,0
CUST-51e7c16efc,30,3,10.0,12,1,1.0,1.0,0.43333333333333335,149.99941983872685,0.14000054148594926,1530.0,0.0,0,0,0,1,solo_reseller,1,0
CUST-51fbe5fd66,2,2,1.0,1,2,0.5,0.0,0.0,84.04019790247685,0.16658694707318614,95.0,200.2912486166435,0,0,0,1,normal,0,0
CUST-521f69b32a,20,4,5.0,8,3,0.4850000000000001,0.0,0.0,155.5788523716088,0.17997304629243846,1605.0,325.2797142382523,0,0,0,1,loyal_bulk,0,1
CUST-5250eae10e,12,3,4.0,5,3,0.3472222222222222,0.0,0.0,27.939247936412038,0.7516308258473768,890.0,491.59372541400467,0,0,0,1,loyal_bulk,0,1
CUST-527147ec71,27,6,4.5,8,4,0.3772290809327847,0.0,0.0,155.42750213887732,0.2702224472633693,1945.0,407.45601157043984,0,0,0,1,loyal_bulk,0,1
CUST-5276ab2397,1,1,1.0,1,1,1.0,0.0,0.0,0.0,7.0,85.0,83.11778097988426,0,0,0,1,normal,0,0
CUST-5284844e97,1,1,1.0,1,1,1.0,0.0,0.0,0.0,7.0,90.0,271.5250469953241,0,0,0,1,normal,0,0
CUST-529400eb57,25,5,5.0,8,4,0.2768,0.0,0.0,151.57684612966435,0.2309059786747359,2090.0,295.2378265668403,0,0,0,1,loyal_bulk,0,1
CUST-529fd76e52,6,2,3.0,3,1,1.0,1.0,0.42500000000000004,89.99466184546297,0.1555647825427748,310.5,0.0,4,0,4,5,ring_reseller,1,0
CUST-52eaf33e71,1,1,1.0,1,1,1.0,0.0,0.0,0.0,7.0,85.0,176.9174926067014,0,0,0,1,normal,0,0
CUST-531c66147e,47,4,11.75,15,2,0.5110909913988231,1.0,0.4375,149.99881523547452,0.18666814105194368,2293.5,0.0,0,0,0,1,solo_reseller,1,0
CUST-531c7c2e29,2,2,1.0,1,2,0.5,0.0,0.0,0.9845304226041668,14.0,120.0,1.2664640671412035,0,0,0,1,normal,0,0
CUST-5338bba227,1,1,1.0,1,1,1.0,0.0,0.0,0.0,7.0,30.0,113.8135856542824,0,0,0,1,normal,0,0
CUST-5340824460,34,9,3.7777777777777777,5,1,1.0,0.0,0.0,148.88449392274305,0.42314681898768475,3060.0,23.010400682743057,0,0,0,1,stealth_reseller,1,0
CUST-53409f5015,45,3,15.0,20,2,0.654320987654321,1.0,0.4000000000000001,119.99265906576389,0.17501070618403927,1867.5,0.0,0,0,0,1,solo_reseller,1,0
CUST-536727bdfd,1,1,1.0,1,1,1.0,0.0,0.0,0.0,7.0,60.0,223.63717303525462,0,0,0,1,normal,0,0
CUST-538ad9eb5e,2,2,1.0,1,2,0.5,0.0,0.0,17.240274916041667,0.8120520158859724,115.0,301.24313897537036,0,0,0,1,normal,0,0
CUST-538b17b650,6,5,1.2,2,4,0.2777777777777778,0.0,0.0,130.03752455494214,0.2691530780810285,340.0,351.4244323985533,0,0,0,1,normal,0,0
CUST-539dccec02,41,11,3.727272727272727,5,2,0.535990481856038,0.0,0.0,143.30097718315972,0.5373305996481983,3170.0,7.176518354571759,0,0,0,1,stealth_reseller,1,0
CUST-53e1ceb1b5,1,1,1.0,1,1,1.0,0.0,0.0,0.0,7.0,90.0,355.17389264140047,0,0,0,1,normal,0,0
CUST-543f3bab48,1,1,1.0,1,1,1.0,0.0,0.0,0.0,7.0,90.0,430.41615697496525,0,0,0,1,normal,0,0
CUST-544f42ba5f,10,1,10.0,10,1,1.0,1.0,0.3,0.0,7.0,490.0,0.0,0,0,0,1,solo_reseller,1,0
CUST-547f6e66bc,6,2,3.0,3,2,0.5,0.0,0.0,91.6073582710301,0.15282615135106847,360.0,585.4857788459375,0,0,0,1,loyal_bulk,0,1
CUST-547ff023de,10,1,10.0,10,1,1.0,1.0,0.35,0.0,7.0,390.0,54.58801691302083,0,0,0,1,solo_reseller,1,0
CUST-5482922579,3,3,1.0,1,3,0.3333333333333333,0.0,0.0,112.99831407846065,0.18584348068607998,215.0,14.583336980810186,0,0,0,1,normal,0,0
CUST-54bc798926,3,3,1.0,1,3,0.3333333333333333,0.0,0.0,64.71576573666667,0.32449589000384516,275.0,441.1876006049074,0,0,0,1,normal,0,0
CUST-54cd9787a2,5,1,5.0,5,1,1.0,1.0,0.35,0.0,7.0,81.25,0.0,0,2,2,3,ring_reseller,1,0
CUST-54d3f0e287,3,2,1.5,2,2,0.5555555555555556,0.0,0.0,2.327542262152778,6.014928376445975,140.0,219.87336229498842,0,0,0,1,normal,0,0
CUST-552005954a,22,4,5.5,8,4,0.26859504132231404,0.0,0.0,120.86221671172454,0.23166876102218462,1725.0,276.3378009022222,0,0,0,1,loyal_bulk,0,1
CUST-5578346477,17,3,5.666666666666667,8,3,0.3771626297577855,0.0,0.0,82.46802667881944,0.25464414326035406,600.0,706.8283615718519,0,0,0,1,loyal_bulk,0,1
CUST-5583f52c86,20,2,10.0,12,2,0.52,1.0,0.45,89.98549937269676,0.15558062240690143,1080.0,16.37530995045139,0,0,0,1,solo_reseller,1,0
CUST-55aa8cfbe4,2,2,1.0,1,1,1.0,0.0,0.0,17.968020849918982,0.7791620522336563,170.0,29.08100291665509,0,0,3,4,shared_address_legit,0,1
CUST-55de15c72f,18,2,9.0,10,2,0.5061728395061729,1.0,0.4,150.00663878648146,0.09332920271567123,942.0,30.426969006608797,0,0,0,1,solo_reseller,1,0
CUST-55f19debda,2,1,2.0,2,1,1.0,0.0,0.0,0.0,7.0,180.0,364.82149574958333,0,0,0,1,normal,0,0
CUST-55f7ccea91,5,1,5.0,5,1,1.0,0.0,0.0,0.0,7.0,425.0,567.016661893669,0,0,0,1,loyal_bulk,0,1
CUST-56190c81ad,32,2,16.0,20,1,1.0,1.0,0.45,60.011539926249995,0.23328846447208362,1548.0,0.0,0,0,0,1,solo_reseller,1,0
CUST-56486ecead,3,2,1.5,2,2,0.5555555555555556,0.0,0.0,5.044652024444445,2.7752161957180355,210.0,4.648928860856482,0,0,0,1,normal,0,0
CUST-56571eb672,38,9,4.222222222222222,5,5,0.26731301939058166,0.0,0.0,126.01918818773147,0.49992386799182165,2390.0,677.8082125542014,0,0,0,1,loyal_bulk,0,1
CUST-567f1419ee,2,2,1.0,1,2,0.5,0.0,0.0,0.3279069015162037,14.0,175.0,0.15215565523148147,0,0,0,1,normal,0,0
CUST-568acc2baa,4,1,4.0,4,1,1.0,1.0,0.45,0.0,7.0,220.0,34.8086998612963,3,0,3,4,ring_reseller,1,0
CUST-56a47f526b,3,1,3.0,3,1,1.0,1.0,0.35,0.0,7.0,48.75,112.54626013508101,0,2,2,3,ring_reseller,1,0
CUST-56b3aef24b,3,3,1.0,1,3,0.3333333333333333,0.0,0.0,39.01865442127315,0.53820410548424,220.0,120.87431525013888,0,0,0,1,normal,0,0
CUST-56ca9ba3b7,1,1,1.0,1,1,1.0,0.0,0.0,0.0,7.0,85.0,31.389753295104164,0,0,0,1,normal,0,0
CUST-57048606cb,24,5,4.8,8,5,0.2326388888888889,0.0,0.0,84.48571178099537,0.414271233113681,1605.0,342.2793577624537,0,0,0,1,loyal_bulk,0,1
CUST-57262984b8,1,1,1.0,1,1,1.0,0.0,0.0,0.0,7.0,85.0,266.05679941444447,0,0,0,1,normal,0,0
CUST-57468a3e46,15,1,15.0,15,1,1.0,1.0,0.35,0.0,7.0,243.75,92.15775081768518,0,0,0,1,solo_reseller,1,0
CUST-5762a44a4a,18,4,4.5,6,3,0.35802469135802467,0.0,0.0,81.77687058923611,0.34239510265247913,1360.0,525.2789806390047,0,0,0,1,loyal_bulk,0,1
CUST-57fa2c692d,3,2,1.5,2,2,0.5555555555555556,0.0,0.0,66.26634729537037,0.21126862384005426,270.0,262.8307359102315,0,0,3,4,shared_address_legit,0,1
CUST-5814e67a00,1,1,1.0,1,1,1.0,0.0,0.0,0.0,7.0,100.0,58.47292102659723,0,0,3,4,shared_address_legit,0,1
CUST-58184a540b,4,1,4.0,4,1,1.0,1.0,0.3,0.0,7.0,84.0,0.0,0,0,4,5,ring_reseller,1,0
CUST-582acb9bf1,2,2,1.0,1,2,0.5,0.0,0.0,72.69614304188657,0.19258243166949562,150.0,379.8772422687269,0,0,0,1,normal,0,0
CUST-5844e4f69d,6,2,3.0,3,1,1.0,1.0,0.42500000000000004,89.99523273065972,0.15556379571681977,345.0,0.0,1,0,1,2,ring_reseller,1,0
CUST-588c518ee5,20,1,20.0,20,1,1.0,1.0,0.3,0.0,7.0,980.0,0.0,0,0,0,1,solo_reseller,1,0
CUST-58c793aa14,1,1,1.0,1,1,1.0,0.0,0.0,0.0,7.0,25.0,117.13778309030091,0,0,0,1,normal,0,0
CUST-58d1b74a6f,2,1,2.0,2,1,1.0,0.0,0.0,0.0,7.0,120.0,314.33962311760416,0,0,0,1,normal,0,0
CUST-58dfcb686d,10,1,10.0,10,1,1.0,1.0,0.3,0.0,7.0,210.0,27.68767793238426,0,0,0,1,solo_reseller,1,0
CUST-5908439aad,2,2,1.0,1,1,1.0,0.0,0.0,7.074007274641203,1.979076279746982,60.0,7.0878384418634255,0,0,0,1,normal,0,0
CUST-592a9a7ece,2,2,1.0,1,1,1.0,0.0,0.0,20.353440084791664,0.6878444106586664,120.0,160.25637153546296,0,0,2,3,shared_address_legit,0,1
CUST-59376a0fb4,17,3,5.666666666666667,8,3,0.3633217993079585,0.0,0.0,57.244669097881946,0.36684638641359535,750.0,541.5194802284954,0,0,0,1,loyal_bulk,0,1
CUST-595ca49ceb,1,1,1.0,1,1,1.0,0.0,0.0,0.0,7.0,90.0,25.084225395266206,0,0,0,1,normal,0,0
CUST-59d24bd8ad,1,1,1.0,1,1,1.0,0.0,0.0,0.0,7.0,100.0,529.4497915707639,0,0,0,1,normal,0,0
CUST-59dc8ffaeb,12,2,6.0,8,2,0.5555555555555556,0.0,0.0,100.97694753273149,0.13864550614843973,560.0,436.9736572457754,0,0,0,1,loyal_bulk,0,1
CUST-59e9a11fe2,8,2,4.0,5,2,0.53125,1.0,0.35,30.000659735266204,0.4666564043437619,417.0,0.0,0,0,3,4,ring_reseller,1,0
CUST-59f6a03d2d,31,7,4.428571428571429,8,5,0.2445369406867846,0.0,0.0,150.07201164118055,0.32650991656697526,2340.0,439.02415396924766,0,0,0,1,loyal_bulk,0,1
CUST-5a1152c219,15,1,15.0,15,1,1.0,1.0,0.3,0.0,7.0,735.0,0.0,0,0,0,1,solo_reseller,1,0
CUST-5aa31a9859,12,1,12.0,12,1,1.0,1.0,0.4,0.0,7.0,648.0,0.0,0,0,0,1,solo_reseller,1,0
CUST-5af7c9c776,2,2,1.0,1,2,0.5,0.0,0.0,117.52274741721065,0.11912587399186148,55.0,347.7366303182176,0,0,3,4,shared_address_legit,0,1
CUST-5b4db895b8,23,6,3.8333333333333335,5,2,0.5463137996219282,0.0,0.0,119.97436214429398,0.3500747930585896,1995.0,22.304348011574074,0,0,0,1,stealth_reseller,1,0
CUST-5b5b11270d,1,1,1.0,1,1,1.0,0.0,0.0,0.0,7.0,70.0,26.17692340166667,0,0,0,1,normal,0,0
CUST-5b6c17541c,1,1,1.0,1,1,1.0,0.0,0.0,0.0,7.0,30.0,66.11963385800927,0,0,0,1,normal,0,0
CUST-5bd3fc4f4a,1,1,1.0,1,1,1.0,0.0,0.0,0.0,7.0,60.0,509.30070169662037,0,0,3,4,shared_address_legit,0,1
CUST-5be223064c,3,3,1.0,1,2,0.5555555555555556,0.0,0.0,144.703013958125,0.14512482791876818,260.0,372.85409499799766,0,0,0,1,normal,0,0
CUST-5bf3fa7aba,1,1,1.0,1,1,1.0,0.0,0.0,0.0,7.0,30.0,20.627437452083335,0,0,0,1,normal,0,0
CUST-5c06e41f83,2,2,1.0,1,2,0.5,0.0,0.0,115.18112893871528,0.12154768866216806,100.0,227.0725016316551,0,0,0,1,normal,0,0
CUST-5c203e91f6,18,5,3.6,4,4,0.2777777777777778,0.0,0.0,162.4279885729861,0.21548010479901344,1365.0,577.0753521647223,0,0,0,1,loyal_bulk,0,1
CUST-5c408cfb8c,1,1,1.0,1,1,1.0,0.0,0.0,0.0,7.0,25.0,200.14229251609956,0,0,0,1,normal,0,0
CUST-5c5fb6f3ef,3,3,1.0,1,2,0.5555555555555556,0.0,0.0,72.09479404001158,0.2912831679406047,220.0,302.1788817876389,0,0,0,1,normal,0,0
CUST-5cb18a41c7,40,11,3.6363636363636362,5,1,1.0,0.0,0.0,67.28046438873842,1.1444629685535948,1200.0,4.617508834143519,0,0,0,1,stealth_reseller,1,0
CUST-5cc2cb99c3,5,5,1.0,1,2,0.6800000000000002,0.0,0.0,83.78747675872685,0.41772352329913776,385.0,16.491823151979165,0,0,0,1,normal,0,0
CUST-5cd9725d59,1,1,1.0,1,1,1.0,0.0,0.0,0.0,7.0,100.0,359.6768552159491,0,0,0,1,normal,0,0
CUST-5cda875fae,5,1,5.0,5,1,1.0,1.0,0.5,0.0,7.0,212.5,0.0,0,0,5,6,ring_reseller,1,0
CUST-5cdf791029,3,3,1.0,1,3,0.3333333333333333,0.0,0.0,144.36047276868055,0.14546918278419504,185.0,51.39707832894676,0,0,0,1,normal,0,0
CUST-5d05e5e6a4,2,2,1.0,1,2,0.5,0.0,0.0,53.779701376273145,0.2603212669785594,115.0,356.81992472944444,0,0,0,1,normal,0,0
CUST-5d0ca0b112,1,1,1.0,1,1,1.0,0.0,0.0,0.0,7.0,90.0,84.21213417650463,0,0,0,1,normal,0,0
CUST-5d32a3085c,1,1,1.0,1,1,1.0,0.0,0.0,0.0,7.0,25.0,449.63926957863424,0,0,0,1,normal,0,0
CUST-5d382dea4c,1,1,1.0,1,1,1.0,0.0,0.0,0.0,7.0,25.0,483.5526141944097,0,0,0,1,normal,0,0
CUST-5d54f9fbf8,3,2,1.5,2,1,1.0,0.0,0.0,115.67986046471064,0.12102365912060248,300.0,363.45500824600697,0,0,0,1,normal,0,0
CUST-5db9377b16,1,1,1.0,1,1,1.0,0.0,0.0,0.0,7.0,60.0,433.9831452447338,0,0,0,1,normal,0,0
CUST-5e25094db3,1,1,1.0,1,1,1.0,0.0,0.0,0.0,7.0,100.0,0.16686481844907408,0,0,2,3,shared_address_legit,0,1
CUST-5e46cc2a38,5,1,5.0,5,1,1.0,1.0,0.5,0.0,7.0,212.5,0.0,0,0,4,5,ring_reseller,1,0
CUST-5e5961784d,1,1,1.0,1,1,1.0,0.0,0.0,0.0,7.0,60.0,143.44727290583333,0,0,0,1,normal,0,0
CUST-5ebca6890e,3,1,3.0,3,1,1.0,1.0,0.5,0.0,7.0,135.0,0.0,0,5,5,6,ring_reseller,1,0
CUST-5f2308441d,1,1,1.0,1,1,1.0,0.0,0.0,0.0,7.0,100.0,26.28557262452546,0,0,0,1,normal,0,0
CUST-5f5d84dca3,3,2,1.5,2,2,0.5555555555555556,0.0,0.0,3.4640088308564816,4.041560135554988,135.0,93.0482531480787,0,0,0,1,normal,0,0
CUST-5f605f31ce,2,1,2.0,2,1,1.0,0.0,0.0,0.0,7.0,170.0,156.4789289877662,0,0,0,1,normal,0,0
CUST-5f8e2cdac8,23,5,4.6,6,3,0.4177693761814744,0.0,0.0,141.1450297410301,0.24797189149499105,1210.0,300.17254688501157,0,0,0,1,loyal_bulk,0,1
CUST-5fb4e5631e,1,1,1.0,1,1,1.0,0.0,0.0,0.0,7.0,30.0,411.9344513115278,0,0,3,4,shared_address_legit,0,1
CUST-5fb9eba320,45,12,3.75,5,1,1.0,0.0,0.0,61.052154171666665,1.3758728277434487,4050.0,6.136159855914352,0,0,0,1,stealth_reseller,1,0
CUST-5fc18b7255,1,1,1.0,1,1,1.0,0.0,0.0,0.0,7.0,30.0,194.38488285939812,0,0,0,1,normal,0,0
CUST-5fcff0b461,24,5,4.8,6,4,0.29513888888888895,0.0,0.0,179.76580867486112,0.19469775847810866,1300.0,274.416702330706,0,0,0,1,loyal_bulk,0,1
CUST-5fefc700b5,1,1,1.0,1,1,1.0,0.0,0.0,0.0,7.0,70.0,70.06031279193287,0,0,0,1,normal,0,0
CUST-5ff0770e48,1,1,1.0,1,1,1.0,0.0,0.0,0.0,7.0,60.0,18.42937625204861,0,0,0,1,normal,0,0
CUST-5ff0803c58,2,2,1.0,1,2,0.5,0.0,0.0,103.69364954481482,0.135013089629461,90.0,161.73645226622685,0,0,0,1,normal,0,0
CUST-6052f77937,1,1,1.0,1,1,1.0,0.0,0.0,0.0,7.0,90.0,348.3873722280324,0,0,0,1,normal,0,0
CUST-60bcec8796,23,6,3.8333333333333335,5,5,0.20604914933837426,0.0,0.0,85.6167729617824,0.4905580828040313,1630.0,497.9952873526852,0,0,0,1,loyal_bulk,0,1
CUST-60ece6fe66,2,2,1.0,1,2,0.5,0.0,0.0,9.748755260127314,1.4360807740512676,170.0,312.89448839640045,0,0,0,1,normal,0,0
CUST-618e8f6045,18,4,4.5,8,3,0.3765432098765432,0.0,0.0,89.04172406304399,0.31445931999446947,1195.0,591.7103110931713,0,0,0,1,loyal_bulk,0,1
CUST-61c1d1abc2,1,1,1.0,1,1,1.0,0.0,0.0,0.0,7.0,60.0,15.970863741666665,0,0,0,1,normal,0,0
CUST-61cf6dff49,3,3,1.0,1,3,0.3333333333333333,0.0,0.0,21.715455143842593,0.9670531822103917,195.0,4.6519884946875,0,0,0,1,normal,0,0
CUST-61d7f1a4a3,1,1,1.0,1,1,1.0,0.0,0.0,0.0,7.0,90.0,9.87489434144676,0,0,0,1,normal,0,0
CUST-61f69c591c,1,1,1.0,1,1,1.0,0.0,0.0,0.0,7.0,25.0,212.05100465187502,0,0,0,1,normal,0,0
CUST-624e971dca,20,1,20.0,20,1,1.0,1.0,0.5,0.0,7.0,900.0,0.0,0,0,0,1,solo_reseller,1,0
CUST-6251dc72c4,3,3,1.0,1,2,0.5555555555555556,0.0,0.0,118.32870057224538,0.1774717367675181,220.0,223.03371630640046,0,0,0,1,normal,0,0
CUST-6269119225,2,2,1.0,1,2,0.5,0.0,0.0,19.051397705243055,0.734854219968707,160.0,229.00878707091437,0,0,0,1,normal,0,0
CUST-6284a92719,1,1,1.0,1,1,1.0,0.0,0.0,0.0,7.0,90.0,448.4984046347569,0,0,0,1,normal,0,0
CUST-6294c6c944,30,3,10.0,12,2,0.5555555555555556,1.0,0.4000000000000001,119.99829984569443,0.175002479426824,1322.5,0.0,0,0,0,1,solo_reseller,1,0
CUST-6295811ea7,13,4,3.25,4,3,0.3609467455621302,0.0,0.0,166.83921839940973,0.16782624774091523,820.0,601.1952089059375,0,0,0,1,loyal_bulk,0,1
CUST-62c5f3c3d9,1,1,1.0,1,1,1.0,0.0,0.0,0.0,7.0,90.0,199.10198241116896,0,0,0,1,normal,0,0
CUST-62e0a63022,17,3,5.666666666666667,8,3,0.3633217993079585,0.0,0.0,94.90517966642362,0.22127348658747192,880.0,657.8209303145254,0,0,0,1,loyal_bulk,0,1
CUST-62e610a9e2,2,1,2.0,2,1,1.0,0.0,0.0,0.0,7.0,180.0,86.9616993612963,0,0,0,1,normal,0,0
CUST-63140835b9,1,1,1.0,1,1,1.0,0.0,0.0,0.0,7.0,85.0,304.2926383637731,0,0,1,2,shared_address_legit,0,1
CUST-6324823f32,15,3,5.0,6,3,0.34222222222222226,0.0,0.0,49.87550715442129,0.42104835014471476,905.0,462.1099538935301,0,0,0,1,loyal_bulk,0,1
CUST-6372249aa7,4,1,4.0,4,1,1.0,1.0,0.5,0.0,7.0,170.0,36.70950880114584,0,0,5,6,ring_reseller,1,0
CUST-637c5c9406,15,3,5.0,6,2,0.6088888888888888,0.0,0.0,147.2397273261921,0.1426245510050219,610.0,387.3038426547454,0,0,0,1,loyal_bulk,0,1
CUST-63847e10ed,17,5,3.4,4,3,0.370242214532872,0.0,0.0,103.74413637664352,0.3373684645938191,1515.0,397.2067927534028,0,0,0,1,loyal_bulk,0,1
CUST-647031a5a9,3,3,1.0,1,3,0.3333333333333333,0.0,0.0,25.577030431805557,0.8210491853614903,245.0,9.029301414479166,0,0,0,1,normal,0,0
CUST-6490815089,3,1,3.0,3,1,1.0,1.0,0.5,0.0,7.0,135.0,0.0,0,0,5,6,ring_reseller,1,0
CUST-64b5bb5abe,3,3,1.0,1,3,0.3333333333333333,0.0,0.0,43.08013459577546,0.48746365806524916,185.0,0.6237074226041667,0,0,0,1,normal,0,0
CUST-64b997e5af,2,2,1.0,1,2,0.5,0.0,0.0,35.68219464798611,0.3923525483259521,95.0,15.123583473761574,0,0,0,1,normal,0,0
CUST-64f7fa6a22,4,4,1.0,1,3,0.375,0.0,0.0,74.0943624231713,0.3778964969033008,290.0,45.34502500030092,0,0,0,1,normal,0,0
CUST-6503525d49,4,4,1.0,1,4,0.25,0.0,0.0,150.99321588650463,0.18543879495252585,290.0,398.52224198942133,0,0,0,1,normal,0,0
CUST-656d1b12ef,1,1,1.0,1,1,1.0,0.0,0.0,0.0,7.0,100.0,41.99099984880787,0,0,0,1,normal,0,0
CUST-657a5bd6b8,3,2,1.5,2,2,0.5555555555555556,0.0,0.0,109.42244187615741,0.1279445035219099,205.0,21.968874636180555,0,0,0,1,normal,0,0
CUST-658c760d48,1,1,1.0,1,1,1.0,0.0,0.0,0.0,7.0,90.0,43.3357881459838,0,0,0,1,normal,0,0
CUST-668712945c,18,2,9.0,10,1,1.0,1.0,0.42500000000000004,89.98912668914352,0.1555743512031325,927.0,7.04243115042824,0,0,0,1,solo_reseller,1,0
CUST-66931e165e,29,7,4.142857142857143,5,2,0.5053507728894173,0.0,0.0,176.02137169194444,0.2783752877790036,2065.0,28.907859944386573,0,0,0,1,stealth_reseller,1,0
CUST-66c04e573f,1,1,1.0,1,1,1.0,0.0,0.0,0.0,7.0,30.0,381.66217927371525,0,0,0,1,normal,0,0
CUST-66c0fae905,2,2,1.0,1,2,0.5,0.0,0.0,100.64975053004629,0.1390962215631193,160.0,197.3660499674884,0,0,0,1,normal,0,0
CUST-6707578eb6,48,3,16.0,20,2,0.513888888888889,1.0,0.3666666666666667,150.0007392559838,0.13999931003114888,2660.0,0.0,0,0,0,1,solo_reseller,1,0
CUST-673186b94f,2,2,1.0,1,2,0.5,0.0,0.0,75.87683690604166,0.18450953638639694,180.0,330.79888313396987,0,0,3,4,shared_address_legit,0,1
CUST-6755132ffd,2,2,1.0,1,2,0.5,0.0,0.0,9.612532724907407,1.4564319727852846,180.0,11.015485372511574,0,0,3,4,shared_address_legit,0,1
CUST-6756d9f418,25,2,12.5,15,1,1.0,1.0,0.45,90.01297206400463,0.1555331379353318,1190.0,0.0,0,0,0,1,solo_reseller,1,0
CUST-6770ed2806,1,1,1.0,1,1,1.0,0.0,0.0,0.0,7.0,70.0,198.21428417979166,0,0,3,4,shared_address_legit,0,1
CUST-6775700287,20,4,5.0,8,4,0.29500000000000004,0.0,0.0,55.723796353032405,0.5024783276180407,1380.0,508.5224425773379,0,0,0,1,loyal_bulk,0,1
CUST-6789ec480b,2,2,1.0,1,1,1.0,0.0,0.0,31.927727108402777,0.43849034265628833,60.0,83.99555889396991,0,0,0,1,normal,0,0
CUST-679911d3c5,2,2,1.0,1,2,0.5,0.0,0.0,158.67789535171298,0.0882290502339264,115.0,320.3928114710185,0,0,0,1,normal,0,0
CUST-67f3261170,4,4,1.0,1,3,0.375,0.0,0.0,23.39374184252315,1.1969012990091217,295.0,404.3074808788079,0,0,0,1,normal,0,0
CUST-67f75a56ae,2,2,1.0,1,2,0.5,0.0,0.0,2.4850861827199076,5.633607436775939,120.0,0.21121514284722223,0,0,0,1,normal,0,0
CUST-680c5f6f47,1,1,1.0,1,1,1.0,0.0,0.0,0.0,7.0,25.0,100.15839035998842,0,0,0,1,normal,0,0
CUST-68112a4173,1,1,1.0,1,1,1.0,0.0,0.0,0.0,7.0,60.0,539.5629970645833,0,0,3,4,shared_address_legit,0,1
CUST-6818c6de6b,24,6,4.0,5,2,0.5,0.0,0.0,137.5817466400926,0.30527305420732903,1560.0,32.77145786337963,0,0,0,1,stealth_reseller,1,0
CUST-6827339e2a,26,6,4.333333333333333,6,5,0.24556213017751483,0.0,0.0,178.4481212756713,0.235362522730723,1910.0,638.7274732141782,0,0,0,1,loyal_bulk,0,1
CUST-6834171fac,1,1,1.0,1,1,1.0,0.0,0.0,0.0,7.0,90.0,156.24313826796296,0,0,0,1,normal,0,0
CUST-686a25a1a5,8,1,8.0,8,1,1.0,1.0,0.3,0.0,7.0,168.0,13.156726710324074,0,0,0,1,solo_reseller,1,0
CUST-6880a353f4,2,2,1.0,1,2,0.5,0.0,0.0,84.50662344155093,0.1656674877050686,170.0,34.452520452060185,0,0,0,1,normal,0,0
CUST-688ed9d319,2,2,1.0,1,2,0.5,0.0,0.0,131.6965055977662,0.10630502257029867,130.0,407.35757911940976,0,0,0,1,normal,0,0
CUST-68cb3189fa,3,1,3.0,3,1,1.0,0.0,0.0,0.0,7.0,210.0,452.5692744724074,0,0,0,1,loyal_bulk,0,1
CUST-68cd15758a,1,1,1.0,1,1,1.0,0.0,0.0,0.0,7.0,90.0,438.5610660419097,0,0,0,1,normal,0,0
CUST-68e691a04f,2,2,1.0,1,2,0.5,0.0,0.0,2.544006355798611,5.503130905349149,160.0,261.12372228041664,0,0,0,1,normal,0,0
CUST-693ce0321f,37,10,3.7,5,2,0.6610664718772827,0.0,0.0,127.7487249409375,0.5479506745164253,3620.0,47.44758733640047,0,0,0,1,stealth_reseller,1,0
CUST-69643574b5,2,1,2.0,2,1,1.0,0.0,0.0,0.0,7.0,60.0,229.59385465826392,0,0,0,1,normal,0,0
CUST-696801efa9,17,4,4.25,6,3,0.3494809688581315,0.0,0.0,90.22901470085648,0.31032146469548244,995.0,358.72280220130784,0,0,0,1,loyal_bulk,0,1
CUST-697982e2e0,3,1,3.0,3,1,1.0,1.0,0.5,0.0,7.0,135.0,0.0,0,5,5,6,ring_reseller,1,0
CUST-6996b95048,1,1,1.0,1,1,1.0,0.0,0.0,0.0,7.0,70.0,462.9640285519213,0,0,0,1,normal,0,0
CUST-69aea962a8,2,2,1.0,1,2,0.5,0.0,0.0,1.2526470746875,11.176332330870292,95.0,21.291356326550925,0,0,0,1,normal,0,0
CUST-69b9db916f,9,3,3.0,3,2,0.5555555555555556,0.0,0.0,105.35183872585648,0.19933206913118617,450.0,708.933958704236,0,0,0,1,loyal_bulk,0,1
CUST-69ba362a5e,1,1,1.0,1,1,1.0,0.0,0.0,0.0,7.0,30.0,1.517912614965278,0,0,2,3,shared_address_legit,0,1
CUST-69ec1e9fb8,25,5,5.0,8,4,0.2864,0.0,0.0,144.01796506334492,0.2430252363627384,2075.0,550.0776958381945,0,0,0,1,loyal_bulk,0,1
CUST-69fe9c2e17,2,2,1.0,1,2,0.5,0.0,0.0,104.52570982234954,0.13393833941710806,175.0,287.06720439620375,0,0,0,1,normal,0,0
CUST-6a28a29209,1,1,1.0,1,1,1.0,0.0,0.0,0.0,7.0,85.0,408.8413976201273,0,0,0,1,normal,0,0
CUST-6a5f028e10,10,2,5.0,6,2,0.52,0.0,0.0,68.96300071876158,0.2030074076546275,780.0,368.87299050711806,0,0,0,1,loyal_bulk,0,1
CUST-6abc1b3588,1,1,1.0,1,1,1.0,0.0,0.0,0.0,7.0,25.0,333.99979939375,0,0,2,3,shared_address_legit,0,1
CUST-6af0cc7050,3,2,1.5,2,2,0.5555555555555556,0.0,0.0,3.0096248727546295,4.651742523375072,230.0,404.44657162100697,0,0,0,1,normal,0,0
CUST-6b09809316,5,4,1.25,2,3,0.3600000000000001,0.0,0.0,105.40218282015046,0.2656491473974204,420.0,114.14972961770835,0,0,0,1,normal,0,0
CUST-6b3ca4147e,1,1,1.0,1,1,1.0,0.0,0.0,0.0,7.0,60.0,3.0548974334953702,0,0,0,1,normal,0,0
CUST-6b3e756800,1,1,1.0,1,1,1.0,0.0,0.0,0.0,7.0,70.0,488.5522936162037,0,0,0,1,normal,0,0
CUST-6b4e44c29a,3,3,1.0,1,3,0.3333333333333333,0.0,0.0,65.21729522407408,0.3220004743810371,185.0,252.18907381351852,0,0,0,1,normal,0,0
CUST-6b55503b98,1,1,1.0,1,1,1.0,0.0,0.0,0.0,7.0,30.0,199.03857286336805,0,0,0,1,normal,0,0
CUST-6b883811ec,1,1,1.0,1,1,1.0,0.0,0.0,0.0,7.0,30.0,57.77334016398149,0,0,0,1,normal,0,0
CUST-6bab017845,1,1,1.0,1,1,1.0,0.0,0.0,0.0,7.0,90.0,421.27735043067133,0,0,0,1,normal,0,0
CUST-6bf7c25616,7,5,1.4,2,4,0.30612244897959184,0.0,0.0,43.97155392814815,0.7959691408038901,540.0,5.531420619166666,0,0,0,1,normal,0,0
CUST-6c2a2d930b,1,1,1.0,1,1,1.0,0.0,0.0,0.0,7.0,70.0,444.2828116111806,0,0,2,3,shared_address_legit,0,1
CUST-6c2c565b5d,1,1,1.0,1,1,1.0,0.0,0.0,0.0,7.0,100.0,38.35867100587963,0,0,0,1,normal,0,0
CUST-6c3d368ece,10,2,5.0,6,1,1.0,0.0,0.0,31.438622229745366,0.4453121354266609,850.0,333.653347289375,0,0,0,1,loyal_bulk,0,1
CUST-6c43eb1df2,10,2,5.0,6,2,0.52,0.0,0.0,11.065620083043981,1.2651798900499407,390.0,622.2214373338774,0,0,0,1,loyal_bulk,0,1
CUST-6c6e6d4f20,3,3,1.0,1,3,0.3333333333333333,0.0,0.0,113.05122990097223,0.1857564930376702,275.0,176.763340701331,0,0,0,1,normal,0,0
CUST-6c97336ec2,2,2,1.0,1,2,0.5,0.0,0.0,63.50041279268519,0.22047100773512932,90.0,423.8770786651042,0,0,0,1,normal,0,0
CUST-6d01af143c,2,1,2.0,2,1,1.0,0.0,0.0,0.0,7.0,120.0,317.9763764854398,0,0,0,1,normal,0,0
CUST-6d11668aa5,2,1,2.0,2,1,1.0,0.0,0.0,0.0,7.0,180.0,8.732225894918981,0,0,0,1,normal,0,0
CUST-6d77ed3ff0,13,3,4.333333333333333,5,2,0.57396449704142,0.0,0.0,107.29164167785879,0.19572820092595952,1090.0,429.3278759227199,0,0,0,1,loyal_bulk,0,1
CUST-6d9e65ce76,6,2,3.0,3,2,0.5,1.0,0.32499999999999996,90.00881949738425,0.1555403134734686,195.75,0.0,0,3,3,4,ring_reseller,1,0
CUST-6dbbd0f9e3,33,10,3.3,4,2,0.5224977043158862,0.0,0.0,104.43473714850694,0.6702750627931346,2580.0,7.318311684780092,0,0,0,1,stealth_reseller,1,0
CUST-6dbda8b053,8,1,8.0,8,1,1.0,1.0,0.5,0.0,7.0,340.0,115.74549111230324,0,0,0,1,solo_reseller,1,0
CUST-6deceeaaf4,2,2,1.0,1,2,0.5,0.0,0.0,27.80664424201389,0.5034767905883077,180.0,465.28649559944444,0,0,0,1,normal,0,0
CUST-6e752474e6,2,1,2.0,2,1,1.0,0.0,0.0,0.0,7.0,140.0,32.78059862760417,0,0,0,1,normal,0,0
CUST-6e7632a046,4,4,1.0,1,3,0.375,0.0,0.0,60.03091662777778,0.4664263278472698,240.0,5.424190673275463,0,0,0,1,normal,0,0
CUST-6e76847593,1,1,1.0,1,1,1.0,0.0,0.0,0.0,7.0,85.0,105.22528030682871,0,0,0,1,normal,0,0
CUST-6e8634c184,28,6,4.666666666666667,6,4,0.3137755102040816,0.0,0.0,35.234564638125,1.1920113227269613,1635.0,414.8272459666666,0,0,0,1,loyal_bulk,0,1
CUST-6ee5abcd0f,3,2,1.5,2,2,0.5555555555555556,0.0,0.0,26.257080437499997,0.5331895156174864,250.0,348.14848599061344,0,0,0,1,normal,0,0
CUST-6f53210804,1,1,1.0,1,1,1.0,0.0,0.0,0.0,7.0,60.0,72.25753124236111,0,0,1,2,shared_address_legit,0,1
CUST-6fad25ac54,1,1,1.0,1,1,1.0,0.0,0.0,0.0,7.0,25.0,77.39709541027779,0,0,0,1,normal,0,0
CUST-6fcb146662,1,1,1.0,1,1,1.0,0.0,0.0,0.0,7.0,25.0,75.08764383103009,0,0,0,1,normal,0,0
CUST-6fd01c7d7c,8,1,8.0,8,1,1.0,1.0,0.35,0.0,7.0,130.0,0.0,0,0,0,1,solo_reseller,1,0
CUST-6fdf0ff873,1,1,1.0,1,1,1.0,0.0,0.0,0.0,7.0,90.0,197.5392775304514,0,0,0,1,normal,0,0
CUST-702d970872,2,2,1.0,1,2,0.5,0.0,0.0,140.9458748529977,0.09932890916177277,120.0,106.10227168489584,0,0,0,1,normal,0,0
CUST-7082ac94a6,1,1,1.0,1,1,1.0,0.0,0.0,0.0,7.0,70.0,377.3130173208449,0,0,0,1,normal,0,0
CUST-70a4a333b8,4,2,2.0,2,2,0.5,0.0,0.0,112.89302625833334,0.12401120303005939,380.0,34.748311447604166,0,0,0,1,normal,0,0
CUST-70b7d186da,2,1,2.0,2,1,1.0,0.0,0.0,0.0,7.0,140.0,103.76715985682871,0,0,0,1,normal,0,0
CUST-70e1869dab,21,6,3.5,5,4,0.35147392290249435,0.0,0.0,133.29240970993055,0.3150967117437514,985.0,518.2958948586574,0,0,0,1,loyal_bulk,0,1
CUST-70ed723846,3,2,1.5,2,2,0.5555555555555556,0.0,0.0,0.4170858131597222,14.0,140.0,3.132782488923611,0,0,0,1,normal,0,0
CUST-70fbb8698a,1,1,1.0,1,1,1.0,0.0,0.0,0.0,7.0,100.0,3.7841725031249998,0,0,0,1,normal,0,0
CUST-7111547c68,2,2,1.0,1,2,0.5,0.0,0.0,19.126551056666667,0.7319667805513854,130.0,377.5011109321065,0,0,0,1,normal,0,0
CUST-71495db5fd,1,1,1.0,1,1,1.0,0.0,0.0,0.0,7.0,90.0,403.2086278332176,0,0,0,1,normal,0,0
CUST-7177c3171c,5,1,5.0,5,1,1.0,1.0,0.35,0.0,7.0,81.25,0.0,0,2,2,3,ring_reseller,1,0
CUST-719f4e1b2e,3,2,1.5,2,2,0.5555555555555556,0.0,0.0,88.97857952555556,0.15734123959552598,205.0,379.48500711752314,0,0,0,1,normal,0,0
CUST-71a5447c96,1,1,1.0,1,1,1.0,0.0,0.0,0.0,7.0,100.0,283.07581751451386,0,0,0,1,normal,0,0
CUST-71a771b046,2,2,1.0,1,2,0.5,0.0,0.0,11.346371517268517,1.2338746337269861,180.0,9.757001791770833,0,0,0,1,normal,0,0
CUST-71b539e7e3,1,1,1.0,1,1,1.0,0.0,0.0,0.0,7.0,85.0,60.74959285864584,0,0,0,1,normal,0,0
CUST-71b966f696,45,12,3.75,5,2,0.5298765432098765,0.0,0.0,148.43418841407407,0.5659073620268158,3490.0,39.520133514097225,0,0,0,1,stealth_reseller,1,0
CUST-72246e0e46,1,1,1.0,1,1,1.0,0.0,0.0,0.0,7.0,25.0,240.1516439074537,0,0,0,1,normal,0,0
CUST-7284c46e5a,1,1,1.0,1,1,1.0,0.0,0.0,0.0,7.0,70.0,272.85152113305554,0,0,3,4,shared_address_legit,0,1
CUST-729cff6abd,3,2,1.5,2,2,0.5555555555555556,0.0,0.0,27.842676124548607,0.5028252290610937,230.0,321.42393154895836,0,0,0,1,normal,0,0
CUST-72b29009f6,3,1,3.0,3,1,1.0,1.0,0.3,0.0,7.0,147.0,0.0,0,0,2,3,ring_reseller,1,0
CUST-72c0be6d02,1,1,1.0,1,1,1.0,0.0,0.0,0.0,7.0,90.0,232.34806697291668,0,0,0,1,normal,0,0
CUST-72c5a28f5a,1,1,1.0,1,1,1.0,0.0,0.0,0.0,7.0,60.0,52.3437799003125,0,0,0,1,normal,0,0
CUST-72ca998a70,20,2,10.0,12,1,1.0,1.0,0.42500000000000004,90.0066765084375,0.15554401676732946,1026.0,19.409307615474535,0,0,0,1,solo_reseller,1,0
CUST-7307febd2e,16,4,4.0,6,4,0.2734375,0.0,0.0,149.1560642128009,0.18772284015252916,825.0,383.90323816967594,0,0,0,1,loyal_bulk,0,1
CUST-7325887cf7,2,1,2.0,2,1,1.0,0.0,0.0,0.0,7.0,140.0,13.689652587349537,0,0,0,1,normal,0,0
CUST-7332850486,4,3,1.3333333333333333,2,3,0.375,0.0,0.0,21.999128448877315,0.9545832712782627,150.0,2.105473379247685,0,0,0,1,normal,0,0
CUST-7353aa37e1,2,1,2.0,2,1,1.0,0.0,0.0,0.0,7.0,200.0,73.62782836707176,0,0,0,1,normal,0,0
CUST-7362501c1f,39,12,3.25,4,2,0.5161078238001315,0.0,0.0,34.887049040520836,2.4077702846817206,1935.0,5.282261015081019,0,0,0,1,stealth_reseller,1,0
CUST-736408b300,2,2,1.0,1,2,0.5,0.0,0.0,125.44123859208334,0.11160604086129891,145.0,449.01221930736114,0,0,0,1,normal,0,0
CUST-736c782a22,3,2,1.5,2,2,0.5555555555555556,0.0,0.0,17.93165627673611,0.7807421569954528,165.0,290.4890664219213,0,0,0,1,normal,0,0
CUST-7398b07685,2,2,1.0,1,2,0.5,0.0,0.0,55.33801711591435,0.25299063337731736,170.0,31.580578135046295,0,0,0,1,normal,0,0
CUST-73a9656ed4,1,1,1.0,1,1,1.0,0.0,0.0,0.0,7.0,30.0,2.376128345451389,0,0,0,1,normal,0,0
CUST-73bd11a987,1,1,1.0,1,1,1.0,0.0,0.0,0.0,7.0,60.0,32.73387451157407,0,0,0,1,normal,0,0
CUST-7457946707,1,1,1.0,1,1,1.0,0.0,0.0,0.0,7.0,85.0,247.56914602732638,0,0,0,1,normal,0,0
CUST-74872a4ee5,1,1,1.0,1,1,1.0,0.0,0.0,0.0,7.0,85.0,5.033607076550926,0,0,0,1,normal,0,0
CUST-74a930e9bb,7,2,3.5,4,2,0.510204081632653,0.0,0.0,18.4740931203125,0.757817983747566,310.0,433.02743604478013,0,0,0,1,loyal_bulk,0,1
CUST-74bf4df142,2,2,1.0,1,2,0.5,0.0,0.0,108.68203871371529,0.1288161334264081,115.0,176.78207837311342,0,0,3,4,shared_address_legit,0,1
CUST-74c0066890,8,2,4.0,5,2,0.53125,1.0,0.35,29.987303318935187,0.46686425421787886,407.0,0.0,0,0,3,4,ring_reseller,1,0
CUST-74db14eba4,18,2,9.0,10,1,1.0,1.0,0.4,150.00713668599536,0.09332889293997862,972.0,0.0,0,0,0,1,solo_reseller,1,0
CUST-74f447f77f,2,2,1.0,1,1,1.0,0.0,0.0,10.042065779548611,1.3941354605057463,60.0,6.369704793206019,0,0,0,1,normal,0,0
CUST-7500a31e8b,15,1,15.0,15,1,1.0,1.0,0.3,0.0,7.0,315.0,0.0,0,0,0,1,solo_reseller,1,0
CUST-751446ff47,25,6,4.166666666666667,6,5,0.25440000000000007,0.0,0.0,90.4734446228588,0.4642246150246431,1950.0,537.2045994421296,0,0,0,1,loyal_bulk,0,1
CUST-753ac2d7b9,1,1,1.0,1,1,1.0,0.0,0.0,0.0,7.0,100.0,17.304954140011574,0,0,0,1,normal,0,0
CUST-7550651e59,43,11,3.909090909090909,5,2,0.5132504056246621,0.0,0.0,148.71011612694446,0.5177858911378292,2370.0,3.7930139157291665,0,0,0,1,stealth_reseller,1,0
CUST-75544c47a8,1,1,1.0,1,1,1.0,0.0,0.0,0.0,7.0,25.0,228.85984537555555,0,0,0,1,normal,0,0
CUST-7599e443a5,3,3,1.0,1,3,0.3333333333333333,0.0,0.0,31.850447580497686,0.6593313939129222,215.0,184.3052898007639,0,0,0,1,normal,0,0
CUST-75b280e7aa,1,1,1.0,1,1,1.0,0.0,0.0,0.0,7.0,85.0,519.0076809267824,0,0,0,1,normal,0,0
CUST-75d294c942,9,2,4.5,5,2,0.5061728395061729,1.0,0.375,120.00369126979167,0.11666307804253516,321.25,0.0,0,3,3,4,ring_reseller,1,0
CUST-75d690d1fb,1,1,1.0,1,1,1.0,0.0,0.0,0.0,7.0,85.0,7.227367990949074,0,0,0,1,normal,0,0
CUST-76180a98f1,4,3,1.3333333333333333,2,2,0.625,0.0,0.0,2.226125847488426,9.433428942794388,330.0,4.493552307337963,0,0,0,1,normal,0,0
CUST-76670fd572,44,12,3.6666666666666665,5,2,0.5506198347107438,0.0,0.0,42.57317608243056,1.9730733698927811,3965.0,1.5868247076967594,0,0,0,1,stealth_reseller,1,0
CUST-769f3c01cd,2,2,1.0,1,2,0.5,0.0,0.0,21.812323661493057,0.641838999698838,130.0,156.5476393226736,0,0,0,1,normal,0,0
CUST-76b75b9f2f,2,2,1.0,1,1,1.0,0.0,0.0,104.02785008031249,0.13457934571551367,50.0,332.6677077759259,0,0,0,1,normal,0,0
CUST-76d53c037d,2,2,1.0,1,1,1.0,0.0,0.0,104.77018877688657,0.13362579721807805,200.0,365.5009590568403,0,0,0,1,normal,0,0
CUST-77044074a2,1,1,1.0,1,1,1.0,0.0,0.0,0.0,7.0,90.0,27.073409939641202,0,0,3,4,shared_address_legit,0,1
CUST-771e5050ce,1,1,1.0,1,1,1.0,0.0,0.0,0.0,7.0,25.0,435.2282486428935,0,0,0,1,normal,0,0
CUST-77281bf17c,17,4,4.25,6,2,0.5432525951557095,0.0,0.0,96.59724395056713,0.28986334241925965,635.0,261.76770566761576,0,0,0,1,loyal_bulk,0,1
CUST-7737ea6c99,2,1,2.0,2,1,1.0,0.0,0.0,0.0,7.0,140.0,479.50923538083333,0,0,0,1,normal,0,0
CUST-776b703f95,3,2,1.5,2,2,0.5555555555555556,0.0,0.0,152.27619834585647,0.09193820276628248,270.0,166.14077836899304,0,0,0,1,normal,0,0
CUST-776c8abef0,12,3,4.0,6,2,0.625,0.0,0.0,87.4629359308449,0.2401017045277814,900.0,585.6345997936575,0,0,0,1,loyal_bulk,0,1
CUST-7786aeceb5,2,2,1.0,1,2,0.5,0.0,0.0,11.782696323078703,1.1881830453848052,160.0,531.5331384903009,0,0,0,1,normal,0,0
CUST-77bc90c1f9,2,2,1.0,1,2,0.5,0.0,0.0,73.01541157221065,0.19174034219000882,170.0,131.89690791055557,0,0,0,1,normal,0,0
CUST-77c4353814,28,6,4.666666666666667,8,5,0.22704081632653061,0.0,0.0,100.51698208844908,0.4178398428540408,1930.0,589.4682643591667,0,0,0,1,loyal_bulk,0,1
CUST-77ca6e07d1,1,1,1.0,1,1,1.0,0.0,0.0,0.0,7.0,25.0,15.09690655974537,0,0,0,1,normal,0,0
CUST-77dd15ffda,8,1,8.0,8,1,1.0,1.0,0.4,0.0,7.0,480.0,22.684468584560186,0,0,0,1,solo_reseller,1,0
CUST-77e574b194,10,3,3.3333333333333335,4,2,0.52,1.0,0.4000000000000001,120.00141148672454,0.17499794160607168,364.5,0.0,0,5,5,6,ring_reseller,1,0
CUST-787158f2ce,10,1,10.0,10,1,1.0,1.0,0.3,0.0,7.0,490.0,0.0,0,0,0,1,solo_reseller,1,0
CUST-787ff4bf64,1,1,1.0,1,1,1.0,0.0,0.0,0.0,7.0,60.0,255.83553677484954,0,0,0,1,normal,0,0
CUST-788b7ab16c,15,3,5.0,5,2,0.5555555555555556,0.0,0.0,122.51030643164353,0.17141414964721574,1425.0,434.7541938702083,0,0,0,1,loyal_bulk,0,1
CUST-78950c4cbd,1,1,1.0,1,1,1.0,0.0,0.0,0.0,7.0,30.0,378.5540698461458,0,0,0,1,normal,0,0
CUST-78d0d82c28,2,2,1.0,1,2,0.5,0.0,0.0,19.79939984375,0.7070921396851999,55.0,412.36029016531256,0,0,0,1,normal,0,0
CUST-78d604f90a,5,1,5.0,5,1,1.0,1.0,0.4,0.0,7.0,270.0,0.0,0,5,5,6,ring_reseller,1,0
CUST-79044ff0b3,1,1,1.0,1,1,1.0,0.0,0.0,0.0,7.0,90.0,80.93450351706018,0,0,0,1,normal,0,0
CUST-7905fc35b5,5,1,5.0,5,1,1.0,1.0,0.5,0.0,7.0,212.5,0.0,0,0,4,5,ring_reseller,1,0
CUST-792c84fa0d,2,2,1.0,1,1,1.0,0.0,0.0,16.998160239016205,0.823618544780248,180.0,35.84214790178241,0,0,0,1,normal,0,0
CUST-79615f652f,12,2,6.0,8,2,0.5555555555555556,0.0,0.0,79.81342356613425,0.1754090900310704,660.0,543.4523075995949,0,0,0,1,loyal_bulk,0,1
CUST-796ef060d2,8,1,8.0,8,1,1.0,1.0,0.4,0.0,7.0,480.0,0.0,0,0,0,1,solo_reseller,1,0
CUST-796fa76c22,1,1,1.0,1,1,1.0,0.0,0.0,0.0,7.0,70.0,236.08002299222224,0,0,0,1,normal,0,0
CUST-7984c21ac1,2,2,1.0,1,2,0.5,0.0,0.0,0.47873881322916667,14.0,160.0,375.0071018963657,0,0,0,1,normal,0,0
CUST-79972d6735,1,1,1.0,1,1,1.0,0.0,0.0,0.0,7.0,30.0,116.65266220210648,0,0,0,1,normal,0,0
CUST-79a5f0781e,3,3,1.0,1,3,0.3333333333333333,0.0,0.0,151.10050179859954,0.1389803458627206,175.0,28.44497740199074,0,0,0,1,normal,0,0
CUST-79a5fc3f36,1,1,1.0,1,1,1.0,0.0,0.0,0.0,7.0,90.0,228.7183524771528,0,0,2,3,shared_address_legit,0,1
CUST-79baf84ccd,1,1,1.0,1,1,1.0,0.0,0.0,0.0,7.0,30.0,393.1793131121527,0,0,0,1,normal,0,0
CUST-79f444bddd,1,1,1.0,1,1,1.0,0.0,0.0,0.0,7.0,90.0,415.6567568073958,0,0,0,1,normal,0,0
CUST-79fc75f885,27,2,13.5,15,1,1.0,1.0,0.45,89.99116562111111,0.15557082635137828,1350.0,0.0,0,0,0,1,solo_reseller,1,0
CUST-7a17b24601,2,2,1.0,1,2,0.5,0.0,0.0,2.869000898287037,4.879747513623585,120.0,10.814542363252315,0,0,0,1,normal,0,0
CUST-7a322173ca,1,1,1.0,1,1,1.0,0.0,0.0,0.0,7.0,30.0,252.49323645222222,0,0,0,1,normal,0,0
CUST-7a58d4b216,3,3,1.0,1,3,0.3333333333333333,0.0,0.0,79.67483935988426,0.263571287607432,215.0,261.3079896812616,0,0,0,1,normal,0,0
CUST-7a8e34801c,12,3,4.0,5,2,0.625,0.0,0.0,120.2777904620949,0.17459582454350187,1065.0,299.32578745738425,0,0,0,1,loyal_bulk,0,1
CUST-7ac9128ba8,2,2,1.0,1,2,0.5,0.0,0.0,58.11279253377315,0.2409108113650481,160.0,208.8554538138426,0,0,0,1,normal,0,0
CUST-7b32e26a19,20,1,20.0,20,1,1.0,1.0,0.3,0.0,7.0,420.0,21.375542348356483,0,0,0,1,solo_reseller,1,0
CUST-7b69455d88,1,1,1.0,1,1,1.0,0.0,0.0,0.0,7.0,85.0,425.35243393207173,0,0,0,1,normal,0,0
CUST-7b7f7da148,9,3,3.0,3,2,0.5555555555555556,1.0,0.45,89.99621987379629,0.23334313407217291,445.5,45.82779903302083,0,4,4,5,ring_reseller,1,0
CUST-7b86622fd0,7,2,3.5,4,2,0.510204081632653,0.0,0.0,123.74355352230324,0.11313720675943473,615.0,442.2929320046296,0,0,0,1,loyal_bulk,0,1
CUST-7bbf412c27,1,1,1.0,1,1,1.0,0.0,0.0,0.0,7.0,90.0,290.5379475046528,0,0,0,1,normal,0,0
CUST-7c0a59de6f,8,1,8.0,8,1,1.0,1.0,0.3,0.0,7.0,168.0,0.0,0,0,0,1,solo_reseller,1,0
CUST-7c4fd36f29,1,1,1.0,1,1,1.0,0.0,0.0,0.0,7.0,85.0,179.55464530827547,0,0,0,1,normal,0,0
CUST-7c6fdb308c,1,1,1.0,1,1,1.0,0.0,0.0,0.0,7.0,70.0,294.7026313550347,0,0,0,1,normal,0,0
CUST-7cc070dc77,30,9,3.3333333333333335,4,2,0.5088888888888888,0.0,0.0,147.11032591003473,0.42825001991041495,1615.0,39.50396366553241,0,0,0,1,stealth_reseller,1,0
CUST-7d1918e610,4,3,1.3333333333333333,2,2,0.5,0.0,0.0,66.58783669793982,0.3153729125525071,360.0,309.6188209852199,0,0,0,1,normal,0,0
CUST-7d2055bb70,3,2,1.5,2,2,0.5555555555555556,0.0,0.0,10.440478006469906,1.3409347724619771,225.0,467.2590990687616,0,0,0,1,normal,0,0
CUST-7d32265de1,25,2,12.5,15,1,1.0,1.0,0.45,90.0180679600463,0.15552433325067333,1147.5,0.0,0,0,0,1,solo_reseller,1,0
CUST-7d363f3c25,12,1,12.0,12,1,1.0,1.0,0.3,0.0,7.0,588.0,96.49291610350694,0,0,0,1,solo_reseller,1,0
CUST-7d527759e6,13,3,4.333333333333333,6,2,0.5029585798816568,0.0,0.0,32.22358799496528,0.6516965150895396,880.0,521.1752024819098,0,0,0,1,loyal_bulk,0,1
CUST-7d7848de84,38,10,3.8,5,2,0.5498614958448754,0.0,0.0,133.55684600476852,0.5241213917068746,3035.0,0.052863063240740735,0,0,0,1,stealth_reseller,1,0
CUST-7d8f63cd5b,47,4,11.75,15,2,0.6650067904028973,1.0,0.4375,149.98754568581018,0.18668216665571444,2358.0,0.0,0,0,0,1,solo_reseller,1,0
CUST-7d9e3d2433,32,3,10.666666666666666,12,2,0.625,1.0,0.45,90.00133936920139,0.2333298609463387,1740.0,7.024586275543982,0,0,0,1,solo_reseller,1,0
CUST-7db8574fad,10,1,10.0,10,1,1.0,1.0,0.3,0.0,7.0,210.0,0.0,0,0,0,1,solo_reseller,1,0
CUST-7dc8dff22e,18,2,9.0,10,1,1.0,1.0,0.45,59.99695420922454,0.23334517867654517,900.0,0.0,0,0,0,1,solo_reseller,1,0
CUST-7de4419be6,1,1,1.0,1,1,1.0,0.0,0.0,0.0,7.0,70.0,199.8052456870602,0,0,0,1,normal,0,0
CUST-7e1f91b850,25,2,12.5,15,2,0.52,1.0,0.32499999999999996,89.9849590440625,0.15558155661486367,1125.0,82.65610931842592,0,0,0,1,solo_reseller,1,0
CUST-7e38ad3617,3,2,1.5,2,1,1.0,0.0,0.0,46.124545734837966,0.30352602452680133,90.0,389.3079628878125,0,0,3,4,shared_address_legit,0,1
CUST-7e7e7aec34,1,1,1.0,1,1,1.0,0.0,0.0,0.0,7.0,90.0,231.33660925447916,0,0,0,1,normal,0,0
CUST-7e86de0db1,2,2,1.0,1,2,0.5,0.0,0.0,26.430735196249998,0.5296863630939153,190.0,43.07894442300926,0,0,0,1,normal,0,0
CUST-7e92cdc4f5,3,1,3.0,3,1,1.0,0.0,0.0,0.0,7.0,270.0,555.7688901578588,0,0,0,1,loyal_bulk,0,1
CUST-7e9a6fdc9f,15,1,15.0,15,1,1.0,1.0,0.3,0.0,7.0,315.0,0.0,0,0,0,1,solo_reseller,1,0
CUST-7eaad9a8d8,8,2,4.0,4,2,0.5,1.0,0.425,60.00319126946759,0.23332092350101136,326.0,31.438706482719905,0,0,2,3,ring_reseller,1,0
CUST-7f02645948,2,2,1.0,1,2,0.5,0.0,0.0,33.667812621701394,0.4158274301127589,175.0,14.989152365347222,0,0,3,4,shared_address_legit,0,1
CUST-7f1256e505,8,1,8.0,8,1,1.0,1.0,0.3,0.0,7.0,168.0,47.0104372259375,0,0,0,1,solo_reseller,1,0
CUST-7f39d6a64a,3,1,3.0,3,1,1.0,1.0,0.4,0.0,7.0,162.0,0.0,0,0,1,2,ring_reseller,1,0
CUST-7f45aac667,12,1,12.0,12,1,1.0,1.0,0.35,0.0,7.0,468.0,84.54727836887731,0,0,0,1,solo_reseller,1,0
CUST-7f53e3302b,3,2,1.5,2,2,0.5555555555555556,0.0,0.0,15.407375576331019,0.9086557233995747,160.0,368.02773502802086,0,0,3,4,shared_address_legit,0,1
CUST-7f5777c563,40,3,13.333333333333334,20,2,0.58,1.0,0.4166666666666667,150.0021321488426,0.13999801002269976,2274.0,19.410589070983796,0,0,0,1,solo_reseller,1,0
CUST-7f65a9e587,2,2,1.0,1,2,0.5,0.0,0.0,111.0512534259722,0.12606791520216862,190.0,222.3968337001273,0,0,0,1,normal,0,0
CUST-7fc7625339,1,1,1.0,1,1,1.0,0.0,0.0,0.0,7.0,30.0,467.5695327783334,0,0,3,4,shared_address_legit,0,1
CUST-7ff20ec86e,1,1,1.0,1,1,1.0,0.0,0.0,0.0,7.0,30.0,84.55802505219907,0,0,0,1,normal,0,0
CUST-802cf3acae,1,1,1.0,1,1,1.0,0.0,0.0,0.0,7.0,25.0,59.98503205115741,0,0,0,1,normal,0,0
CUST-80418a4759,1,1,1.0,1,1,1.0,0.0,0.0,0.0,7.0,90.0,5.997758767662037,0,0,3,4,shared_address_legit,0,1
CUST-804d4f0525,3,1,3.0,3,1,1.0,1.0,0.35,0.0,7.0,117.0,0.0,4,0,4,5,ring_reseller,1,0
CUST-809afe2b59,2,2,1.0,1,2,0.5,0.0,0.0,9.297331227037036,1.505808458161349,160.0,228.55722177086807,0,0,0,1,normal,0,0
CUST-80ea8a5a23,10,2,5.0,5,1,1.0,1.0,0.4,149.99281066310184,0.09333780691292823,540.0,0.0,0,0,3,4,ring_reseller,1,0
CUST-810d8b7ce5,4,3,1.3333333333333333,2,3,0.375,0.0,0.0,39.12854502145833,0.5366925856426166,210.0,301.13870844555555,0,0,0,1,normal,0,0
CUST-81175befd2,2,2,1.0,1,2,0.5,0.0,0.0,76.97367758846065,0.1818803575275554,120.0,369.8324936413542,0,0,2,3,shared_address_legit,0,1
CUST-812323fb13,1,1,1.0,1,1,1.0,0.0,0.0,0.0,7.0,85.0,32.57344415131944,0,0,0,1,normal,0,0
CUST-812e405fc3,8,1,8.0,8,1,1.0,1.0,0.35,0.0,7.0,312.0,90.86776626835649,0,0,0,1,solo_reseller,1,0
CUST-815a4be7c3,3,3,1.0,1,3,0.3333333333333333,0.0,0.0,26.763309174583334,0.7846563316595897,230.0,171.01057244457175,0,0,0,1,normal,0,0
CUST-81f2bd3812,4,1,4.0,4,1,1.0,1.0,0.35,0.0,7.0,65.0,11.771589468356481,0,0,3,4,ring_reseller,1,0
CUST-81f90fc2bb,8,1,8.0,8,1,1.0,1.0,0.3,0.0,7.0,168.0,30.655159900775466,0,0,0,1,solo_reseller,1,0
CUST-8227815abb,3,2,1.5,2,2,0.5555555555555556,0.0,0.0,3.977750069560185,3.5195775891339403,280.0,8.548360785208335,0,0,0,1,normal,0,0
CUST-8242fb6008,8,1,8.0,8,1,1.0,1.0,0.3,0.0,7.0,168.0,0.0,0,0,0,1,solo_reseller,1,0
CUST-825fc7bd16,1,1,1.0,1,1,1.0,0.0,0.0,0.0,7.0,70.0,9.72973648980324,0,0,0,1,normal,0,0
CUST-82bea2e89a,21,5,4.2,6,4,0.28344671201814053,0.0,0.0,152.37272415680556,0.22969990327128217,1745.0,286.1280077589815,0,0,0,1,loyal_bulk,0,1
CUST-82c212b5c9,28,8,3.5,5,2,0.5918367346938775,0.0,0.0,33.97252882394676,1.6483906832548298,2480.0,4.721304576909722,0,0,0,1,stealth_reseller,1,0
CUST-82e6d39e1e,2,1,2.0,2,1,1.0,0.0,0.0,0.0,7.0,200.0,21.557892500150466,0,0,0,1,normal,0,0
CUST-831fccbf98,4,4,1.0,1,3,0.375,0.0,0.0,99.26852669984955,0.2820632171227987,345.0,189.22353013475694,0,0,0,1,normal,0,0
CUST-83467c2672,13,3,4.333333333333333,6,2,0.57396449704142,0.0,0.0,111.83251026633103,0.18778081570366384,630.0,429.45652781138887,0,0,0,1,loyal_bulk,0,1
CUST-8349a6f87a,10,1,10.0,10,1,1.0,1.0,0.4,0.0,7.0,600.0,27.416971291087965,0,0,0,1,solo_reseller,1,0
CUST-837be1b546,2,1,2.0,2,1,1.0,0.0,0.0,0.0,7.0,180.0,206.82873279018517,0,0,0,1,normal,0,0
CUST-838d2da2e0,1,1,1.0,1,1,1.0,0.0,0.0,0.0,7.0,70.0,142.18395596243056,0,0,0,1,normal,0,0
CUST-83a0f44190,2,2,1.0,1,1,1.0,0.0,0.0,109.28289200997685,0.12810788351686273,170.0,160.9063737869676,0,0,0,1,normal,0,0
CUST-83a12a71a9,1,1,1.0,1,1,1.0,0.0,0.0,0.0,7.0,25.0,96.90469713,0,0,0,1,normal,0,0
CUST-83b8c74048,2,2,1.0,1,2,0.5,0.0,0.0,55.98193157340278,0.2500806886529698,120.0,165.31808139518517,0,0,0,1,normal,0,0
CUST-83ce16f3bc,10,3,3.3333333333333335,4,3,0.33999999999999997,0.0,0.0,35.40727573505787,0.5930984399120893,730.0,363.52238850381946,0,0,0,1,loyal_bulk,0,1
CUST-83d4f0fe9e,2,2,1.0,1,2,0.5,0.0,0.0,141.2212809495139,0.09913520048727606,180.0,16.90844701902778,0,0,0,1,normal,0,0
CUST-83ece49d24,2,2,1.0,1,2,0.5,0.0,0.0,51.14998700966436,0.2737048593454152,145.0,189.06344580237268,0,0,0,1,normal,0,0
CUST-840ea6499e,2,2,1.0,1,1,1.0,0.0,0.0,67.38004196887731,0.2077766589469708,50.0,265.5072061641898,0,0,0,1,normal,0,0
CUST-841a7179dc,1,1,1.0,1,1,1.0,0.0,0.0,0.0,7.0,90.0,53.477596376956015,0,0,0,1,normal,0,0
CUST-841c540f44,2,2,1.0,1,2,0.5,0.0,0.0,34.97484262351852,0.40028771968185567,115.0,309.8421876084375,0,0,0,1,normal,0,0
CUST-84216b8544,43,8,5.375,8,4,0.3304488912925906,0.0,0.0,154.8644767376273,0.3616064909118937,2685.0,443.6764623068982,0,0,0,1,loyal_bulk,0,1
CUST-84284ece30,3,1,3.0,3,1,1.0,1.0,0.5,0.0,7.0,135.0,0.0,0,0,5,6,ring_reseller,1,0
CUST-848d960eb7,4,4,1.0,1,4,0.25,0.0,0.0,107.98677384814815,0.2592910131695741,315.0,49.68717030157407,0,0,0,1,normal,0,0
CUST-84b0061abe,40,11,3.6363636363636362,5,2,0.545,0.0,0.0,58.894718201817135,1.3074177507079785,2040.0,2.3454763793055555,0,0,0,1,stealth_reseller,1,0
CUST-8503e74460,27,8,3.375,5,2,0.5061728395061729,0.0,0.0,55.53952531803241,1.008290936577704,2430.0,38.31825923601852,0,0,0,1,stealth_reseller,1,0
CUST-8524e2e555,8,1,8.0,8,1,1.0,1.0,0.35,0.0,7.0,312.0,0.0,0,0,0,1,solo_reseller,1,0
CUST-8590fc6af8,1,1,1.0,1,1,1.0,0.0,0.0,0.0,7.0,25.0,186.5698477258912,0,0,0,1,normal,0,0
CUST-85a05a8144,1,1,1.0,1,1,1.0,0.0,0.0,0.0,7.0,25.0,56.904553623981485,0,0,0,1,normal,0,0
CUST-85c6dc4870,4,4,1.0,1,2,0.625,0.0,0.0,156.30240516400463,0.1791399177166866,330.0,33.67188247636574,0,0,0,1,normal,0,0
CUST-85d67fdd24,5,1,5.0,5,1,1.0,1.0,0.5,0.0,7.0,212.5,0.0,0,0,5,6,ring_reseller,1,0
CUST-85e53368d8,1,1,1.0,1,1,1.0,0.0,0.0,0.0,7.0,70.0,9.73323164736111,0,0,0,1,normal,0,0
CUST-85ef24de76,11,3,3.6666666666666665,5,2,0.6033057851239669,1.0,0.4000000000000001,119.99322096046295,0.1750098866578419,428.5,0.0,0,5,5,6,ring_reseller,1,0
CUST-85fa7d6222,1,1,1.0,1,1,1.0,0.0,0.0,0.0,7.0,90.0,13.83283787221065,0,0,2,3,shared_address_legit,0,1
CUST-8601c8c13e,10,3,3.3333333333333335,4,3,0.33999999999999997,0.0,0.0,80.06506127592593,0.26228669116518005,670.0,374.50537281587964,0,0,0,1,loyal_bulk,0,1
CUST-861c002590,1,1,1.0,1,1,1.0,0.0,0.0,0.0,7.0,30.0,257.33664096648147,0,0,0,1,normal,0,0
CUST-86825b322f,8,2,4.0,5,1,1.0,1.0,0.45,90.00896291386574,0.15554006564209977,365.5,52.67561561689814,0,0,1,2,ring_reseller,1,0
CUST-869193f9fe,26,5,5.2,8,4,0.2751479289940829,0.0,0.0,141.81056033989583,0.24680813555852926,1800.0,467.2872359796991,0,0,0,1,loyal_bulk,0,1
CUST-869794b515,5,5,1.0,1,4,0.28,0.0,0.0,30.39102502673611,1.1516557921033992,315.0,35.76762695070602,0,0,0,1,normal,0,0
CUST-86e5473d94,3,3,1.0,1,3,0.3333333333333333,0.0,0.0,57.497865140729175,0.365230951594487,210.0,3.0037651292592593,0,0,0,1,normal,0,0
CUST-86ea154a65,3,2,1.5,2,2,0.5555555555555556,0.0,0.0,5.745699220810185,2.436605095737312,250.0,185.54592640869214,0,0,0,1,normal,0,0
CUST-874c68c5b4,3,3,1.0,1,3,0.3333333333333333,0.0,0.0,142.46550723684027,0.1474041008753703,145.0,240.27361400414352,0,0,0,1,normal,0,0
CUST-876bbd8879,2,2,1.0,1,2,0.5,0.0,0.0,38.74119962233796,0.36137239260726656,115.0,34.55818752671296,0,0,2,3,shared_address_legit,0,1
CUST-8798dd0b1e,2,2,1.0,1,2,0.5,0.0,0.0,17.07743667695602,0.8197951639247677,115.0,182.28151555047455,0,0,0,1,normal,0,0
CUST-87b793dab8,3,2,1.5,2,2,0.5555555555555556,0.0,0.0,85.48229565346065,0.16377660301444216,265.0,441.70993827156246,0,0,0,1,normal,0,0
CUST-87e7280844,30,7,4.285714285714286,6,5,0.24666666666666667,0.0,0.0,161.54620874116898,0.30331878650589883,2130.0,549.5441752861458,0,0,0,1,loyal_bulk,0,1
CUST-87ee2c2489,14,3,4.666666666666667,5,2,0.5408163265306123,0.0,0.0,142.4199937052315,0.14745120719120358,1265.0,320.22118264287036,0,0,0,1,loyal_bulk,0,1
CUST-8846a42f25,4,3,1.3333333333333333,2,3,0.375,0.0,0.0,15.822245983425926,1.3272451978055366,365.0,6.8705102589583325,0,0,0,1,normal,0,0
CUST-886e2c201b,27,6,4.5,8,5,0.21810699588477367,0.0,0.0,153.2672067423148,0.27403122228627674,1765.0,674.2185080002083,0,0,0,1,loyal_bulk,0,1
CUST-8870001a1c,19,6,3.1666666666666665,4,2,0.5013850415512464,0.0,0.0,75.11348215962963,0.5591539467008395,520.0,16.31321508238426,0,0,0,1,stealth_reseller,1,0
CUST-88c30d2f06,2,2,1.0,1,2,0.5,0.0,0.0,33.514605262060186,0.4177283274121845,160.0,528.1089359461806,0,0,0,1,normal,0,0
CUST-88c3d15907,14,3,4.666666666666667,8,2,0.6632653061224489,0.0,0.0,3.366885458900463,6.237218419321593,1175.0,513.1328205401157,0,0,0,1,loyal_bulk,0,1
CUST-88f0c1e598,1,1,1.0,1,1,1.0,0.0,0.0,0.0,7.0,90.0,426.1801428439236,0,0,0,1,normal,0,0
CUST-890a44b43e,10,3,3.3333333333333335,4,2,0.52,0.0,0.0,170.6448375295949,0.1230626153361245,390.0,459.24089426875,0,0,0,1,loyal_bulk,0,1
CUST-89140df85f,1,1,1.0,1,1,1.0,0.0,0.0,0.0,7.0,30.0,372.4543004891203,0,0,0,1,normal,0,0
CUST-89265c580c,5,4,1.25,2,3,0.3600000000000001,0.0,0.0,101.56998482884259,0.2756719915552149,440.0,425.22134984915505,0,0,3,4,shared_address_legit,0,1
CUST-8962408488,1,1,1.0,1,1,1.0,0.0,0.0,0.0,7.0,100.0,418.0532148051042,0,0,3,4,shared_address_legit,0,1
CUST-89666d0005,2,1,2.0,2,1,1.0,0.0,0.0,0.0,7.0,60.0,2.2767074017245372,0,0,0,1,normal,0,0
CUST-899322f8cf,2,2,1.0,1,2,0.5,0.0,0.0,49.61687330752315,0.2821620764619453,155.0,384.41752699778937,0,0,0,1,normal,0,0
CUST-89e653396f,5,4,1.25,2,3,0.44,0.0,0.0,28.385064470358795,0.9864342576793897,435.0,0.05623479819444444,0,0,0,1,normal,0,0
CUST-8a224ca445,20,1,20.0,20,1,1.0,1.0,0.45,0.0,7.0,990.0,109.75423542846066,0,0,0,1,solo_reseller,1,0
CUST-8a26cedb98,11,3,3.6666666666666665,4,1,1.0,1.0,0.4166666666666667,150.001773691956,0.13999834457374918,645.0,0.0,0,0,4,5,ring_reseller,1,0
CUST-8a39c5c32e,1,1,1.0,1,1,1.0,0.0,0.0,0.0,7.0,25.0,390.87420388163196,0,0,0,1,normal,0,0
CUST-8a5a59d89d,4,3,1.3333333333333333,2,3,0.375,0.0,0.0,28.678951162210648,0.7322443516578473,310.0,437.4791526329051,0,0,0,1,normal,0,0
CUST-8a5f5859c8,1,1,1.0,1,1,1.0,0.0,0.0,0.0,7.0,25.0,463.39819953638886,0,0,0,1,normal,0,0
CUST-8a9b9bde7f,1,1,1.0,1,1,1.0,0.0,0.0,0.0,7.0,25.0,157.48631218996528,0,0,0,1,normal,0,0
CUST-8adcb502c0,2,2,1.0,1,2,0.5,0.0,0.0,103.65563575127315,0.13506260319114433,55.0,316.31628143569446,0,0,0,1,normal,0,0
CUST-8af39c282a,2,2,1.0,1,2,0.5,0.0,0.0,56.4671103554051,0.24793193616396741,90.0,26.864314266319443,0,0,0,1,normal,0,0
CUST-8b1113241d,1,1,1.0,1,1,1.0,0.0,0.0,0.0,7.0,30.0,262.06222636677086,0,0,0,1,normal,0,0
CUST-8b3e74d3a3,2,2,1.0,1,1,1.0,0.0,0.0,57.00949206269676,0.2455731404272706,60.0,291.0789992387384,0,0,0,1,normal,0,0
CUST-8b680903a1,1,1,1.0,1,1,1.0,0.0,0.0,0.0,7.0,25.0,326.0164353127662,0,0,0,1,normal,0,0
CUST-8b6de25f67,33,3,11.0,15,1,1.0,1.0,0.43333333333333335,149.99534852289352,0.14000434151326238,1647.0,0.0,0,0,0,1,solo_reseller,1,0
CUST-8c33eafe33,8,1,8.0,8,1,1.0,0.0,0.0,0.0,7.0,200.0,374.22484823028935,0,0,0,1,loyal_bulk,0,1
CUST-8c36fd5cea,24,2,12.0,12,1,1.0,1.0,0.45,90.00506206140047,0.15554680680570335,1122.0,123.35022087137732,0,0,0,1,solo_reseller,1,0
CUST-8c3cd23abd,34,4,8.5,10,2,0.6401384083044982,1.0,0.4,149.98965810760416,0.1866795374645931,1500.0,27.360516300625,0,0,0,1,solo_reseller,1,0
CUST-8c5136eb27,3,1,3.0,3,1,1.0,1.0,0.4,0.0,7.0,162.0,82.11512043231481,3,0,3,4,ring_reseller,1,0
CUST-8c6a5a251a,31,3,10.333333333333334,15,2,0.5005202913631633,1.0,0.3833333333333333,89.98616648959491,0.2333692035033877,1143.0,0.0,0,0,0,1,solo_reseller,1,0
CUST-8c8c0d851d,2,1,2.0,2,1,1.0,0.0,0.0,0.0,7.0,140.0,1.0299915516666667,0,0,0,1,normal,0,0
CUST-8ca445504d,2,2,1.0,1,2,0.5,0.0,0.0,76.70334490090278,0.1825213752814478,120.0,341.4620308432176,0,0,0,1,normal,0,0
CUST-8d065a7cb3,3,2,1.5,2,2,0.5555555555555556,0.0,0.0,70.92621018421296,0.19738824284617107,290.0,148.57866976131945,0,0,0,1,normal,0,0
CUST-8d1a3b484e,25,7,3.5714285714285716,5,5,0.2288,0.0,0.0,147.83851114468752,0.33144273180649375,2050.0,442.8618500605787,0,0,0,1,loyal_bulk,0,1
CUST-8d1ebf9aac,4,1,4.0,4,1,1.0,1.0,0.3,0.0,7.0,196.0,0.0,0,1,1,2,ring_reseller,1,0
CUST-8d806d7dc9,1,1,1.0,1,1,1.0,0.0,0.0,0.0,7.0,100.0,454.36157893449075,0,0,0,1,normal,0,0
CUST-8d9ec80d4b,15,1,15.0,15,1,1.0,1.0,0.4,0.0,7.0,810.0,43.27293815708333,0,0,0,1,solo_reseller,1,0
CUST-8dbbbc9973,2,2,1.0,1,2,0.5,0.0,0.0,88.45413090373842,0.15827412306199376,180.0,68.37229887820601,0,0,0,1,normal,0,0
CUST-8def8fa12e,2,1,2.0,2,1,1.0,0.0,0.0,0.0,7.0,140.0,16.44585543550926,0,0,0,1,normal,0,0
CUST-8e2544d632,4,1,4.0,4,1,1.0,1.0,0.45,0.0,7.0,220.0,48.94964463822917,3,0,3,4,ring_reseller,1,0
CUST-8e5d0255b1,3,3,1.0,1,3,0.3333333333333333,0.0,0.0,49.71346235743056,0.42242078914186065,195.0,315.87479118685184,0,0,0,1,normal,0,0
CUST-8e89107173,2,2,1.0,1,2,0.5,0.0,0.0,18.35375457449074,0.7627867062937698,120.0,337.69081606797454,0,0,0,1,normal,0,0
CUST-8eb5d6932b,1,1,1.0,1,1,1.0,0.0,0.0,0.0,7.0,90.0,262.03459339931715,0,0,0,1,normal,0,0
CUST-8ec724f662,4,4,1.0,1,3,0.375,0.0,0.0,75.79495708841435,0.3694177168982123,145.0,420.5861964892245,0,0,0,1,normal,0,0
CUST-8ec90ce114,2,2,1.0,1,2,0.5,0.0,0.0,141.30303668516203,0.09907784240471397,175.0,503.95640662208336,0,0,2,3,shared_address_legit,0,1
CUST-8eec856f40,2,2,1.0,1,2,0.5,0.0,0.0,136.7776849733912,0.1023558777349066,115.0,290.06383030649306,0,0,0,1,normal,0,0
CUST-8f58d6ced4,8,2,4.0,4,1,1.0,1.0,0.4,149.99855625902777,0.09333423166969582,432.0,0.0,0,0,3,4,ring_reseller,1,0
CUST-8f6913460e,2,2,1.0,1,1,1.0,0.0,0.0,84.19671431935186,0.16627727237548776,140.0,391.4868571065162,0,0,0,1,normal,0,0
CUST-8f7e086777,3,2,1.5,2,2,0.5555555555555556,0.0,0.0,84.58808867287037,0.16550793639684364,210.0,219.76939159061342,0,0,3,4,shared_address_legit,0,1
CUST-8fe4614018,10,1,10.0,10,1,1.0,1.0,0.45,0.0,7.0,550.0,110.83795918621529,0,0,0,1,solo_reseller,1,0
CUST-9007cb5a40,4,3,1.3333333333333333,2,2,0.625,0.0,0.0,22.66940557966435,0.9263586522461844,390.0,91.62029380302083,0,0,3,4,shared_address_legit,0,1
CUST-90080423e9,10,3,3.3333333333333335,4,2,0.58,0.0,0.0,76.21641377060185,0.27553120070968373,760.0,747.5553057751505,0,0,0,1,loyal_bulk,0,1
CUST-90292b5fd0,2,1,2.0,2,1,1.0,0.0,0.0,0.0,7.0,140.0,412.3830823950579,0,0,3,4,shared_address_legit,0,1
CUST-902f84b455,2,2,1.0,1,2,0.5,0.0,0.0,59.524256495648146,0.23519823386661787,145.0,51.688392565624994,0,0,0,1,normal,0,0
CUST-908d66d4ed,7,2,3.5,4,1,1.0,1.0,0.45,90.00108295924768,0.15555368379666246,323.0,0.0,4,0,4,5,ring_reseller,1,0
CUST-90ba991718,29,7,4.142857142857143,5,5,0.30083234244946494,0.0,0.0,147.88612099616898,0.331336028492284,1260.0,282.53382275993056,0,0,0,1,loyal_bulk,0,1
CUST-90ea3b19e6,41,10,4.1,5,2,0.585960737656157,0.0,0.0,138.52184550760418,0.505335456248721,1590.0,17.79967853704861,0,0,0,1,stealth_reseller,1,0
CUST-91aa2b1ba4,1,1,1.0,1,1,1.0,0.0,0.0,0.0,7.0,90.0,367.23631221769676,0,0,0,1,normal,0,0
CUST-91ba2ba4bd,12,3,4.0,5,1,1.0,1.0,0.43333333333333335,150.00027760445602,0.13999974090298722,603.0,0.0,0,0,3,4,ring_reseller,1,0
CUST-91bfe86873,2,2,1.0,1,2,0.5,0.0,0.0,68.83944408074075,0.20337177597744122,95.0,45.039279480069446,0,0,0,1,normal,0,0
CUST-91db3186d9,1,1,1.0,1,1,1.0,0.0,0.0,0.0,7.0,85.0,0.9691384262615741,0,0,3,4,shared_address_legit,0,1
CUST-920dd196ae,4,1,4.0,4,1,1.0,1.0,0.5,0.0,7.0,180.0,0.0,0,5,5,6,ring_reseller,1,0
CUST-92300dfbb0,2,2,1.0,1,2,0.5,0.0,0.0,108.88469612431713,0.1285763794024438,85.0,131.5511914858449,0,0,2,3,shared_address_legit,0,1
CUST-9237e7872c,4,1,4.0,4,1,1.0,1.0,0.4,0.0,7.0,216.0,0.0,0,5,5,6,ring_reseller,1,0
CUST-924a048cb0,27,7,3.857142857142857,5,2,0.615912208504801,0.0,0.0,61.760996803449075,0.793380977252355,1410.0,46.894062622152774,0,0,0,1,stealth_reseller,1,0
CUST-9264bf7245,2,2,1.0,1,2,0.5,0.0,0.0,51.40616071944444,0.2723408985239484,120.0,107.41364888984954,0,0,0,1,normal,0,0
CUST-928577151d,21,5,4.2,6,4,0.2698412698412698,0.0,0.0,122.68341783914353,0.28528712858236704,1765.0,397.50597498750005,0,0,0,1,loyal_bulk,0,1
CUST-92a60a6a33,10,1,10.0,10,1,1.0,1.0,0.3,0.0,7.0,210.0,0.0,0,0,0,1,solo_reseller,1,0
CUST-92bcd84ce1,2,2,1.0,1,2,0.5,0.0,0.0,44.45202956835648,0.31494624960759965,175.0,62.60001498243056,0,0,0,1,normal,0,0
CUST-92ca6721ae,1,1,1.0,1,1,1.0,0.0,0.0,0.0,7.0,25.0,617.1558555135416,0,0,3,4,shared_address_legit,0,1
CUST-92f5899605,1,1,1.0,1,1,1.0,0.0,0.0,0.0,7.0,30.0,95.06655767913195,0,0,3,4,shared_address_legit,0,1
CUST-932cb5b655,3,2,1.5,2,2,0.5555555555555556,0.0,0.0,17.952902405127315,0.7798181978642977,225.0,231.92948283791668,0,0,0,1,normal,0,0
CUST-933b6afd87,23,2,11.5,15,1,1.0,1.0,0.4,150.00142045421296,0.09333244950352598,1380.0,57.350733622395836,0,0,0,1,solo_reseller,1,0
CUST-934e2efa40,1,1,1.0,1,1,1.0,0.0,0.0,0.0,7.0,85.0,161.52285850725696,0,0,0,1,normal,0,0
CUST-934f93965f,2,2,1.0,1,2,0.5,0.0,0.0,153.88193737988425,0.09097883896170719,150.0,131.1562067200347,0,0,0,1,normal,0,0
CUST-93617fcff3,3,1,3.0,3,1,1.0,1.0,0.35,0.0,7.0,48.75,110.538826765,0,4,4,5,ring_reseller,1,0
CUST-9374c9f0d2,3,2,1.5,2,2,0.5555555555555556,0.0,0.0,133.90957984851852,0.10454815865927673,190.0,202.93361280288192,0,0,0,1,normal,0,0
CUST-9391184f6e,20,1,20.0,20,1,1.0,1.0,0.4,0.0,7.0,1200.0,204.66655572052085,0,0,0,1,solo_reseller,1,0
CUST-93a66f1be6,2,2,1.0,1,2,0.5,0.0,0.0,23.368622587337963,0.5990939323734789,130.0,15.03426735912037,0,0,0,1,normal,0,0
CUST-940a77882e,16,2,8.0,8,1,1.0,1.0,0.42500000000000004,90.00170265175926,0.15555261275633592,828.0,0.0,0,0,0,1,solo_reseller,1,0
CUST-94a07ce1b3,3,1,3.0,3,1,1.0,1.0,0.35,0.0,7.0,117.0,0.0,0,4,4,5,ring_reseller,1,0
CUST-94a81ec192,2,2,1.0,1,2,0.5,0.0,0.0,17.71902905878472,0.7901110130557123,100.0,64.72734381421297,0,0,0,1,normal,0,0
CUST-94acc83b41,10,2,5.0,5,2,0.5,0.0,0.0,98.29013766662037,0.14243545011082473,500.0,422.7270833739352,0,0,0,1,loyal_bulk,0,1
CUST-9547ac8cba,2,2,1.0,1,2,0.5,0.0,0.0,6.116965366041667,2.288716571409902,115.0,7.3981810334375,0,0,0,1,normal,0,0
CUST-955359e63e,1,1,1.0,1,1,1.0,0.0,0.0,0.0,7.0,30.0,291.065299972963,0,0,0,1,normal,0,0
CUST-95569a24fc,8,2,4.0,5,1,1.0,1.0,0.42500000000000004,90.00312178055556,0.15555016007260966,409.5,0.0,0,1,1,2,ring_reseller,1,0
CUST-9574640de4,20,4,5.0,6,3,0.355,0.0,0.0,109.37636239905093,0.2559968112474269,1680.0,720.8628557807176,0,0,0,1,loyal_bulk,0,1
CUST-958f63da65,7,6,1.1666666666666667,2,6,0.18367346938775508,0.0,0.0,125.59788110145833,0.3344005458664727,470.0,173.2602733583796,0,0,0,1,normal,0,0
CUST-95b0ae4f38,28,6,4.666666666666667,8,5,0.22193877551020405,0.0,0.0,150.5048898195023,0.2790607006215533,1865.0,539.735928905463,0,0,0,1,loyal_bulk,0,1
CUST-95b7888cef,10,1,10.0,10,1,1.0,1.0,0.35,0.0,7.0,162.5,0.0,0,0,0,1,solo_reseller,1,0
CUST-95d15a823f,19,4,4.75,8,4,0.29639889196675895,0.0,0.0,119.51455269025462,0.23428109271820213,1340.0,599.3198455929861,0,0,0,1,loyal_bulk,0,1
CUST-9610094faa,26,7,3.7142857142857144,5,1,1.0,0.0,0.0,100.37111767653934,0.48818824712014963,2600.0,9.798380877164352,0,0,0,1,stealth_reseller,1,0
CUST-96113e46bf,17,4,4.25,6,3,0.3494809688581315,0.0,0.0,27.272967372025462,1.0266576283415452,1390.0,311.85266451521994,0,0,0,1,loyal_bulk,0,1
CUST-962d5f85e7,3,3,1.0,1,2,0.5555555555555556,0.0,0.0,57.39345325517361,0.36589539065776633,195.0,152.7901405837847,0,0,0,1,normal,0,0
CUST-9630f7c01a,22,2,11.0,12,2,0.5041322314049586,1.0,0.32499999999999996,90.01371083072917,0.15553186143305445,958.0,96.69891867439814,0,0,0,1,solo_reseller,1,0
CUST-9665467d1d,3,2,1.5,2,2,0.5555555555555556,0.0,0.0,17.354018973877317,0.8067295547546618,140.0,54.1218136135301,0,0,0,1,normal,0,0
CUST-96c82fb190,31,9,3.4444444444444446,5,2,0.5629552549427679,0.0,0.0,117.1321192651273,0.5378541803499702,2590.0,14.938275322002314,0,0,0,1,stealth_reseller,1,0
CUST-96f0ae177e,1,1,1.0,1,1,1.0,0.0,0.0,0.0,7.0,85.0,431.8069432237847,0,0,0,1,normal,0,0
CUST-96fd73d13d,3,3,1.0,1,3,0.3333333333333333,0.0,0.0,98.13399078520834,0.21399313155381544,190.0,103.71189574078704,0,0,0,1,normal,0,0
CUST-971b37ed96,10,3,3.3333333333333335,4,2,0.52,0.0,0.0,51.75841097939814,0.4057311575573449,420.0,657.6710976778819,0,0,0,1,loyal_bulk,0,1
CUST-975eb6ba9c,2,2,1.0,1,2,0.5,0.0,0.0,69.20097195708333,0.20230929716828894,160.0,148.76584793282407,0,0,0,1,normal,0,0
CUST-976aede93e,5,5,1.0,1,5,0.20000000000000004,0.0,0.0,135.99586766447916,0.25736076103687133,350.0,87.16670282809028,0,0,0,1,normal,0,0
CUST-97739acc4f,23,2,11.5,15,1,1.0,1.0,0.45,90.00020813944444,0.15555519580919963,1107.0,13.100502757881943,0,0,0,1,solo_reseller,1,0
CUST-978fee3191,1,1,1.0,1,1,1.0,0.0,0.0,0.0,7.0,70.0,1.5778163321527776,0,0,0,1,normal,0,0
CUST-979801e1c2,1,1,1.0,1,1,1.0,0.0,0.0,0.0,7.0,90.0,405.57428857582175,0,0,0,1,normal,0,0
CUST-97d343fb7e,3,3,1.0,1,3,0.3333333333333333,0.0,0.0,43.629998607812496,0.48132020788649965,180.0,299.8751303117477,0,0,0,1,normal,0,0
CUST-97d6616ed6,3,1,3.0,3,1,1.0,1.0,0.35,0.0,7.0,48.75,11.8030120634375,0,0,3,4,ring_reseller,1,0
CUST-97f4ba6196,1,1,1.0,1,1,1.0,0.0,0.0,0.0,7.0,100.0,138.68726613940973,0,0,3,4,shared_address_legit,0,1
CUST-9878eee37c,38,3,12.666666666666666,20,2,0.6121883656509695,1.0,0.39999999999999997,59.99342648109953,0.3500383497284638,1650.0,0.0,0,0,0,1,solo_reseller,1,0
CUST-987c95ee8c,30,6,5.0,8,4,0.26222222222222225,0.0,0.0,155.46038027940972,0.2701652982226931,2250.0,578.0855895554166,0,0,0,1,loyal_bulk,0,1
CUST-988fd0b964,24,6,4.0,5,1,1.0,0.0,0.0,118.1577354583449,0.3554570493169836,1440.0,3.9616522628703703,0,0,0,1,stealth_reseller,1,0
CUST-98b7503c80,25,5,5.0,8,5,0.2288,0.0,0.0,71.98997875032407,0.486178779429664,2060.0,626.1054660787963,0,0,0,1,loyal_bulk,0,1
CUST-98ee0debd7,2,2,1.0,1,2,0.5,0.0,0.0,90.68690419674768,0.1543773064479809,160.0,40.562280867071756,0,0,0,1,normal,0,0
CUST-98fafff1d6,2,1,2.0,2,1,1.0,0.0,0.0,0.0,7.0,180.0,457.0400714705439,0,0,0,1,normal,0,0
CUST-99466bf77a,1,1,1.0,1,1,1.0,0.0,0.0,0.0,7.0,25.0,367.6088363949653,0,0,0,1,normal,0,0
CUST-997560f41f,2,2,1.0,1,2,0.5,0.0,0.0,42.24754977628472,0.33138016462812175,190.0,0.6816765780208334,0,0,0,1,normal,0,0
CUST-9995c2818e,2,2,1.0,1,2,0.5,0.0,0.0,147.6137172253125,0.09484213434332042,145.0,283.9009565716204,0,0,0,1,normal,0,0
CUST-9997fb5505,2,1,2.0,2,1,1.0,0.0,0.0,0.0,7.0,50.0,429.94906441431715,0,0,0,1,normal,0,0
CUST-999853f1a2,2,2,1.0,1,1,1.0,0.0,0.0,32.26793373070602,0.4338672601982464,50.0,408.4686442601968,0,0,0,1,normal,0,0
CUST-99a30e6c49,1,1,1.0,1,1,1.0,0.0,0.0,0.0,7.0,100.0,488.40219938474536,0,0,0,1,normal,0,0
CUST-99c3639466,1,1,1.0,1,1,1.0,0.0,0.0,0.0,7.0,90.0,644.732035316551,0,0,2,3,shared_address_legit,0,1
CUST-99ca51557b,5,1,5.0,5,1,1.0,1.0,0.35,0.0,7.0,195.0,0.0,4,0,4,5,ring_reseller,1,0
CUST-9a0a23f9e4,1,1,1.0,1,1,1.0,0.0,0.0,0.0,7.0,70.0,104.97339568003473,0,0,0,1,normal,0,0
CUST-9a165d3835,46,12,3.8333333333333335,5,1,1.0,0.0,0.0,44.137273046909726,1.9031533713177884,3220.0,11.982508409398148,0,0,0,1,stealth_reseller,1,0
CUST-9a16da011e,1,1,1.0,1,1,1.0,0.0,0.0,0.0,7.0,30.0,486.3774163622454,0,0,0,1,normal,0,0
CUST-9a3930de06,8,1,8.0,8,1,1.0,1.0,0.3,0.0,7.0,168.0,0.0,0,0,0,1,solo_reseller,1,0
CUST-9a3d079eee,11,3,3.6666666666666665,5,2,0.5041322314049586,0.0,0.0,62.840425202280095,0.3341797884467217,690.0,310.62664676211807,0,0,0,1,loyal_bulk,0,1
CUST-9aad5414a2,3,3,1.0,1,3,0.3333333333333333,0.0,0.0,90.73468496417824,0.23144401733792025,220.0,103.87010853011574,0,0,0,1,normal,0,0
CUST-9ad165e14c,4,1,4.0,4,1,1.0,1.0,0.35,0.0,7.0,65.0,112.47428937290509,0,2,2,3,ring_reseller,1,0
CUST-9ad47c577e,2,1,2.0,2,1,1.0,0.0,0.0,0.0,7.0,60.0,245.6078068036574,0,0,0,1,normal,0,0
CUST-9af95f60f2,30,7,4.285714285714286,5,5,0.2177777777777778,0.0,0.0,92.96124633325232,0.5271013667818334,2200.0,267.16718975011577,0,0,0,1,loyal_bulk,0,1
CUST-9b393faa9e,4,1,4.0,4,1,1.0,1.0,0.5,0.0,7.0,170.0,0.0,0,0,5,6,ring_reseller,1,0
CUST-9b58cf758c,29,6,4.833333333333333,8,5,0.26516052318668254,0.0,0.0,122.40463216576389,0.34312426953844677,1550.0,382.61897925252316,0,0,0,1,loyal_bulk,0,1
CUST-9b656ff8f9,2,2,1.0,1,2,0.5,0.0,0.0,79.2401010844213,0.17667821984584037,125.0,431.05547186348383,0,0,0,1,normal,0,0
CUST-9ba111297d,1,1,1.0,1,1,1.0,0.0,0.0,0.0,7.0,90.0,296.6525646138657,0,0,0,1,normal,0,0
CUST-9bd65c7691,3,3,1.0,1,3,0.3333333333333333,0.0,0.0,140.6697934649074,0.14928578113849886,175.0,313.0993972201505,0,0,3,4,shared_address_legit,0,1
CUST-9c3ad47498,8,1,8.0,8,1,1.0,1.0,0.35,0.0,7.0,312.0,0.0,0,0,0,1,solo_reseller,1,0
CUST-9c41470070,1,1,1.0,1,1,1.0,0.0,0.0,0.0,7.0,100.0,324.42114658008103,0,0,0,1,normal,0,0
CUST-9c7d1da7a9,4,3,1.3333333333333333,2,3,0.375,0.0,0.0,89.07301616741898,0.23576163583064288,225.0,434.99792853398145,0,0,0,1,normal,0,0
CUST-9c8d5ec347,3,3,1.0,1,3,0.3333333333333333,0.0,0.0,104.14329363600693,0.20164524538082568,260.0,329.74575495834495,0,0,1,2,shared_address_legit,0,1
CUST-9c9620e7f9,10,1,10.0,10,1,1.0,1.0,0.4,0.0,7.0,600.0,46.119429960590274,0,0,0,1,solo_reseller,1,0
CUST-9ca5b12810,4,3,1.3333333333333333,2,3,0.375,0.0,0.0,133.55952638376158,0.15723326196635284,350.0,183.46214728275461,0,0,3,4,shared_address_legit,0,1
CUST-9d689abe36,1,1,1.0,1,1,1.0,0.0,0.0,0.0,7.0,70.0,520.73418341375,0,0,0,1,normal,0,0
CUST-9d8ca819f4,4,1,4.0,4,1,1.0,1.0,0.5,0.0,7.0,170.0,0.0,0,0,4,5,ring_reseller,1,0
CUST-9d9c9fecf4,26,8,3.25,4,2,0.6065088757396448,0.0,0.0,94.67783823502315,0.5914794955603933,2075.0,2.575013076099537,0,0,0,1,stealth_reseller,1,0
CUST-9e08eb2a2e,1,1,1.0,1,1,1.0,0.0,0.0,0.0,7.0,25.0,27.570473457696757,0,0,0,1,normal,0,0
CUST-9e68ca8882,3,1,3.0,3,1,1.0,1.0,0.5,0.0,7.0,135.0,0.0,0,0,5,6,ring_reseller,1,0
CUST-9e806ee9bd,9,2,4.5,5,1,1.0,0.0,0.0,112.36867892185185,0.12458987801873571,630.0,682.0307949753472,0,0,0,1,loyal_bulk,0,1
CUST-9e8bd114a0,2,1,2.0,2,1,1.0,0.0,0.0,0.0,7.0,60.0,25.114292248784718,0,0,0,1,normal,0,0
CUST-9e98fde2f4,20,2,10.0,10,2,0.5,1.0,0.375,30.00930501747685,0.4665219668315099,930.0,6.206912198402777,0,0,0,1,solo_reseller,1,0
CUST-9e9c8b39ad,10,3,3.3333333333333335,4,1,1.0,1.0,0.4166666666666667,149.9948210487037,0.14000483385477186,585.0,0.0,0,0,4,5,ring_reseller,1,0
CUST-9f0c066a19,1,1,1.0,1,1,1.0,0.0,0.0,0.0,7.0,100.0,118.07875541114582,0,0,0,1,normal,0,0
CUST-9f228c84d0,3,1,3.0,3,1,1.0,1.0,0.35,0.0,7.0,117.0,0.0,0,4,4,5,ring_reseller,1,0
CUST-9f891e1db7,1,1,1.0,1,1,1.0,0.0,0.0,0.0,7.0,100.0,7.261752004513888,0,0,0,1,normal,0,0
CUST-9f94eb54b8,20,3,6.666666666666667,8,3,0.34,0.0,0.0,134.10766915802083,0.15659059718095186,1140.0,489.21528740910884,0,0,0,1,loyal_bulk,0,1
CUST-9f9df0eea8,18,2,9.0,10,2,0.5061728395061729,1.0,0.32499999999999996,90.00986196027777,0.15553851205969338,802.0,62.21263412825232,0,0,0,1,solo_reseller,1,0
CUST-9fc230ef1a,5,4,1.25,2,3,0.3600000000000001,0.0,0.0,150.73704419060186,0.18575394091312386,350.0,157.70003155659722,0,0,0,1,normal,0,0
CUST-9ff394236c,15,1,15.0,15,1,1.0,1.0,0.35,0.0,7.0,585.0,177.9031346117014,0,0,0,1,solo_reseller,1,0
CUST-a003504366,1,1,1.0,1,1,1.0,0.0,0.0,0.0,7.0,25.0,9.042966474212962,0,0,3,4,shared_address_legit,0,1
CUST-a006d4e1f0,2,2,1.0,1,2,0.5,0.0,0.0,14.04105342451389,0.997076186289398,130.0,457.4358016797569,0,0,0,1,normal,0,0
CUST-a0188a5700,26,7,3.7142857142857144,5,4,0.31065088757396453,0.0,0.0,59.566103196990746,0.8226155039545285,1750.0,598.8768023039584,0,0,0,1,loyal_bulk,0,1
CUST-a04ca61a5c,1,1,1.0,1,1,1.0,0.0,0.0,0.0,7.0,100.0,174.34188432828705,0,0,0,1,normal,0,0
CUST-a078efb433,2,2,1.0,1,2,0.5,0.0,0.0,7.323600494282407,1.9116280319946333,175.0,192.1707071050463,0,0,0,1,normal,0,0
CUST-a0ab7cd30d,2,2,1.0,1,2,0.5,0.0,0.0,109.51956537649305,0.12783104052570426,125.0,138.5908971176736,0,0,0,1,normal,0,0
CUST-a0ada27c3f,1,1,1.0,1,1,1.0,0.0,0.0,0.0,7.0,90.0,183.02884383644675,0,0,0,1,normal,0,0
CUST-a0b6cecd82,3,2,1.5,2,2,0.5555555555555556,0.0,0.0,6.790631157546296,2.061664030219352,260.0,5.447814813819444,0,0,3,4,shared_address_legit,0,1
CUST-a0f3dccee2,1,1,1.0,1,1,1.0,0.0,0.0,0.0,7.0,25.0,43.5798701853125,0,0,0,1,normal,0,0
CUST-a14c0986dd,10,3,3.3333333333333335,4,2,0.52,1.0,0.4000000000000001,119.98969704144675,0.1750150264380299,364.5,0.0,0,5,5,6,ring_reseller,1,0
CUST-a189a52ead,19,4,4.75,8,3,0.4681440443213296,0.0,0.0,47.56806422113426,0.5886302177409132,1215.0,283.5659288737153,0,0,0,1,loyal_bulk,0,1
CUST-a1bf620122,1,1,1.0,1,1,1.0,0.0,0.0,0.0,7.0,90.0,361.7487262858681,0,0,2,3,shared_address_legit,0,1
CUST-a1d56701e9,1,1,1.0,1,1,1.0,0.0,0.0,0.0,7.0,90.0,383.2793798610764,0,0,0,1,normal,0,0
CUST-a1d9a06e24,29,6,4.833333333333333,8,5,0.24375743162901303,0.0,0.0,136.62250258273147,0.3074164153490527,1825.0,465.839723305544,0,0,0,1,loyal_bulk,0,1
CUST-a218d94ec9,10,2,5.0,5,2,0.5,0.0,0.0,28.79603449466435,0.4861780535300469,750.0,290.36450959939816,0,0,0,1,loyal_bulk,0,1
CUST-a276e2f7b1,2,2,1.0,1,2,0.5,0.0,0.0,10.289377430763889,1.3606265387973655,130.0,9.640585993495371,0,0,0,1,normal,0,0
CUST-a27e800145,11,3,3.6666666666666665,5,3,0.3553719008264462,0.0,0.0,111.04250723877314,0.1891167672830369,815.0,665.0336657302546,0,0,0,1,loyal_bulk,0,1
CUST-a29261cc69,4,4,1.0,1,2,0.625,0.0,0.0,88.73186659755787,0.3155574324497602,325.0,291.07595886474536,0,0,0,1,normal,0,0
CUST-a29e6be384,4,4,1.0,1,4,0.25,0.0,0.0,31.638450206736113,0.8849991013162378,260.0,17.67082919554398,0,0,0,1,normal,0,0
CUST-a2a3704de7,8,1,8.0,8,1,1.0,0.0,0.0,0.0,7.0,720.0,373.925630744375,0,0,0,1,loyal_bulk,0,1
CUST-a2fb454ab4,2,2,1.0,1,2,0.5,0.0,0.0,60.817239275138895,0.23019788742240682,190.0,199.74376658574073,0,0,0,1,normal,0,0
CUST-a301f760e7,1,1,1.0,1,1,1.0,0.0,0.0,0.0,7.0,90.0,460.46039841760415,0,0,1,2,shared_address_legit,0,1
CUST-a316de2a85,2,2,1.0,1,2,0.5,0.0,0.0,7.864919356805555,1.7800563953507962,145.0,51.822997248831015,0,0,0,1,normal,0,0
CUST-a329de9312,10,1,10.0,10,1,1.0,1.0,0.35,0.0,7.0,162.5,73.81848206571759,0,0,0,1,solo_reseller,1,0
CUST-a3405131a5,4,4,1.0,1,4,0.25,0.0,0.0,136.36013116939816,0.20533861151259836,280.0,394.9838239104746,0,0,0,1,normal,0,0
CUST-a36a66c078,27,7,3.857142857142857,5,1,1.0,0.0,0.0,68.90539119540509,0.7111199740676828,2430.0,3.0072456994560186,0,0,0,1,stealth_reseller,1,0
CUST-a387dc610c,8,2,4.0,4,1,1.0,1.0,0.42500000000000004,90.00077548126157,0.15555421522912147,414.0,0.0,4,0,4,5,ring_reseller,1,0
CUST-a3c9abe319,1,1,1.0,1,1,1.0,0.0,0.0,0.0,7.0,30.0,81.58126234040509,0,0,0,1,normal,0,0
CUST-a3ea8594dc,18,5,3.6,5,4,0.28395061728395066,0.0,0.0,118.89853632373843,0.29436863633629234,1335.0,393.1099025261574,0,0,0,1,loyal_bulk,0,1
CUST-a3f9d3e90a,3,3,1.0,1,3,0.3333333333333333,0.0,0.0,122.39933331726851,0.17156956194823691,155.0,410.03139850535877,0,0,0,1,normal,0,0
CUST-a43aa45fd1,3,1,3.0,3,1,1.0,1.0,0.35,0.0,7.0,117.0,0.0,4,0,4,5,ring_reseller,1,0
CUST-a445502479,2,2,1.0,1,1,1.0,0.0,0.0,6.961850841377315,2.01095948749604,200.0,350.27721089886575,0,0,0,1,normal,0,0
CUST-a453beb580,5,1,5.0,5,1,1.0,1.0,0.35,0.0,7.0,81.25,11.826259907002315,0,0,3,4,ring_reseller,1,0
CUST-a47620c4a2,1,1,1.0,1,1,1.0,0.0,0.0,0.0,7.0,90.0,11.652062566990741,0,0,0,1,normal,0,0
CUST-a4a3dd82ba,1,1,1.0,1,1,1.0,0.0,0.0,0.0,7.0,90.0,281.4692095358449,0,0,0,1,normal,0,0
CUST-a4b6b3240b,2,2,1.0,1,2,0.5,0.0,0.0,99.41943640604167,0.14081753534411737,145.0,430.5155315935995,0,0,0,1,normal,0,0
CUST-a4c78dd3f7,2,1,2.0,2,1,1.0,0.0,0.0,0.0,7.0,180.0,482.25363354063654,0,0,0,1,normal,0,0
CUST-a4ce463e7e,14,3,4.666666666666667,6,2,0.510204081632653,0.0,0.0,127.17271624906249,0.16512975911336494,900.0,705.3469520373148,0,0,0,1,loyal_bulk,0,1
CUST-a5226eca69,1,1,1.0,1,1,1.0,0.0,0.0,0.0,7.0,85.0,155.1663455891898,0,0,0,1,normal,0,0
CUST-a52db6ac5b,2,2,1.0,1,2,0.5,0.0,0.0,37.44422074616898,0.3738894740233679,55.0,110.86783353105324,0,0,0,1,normal,0,0
CUST-a559db865a,10,1,10.0,10,1,1.0,1.0,0.3,0.0,7.0,210.0,0.0,0,0,0,1,solo_reseller,1,0
CUST-a565151a87,4,4,1.0,1,3,0.375,0.0,0.0,81.24189495915509,0.34464976492826993,300.0,153.4535985149074,0,0,0,1,normal,0,0
CUST-a5f49108bc,3,3,1.0,1,2,0.5555555555555556,0.0,0.0,54.45855467915509,0.3856143469785858,230.0,130.09075254195602,0,0,0,1,normal,0,0
CUST-a62c92933f,16,4,4.0,5,4,0.265625,0.0,0.0,146.27426966041668,0.19142122579045143,975.0,205.2195734376157,0,0,0,1,loyal_bulk,0,1
CUST-a64b3b1f83,2,2,1.0,1,2,0.5,0.0,0.0,77.47846751532407,0.18069536542176717,175.0,259.9075065401273,0,0,0,1,normal,0,0
CUST-a6716d4e63,11,3,3.6666666666666665,5,3,0.3553719008264462,0.0,0.0,32.57844824659722,0.6445979207187508,560.0,477.238879462581,0,0,0,1,loyal_bulk,0,1
CUST-a68c29797c,8,5,1.6,2,5,0.21875,0.0,0.0,124.36779894767362,0.2814233289979335,640.0,91.91759977537038,0,0,3,4,shared_address_legit,0,1
CUST-a694140cc2,2,1,2.0,2,1,1.0,0.0,0.0,0.0,7.0,180.0,215.46280486552084,0,0,0,1,normal,0,0
CUST-a6c4bc3e30,18,2,9.0,10,1,1.0,1.0,0.45,90.01011596061342,0.15553807314420207,900.0,80.25398766126158,0,0,0,1,solo_reseller,1,0
CUST-a6e11ca30e,1,1,1.0,1,1,1.0,0.0,0.0,0.0,7.0,30.0,424.5989293613773,0,0,0,1,normal,0,0
CUST-a6e2e65197,1,1,1.0,1,1,1.0,0.0,0.0,0.0,7.0,100.0,108.67856480818287,0,0,0,1,normal,0,0
CUST-a705d8f69c,28,9,3.111111111111111,4,1,1.0,0.0,0.0,53.627700486701386,1.174766015104876,1680.0,2.7264280627662036,0,0,0,1,stealth_reseller,1,0
CUST-a71eef8ca4,7,2,3.5,4,2,0.510204081632653,1.0,0.32499999999999996,90.00409111487268,0.15554848481422615,212.0,0.0,0,3,3,4,ring_reseller,1,0
CUST-a78a30e28a,1,1,1.0,1,1,1.0,0.0,0.0,0.0,7.0,90.0,432.85471659917823,0,0,0,1,normal,0,0
CUST-a7b21151ef,2,1,2.0,2,1,1.0,0.0,0.0,0.0,7.0,120.0,206.98544874481482,0,0,0,1,normal,0,0
CUST-a800c9384f,37,3,12.333333333333334,15,1,1.0,1.0,0.4166666666666667,149.9947619584491,0.14000488900950642,2170.0,0.0,0,0,0,1,solo_reseller,1,0
CUST-a83c481f2f,2,2,1.0,1,2,0.5,0.0,0.0,0.08122475855324074,14.0,160.0,118.45622703381943,0,0,3,4,shared_address_legit,0,1
CUST-a85b4624b5,3,3,1.0,1,3,0.3333333333333333,0.0,0.0,127.60543375030093,0.16456979442656747,275.0,369.2250363421065,0,0,0,1,normal,0,0
CUST-a86f9ace92,5,4,1.25,2,4,0.28,0.0,0.0,110.52727426624999,0.2533311364627575,295.0,255.29915569981483,0,0,0,1,normal,0,0
CUST-a8be560c73,37,10,3.7,5,1,1.0,0.0,0.0,160.6940850885301,0.43561030862732364,925.0,4.948207134988426,0,0,0,1,stealth_reseller,1,0
CUST-a8befde676,8,1,8.0,8,1,1.0,1.0,0.35,0.0,7.0,312.0,124.30099213445602,0,0,0,1,solo_reseller,1,0
CUST-a8ee4ed770,2,1,2.0,2,1,1.0,0.0,0.0,0.0,7.0,140.0,317.4507059308449,0,0,0,1,normal,0,0
CUST-a9240f35b7,1,1,1.0,1,1,1.0,0.0,0.0,0.0,7.0,90.0,107.26327801018518,0,0,0,1,normal,0,0
CUST-a92a8cdb3b,4,4,1.0,1,4,0.25,0.0,0.0,112.50795320395832,0.24887129489628726,260.0,128.85551350050926,0,0,0,1,normal,0,0
CUST-a943ea6957,10,1,10.0,10,1,1.0,1.0,0.3,0.0,7.0,210.0,83.16271981194444,0,0,0,1,solo_reseller,1,0
CUST-a949d36f2f,3,3,1.0,1,3,0.3333333333333333,0.0,0.0,117.15502536587962,0.17924967310976372,155.0,381.31132666099535,0,0,0,1,normal,0,0
CUST-a959eed11d,3,3,1.0,1,3,0.3333333333333333,0.0,0.0,90.02318965717593,0.23327322748695836,180.0,115.43526344047454,0,0,0,1,normal,0,0
CUST-a987751f1b,3,2,1.5,2,2,0.5555555555555556,0.0,0.0,10.750369220381945,1.3022808531503256,195.0,65.2448932111111,0,0,0,1,normal,0,0
CUST-a9b8deac53,4,1,4.0,4,1,1.0,1.0,0.3,0.0,7.0,196.0,0.0,0,0,5,6,ring_reseller,1,0
CUST-aa003bf09a,20,2,10.0,10,2,0.5,1.0,0.45,59.98970938752315,0.23337335924670716,965.0,0.0,0,0,0,1,solo_reseller,1,0
CUST-aa5873b753,3,1,3.0,3,1,1.0,1.0,0.5,0.0,7.0,127.5,36.623572751145836,0,0,5,6,ring_reseller,1,0
CUST-aa60487269,2,1,2.0,2,1,1.0,0.0,0.0,0.0,7.0,120.0,359.11978204608795,0,0,0,1,normal,0,0
CUST-aa67213d0b,11,3,3.6666666666666665,5,2,0.6033057851239669,1.0,0.3833333333333333,150.00333732121527,0.13999688523616552,480.75,0.0,2,0,2,3,ring_reseller,1,0
CUST-aaa443a5b3,1,1,1.0,1,1,1.0,0.0,0.0,0.0,7.0,30.0,106.95852364359953,0,0,0,1,normal,0,0
CUST-aaaa0c6fd9,31,9,3.4444444444444446,4,2,0.5005202913631633,0.0,0.0,133.52737375127316,0.47181336852586236,1755.0,44.43937382196759,0,0,0,1,stealth_reseller,1,0
CUST-ab07fff576,2,1,2.0,2,1,1.0,0.0,0.0,0.0,7.0,180.0,4.8927676517245375,0,0,0,1,normal,0,0
CUST-ab5377db01,3,2,1.5,2,2,0.5555555555555556,0.0,0.0,21.45120615707176,0.6526439537939296,200.0,185.6269764151736,0,0,0,1,normal,0,0
CUST-ab7196f3d4,16,4,4.0,5,3,0.3828125,0.0,0.0,156.3776120298727,0.17905376374881068,870.0,573.2882576955556,0,0,0,1,loyal_bulk,0,1
CUST-ab97316476,24,4,6.0,8,2,0.5,0.0,0.0,89.62454211939816,0.31241442731945335,2040.0,417.25502443443287,0,0,0,1,loyal_bulk,0,1
CUST-ac100dae41,12,2,6.0,8,1,1.0,0.0,0.0,35.293568067824076,0.39667284342280246,1080.0,669.450280317882,0,0,0,1,loyal_bulk,0,1
CUST-ac312c8103,3,2,1.5,2,1,1.0,0.0,0.0,21.58961835099537,0.6484598186217841,270.0,0.5030992862731481,0,0,0,1,normal,0,0
CUST-ac41a923cb,22,5,4.4,5,4,0.3099173553719008,0.0,0.0,169.56900765260417,0.20640564266144945,1055.0,566.6493490429746,0,0,0,1,loyal_bulk,0,1
CUST-ac43449eff,1,1,1.0,1,1,1.0,0.0,0.0,0.0,7.0,100.0,26.18946950803241,0,0,0,1,normal,0,0
CUST-ac448c65ce,1,1,1.0,1,1,1.0,0.0,0.0,0.0,7.0,90.0,475.2417278357292,0,0,0,1,normal,0,0
CUST-ac5595ab21,1,1,1.0,1,1,1.0,0.0,0.0,0.0,7.0,70.0,188.37834912943288,0,0,0,1,normal,0,0
CUST-ac55d8a783,2,1,2.0,2,1,1.0,0.0,0.0,0.0,7.0,120.0,426.97044636435186,0,0,0,1,normal,0,0
CUST-acb1006284,2,2,1.0,1,2,0.5,0.0,0.0,10.189688062222222,1.3739380356405928,160.0,87.30201581056713,0,0,0,1,normal,0,0
CUST-acda538c2f,2,2,1.0,1,2,0.5,0.0,0.0,40.921761766354166,0.3421162578467183,150.0,453.51552888515045,0,0,0,1,normal,0,0
CUST-ace4bef62a,1,1,1.0,1,1,1.0,0.0,0.0,0.0,7.0,85.0,214.03103398971066,0,0,3,4,shared_address_legit,0,1
CUST-ace74385ec,1,1,1.0,1,1,1.0,0.0,0.0,0.0,7.0,25.0,23.587150106550926,0,0,0,1,normal,0,0
CUST-acf1a61edf,20,5,4.0,5,4,0.31,0.0,0.0,96.64067800103008,0.3621663333076672,1605.0,320.23877183457176,0,0,0,1,loyal_bulk,0,1
CUST-ad9e7407b9,1,1,1.0,1,1,1.0,0.0,0.0,0.0,7.0,25.0,369.031833856713,0,0,0,1,normal,0,0
CUST-adb8e17031,1,1,1.0,1,1,1.0,0.0,0.0,0.0,7.0,25.0,12.905348306226852,0,0,0,1,normal,0,0
CUST-add5c6a9b4,1,1,1.0,1,1,1.0,0.0,0.0,0.0,7.0,25.0,61.933624566319445,0,0,0,1,normal,0,0
CUST-adda443125,1,1,1.0,1,1,1.0,0.0,0.0,0.0,7.0,90.0,12.779493098217593,0,0,0,1,normal,0,0
CUST-addd21d923,3,2,1.5,2,2,0.5555555555555556,0.0,0.0,13.05033184355324,1.0727696558088589,205.0,0.5234598427430556,0,0,0,1,normal,0,0
CUST-adeb2a3eee,2,2,1.0,1,2,0.5,0.0,0.0,0.1594441196412037,14.0,120.0,0.3847916782407407,0,0,0,1,normal,0,0
CUST-ae0f7ebcc0,12,1,12.0,12,1,1.0,1.0,0.5,0.0,7.0,540.0,0.0,0,0,0,1,solo_reseller,1,0
CUST-ae1bff3497,4,4,1.0,1,2,0.625,0.0,0.0,150.3515753855787,0.18623017369916883,340.0,60.7900432159375,0,0,3,4,shared_address_legit,0,1
CUST-ae4d70a54d,4,1,4.0,4,1,1.0,1.0,0.4,0.0,7.0,216.0,0.0,0,0,1,2,ring_reseller,1,0
CUST-ae82449958,20,2,10.0,12,1,1.0,1.0,0.42500000000000004,89.98314797383101,0.15558468796925726,1044.0,45.10597510040509,0,0,0,1,solo_reseller,1,0
CUST-ae839b2040,2,2,1.0,1,2,0.5,0.0,0.0,3.898203385428241,3.5913980405263066,160.0,29.144189983310184,0,0,0,1,normal,0,0
CUST-ae92d9bb40,2,2,1.0,1,2,0.5,0.0,0.0,29.990453971423612,0.4668152077104232,160.0,51.94408056899306,0,0,0,1,normal,0,0
CUST-aeb2747c31,8,1,8.0,8,1,1.0,1.0,0.45,0.0,7.0,396.0,122.37162161730325,0,0,0,1,solo_reseller,1,0
CUST-aeeb504c91,22,5,4.4,8,4,0.33884297520661155,0.0,0.0,126.01099771565973,0.27775353448892226,985.0,669.142516196956,0,0,0,1,loyal_bulk,0,1
CUST-af64862be8,12,1,12.0,12,1,1.0,1.0,0.4,0.0,7.0,648.0,31.399733971631946,0,0,0,1,solo_reseller,1,0
CUST-af886f7ef9,9,2,4.5,6,2,0.5555555555555556,0.0,0.0,46.58711247877315,0.3005122931020661,870.0,612.2706173726967,0,0,0,1,loyal_bulk,0,1
CUST-af8dad3706,41,4,10.25,15,2,0.6859012492563951,1.0,0.4375,150.00604291,0.18665914690383056,2150.0,0.0,0,0,0,1,solo_reseller,1,0
CUST-af97d2c219,27,7,3.857142857142857,5,5,0.22908093278463648,0.0,0.0,90.55436094818288,0.5411114328114892,1450.0,429.57498144807874,0,0,0,1,loyal_bulk,0,1
CUST-afbce7e40e,3,1,3.0,3,1,1.0,1.0,0.35,0.0,7.0,48.75,112.45712120127314,0,2,2,3,ring_reseller,1,0
CUST-afd9e0b5f7,2,2,1.0,1,2,0.5,0.0,0.0,60.144636901111106,0.23277220915006247,100.0,66.43676680905092,0,0,0,1,normal,0,0
CUST-b0aa844ad7,1,1,1.0,1,1,1.0,0.0,0.0,0.0,7.0,25.0,409.1156213581944,0,0,0,1,normal,0,0
CUST-b0c2bd472f,7,2,3.5,4,2,0.510204081632653,0.0,0.0,114.95193513936341,0.12179003322586024,450.0,422.1880715908101,0,0,0,1,loyal_bulk,0,1
CUST-b0d036fab2,2,2,1.0,1,2,0.5,0.0,0.0,0.2909610019328704,14.0,120.0,479.95187260513893,0,0,0,1,normal,0,0
CUST-b118525176,3,3,1.0,1,3,0.3333333333333333,0.0,0.0,44.78771536668982,0.46887857145797684,175.0,297.58779349032403,0,0,0,1,normal,0,0
CUST-b1354fdfbf,3,2,1.5,2,2,0.5555555555555556,0.0,0.0,52.06221302277778,0.26890904529691906,270.0,268.5984446790857,0,0,0,1,normal,0,0
CUST-b15913e311,4,2,2.0,2,2,0.5,0.0,0.0,69.36423781788194,0.20183311228413486,180.0,134.98690947937502,0,0,0,1,normal,0,0
CUST-b18a69a1f5,3,3,1.0,1,3,0.3333333333333333,0.0,0.0,109.86765071685184,0.19113906471087358,240.0,32.220627734247685,0,0,3,4,shared_address_legit,0,1
CUST-b198bb75b6,4,4,1.0,1,3,0.375,0.0,0.0,116.65578268666668,0.2400223919906912,350.0,300.53484101645836,0,0,0,1,normal,0,0
CUST-b1acb51af7,11,3,3.6666666666666665,5,3,0.3553719008264462,0.0,0.0,88.16950121989584,0.238177597802507,650.0,450.8708891511343,0,0,0,1,loyal_bulk,0,1
CUST-b1b6b7ff52,21,4,5.25,8,3,0.365079365079365,0.0,0.0,136.731466470706,0.20478095293447945,1710.0,413.6814878589931,0,0,0,1,loyal_bulk,0,1
CUST-b1ba85a4b6,4,3,1.3333333333333333,2,3,0.375,0.0,0.0,70.7747360950463,0.2967160481078762,140.0,501.55139479782406,0,0,0,1,normal,0,0
CUST-b1c11e8178,3,2,1.5,2,2,0.5555555555555556,0.0,0.0,37.49966201311343,0.3733366982108872,120.0,227.1371852417824,0,0,0,1,normal,0,0
CUST-b1cc95187a,3,3,1.0,1,2,0.5555555555555556,0.0,0.0,17.632308512303243,1.1909954947389274,225.0,1.6988893352893517,0,0,0,1,normal,0,0
CUST-b20cd56bab,3,3,1.0,1,2,0.5555555555555556,0.0,0.0,0.9599882961921296,21.0,210.0,0.9128358906018519,0,0,0,1,normal,0,0
CUST-b219cc433f,2,2,1.0,1,1,1.0,0.0,0.0,104.05646860519677,0.13454233252060233,180.0,30.12507141846065,0,0,2,3,shared_address_legit,0,1
CUST-b21f5805ba,1,1,1.0,1,1,1.0,0.0,0.0,0.0,7.0,90.0,446.04018403107636,0,0,0,1,normal,0,0
CUST-b2344d366f,3,1,3.0,3,1,1.0,1.0,0.3,0.0,7.0,63.0,0.0,0,0,4,5,ring_reseller,1,0
CUST-b23afa2c9c,1,1,1.0,1,1,1.0,0.0,0.0,0.0,7.0,90.0,236.58643363297455,0,0,0,1,normal,0,0
CUST-b252f48b6e,2,1,2.0,2,1,1.0,0.0,0.0,0.0,7.0,50.0,28.0010175130787,0,0,0,1,normal,0,0
CUST-b28fe70cc2,3,1,3.0,3,1,1.0,0.0,0.0,0.0,7.0,210.0,242.5781000678588,0,0,0,1,loyal_bulk,0,1
CUST-b2ae657f22,1,1,1.0,1,1,1.0,0.0,0.0,0.0,7.0,90.0,365.10251926332177,0,0,0,1,normal,0,0
CUST-b2b3dbf015,2,2,1.0,1,2,0.5,0.0,0.0,81.89733745560184,0.17094572833444893,150.0,365.31488559009256,0,0,0,1,normal,0,0
CUST-b30122d311,1,1,1.0,1,1,1.0,0.0,0.0,0.0,7.0,100.0,41.21025894570602,0,0,3,4,shared_address_legit,0,1
CUST-b3a4276e6e,35,10,3.5,5,1,1.0,0.0,0.0,102.01673026697917,0.6861619639916811,2975.0,2.9845848916319446,0,0,0,1,stealth_reseller,1,0
CUST-b3d27e92e8,2,1,2.0,2,1,1.0,0.0,0.0,0.0,7.0,170.0,375.33568149716433,0,0,0,1,normal,0,0
CUST-b3e979e834,2,2,1.0,1,2,0.5,0.0,0.0,43.2530552231713,0.32367655713023463,160.0,53.41527104665509,0,0,0,1,normal,0,0
CUST-b4099eeb79,7,2,3.5,4,2,0.510204081632653,1.0,0.375,119.99398090908565,0.11667251885415157,288.75,0.0,0,3,3,4,ring_reseller,1,0
CUST-b41298fa3e,15,4,3.75,5,3,0.3688888888888889,0.0,0.0,165.5208052984491,0.16916302424648944,925.0,436.4368937537037,0,0,0,1,loyal_bulk,0,1
CUST-b438148120,6,2,3.0,3,2,0.5,1.0,0.475,29.995684648310185,0.46673380401699527,283.5,0.0,0,1,1,2,ring_reseller,1,0
CUST-b43ff5ab94,1,1,1.0,1,1,1.0,0.0,0.0,0.0,7.0,70.0,363.6790062885995,0,0,0,1,normal,0,0
CUST-b46921e462,3,1,3.0,3,1,1.0,1.0,0.45,0.0,7.0,165.0,34.7992429615625,3,0,3,4,ring_reseller,1,0
CUST-b48067d371,4,4,1.0,1,3,0.375,0.0,0.0,99.9443606470139,0.2801558769172693,195.0,521.6557062414699,0,0,3,4,shared_address_legit,0,1
CUST-b49cb99096,2,2,1.0,1,1,1.0,0.0,0.0,81.4525689070486,0.1718791707598125,120.0,311.2801544781482,0,0,0,1,normal,0,0
CUST-b4a43f642d,1,1,1.0,1,1,1.0,0.0,0.0,0.0,7.0,85.0,371.54762444785877,0,0,1,2,shared_address_legit,0,1
CUST-b4c3a4fbfb,31,8,3.875,5,1,1.0,0.125,0.5,107.88941298689814,0.5190500017531888,2507.5,33.19707729355324,0,0,0,1,stealth_reseller,1,0
CUST-b4e4d28f35,1,1,1.0,1,1,1.0,0.0,0.0,0.0,7.0,90.0,155.11505407988426,0,0,0,1,normal,0,0
CUST-b4fcf00565,33,9,3.6666666666666665,5,2,0.5224977043158862,0.0,0.0,93.82515877349537,0.6714616934684776,2110.0,59.96349837226851,0,0,0,1,stealth_reseller,1,0
CUST-b58325f2e6,1,1,1.0,1,1,1.0,0.0,0.0,0.0,7.0,90.0,322.5529398615278,0,0,0,1,normal,0,0
CUST-b59ab64d2e,12,3,4.0,5,2,0.625,0.0,0.0,42.39965581333333,0.4952870394149797,315.0,446.7255771398032,0,0,0,1,loyal_bulk,0,1
CUST-b5de0481f8,2,1,2.0,2,1,1.0,0.0,0.0,0.0,7.0,60.0,5.431431840081019,0,0,0,1,normal,0,0
CUST-b61cd51dc0,15,3,5.0,8,3,0.39555555555555555,0.0,0.0,162.60736860903936,0.12914543897755817,1140.0,261.41891072296295,0,0,0,1,loyal_bulk,0,1
CUST-b66934c3df,20,2,10.0,12,1,1.0,1.0,0.45,59.98693148680555,0.23338416640096643,972.0,0.0,0,0,0,1,solo_reseller,1,0
CUST-b680eba0df,2,1,2.0,2,1,1.0,0.0,0.0,0.0,7.0,180.0,197.54737973072915,0,0,0,1,normal,0,0
CUST-b6a38f52e1,1,1,1.0,1,1,1.0,0.0,0.0,0.0,7.0,30.0,340.01197980939816,0,0,0,1,normal,0,0
CUST-b6b36d6bd0,3,3,1.0,1,3,0.3333333333333333,0.0,0.0,22.739084039305556,0.9235200487275799,275.0,20.06270385671296,0,0,0,1,normal,0,0
CUST-b6f526a088,4,4,1.0,1,4,0.25,0.0,0.0,132.47384398039353,0.21136247849910714,275.0,262.91014344636574,0,0,0,1,normal,0,0
CUST-b73781241b,2,2,1.0,1,2,0.5,0.0,0.0,13.387073911030093,1.0457849185746928,90.0,13.221953394062501,0,0,0,1,normal,0,0
CUST-b74c3d4f6c,1,1,1.0,1,1,1.0,0.0,0.0,0.0,7.0,70.0,68.66540833797454,0,0,0,1,normal,0,0
CUST-b7564e9502,3,3,1.0,1,2,0.5555555555555556,0.0,0.0,3.995278207592593,5.256204676833713,85.0,5.82355513,0,0,0,1,normal,0,0
CUST-b79600519a,2,2,1.0,1,2,0.5,0.0,0.0,36.55017536194444,0.38303509795404744,120.0,130.5314630571991,0,0,0,1,normal,0,0
CUST-b7d5cf0096,2,2,1.0,1,2,0.5,0.0,0.0,1.7862943442013888,7.83745413819752,55.0,5.337452879583334,0,0,2,3,shared_address_legit,0,1
CUST-b7e76f475e,2,2,1.0,1,2,0.5,0.0,0.0,86.88962656782408,0.16112395176508115,55.0,335.5339168675926,0,0,0,1,normal,0,0
CUST-b83ae1a587,1,1,1.0,1,1,1.0,0.0,0.0,0.0,7.0,30.0,24.088065863761575,0,0,0,1,normal,0,0
CUST-b841c02b4d,2,2,1.0,1,2,0.5,0.0,0.0,2.606877016053241,5.370410615379055,180.0,5.020422926157408,0,0,3,4,shared_address_legit,0,1
CUST-b865f22520,1,1,1.0,1,1,1.0,0.0,0.0,0.0,7.0,90.0,513.1650317513541,0,0,0,1,normal,0,0
CUST-b8680e10d8,1,1,1.0,1,1,1.0,0.0,0.0,0.0,7.0,25.0,305.4004752894676,0,0,0,1,normal,0,0
CUST-b88471b3c1,3,3,1.0,1,3,0.3333333333333333,0.0,0.0,68.45288955434029,0.3067803293143596,250.0,15.762020303460648,0,0,3,4,shared_address_legit,0,1
CUST-b899d8a08d,28,5,5.6,8,4,0.2755102040816327,0.0,0.0,102.19765548958333,0.3424736099114078,1880.0,426.9859100642014,0,0,0,1,loyal_bulk,0,1
CUST-b8b239763a,1,1,1.0,1,1,1.0,0.0,0.0,0.0,7.0,100.0,159.30941216208333,0,0,0,1,normal,0,0
CUST-b8badea459,1,1,1.0,1,1,1.0,0.0,0.0,0.0,7.0,90.0,63.74325881475695,0,0,0,1,normal,0,0
CUST-b8cc68688e,2,2,1.0,1,2,0.5,0.0,0.0,29.848536638391206,0.46903471917592077,95.0,44.990949602546294,0,0,0,1,normal,0,0
CUST-b90980160d,1,1,1.0,1,1,1.0,0.0,0.0,0.0,7.0,25.0,362.6388246218634,0,0,0,1,normal,0,0
CUST-b941f009ba,8,1,8.0,8,1,1.0,1.0,0.5,0.0,7.0,360.0,43.62742600118055,0,0,0,1,solo_reseller,1,0
CUST-b9915d05ae,12,1,12.0,12,1,1.0,1.0,0.4,0.0,7.0,720.0,0.0,0,0,0,1,solo_reseller,1,0
CUST-b9b341f51b,4,1,4.0,4,1,1.0,1.0,0.3,0.0,7.0,196.0,0.0,0,0,2,3,ring_reseller,1,0
CUST-b9c67bac9c,1,1,1.0,1,1,1.0,0.0,0.0,0.0,7.0,70.0,315.5866998234954,0,0,0,1,normal,0,0
CUST-ba5b67d6b3,4,3,1.3333333333333333,2,3,0.375,0.0,0.0,70.03559564016203,0.2998475247914864,265.0,24.40740761726852,0,0,0,1,normal,0,0
CUST-ba79dbe06d,22,2,11.0,12,1,1.0,1.0,0.4,149.99804062800925,0.0933345525140531,1188.0,0.0,0,0,0,1,solo_reseller,1,0
CUST-ba85f4d7d3,15,3,5.0,8,3,0.39555555555555555,0.0,0.0,83.68161471488426,0.2509511805137859,980.0,379.27273871476854,0,0,0,1,loyal_bulk,0,1
CUST-ba920e2f69,30,3,10.0,12,2,0.5555555555555556,1.0,0.4000000000000001,120.01143340510417,0.1749833278727163,1206.5,0.0,0,0,0,1,solo_reseller,1,0
CUST-bac533cd90,3,3,1.0,1,2,0.5555555555555556,0.0,0.0,65.96914002760417,0.3183306617490048,160.0,28.149229211331022,0,0,0,1,normal,0,0
CUST-bacc8fcc80,2,2,1.0,1,2,0.5,0.0,0.0,155.97627596903936,0.089757239766251,170.0,58.46786178603009,0,0,0,1,normal,0,0
CUST-bae5fc8081,15,3,5.0,8,2,0.6800000000000002,0.0,0.0,86.10968092225694,0.24387501817547774,1290.0,718.7072493759027,0,0,0,1,loyal_bulk,0,1
CUST-bb12a27967,1,1,1.0,1,1,1.0,0.0,0.0,0.0,7.0,90.0,395.2494066736458,0,0,3,4,shared_address_legit,0,1
CUST-bb131eeff3,3,2,1.5,2,2,0.5555555555555556,0.0,0.0,107.34909179373842,0.13041563525194733,230.0,391.2020238298727,0,0,0,1,normal,0,0
CUST-bb47bd259c,7,2,3.5,4,2,0.510204081632653,1.0,0.35,119.99323238318289,0.11667324666521867,237.0,0.0,0,2,2,3,ring_reseller,1,0
CUST-bb65cc5567,25,5,5.0,8,4,0.2992,0.0,0.0,65.55074206577547,0.5339375100419155,1795.0,314.32907447282406,0,0,0,1,loyal_bulk,0,1
CUST-bbcf38d7b3,3,1,3.0,3,1,1.0,1.0,0.35,0.0,7.0,48.75,110.54434969568287,0,4,4,5,ring_reseller,1,0
CUST-bbd0ae2070,3,2,1.5,2,2,0.5555555555555556,0.0,0.0,30.1025937846875,0.4650762024075639,265.0,167.1530670608449,0,0,0,1,normal,0,0
CUST-bc06a54f26,1,1,1.0,1,1,1.0,0.0,0.0,0.0,7.0,30.0,77.82732940221065,0,0,0,1,normal,0,0
CUST-bc52c6db6f,1,1,1.0,1,1,1.0,0.0,0.0,0.0,7.0,85.0,59.375665409050924,0,0,0,1,normal,0,0
CUST-bc5894eee3,3,3,1.0,1,3,0.3333333333333333,0.0,0.0,19.26853684880787,1.0898596071293942,190.0,1.0000622438310185,0,0,0,1,normal,0,0
CUST-bc610019a8,9,2,4.5,5,1,1.0,1.0,0.45,89.99559707622686,0.1555631659195717,450.0,0.0,0,1,1,2,ring_reseller,1,0
CUST-bc615b1a90,2,2,1.0,1,2,0.5,0.0,0.0,1.772273023310185,7.899460080846531,115.0,50.57153255318287,0,0,0,1,normal,0,0
CUST-bc9f3bf76f,1,1,1.0,1,1,1.0,0.0,0.0,0.0,7.0,90.0,40.65899705125,0,0,0,1,normal,0,0
CUST-bcd1c75e78,22,5,4.4,6,5,0.2148760330578512,0.0,0.0,157.9952558562153,0.22152563892077873,1470.0,639.8195018453356,0,0,0,1,loyal_bulk,0,1
CUST-bd0531c66f,17,3,5.666666666666667,6,2,0.5847750865051904,0.0,0.0,119.02666442324073,0.17643105519051755,1580.0,418.3205835532986,0,0,0,1,loyal_bulk,0,1
CUST-bda55f4c9a,1,1,1.0,1,1,1.0,0.0,0.0,0.0,7.0,85.0,33.71443562741898,0,0,0,1,normal,0,0
CUST-bdcae9f433,1,1,1.0,1,1,1.0,0.0,0.0,0.0,7.0,70.0,397.24973891790506,0,0,0,1,normal,0,0
CUST-bdfbccbc67,26,5,5.2,6,4,0.26331360946745563,0.0,0.0,133.86438559046294,0.2614586384990927,1260.0,701.3385267623727,0,0,0,1,loyal_bulk,0,1
CUST-be11d20ec8,5,1,5.0,5,1,1.0,1.0,0.3,0.0,7.0,105.0,0.0,0,0,4,5,ring_reseller,1,0
CUST-be29e0b28c,8,2,4.0,5,1,1.0,1.0,0.42500000000000004,90.00096420766204,0.15555388904164807,455.0,0.0,1,0,1,2,ring_reseller,1,0
CUST-be4d6be783,17,3,5.666666666666667,8,3,0.3633217993079585,0.0,0.0,57.84666270263889,0.3630287214311848,640.0,353.7313912055787,0,0,0,1,loyal_bulk,0,1
CUST-be731f62d8,2,2,1.0,1,1,1.0,0.0,0.0,105.54213552570602,0.1326484434890948,50.0,22.53709471630787,0,0,2,3,shared_address_legit,0,1
CUST-bedffe92fb,3,2,1.5,2,2,0.5555555555555556,0.0,0.0,39.240546836203706,0.3567738252588128,230.0,61.00866018427083,0,0,0,1,normal,0,0
CUST-beea7a99f8,45,12,3.75,5,1,1.0,0.0,0.0,145.6889425498611,0.5765708675608756,4500.0,50.471773991574075,0,0,0,1,stealth_reseller,1,0
CUST-beef401a6a,3,1,3.0,3,1,1.0,1.0,0.35,0.0,7.0,117.0,0.0,0,4,4,5,ring_reseller,1,0
CUST-bf313ebd58,1,1,1.0,1,1,1.0,0.0,0.0,0.0,7.0,85.0,116.51349079848379,0,0,0,1,normal,0,0
CUST-bf64f0fee7,4,4,1.0,1,4,0.25,0.0,0.0,132.90139806618055,0.2106825090437116,240.0,148.1703593637037,0,0,0,1,normal,0,0
CUST-bf9874e5a2,2,1,2.0,2,1,1.0,0.0,0.0,0.0,7.0,60.0,3.3341427446643515,0,0,0,1,normal,0,0
CUST-bfa1a1b27a,2,2,1.0,1,2,0.5,0.0,0.0,55.269178651782404,0.2533057364250971,170.0,240.8295890808333,0,0,0,1,normal,0,0
CUST-bfa83fda11,1,1,1.0,1,1,1.0,0.0,0.0,0.0,7.0,30.0,156.42942647707176,0,0,0,1,normal,0,0
CUST-c01bcae953,15,1,15.0,15,1,1.0,1.0,0.5,0.0,7.0,637.5,93.24160581506943,0,0,0,1,solo_reseller,1,0
CUST-c0375765c0,1,1,1.0,1,1,1.0,0.0,0.0,0.0,7.0,90.0,100.19911011619213,0,0,0,1,normal,0,0
CUST-c055201274,4,1,4.0,4,1,1.0,1.0,0.35,0.0,7.0,65.0,110.54820378778936,0,4,4,5,ring_reseller,1,0
CUST-c05851ae8b,3,2,1.5,2,2,0.5555555555555556,0.0,0.0,62.444652859328706,0.22419853997008035,240.0,358.9377604343403,0,0,0,1,normal,0,0
CUST-c0606ec223,4,3,1.3333333333333333,2,3,0.375,0.0,0.0,89.70376648815972,0.2341038823912913,165.0,357.8605982788773,0,0,0,1,normal,0,0
CUST-c07864c36c,3,2,1.5,2,2,0.5555555555555556,0.0,0.0,29.736183052337967,0.47080689459568237,200.0,302.60492640537035,0,0,0,1,normal,0,0
CUST-c0feab86fd,10,1,10.0,10,1,1.0,1.0,0.3,0.0,7.0,490.0,0.0,0,0,0,1,solo_reseller,1,0
CUST-c1088b760f,32,9,3.5555555555555554,5,1,1.0,0.0,0.0,165.32073496828704,0.38107742511600307,2880.0,68.40368213371528,0,0,0,1,stealth_reseller,1,0
CUST-c1836c4072,1,1,1.0,1,1,1.0,0.0,0.0,0.0,7.0,100.0,39.851396052974536,0,0,1,2,shared_address_legit,0,1
CUST-c183b16a2c,10,1,10.0,10,1,1.0,1.0,0.35,0.0,7.0,162.5,0.0,0,0,0,1,solo_reseller,1,0
CUST-c1af47b484,1,1,1.0,1,1,1.0,0.0,0.0,0.0,7.0,100.0,169.2184012541088,0,0,0,1,normal,0,0
CUST-c20846803b,3,2,1.5,2,1,1.0,0.0,0.0,68.49137095820602,0.20440531126969136,300.0,303.78749353758104,0,0,0,1,normal,0,0
CUST-c20fa9bef4,3,1,3.0,3,1,1.0,1.0,0.5,0.0,7.0,135.0,0.0,0,0,5,6,ring_reseller,1,0
CUST-c292597ff6,2,1,2.0,2,1,1.0,0.0,0.0,0.0,7.0,140.0,215.94220931836804,0,0,0,1,normal,0,0
CUST-c2b2534011,4,3,1.3333333333333333,2,3,0.375,0.0,0.0,118.9635936041088,0.17652459348096472,225.0,381.5716517702431,0,0,0,1,normal,0,0
CUST-c2edb76cc3,2,2,1.0,1,2,0.5,0.0,0.0,61.70188992971065,0.22689742592890547,150.0,206.66107517421298,0,0,0,1,normal,0,0
CUST-c364bf484a,3,2,1.5,2,2,0.5555555555555556,0.0,0.0,12.675141234479167,1.1045241817043367,145.0,32.95126706246528,0,0,0,1,normal,0,0
CUST-c37d8150fd,15,1,15.0,15,1,1.0,1.0,0.45,0.0,7.0,742.5,96.34109642629629,0,0,0,1,solo_reseller,1,0
CUST-c3c640f287,5,5,1.0,1,4,0.28,0.0,0.0,27.957296463171293,1.2519093198480833,390.0,16.16245725369213,0,0,0,1,normal,0,0
CUST-c3d7b294f8,3,2,1.5,2,2,0.5555555555555556,0.0,0.0,86.82937996596064,0.1612357476868816,280.0,191.76129308298613,0,0,0,1,normal,0,0
CUST-c3e0ea52be,4,4,1.0,1,3,0.375,0.0,0.0,167.7874481731597,0.16687779869626176,295.0,359.6587076308565,0,0,0,1,normal,0,0
CUST-c3e89e8485,2,2,1.0,1,2,0.5,0.0,0.0,128.76212061273148,0.10872762838464572,175.0,206.88442265237268,0,0,3,4,shared_address_legit,0,1
CUST-c4545049ba,5,1,5.0,5,1,1.0,1.0,0.4,0.0,7.0,270.0,0.0,0,5,5,6,ring_reseller,1,0
CUST-c4961d96eb,1,1,1.0,1,1,1.0,0.0,0.0,0.0,7.0,70.0,132.92912916336806,0,0,0,1,normal,0,0
CUST-c4c3ffb452,3,1,3.0,3,1,1.0,1.0,0.3,0.0,7.0,147.0,0.0,0,0,2,3,ring_reseller,1,0
CUST-c4e843d17f,8,1,8.0,8,1,1.0,1.0,0.35,0.0,7.0,130.0,160.5857417445486,0,0,0,1,solo_reseller,1,0
CUST-c524ccc2f8,23,6,3.8333333333333335,5,1,1.0,0.0,0.0,23.81428905087963,1.7636470234432067,1610.0,7.145208217222222,0,0,0,1,stealth_reseller,1,0
CUST-c577946e8f,3,2,1.5,2,2,0.5555555555555556,0.0,0.0,8.834718638113426,1.5846571434208767,265.0,411.12974895762727,0,0,0,1,normal,0,0
CUST-c5d74bd908,1,1,1.0,1,1,1.0,0.0,0.0,0.0,7.0,25.0,289.3022686713773,0,0,0,1,normal,0,0
CUST-c5e0f257c1,1,1,1.0,1,1,1.0,0.0,0.0,0.0,7.0,60.0,149.66880224299769,0,0,0,1,normal,0,0
CUST-c5e4c3a2b8,33,10,3.3,5,1,1.0,0.0,0.0,62.30646411184028,1.1234789358990072,1980.0,1.0739189603587964,0,0,0,1,stealth_reseller,1,0
CUST-c61c8ead4b,4,3,1.3333333333333333,2,2,0.625,0.0,0.0,98.65852280890046,0.21285540673132286,370.0,53.79819624209491,0,0,0,1,normal,0,0
CUST-c61d65dcd8,2,2,1.0,1,2,0.5,0.0,0.0,55.687270588171295,0.25140395376055263,115.0,138.34003262188656,0,0,0,1,normal,0,0
CUST-c6a3b63f42,2,2,1.0,1,2,0.5,0.0,0.0,0.3355155811574074,14.0,160.0,49.43883470943287,0,0,2,3,shared_address_legit,0,1
CUST-c6a42a0a23,2,1,2.0,2,1,1.0,0.0,0.0,0.0,7.0,50.0,225.22611113724537,0,0,0,1,normal,0,0
CUST-c6a942755d,2,2,1.0,1,2,0.5,0.0,0.0,58.89384125768519,0.23771585790684197,185.0,216.02627567421297,0,0,0,1,normal,0,0
CUST-c6d643fc77,1,1,1.0,1,1,1.0,0.0,0.0,0.0,7.0,90.0,326.36357069966436,0,0,0,1,normal,0,0
CUST-c6feb3ccc2,1,1,1.0,1,1,1.0,0.0,0.0,0.0,7.0,90.0,17.737728278055556,0,0,0,1,normal,0,0
CUST-c70bb87810,1,1,1.0,1,1,1.0,0.0,0.0,0.0,7.0,70.0,234.27838082927084,0,0,0,1,normal,0,0
CUST-c719132a50,1,1,1.0,1,1,1.0,0.0,0.0,0.0,7.0,60.0,317.98019788961807,0,0,0,1,normal,0,0
CUST-c733250d6c,2,2,1.0,1,2,0.5,0.0,0.0,110.07905126104166,0.12718132868714843,150.0,302.7352208909028,0,0,0,1,normal,0,0
CUST-c78ca879c2,36,3,12.0,20,1,1.0,1.0,0.43333333333333335,149.99050335399306,0.1400088640974678,1872.0,0.0,0,0,0,1,solo_reseller,1,0
CUST-c7c881aaaf,5,5,1.0,1,4,0.28,0.0,0.0,5.795571278425926,6.039094045877387,320.0,6.29158437125,0,0,0,1,normal,0,0
CUST-c7ec1ab5c5,1,1,1.0,1,1,1.0,0.0,0.0,0.0,7.0,100.0,75.5896330096875,0,0,0,1,normal,0,0
CUST-c8409b7b22,3,2,1.5,2,2,0.5555555555555556,0.0,0.0,3.150738197789352,4.443403139563547,230.0,49.44597190910879,0,0,0,1,normal,0,0
CUST-c8413c1076,2,1,2.0,2,1,1.0,0.0,0.0,0.0,7.0,170.0,262.8798703900926,0,0,3,4,shared_address_legit,0,1
CUST-c86cd917f2,20,1,20.0,20,1,1.0,1.0,0.45,0.0,7.0,1100.0,85.58284494412037,0,0,0,1,solo_reseller,1,0
CUST-c877ebece2,1,1,1.0,1,1,1.0,0.0,0.0,0.0,7.0,60.0,540.2220531031944,0,0,0,1,normal,0,0
CUST-c8914de0ef,1,1,1.0,1,1,1.0,0.0,0.0,0.0,7.0,25.0,386.5940996048611,0,0,0,1,normal,0,0
CUST-c897d36ab1,5,1,5.0,5,1,1.0,1.0,0.3,0.0,7.0,245.0,0.0,0,0,5,6,ring_reseller,1,0
CUST-c8dda6a503,33,8,4.125,5,1,1.0,0.0,0.0,164.4332138991551,0.34056379895575184,825.0,9.571889838935185,0,0,0,1,stealth_reseller,1,0
CUST-c8eab08776,32,8,4.0,5,2,0.53125,0.0,0.0,149.02770465131943,0.3757690567067605,1700.0,19.20873773170139,0,0,0,1,stealth_reseller,1,0
CUST-c947388851,16,5,3.2,4,5,0.203125,0.0,0.0,144.10601105059027,0.24287675264089298,1135.0,451.68638501108796,0,0,0,1,loyal_bulk,0,1
CUST-c9a4ce33db,2,2,1.0,1,2,0.5,0.0,0.0,32.52748853434028,0.430405193601706,95.0,1.7337372055208333,0,0,0,1,normal,0,0
CUST-c9ef829212,22,2,11.0,12,2,0.5041322314049586,1.0,0.42500000000000004,59.9915335119213,0.23336626321142417,1162.0,131.1404575598727,0,0,0,1,solo_reseller,1,0
CUST-c9f8ddcc3c,4,1,4.0,4,1,1.0,1.0,0.35,0.0,7.0,156.0,0.0,0,4,4,5,ring_reseller,1,0
CUST-c9fd95e987,6,2,3.0,3,2,0.5,1.0,0.375,120.00188594893518,0.11666483313401814,228.75,0.0,0,3,3,4,ring_reseller,1,0
CUST-ca0e8981c9,8,2,4.0,5,2,0.53125,1.0,0.32499999999999996,90.00012467972222,0.1555553400600379,228.25,0.0,0,3,3,4,ring_reseller,1,0
CUST-ca4b472cf9,11,2,5.5,8,2,0.6033057851239669,0.0,0.0,37.640016342569446,0.3719445781474469,420.0,362.44399324796296,0,0,0,1,loyal_bulk,0,1
CUST-ca957d82d1,1,1,1.0,1,1,1.0,0.0,0.0,0.0,7.0,30.0,381.7392825080787,0,0,3,4,shared_address_legit,0,1
CUST-caae10a52d,3,2,1.5,2,2,0.5555555555555556,0.0,0.0,72.84818351361112,0.19218049544617963,190.0,415.580282319375,0,0,0,1,normal,0,0
CUST-caf5f21405,40,9,4.444444444444445,8,6,0.275,0.0,0.0,123.47631725405093,0.5102192987370875,2195.0,285.4801366787963,0,0,0,1,loyal_bulk,0,1
CUST-cb4fdbf7d0,27,2,13.5,15,2,0.5061728395061729,1.0,0.45,90.01126156349537,0.1555360935600728,1440.0,97.43065115405093,0,0,0,1,solo_reseller,1,0
CUST-cb56d801ca,3,3,1.0,1,3,0.3333333333333333,0.0,0.0,26.159850506990743,0.8027568809840153,210.0,311.11841433873843,0,0,0,1,normal,0,0
CUST-cbdfab788b,3,3,1.0,1,3,0.3333333333333333,0.0,0.0,81.03849269834491,0.25913611298484696,220.0,311.81221421689816,0,0,0,1,normal,0,0
CUST-cbe4e7a7ad,5,1,5.0,5,1,1.0,1.0,0.5,0.0,7.0,212.5,0.0,0,0,5,6,ring_reseller,1,0
CUST-cbe5b93207,3,3,1.0,1,3,0.3333333333333333,0.0,0.0,12.816711715127315,1.6384857884580575,275.0,2.326122315011574,0,0,0,1,normal,0,0
CUST-cbe7669b20,2,2,1.0,1,2,0.5,0.0,0.0,31.33931601638889,0.44672321478486327,90.0,55.34366781884259,0,0,0,1,normal,0,0
CUST-cbefcbf803,11,2,5.5,6,2,0.5041322314049586,0.0,0.0,28.532263562627314,0.49067260188700046,480.0,473.5029403643519,0,0,0,1,loyal_bulk,0,1
CUST-cc0311ed6e,7,2,3.5,4,2,0.510204081632653,1.0,0.32499999999999996,90.00231881883101,0.1555515478237968,212.0,0.0,0,3,3,4,ring_reseller,1,0
CUST-cc031c9e35,1,1,1.0,1,1,1.0,0.0,0.0,0.0,7.0,90.0,534.6226802430208,0,0,3,4,shared_address_legit,0,1
CUST-cc032318a4,2,2,1.0,1,2,0.5,0.0,0.0,58.66848704846065,0.23862895916228222,170.0,174.14909916752316,0,0,2,3,shared_address_legit,0,1
CUST-cc77f73977,3,3,1.0,1,3,0.3333333333333333,0.0,0.0,126.20846608212963,0.1663913733515653,230.0,286.6028730945139,0,0,0,1,normal,0,0
CUST-cc9fd5f390,12,3,4.0,5,3,0.3472222222222222,0.0,0.0,68.82511418861111,0.3051211792028526,765.0,361.34454238348377,0,0,0,1,loyal_bulk,0,1
CUST-ccb2efc8d4,8,1,8.0,8,1,1.0,1.0,0.3,0.0,7.0,168.0,0.0,0,0,0,1,solo_reseller,1,0
CUST-ccb42963f9,2,2,1.0,1,2,0.5,0.0,0.0,42.04290501282408,0.3329931648569401,150.0,430.93893980813664,0,0,0,1,normal,0,0
CUST-ccb7b8b201,36,10,3.6,5,1,1.0,0.0,0.0,74.4080557159375,0.9407583537357054,1080.0,17.51840707599537,0,0,0,1,stealth_reseller,1,0
CUST-ccc3cfaa41,4,1,4.0,4,1,1.0,1.0,0.5,0.0,7.0,170.0,36.75091036959491,0,0,5,6,ring_reseller,1,0
CUST-ccc58481ce,1,1,1.0,1,1,1.0,0.0,0.0,0.0,7.0,90.0,159.05972453158563,0,0,3,4,shared_address_legit,0,1
CUST-cd26e431ef,1,1,1.0,1,1,1.0,0.0,0.0,0.0,7.0,70.0,381.1026647085301,0,0,0,1,normal,0,0
CUST-cd5484c6ac,1,1,1.0,1,1,1.0,0.0,0.0,0.0,7.0,100.0,259.1860387802546,0,0,0,1,normal,0,0
CUST-cd7075551f,2,1,2.0,2,1,1.0,0.0,0.0,0.0,7.0,120.0,316.8794705797801,0,0,0,1,normal,0,0
CUST-cda727c7e6,1,1,1.0,1,1,1.0,0.0,0.0,0.0,7.0,60.0,129.7624742209028,0,0,0,1,normal,0,0
CUST-cda850222d,1,1,1.0,1,1,1.0,0.0,0.0,0.0,7.0,60.0,149.06282802704862,0,0,0,1,normal,0,0
CUST-cdc2119d35,2,2,1.0,1,2,0.5,0.0,0.0,7.49041359667824,1.8690556695305254,95.0,86.94128381050926,0,0,0,1,normal,0,0
CUST-ce103d0c49,1,1,1.0,1,1,1.0,0.0,0.0,0.0,7.0,85.0,166.93187266554398,0,0,0,1,normal,0,0
CUST-ce2cdd886d,8,1,8.0,8,1,1.0,1.0,0.3,0.0,7.0,168.0,0.0,0,0,0,1,solo_reseller,1,0
CUST-ce513f3d42,27,7,3.857142857142857,5,1,1.0,0.0,0.0,63.341453539837964,0.773585026260598,810.0,3.4068364811689813,0,0,0,1,stealth_reseller,1,0
CUST-ce75369192,2,2,1.0,1,1,1.0,0.0,0.0,42.41632339431713,0.3300616102402618,140.0,2.3080724643981485,0,0,0,1,normal,0,0
CUST-ce8398a635,8,1,8.0,8,1,1.0,1.0,0.3,0.0,7.0,168.0,46.465836622905094,0,0,0,1,solo_reseller,1,0
CUST-ce87f70beb,1,1,1.0,1,1,1.0,0.0,0.0,0.0,7.0,85.0,19.124465102337965,0,0,0,1,normal,0,0
CUST-ce9f3187bd,3,3,1.0,1,2,0.5555555555555556,0.0,0.0,25.30548019693287,0.8298597709497443,280.0,31.256957643854165,0,0,0,1,normal,0,0
CUST-ceaed6a158,1,1,1.0,1,1,1.0,0.0,0.0,0.0,7.0,70.0,295.03434751809027,0,0,0,1,normal,0,0
CUST-ceb4d0eb2e,16,2,8.0,8,1,1.0,1.0,0.45,90.00316338861111,0.15555008816247387,792.0,0.8717895612962964,0,0,0,1,solo_reseller,1,0
CUST-cedd35a464,8,1,8.0,8,1,1.0,1.0,0.4,0.0,7.0,432.0,0.0,0,0,0,1,solo_reseller,1,0
CUST-cef5f415f3,2,2,1.0,1,2,0.5,0.0,0.0,68.6892224205787,0.20381654510920363,175.0,8.589231992997684,0,0,0,1,normal,0,0
CUST-cef782db47,2,1,2.0,2,1,1.0,0.0,0.0,0.0,7.0,140.0,316.9087876994792,0,0,0,1,normal,0,0
CUST-cf278dc055,27,6,4.5,6,4,0.25925925925925924,0.0,0.0,87.89075301350695,0.47786597065046754,1960.0,519.9914733165625,0,0,0,1,loyal_bulk,0,1
CUST-cf2cb58097,1,1,1.0,1,1,1.0,0.0,0.0,0.0,7.0,70.0,212.97915008077544,0,0,0,1,normal,0,0
CUST-cf45f1ba14,4,3,1.3333333333333333,2,3,0.375,0.0,0.0,56.61139430920139,0.3709500579565613,335.0,73.01345580587963,0,0,0,1,normal,0,0
CUST-cf906f16a0,3,1,3.0,3,1,1.0,0.0,0.0,0.0,7.0,270.0,660.6249361468865,0,0,0,1,loyal_bulk,0,1
CUST-cfb31c3f8f,18,4,4.5,6,3,0.3395061728395062,0.0,0.0,83.01116299634259,0.33730403224483985,795.0,697.8502398577547,0,0,0,1,loyal_bulk,0,1
CUST-cfd956d94b,28,2,14.0,20,1,1.0,1.0,0.42500000000000004,60.011546672384256,0.23328843824720877,1640.0,100.56571490046296,0,0,0,1,solo_reseller,1,0
CUST-cfe0d5a865,2,2,1.0,1,2,0.5,0.0,0.0,115.86410648472221,0.12083120842817731,120.0,457.68548414418984,0,0,0,1,normal,0,0
CUST-cfe3fc073d,1,1,1.0,1,1,1.0,0.0,0.0,0.0,7.0,85.0,442.6733684796412,0,0,2,3,shared_address_legit,0,1
CUST-d0545ec50f,3,3,1.0,1,3,0.3333333333333333,0.0,0.0,24.04838220541667,0.8732396142335908,190.0,37.44262452990741,0,0,0,1,normal,0,0
CUST-d07d63eec9,11,3,3.6666666666666665,5,2,0.6033057851239669,1.0,0.4000000000000001,119.99675950300924,0.1750047258523958,428.5,0.0,0,5,5,6,ring_reseller,1,0
CUST-d08377af48,3,3,1.0,1,3,0.3333333333333333,0.0,0.0,1.4382478148842592,14.60109988186559,175.0,22.561178658298612,0,0,0,1,normal,0,0
CUST-d09266ad6f,1,1,1.0,1,1,1.0,0.0,0.0,0.0,7.0,25.0,307.1606011054514,0,0,0,1,normal,0,0
CUST-d09594d3d6,1,1,1.0,1,1,1.0,0.0,0.0,0.0,7.0,60.0,143.67587663872686,0,0,0,1,normal,0,0
CUST-d0b12b8ccb,42,12,3.5,5,2,0.5555555555555556,0.0,0.0,148.14223404328703,0.5670226356614501,3710.0,71.27575159944445,0,0,0,1,stealth_reseller,1,0
CUST-d0e0b44710,2,2,1.0,1,2,0.5,0.0,0.0,52.12297189230325,0.26859558255670596,190.0,183.49541215501156,0,0,0,1,normal,0,0
CUST-d1033a0349,4,3,1.3333333333333333,2,3,0.375,0.0,0.0,171.51623566092593,0.12243738861850573,310.0,37.69958733429398,0,0,0,1,normal,0,0
CUST-d1048a7fd7,31,7,4.428571428571429,5,1,1.0,0.0,0.0,88.03563311885416,0.5565928052547385,3100.0,15.850278450000001,0,0,0,1,stealth_reseller,1,0
CUST-d12be6a940,2,2,1.0,1,2,0.5,0.0,0.0,91.98729537618055,0.15219493021016897,160.0,61.34544793728009,0,0,0,1,normal,0,0
CUST-d1414834ff,22,2,11.0,12,1,1.0,1.0,0.42500000000000004,90.01267934731482,0.15553364372124578,1134.0,0.0,0,0,0,1,solo_reseller,1,0
CUST-d1458286d0,25,5,5.0,8,2,0.5648000000000001,0.0,0.0,90.75715741747685,0.38564451549537127,1925.0,402.509672224132,0,0,0,1,loyal_bulk,0,1
CUST-d15bb782e6,12,1,12.0,12,1,1.0,1.0,0.3,0.0,7.0,588.0,3.629131750324074,0,0,0,1,solo_reseller,1,0
CUST-d17af5c541,20,5,4.0,5,5,0.21,0.0,0.0,60.73019192631945,0.5763196013354206,1715.0,282.1531051370486,0,0,0,1,loyal_bulk,0,1
CUST-d1a5bb7594,3,3,1.0,1,3,0.3333333333333333,0.0,0.0,3.474587376122685,6.043883122442596,125.0,0.35615538702546296,0,0,0,1,normal,0,0
CUST-d1c70d1d12,2,1,2.0,2,1,1.0,0.0,0.0,0.0,7.0,60.0,324.25620293408565,0,0,0,1,normal,0,0
CUST-d1cabd4129,2,1,2.0,2,1,1.0,0.0,0.0,0.0,7.0,60.0,225.94229739850692,0,0,3,4,shared_address_legit,0,1
CUST-d20989ed38,2,2,1.0,1,2,0.5,0.0,0.0,79.94163947399306,0.17512775685010235,130.0,26.851770284062503,0,0,0,1,normal,0,0
CUST-d20a4b990e,1,1,1.0,1,1,1.0,0.0,0.0,0.0,7.0,25.0,250.57293168398147,0,0,0,1,normal,0,0
CUST-d21c1e8cc0,3,1,3.0,3,1,1.0,1.0,0.3,0.0,7.0,147.0,0.0,0,0,2,3,ring_reseller,1,0
CUST-d27656d322,1,1,1.0,1,1,1.0,0.0,0.0,0.0,7.0,85.0,524.5816640235186,0,0,1,2,shared_address_legit,0,1
CUST-d29fd19971,1,1,1.0,1,1,1.0,0.0,0.0,0.0,7.0,60.0,281.25662478877314,0,0,0,1,normal,0,0
CUST-d2e1a7839f,47,3,15.666666666666666,20,1,1.0,1.0,0.43333333333333335,150.0066562511227,0.13999378777461968,2403.0,0.0,0,0,0,1,solo_reseller,1,0
CUST-d303cabb40,1,1,1.0,1,1,1.0,0.0,0.0,0.0,7.0,25.0,4.990164226886574,0,0,0,1,normal,0,0
CUST-d32ac8965a,1,1,1.0,1,1,1.0,0.0,0.0,0.0,7.0,90.0,94.1029990090625,0,0,0,1,normal,0,0
CUST-d33f48b29a,2,2,1.0,1,2,0.5,0.0,0.0,16.663338519756945,0.8401677721064631,115.0,431.4659388431366,0,0,0,1,normal,0,0
CUST-d342ef32da,2,2,1.0,1,2,0.5,0.0,0.0,12.406041346805557,1.1284824553325281,160.0,169.9864211452662,0,0,0,1,normal,0,0
CUST-d391708787,15,1,15.0,15,1,1.0,1.0,0.35,0.0,7.0,243.75,119.12605713829862,0,0,0,1,solo_reseller,1,0
CUST-d3a4ab6a60,2,2,1.0,1,2,0.5,0.0,0.0,41.02159948638889,0.34128362070926194,120.0,88.07621581244213,0,0,0,1,normal,0,0
CUST-d3cc57b302,1,1,1.0,1,1,1.0,0.0,0.0,0.0,7.0,90.0,70.81465169791667,0,0,0,1,normal,0,0
CUST-d3d173ac7a,1,1,1.0,1,1,1.0,0.0,0.0,0.0,7.0,100.0,265.38230779997684,0,0,0,1,normal,0,0
CUST-d408e55816,12,3,4.0,5,1,1.0,1.0,0.4166666666666667,149.99869623704862,0.1400012168559979,705.0,0.0,0,0,4,5,ring_reseller,1,0
CUST-d40f621369,3,1,3.0,3,1,1.0,1.0,0.3,0.0,7.0,147.0,0.0,0,0,2,3,ring_reseller,1,0
CUST-d46d8751f2,2,2,1.0,1,2,0.5,0.0,0.0,51.05266507774306,0.27422662418662735,110.0,48.74759895916667,0,0,0,1,normal,0,0
CUST-d471a21ba2,4,4,1.0,1,4,0.25,0.0,0.0,127.88370061332176,0.21894893458442205,305.0,194.242263296875,0,0,0,1,normal,0,0
CUST-d47430685b,28,2,14.0,20,1,1.0,1.0,0.45,59.997420913587966,0.23334336354497093,1440.0,9.80034438449074,0,0,0,1,solo_reseller,1,0
CUST-d4802f6c5b,3,3,1.0,1,3,0.3333333333333333,0.0,0.0,66.13182280851852,0.3175475755568462,125.0,192.3133625336111,0,0,1,2,shared_address_legit,0,1
CUST-d4b98929d1,1,1,1.0,1,1,1.0,0.0,0.0,0.0,7.0,90.0,401.9723681801273,0,0,0,1,normal,0,0
CUST-d4c1cf0add,1,1,1.0,1,1,1.0,0.0,0.0,0.0,7.0,70.0,474.829326122037,0,0,0,1,normal,0,0
CUST-d50eea4929,4,1,4.0,4,1,1.0,1.0,0.3,0.0,7.0,196.0,0.0,0,0,5,6,ring_reseller,1,0
CUST-d534992381,35,3,11.666666666666666,15,1,1.0,1.0,0.43333333333333335,149.9987116144676,0.14000120250349218,1755.0,12.226302812488427,0,0,0,1,solo_reseller,1,0
CUST-d5556ec0cf,1,1,1.0,1,1,1.0,0.0,0.0,0.0,7.0,100.0,5.7990367919328705,0,0,0,1,normal,0,0
CUST-d5685b256a,2,2,1.0,1,2,0.5,0.0,0.0,149.72355439082176,0.09350566153042261,160.0,7.146964022337962,0,0,0,1,normal,0,0
CUST-d599518540,34,7,4.857142857142857,8,5,0.2647058823529412,0.0,0.0,123.50295178818288,0.3967516507948635,2760.0,704.3243630084492,0,0,0,1,loyal_bulk,0,1
CUST-d5c0573996,2,2,1.0,1,2,0.5,0.0,0.0,52.16156325935186,0.2683968639971692,150.0,343.11726985425923,0,0,0,1,normal,0,0
CUST-d5d0c068ce,2,2,1.0,1,2,0.5,0.0,0.0,93.35464624946759,0.1499657549190257,120.0,25.42067909664352,0,0,0,1,normal,0,0
CUST-d5dc7f3b0f,29,8,3.625,5,1,1.0,0.0,0.0,147.86154626159723,0.37873268213308536,2610.0,57.3630117959375,0,0,0,1,stealth_reseller,1,0
CUST-d5e24a4d23,1,1,1.0,1,1,1.0,0.0,0.0,0.0,7.0,30.0,288.37771091939817,0,0,0,1,normal,0,0
CUST-d5fbc8b9eb,1,1,1.0,1,1,1.0,0.0,0.0,0.0,7.0,90.0,124.6907758673264,0,0,0,1,normal,0,0
CUST-d6184ff55e,1,1,1.0,1,1,1.0,0.0,0.0,0.0,7.0,30.0,274.5103745105093,0,0,0,1,normal,0,0
CUST-d63a7d0461,12,3,4.0,5,1,1.0,1.0,0.43333333333333335,149.99002530895834,0.1400093103307567,621.0,0.0,0,0,3,4,ring_reseller,1,0
CUST-d63ba3e9aa,18,4,4.5,8,4,0.30246913580246915,0.0,0.0,34.51672976643518,0.8112008347681826,1400.0,477.0099554520139,0,0,0,1,loyal_bulk,0,1
CUST-d6546f1358,1,1,1.0,1,1,1.0,0.0,0.0,0.0,7.0,85.0,69.59695150157408,0,0,0,1,normal,0,0
CUST-d65b509b0a,1,1,1.0,1,1,1.0,0.0,0.0,0.0,7.0,70.0,142.30139929232638,0,0,3,4,shared_address_legit,0,1
CUST-d6baac4b94,46,12,3.8333333333333335,5,2,0.5,0.0,0.0,93.61456454412037,0.8972962744532231,4025.0,1.3249484330902777,0,0,0,1,stealth_reseller,1,0
CUST-d6f7e5d717,2,2,1.0,1,2,0.5,0.0,0.0,1.8530412708680555,7.555147432545695,115.0,7.217933097152778,0,0,3,4,shared_address_legit,0,1
CUST-d7019d14f5,30,7,4.285714285714286,6,5,0.22,0.0,0.0,136.20420685871528,0.35975393954481694,2140.0,338.5155450842824,0,0,0,1,loyal_bulk,0,1
CUST-d7717b59f4,21,6,3.5,4,1,1.0,0.0,0.0,88.34660168217592,0.47540028931835615,1470.0,37.685418636979165,0,0,0,1,stealth_reseller,1,0
CUST-d785b43094,3,3,1.0,1,3,0.3333333333333333,0.0,0.0,89.6490912605787,0.23424665777102313,180.0,414.542072563125,0,0,0,1,normal,0,0
CUST-d786a96ed6,11,3,3.6666666666666665,5,2,0.6033057851239669,1.0,0.4000000000000001,120.01081179997685,0.17498423421217163,445.5,0.0,0,5,5,6,ring_reseller,1,0
CUST-d786bb408a,2,2,1.0,1,2,0.5,0.0,0.0,0.5379878755324075,14.0,155.0,34.7080394849537,0,0,0,1,normal,0,0
CUST-d790f39fec,2,1,2.0,2,1,1.0,0.0,0.0,0.0,7.0,170.0,296.03200049805554,0,0,0,1,normal,0,0
CUST-d7bc0c3219,9,3,3.0,3,2,0.5555555555555556,1.0,0.3833333333333333,150.00178068292823,0.13999833804899636,372.75,0.0,2,0,2,3,ring_reseller,1,0
CUST-d7fbd2db8c,2,2,1.0,1,2,0.5,0.0,0.0,101.25996273064816,0.13825800071880381,115.0,74.14045066075231,0,0,1,2,shared_address_legit,0,1
CUST-d8011153be,8,1,8.0,8,1,1.0,1.0,0.4,0.0,7.0,432.0,11.504469430266203,0,0,0,1,solo_reseller,1,0
CUST-d821e24c44,4,3,1.3333333333333333,2,3,0.375,0.0,0.0,53.487902792511576,0.3926121403836392,370.0,4.983604452013888,0,0,0,1,normal,0,0
CUST-d84dc7264e,8,2,4.0,4,2,0.5,1.0,0.35,29.99812542777778,0.46669582850121116,412.0,0.0,0,0,3,4,ring_reseller,1,0
CUST-d850c8ecd6,1,1,1.0,1,1,1.0,0.0,0.0,0.0,7.0,100.0,75.14218397804397,0,0,0,1,normal,0,0
CUST-d859aa3759,2,2,1.0,1,2,0.5,0.0,0.0,20.508161376782407,0.6826550534095955,100.0,48.9378461924537,0,0,0,1,normal,0,0
CUST-d861169eb5,1,1,1.0,1,1,1.0,0.0,0.0,0.0,7.0,90.0,180.76786566778935,0,0,3,4,shared_address_legit,0,1
CUST-d8ab593166,3,2,1.5,2,2,0.5555555555555556,0.0,0.0,9.717083251307871,1.440761557550273,265.0,29.699081418530092,0,0,0,1,normal,0,0
CUST-d8ed237db1,1,1,1.0,1,1,1.0,0.0,0.0,0.0,7.0,60.0,0.825664897511574,0,0,0,1,normal,0,0
CUST-d90710d738,1,1,1.0,1,1,1.0,0.0,0.0,0.0,7.0,30.0,20.908847032731483,0,0,0,1,normal,0,0
CUST-d92b0089b1,2,2,1.0,1,2,0.5,0.0,0.0,115.18789131628472,0.12154055291765503,110.0,404.30410164700237,0,0,0,1,normal,0,0
CUST-d973878b89,1,1,1.0,1,1,1.0,0.0,0.0,0.0,7.0,90.0,148.93324847399305,0,0,0,1,normal,0,0
CUST-d98eacf2f5,3,3,1.0,1,3,0.3333333333333333,0.0,0.0,47.029290931666665,0.4465302279490648,190.0,57.42271881976851,0,0,1,2,shared_address_legit,0,1
CUST-d99ead67fe,7,2,3.5,4,1,1.0,0.0,0.0,22.651593769502316,0.6180580555373256,630.0,438.942145573287,0,0,0,1,loyal_bulk,0,1
CUST-d9b3f811e3,2,1,2.0,2,1,1.0,0.0,0.0,0.0,7.0,140.0,220.97966441630786,0,0,0,1,normal,0,0
CUST-d9de4c29a4,2,2,1.0,1,2,0.5,0.0,0.0,59.57529247185185,0.23499674813371202,160.0,395.0193332571875,0,0,0,1,normal,0,0
CUST-da4acb97c3,2,2,1.0,1,2,0.5,0.0,0.0,38.371431432939815,0.3648547754718827,125.0,386.76967805032405,0,0,2,3,shared_address_legit,0,1
CUST-da622b5f06,1,1,1.0,1,1,1.0,0.0,0.0,0.0,7.0,90.0,431.08602545533563,0,0,0,1,normal,0,0
CUST-da863ac8db,6,4,1.5,2,2,0.5555555555555556,0.0,0.0,95.31569913908564,0.29376063180465284,480.0,295.28050524582176,0,0,0,1,normal,0,0
CUST-da87a0d6d3,22,6,3.6666666666666665,5,2,0.5371900826446281,0.0,0.0,51.52322186739584,0.8151664138569296,1820.0,21.84031779853009,0,0,0,1,stealth_reseller,1,0
CUST-da964b09a4,14,3,4.666666666666667,6,2,0.510204081632653,0.0,0.0,101.8077283271412,0.20627117749371834,710.0,213.5193605648264,0,0,0,1,loyal_bulk,0,1
CUST-dad79109d3,1,1,1.0,1,1,1.0,0.0,0.0,0.0,7.0,30.0,8.89333168525463,0,0,0,1,normal,0,0
CUST-dafddfe339,1,1,1.0,1,1,1.0,0.0,0.0,0.0,7.0,85.0,293.18664317189814,0,0,0,1,normal,0,0
CUST-db20fe43e1,2,2,1.0,1,1,1.0,0.0,0.0,99.06438979061342,0.14132222516679283,60.0,279.40518539100697,0,0,0,1,normal,0,0
CUST-db35cdf5e3,3,1,3.0,3,1,1.0,1.0,0.5,0.0,7.0,127.5,36.601102429490744,0,0,5,6,ring_reseller,1,0
CUST-db3f7b89ff,1,1,1.0,1,1,1.0,0.0,0.0,0.0,7.0,90.0,279.12953803704863,0,0,0,1,normal,0,0
CUST-db4c40947d,1,1,1.0,1,1,1.0,0.0,0.0,0.0,7.0,100.0,212.91688903317132,0,0,0,1,normal,0,0
CUST-db71795a6d,1,1,1.0,1,1,1.0,0.0,0.0,0.0,7.0,90.0,227.97740545399307,0,0,0,1,normal,0,0
CUST-db97c23cb9,3,1,3.0,3,1,1.0,1.0,0.4,0.0,7.0,162.0,0.0,0,5,5,6,ring_reseller,1,0
CUST-dc9714bfad,3,3,1.0,1,3,0.3333333333333333,0.0,0.0,31.794858345567132,0.6604841503540726,230.0,14.909919015925928,0,0,0,1,normal,0,0
CUST-dcdd512bc0,2,2,1.0,1,2,0.5,0.0,0.0,55.5187736249074,0.252166953373033,190.0,315.14714083146987,0,0,3,4,shared_address_legit,0,1
CUST-dd06e9a755,1,1,1.0,1,1,1.0,0.0,0.0,0.0,7.0,30.0,276.69622095332176,0,0,0,1,normal,0,0
CUST-dd08a96731,3,2,1.5,2,2,0.5555555555555556,0.0,0.0,64.37241531708334,0.21748446024650933,140.0,59.39078143658565,0,0,3,4,shared_address_legit,0,1
CUST-dd0c1d1cd9,24,5,4.8,8,4,0.2777777777777778,0.0,0.0,129.1708442652778,0.2709589783908248,2000.0,594.1350193228703,0,0,0,1,loyal_bulk,0,1
CUST-dd265df721,3,2,1.5,2,2,0.5555555555555556,0.0,0.0,54.2551147642824,0.25804018774680715,200.0,22.95752392892361,0,0,3,4,shared_address_legit,0,1
CUST-dd2cb10d57,1,1,1.0,1,1,1.0,0.0,0.0,0.0,7.0,60.0,315.1878564267361,0,0,3,4,shared_address_legit,0,1
CUST-dd3ecfb256,3,1,3.0,3,1,1.0,1.0,0.5,0.0,7.0,135.0,0.0,0,0,5,6,ring_reseller,1,0
CUST-dd52b0509a,2,1,2.0,2,1,1.0,0.0,0.0,0.0,7.0,180.0,507.19970569542824,0,0,0,1,normal,0,0
CUST-ddba7cd34e,1,1,1.0,1,1,1.0,0.0,0.0,0.0,7.0,60.0,324.9422449099074,0,0,0,1,normal,0,0
CUST-de0e8235ee,1,1,1.0,1,1,1.0,0.0,0.0,0.0,7.0,85.0,65.98400418453703,0,0,0,1,normal,0,0
CUST-de118639de,1,1,1.0,1,1,1.0,0.0,0.0,0.0,7.0,90.0,4.103438498344907,0,0,0,1,normal,0,0
CUST-de1fb7fa42,6,2,3.0,3,2,0.5,1.0,0.425,60.00365062844907,0.23331913730866047,244.5,31.432348804618055,0,0,2,3,ring_reseller,1,0
CUST-de4c710d9b,2,2,1.0,1,1,1.0,0.0,0.0,1.6111939469675927,8.689208413642081,140.0,0.9047079864814815,0,0,0,1,normal,0,0
CUST-de51601fb5,46,12,3.8333333333333335,5,2,0.5236294896030247,0.0,0.0,157.38693935363426,0.5337164592244823,1960.0,7.122770541539352,0,0,0,1,stealth_reseller,1,0
CUST-de902ee4e9,2,1,2.0,2,1,1.0,0.0,0.0,0.0,7.0,50.0,207.1575426549537,0,0,0,1,normal,0,0
CUST-de92a7463a,2,1,2.0,2,1,1.0,0.0,0.0,0.0,7.0,170.0,124.43518790695603,0,0,0,1,normal,0,0
CUST-dea772ff63,1,1,1.0,1,1,1.0,0.0,0.0,0.0,7.0,85.0,190.13586730729168,0,0,0,1,normal,0,0
CUST-dea8fbe891,2,2,1.0,1,2,0.5,0.0,0.0,103.30943212210649,0.13551521591419372,150.0,198.98290408582176,0,0,0,1,normal,0,0
CUST-deb4b4850e,23,6,3.8333333333333335,8,4,0.274102079395085,0.0,0.0,140.05927726570602,0.2998730310475752,1890.0,558.1930848304166,0,0,0,1,loyal_bulk,0,1
CUST-deb5aa0f67,3,2,1.5,2,2,0.5555555555555556,0.0,0.0,41.01830247353009,0.34131105276807766,140.0,5.349581905821759,0,0,0,1,normal,0,0
CUST-deccc3a2ef,1,1,1.0,1,1,1.0,0.0,0.0,0.0,7.0,70.0,73.14603152412037,0,0,0,1,normal,0,0
CUST-deededcbbf,2,2,1.0,1,2,0.5,0.0,0.0,81.58766427059027,0.17159456794311675,120.0,288.6648224886111,0,0,0,1,normal,0,0
CUST-df25e99d69,4,1,4.0,4,1,1.0,0.0,0.0,0.0,7.0,100.0,427.3347584851736,0,0,0,1,loyal_bulk,0,1
CUST-df2986d079,3,2,1.5,2,2,0.5555555555555556,0.0,0.0,147.8591531095949,0.09468470301343496,250.0,382.848657457037,0,0,0,1,normal,0,0
CUST-df39ca347f,12,2,6.0,8,2,0.5555555555555556,0.0,0.0,45.489647130925924,0.3077623345748524,480.0,616.7342585299884,0,0,0,1,loyal_bulk,0,1
CUST-df591b5a09,3,3,1.0,1,1,1.0,0.0,0.0,110.47227468569444,0.1900929446754606,270.0,264.20459115505787,0,0,0,1,normal,0,0
CUST-df8a79bc5c,2,1,2.0,2,1,1.0,0.0,0.0,0.0,7.0,180.0,25.1109718122338,0,0,0,1,normal,0,0
CUST-dfb49cd9f7,1,1,1.0,1,1,1.0,0.0,0.0,0.0,7.0,70.0,103.25693347127314,0,0,3,4,shared_address_legit,0,1
CUST-dfdbd64031,2,1,2.0,2,1,1.0,0.0,0.0,0.0,7.0,180.0,182.59869736105324,0,0,0,1,normal,0,0
CUST-dff8fc80bb,3,3,1.0,1,3,0.3333333333333333,0.0,0.0,38.5679917784375,0.5444929598782124,155.0,92.96287681848379,0,0,0,1,normal,0,0
CUST-e00edcb666,25,2,12.5,15,2,0.52,1.0,0.35,29.996554760127314,0.4667202654422631,1275.0,0.0,0,0,0,1,solo_reseller,1,0
CUST-e0199515b3,5,3,1.6666666666666667,2,3,0.3600000000000001,0.0,0.0,84.97401337668983,0.24713437868242133,470.0,421.3046773094792,0,0,0,1,normal,0,0
CUST-e0294360cd,24,7,3.4285714285714284,5,2,0.53125,0.0,0.0,121.87233162480325,0.4020600848997592,1620.0,61.764176398263885,0,0,0,1,stealth_reseller,1,0
CUST-e042083a4d,1,1,1.0,1,1,1.0,0.0,0.0,0.0,7.0,25.0,330.07894553832176,0,0,0,1,normal,0,0
CUST-e048cbaa5d,1,1,1.0,1,1,1.0,0.0,0.0,0.0,7.0,90.0,427.0834485692246,0,0,2,3,shared_address_legit,0,1
CUST-e0670e194c,12,3,4.0,4,3,0.3333333333333333,0.0,0.0,93.10454288818288,0.22555290374198683,820.0,365.9733135758102,0,0,0,1,loyal_bulk,0,1
CUST-e07256af15,1,1,1.0,1,1,1.0,0.0,0.0,0.0,7.0,30.0,167.39059188770833,0,0,0,1,normal,0,0
CUST-e072694461,2,1,2.0,2,1,1.0,0.0,0.0,0.0,7.0,200.0,35.23124270395834,0,0,0,1,normal,0,0
CUST-e0d8c724c3,5,1,5.0,5,1,1.0,1.0,0.35,0.0,7.0,81.25,11.781590377037038,0,0,3,4,ring_reseller,1,0
CUST-e0e1e96118,21,6,3.5,6,5,0.26530612244897955,0.0,0.0,129.8772188090741,0.32338234822953876,1665.0,365.8002294062847,0,0,0,1,loyal_bulk,0,1
CUST-e12fe6c810,2,2,1.0,1,2,0.5,0.0,0.0,20.427997078171295,0.6853339535161748,130.0,199.11795538150463,0,0,0,1,normal,0,0
CUST-e13f17d643,20,5,4.0,5,5,0.20500000000000002,0.0,0.0,116.27645832792824,0.3010067601241464,1600.0,672.2001316473843,0,0,0,1,loyal_bulk,0,1
CUST-e157170eaa,21,6,3.5,5,4,0.28344671201814053,0.0,0.0,129.99314104488425,0.3230939699002901,1695.0,473.49606587928236,0,0,0,1,loyal_bulk,0,1
CUST-e170a25956,36,3,12.0,20,2,0.654320987654321,1.0,0.4000000000000001,120.00889298619214,0.17498703202283683,1724.0,30.443285127314816,0,0,0,1,solo_reseller,1,0
CUST-e1819cc257,1,1,1.0,1,1,1.0,0.0,0.0,0.0,7.0,90.0,30.59047990603009,0,0,0,1,normal,0,0
CUST-e191cd059b,2,2,1.0,1,1,1.0,0.0,0.0,94.9762618299074,0.14740525401044466,200.0,402.85487882999996,0,0,3,4,shared_address_legit,0,1
CUST-e1a3c1f61a,2,2,1.0,1,1,1.0,0.0,0.0,29.31226950949074,0.4776156958937306,180.0,3.6112136990624997,0,0,0,1,normal,0,0
CUST-e1ae2fa007,2,1,2.0,2,1,1.0,0.0,0.0,0.0,7.0,200.0,163.07568135636575,0,0,0,1,normal,0,0
CUST-e204f286dd,2,2,1.0,1,1,1.0,0.0,0.0,139.45231029386574,0.10039274337225401,180.0,217.94720308834493,0,0,0,1,normal,0,0
CUST-e2144fae7a,2,1,2.0,2,1,1.0,0.0,0.0,0.0,7.0,50.0,240.3377301599421,0,0,0,1,normal,0,0
CUST-e214ea497a,25,2,12.5,15,1,1.0,1.0,0.42500000000000004,90.01008259539353,0.15553813079954312,1282.5,0.0,0,0,0,1,solo_reseller,1,0
CUST-e26beeeeaa,1,1,1.0,1,1,1.0,0.0,0.0,0.0,7.0,70.0,242.13952311481484,0,0,0,1,normal,0,0
CUST-e2c1d2e2f5,2,2,1.0,1,2,0.5,0.0,0.0,55.56255359952546,0.25196826087056534,125.0,8.249303774537037,0,0,0,1,normal,0,0
CUST-e328cbebb7,1,1,1.0,1,1,1.0,0.0,0.0,0.0,7.0,60.0,321.7586496274074,0,0,0,1,normal,0,0
CUST-e3627ab9ae,23,5,4.6,8,3,0.39886578449905485,0.0,0.0,94.2101339616088,0.37150992709831737,905.0,320.1713530323148,0,0,0,1,loyal_bulk,0,1
CUST-e386491f76,2,2,1.0,1,2,0.5,0.0,0.0,42.03877247181713,0.33302589911219754,160.0,482.5609488406945,0,0,0,1,normal,0,0
CUST-e38a425f00,1,1,1.0,1,1,1.0,0.0,0.0,0.0,7.0,90.0,251.92019101201387,0,0,0,1,normal,0,0
CUST-e38eaa4298,4,1,4.0,4,1,1.0,1.0,0.4,0.0,7.0,216.0,82.13222966180555,3,0,3,4,ring_reseller,1,0
CUST-e3a0b4fb33,2,1,2.0,2,1,1.0,0.0,0.0,0.0,7.0,140.0,29.852612868888887,0,0,0,1,normal,0,0
CUST-e40157acf0,6,2,3.0,3,2,0.5,1.0,0.32499999999999996,89.99959578467592,0.15555625420246338,195.75,0.0,0,3,3,4,ring_reseller,1,0
CUST-e436e4e0ac,7,4,1.75,2,4,0.26530612244897955,0.0,0.0,161.53392807233797,0.17333819795096586,440.0,317.8694996187384,0,0,0,1,normal,0,0
CUST-e4526cb75d,3,3,1.0,1,3,0.3333333333333333,0.0,0.0,91.16403826524305,0.23035399045071048,215.0,238.8913905957986,0,0,0,1,normal,0,0
CUST-e47a63f170,9,3,3.0,3,1,1.0,1.0,0.43333333333333335,149.99286121746528,0.1400066631808124,459.0,0.0,0,0,3,4,ring_reseller,1,0
CUST-e49d841786,1,1,1.0,1,1,1.0,0.0,0.0,0.0,7.0,30.0,159.0853061569676,0,0,0,1,normal,0,0
CUST-e4aafddb34,1,1,1.0,1,1,1.0,0.0,0.0,0.0,7.0,90.0,219.63908236114585,0,0,3,4,shared_address_legit,0,1
CUST-e4bede15f7,5,5,1.0,1,5,0.20000000000000004,0.0,0.0,63.72942838413194,0.5491968292738474,355.0,44.8861027212963,0,0,0,1,normal,0,0
CUST-e4e1b97896,12,3,4.0,5,3,0.3472222222222222,0.0,0.0,71.16359488493056,0.29509470444763763,540.0,763.8434600446412,0,0,0,1,loyal_bulk,0,1
CUST-e4f003a928,3,3,1.0,1,2,0.5555555555555556,0.0,0.0,5.805205229976852,3.6174431683414814,190.0,13.586542802951387,0,0,0,1,normal,0,0
CUST-e51ac043a2,2,2,1.0,1,2,0.5,0.0,0.0,92.5845533845139,0.15121312884511576,170.0,138.9165520687037,0,0,0,1,normal,0,0
CUST-e52e9f5f57,22,6,3.6666666666666665,6,4,0.29338842975206614,0.0,0.0,99.57290042292824,0.4218015124758667,1380.0,474.0351154932986,0,0,0,1,loyal_bulk,0,1
CUST-e542c8a3e5,2,2,1.0,1,2,0.5,0.0,0.0,123.12733430112267,0.113703428076834,190.0,401.9500760493402,0,0,0,1,normal,0,0
CUST-e5642f4a37,3,2,1.5,2,2,0.5555555555555556,0.0,0.0,56.42389804762731,0.24812181512490727,230.0,168.37044833695603,0,0,2,3,shared_address_legit,0,1
CUST-e56ad5bc57,2,1,2.0,2,1,1.0,0.0,0.0,0.0,7.0,60.0,16.364951201539352,0,0,0,1,normal,0,0
CUST-e5782bc696,19,4,4.75,8,4,0.29085872576177285,0.0,0.0,111.32422179820603,0.2515175902217824,1440.0,653.801205567824,0,0,0,1,loyal_bulk,0,1
CUST-e5ad22296d,20,2,10.0,12,2,0.52,1.0,0.375,60.01305721083334,0.2332825663391261,828.0,91.69764463126157,0,0,0,1,solo_reseller,1,0
CUST-e609b9b4ba,1,1,1.0,1,1,1.0,0.0,0.0,0.0,7.0,60.0,521.1837886381251,0,0,3,4,shared_address_legit,0,1
CUST-e649c03bbb,2,1,2.0,2,1,1.0,0.0,0.0,0.0,7.0,50.0,275.3408444338079,0,0,0,1,normal,0,0
CUST-e6564468d8,40,11,3.6363636363636362,5,2,0.53125,0.0,0.0,100.67479790033566,0.7648388832747115,3850.0,15.39804034074074,0,0,0,1,stealth_reseller,1,0
CUST-e65a72e5ab,5,1,5.0,5,1,1.0,1.0,0.5,0.0,7.0,212.5,0.0,0,0,4,5,ring_reseller,1,0
CUST-e66a8a727d,1,1,1.0,1,1,1.0,0.0,0.0,0.0,7.0,30.0,110.33579628412036,0,0,0,1,normal,0,0
CUST-e69928451a,4,4,1.0,1,3,0.375,0.0,0.0,64.3029270821875,0.43543896476458005,295.0,21.072210072974535,0,0,0,1,normal,0,0
CUST-e6ca884e20,1,1,1.0,1,1,1.0,0.0,0.0,0.0,7.0,60.0,23.706826722916666,0,0,0,1,normal,0,0
CUST-e6f40d4b9b,1,1,1.0,1,1,1.0,0.0,0.0,0.0,7.0,90.0,0.6293559951273148,0,0,0,1,normal,0,0
CUST-e70081c5bc,25,7,3.5714285714285716,5,2,0.52,0.0,0.0,77.54442401766204,0.6318958535153918,1350.0,37.896553007939815,0,0,0,1,stealth_reseller,1,0
CUST-e70eff6c17,2,2,1.0,1,2,0.5,0.0,0.0,118.87001580842592,0.11777570571339684,115.0,188.5486278223611,0,0,0,1,normal,0,0
CUST-e7306daac0,11,3,3.6666666666666665,5,3,0.3553719008264462,0.0,0.0,84.68529008380787,0.2479769506512593,825.0,233.846687951875,0,0,0,1,loyal_bulk,0,1
CUST-e7429438d6,2,2,1.0,1,2,0.5,0.0,0.0,81.98820671724538,0.1707562655722197,170.0,249.5666617823264,0,0,0,1,normal,0,0
CUST-e7484fa29c,12,1,12.0,12,1,1.0,1.0,0.35,0.0,7.0,195.0,174.72733030681715,0,0,0,1,solo_reseller,1,0
CUST-e7642a2a36,3,3,1.0,1,3,0.3333333333333333,0.0,0.0,41.29804847741898,0.5084986040316751,185.0,22.937760135486112,0,0,0,1,normal,0,0
CUST-e7ad866fa7,1,1,1.0,1,1,1.0,0.0,0.0,0.0,7.0,25.0,151.35432508244213,0,0,0,1,normal,0,0
CUST-e7b13e0fcd,4,4,1.0,1,4,0.25,0.0,0.0,80.9070184817824,0.34607628022165565,310.0,178.91923181722223,0,0,0,1,normal,0,0
CUST-e7b26cc1a4,1,1,1.0,1,1,1.0,0.0,0.0,0.0,7.0,100.0,19.367890095497685,0,0,0,1,normal,0,0
CUST-e7d328594a,1,1,1.0,1,1,1.0,0.0,0.0,0.0,7.0,85.0,275.84681276961805,0,0,0,1,normal,0,0
CUST-e7fb33e9b8,23,5,4.6,8,4,0.42155009451795844,0.0,0.0,110.9311018452199,0.3155111543815264,1410.0,567.8768125125695,0,0,0,1,loyal_bulk,0,1
CUST-e7fca632cb,1,1,1.0,1,1,1.0,0.0,0.0,0.0,7.0,25.0,263.8484751266435,0,0,0,1,normal,0,0
CUST-e808d35412,4,3,1.3333333333333333,2,3,0.375,0.0,0.0,22.338568285636576,0.9400781523452754,295.0,1.4924464450925927,0,0,0,1,normal,0,0
CUST-e82c20accf,26,5,5.2,8,4,0.26331360946745563,0.0,0.0,145.98270719547455,0.23975442483837564,1825.0,445.0352635816551,0,0,0,1,loyal_bulk,0,1
CUST-e884236c6a,2,1,2.0,2,1,1.0,0.0,0.0,0.0,7.0,140.0,46.21088594322917,0,0,0,1,normal,0,0
CUST-e8bf8423ca,10,1,10.0,10,1,1.0,1.0,0.5,0.0,7.0,425.0,78.93253698059029,0,0,0,1,solo_reseller,1,0
CUST-e8fa9f8cd1,3,3,1.0,1,3,0.3333333333333333,0.0,0.0,130.04511220153935,0.1614824244025022,240.0,359.30437469269674,0,0,0,1,normal,0,0
CUST-e961272288,4,3,1.3333333333333333,2,2,0.5,0.0,0.0,122.92964306984953,0.1708294230388975,360.0,144.0209696329977,0,0,0,1,normal,0,0
CUST-e981bfe6e4,1,1,1.0,1,1,1.0,0.0,0.0,0.0,7.0,60.0,217.6707426892708,0,0,0,1,normal,0,0
CUST-e9874e6e75,45,3,15.0,20,2,0.5555555555555556,1.0,0.3833333333333333,149.997657187581,0.14000218665907727,2385.0,0.0,0,0,0,1,solo_reseller,1,0
CUST-e9968a8218,2,2,1.0,1,2,0.5,0.0,0.0,9.642905221481483,1.4518446130541889,120.0,376.71396611585646,0,0,0,1,normal,0,0
CUST-e9a08ffc5e,1,1,1.0,1,1,1.0,0.0,0.0,0.0,7.0,90.0,0.12318305986111111,0,0,0,1,normal,0,0
CUST-e9d262ccdc,2,1,2.0,2,1,1.0,0.0,0.0,0.0,7.0,180.0,614.2949939112732,0,0,3,4,shared_address_legit,0,1
CUST-e9ef5535b1,1,1,1.0,1,1,1.0,0.0,0.0,0.0,7.0,90.0,401.1792454619792,0,0,0,1,normal,0,0
CUST-ea56d0d9f4,4,3,1.3333333333333333,2,1,1.0,0.0,0.0,46.25458150234954,0.454009080136922,120.0,26.29361112037037,0,0,0,1,normal,0,0
CUST-ea5721286d,1,1,1.0,1,1,1.0,0.0,0.0,0.0,7.0,70.0,211.0495392243287,0,0,0,1,normal,0,0
CUST-eaabadbd6a,9,2,4.5,5,2,0.5061728395061729,0.0,0.0,85.00134734758102,0.16470327161700474,660.0,547.7391394649884,0,0,0,1,loyal_bulk,0,1
CUST-ead48ff84a,3,2,1.5,2,2,0.5555555555555556,0.0,0.0,42.13980470459491,0.3322274533102771,250.0,405.2716564535417,0,0,0,1,normal,0,0
CUST-eaeadf33ee,2,1,2.0,2,1,1.0,0.0,0.0,0.0,7.0,180.0,437.51475826651614,0,0,0,1,normal,0,0
CUST-eafe59aa48,25,6,4.166666666666667,6,3,0.34080000000000005,0.0,0.0,94.18386814530092,0.4459362396881497,1510.0,553.3911937409143,0,0,0,1,loyal_bulk,0,1
CUST-eb097e9a9d,1,1,1.0,1,1,1.0,0.0,0.0,0.0,7.0,85.0,331.5413188409838,0,0,0,1,normal,0,0
CUST-eb26ce98da,2,2,1.0,1,2,0.5,0.0,0.0,12.862478847743054,1.0884371640740573,150.0,140.2798294376389,0,0,0,1,normal,0,0
CUST-eb494cb9ad,6,2,3.0,3,2,0.5,1.0,0.35,120.00014435552085,0.11666652632119022,309.0,22.074908507083332,0,1,1,2,ring_reseller,1,0
CUST-eb563c25b6,1,1,1.0,1,1,1.0,0.0,0.0,0.0,7.0,100.0,452.9072781495949,0,0,0,1,normal,0,0
CUST-eb569319c0,2,2,1.0,1,2,0.5,0.0,0.0,63.14422955979166,0.22171463802156796,100.0,332.7607284448495,0,0,0,1,normal,0,0
CUST-eb94941f24,1,1,1.0,1,1,1.0,0.0,0.0,0.0,7.0,25.0,121.7149440686111,0,0,0,1,normal,0,0
CUST-eba63154a3,1,1,1.0,1,1,1.0,0.0,0.0,0.0,7.0,70.0,221.45238580763888,0,0,0,1,normal,0,0
CUST-ebb980f4c3,2,1,2.0,2,1,1.0,0.0,0.0,0.0,7.0,140.0,129.91886385844907,0,0,0,1,normal,0,0
CUST-ebd990eef5,30,9,3.3333333333333335,5,2,0.52,0.0,0.0,42.54550138,1.4807676007225374,2280.0,0.45105324520833334,0,0,0,1,stealth_reseller,1,0
CUST-ebe756b519,1,1,1.0,1,1,1.0,0.0,0.0,0.0,7.0,100.0,200.0247158238889,0,0,0,1,normal,0,0
CUST-ebeee69c3a,3,3,1.0,1,3,0.3333333333333333,0.0,0.0,62.045224907581016,0.33846279115403943,275.0,195.63009427190974,0,0,0,1,normal,0,0
CUST-ebf2e6c7a7,4,1,4.0,4,1,1.0,1.0,0.5,0.0,7.0,170.0,36.70784939318287,0,0,5,6,ring_reseller,1,0
CUST-ec023bfef9,1,1,1.0,1,1,1.0,0.0,0.0,0.0,7.0,90.0,384.36844206011574,0,0,0,1,normal,0,0
CUST-ec2f319b19,15,1,15.0,15,1,1.0,1.0,0.35,0.0,7.0,243.75,93.23481682064815,0,0,0,1,solo_reseller,1,0
CUST-ec4ff63bc0,1,1,1.0,1,1,1.0,0.0,0.0,0.0,7.0,25.0,79.61222538049768,0,0,0,1,normal,0,0
CUST-ec58a1c55a,2,2,1.0,1,2,0.5,0.0,0.0,53.231938710393514,0.26300000223862796,95.0,257.538084599919,0,0,0,1,normal,0,0
CUST-ec5928713a,3,2,1.5,2,2,0.5555555555555556,0.0,0.0,16.237008915949076,0.862227770673222,160.0,419.54577220203697,0,0,0,1,normal,0,0
CUST-ec648f6a36,2,2,1.0,1,2,0.5,0.0,0.0,29.056190458125002,0.48182503553507544,155.0,9.562139128333333,0,0,0,1,normal,0,0
CUST-ec72fd8f48,37,7,5.285714285714286,8,5,0.27246165084002927,0.0,0.0,123.3859315042477,0.3971279334898332,2140.0,228.63431029024306,0,0,0,1,loyal_bulk,0,1
CUST-ec77107dc3,10,1,10.0,10,1,1.0,1.0,0.35,0.0,7.0,162.5,179.17791805650464,0,0,0,1,solo_reseller,1,0
CUST-ec94fb1305,1,1,1.0,1,1,1.0,0.0,0.0,0.0,7.0,60.0,209.94729366416666,0,0,0,1,normal,0,0
CUST-ed623fb249,2,1,2.0,2,1,1.0,0.0,0.0,0.0,7.0,200.0,92.80753361453704,0,0,0,1,normal,0,0
CUST-ed798a96e1,1,1,1.0,1,1,1.0,0.0,0.0,0.0,7.0,70.0,85.89666366621528,0,0,0,1,normal,0,0
CUST-ed7efbb602,10,1,10.0,10,1,1.0,1.0,0.3,0.0,7.0,490.0,0.0,0,0,0,1,solo_reseller,1,0
CUST-ed973a5369,5,3,1.6666666666666667,2,3,0.3600000000000001,0.0,0.0,90.02392033131945,0.23327133413777884,380.0,133.83202340302083,0,0,0,1,normal,0,0
CUST-edb0bf38b3,10,1,10.0,10,1,1.0,1.0,0.5,0.0,7.0,450.0,13.27834118380787,0,0,0,1,solo_reseller,1,0
CUST-edbc5153a2,4,3,1.3333333333333333,2,2,0.625,0.0,0.0,97.63162610917824,0.21509423571944186,295.0,307.74121187927085,0,0,0,1,normal,0,0
CUST-edf281a74c,4,1,4.0,4,1,1.0,0.0,0.0,0.0,7.0,400.0,393.65936643179396,0,0,0,1,loyal_bulk,0,1
CUST-ee0168f782,14,3,4.666666666666667,8,2,0.510204081632653,0.0,0.0,29.94884656605324,0.7011956187923216,740.0,372.84060794324074,0,0,0,1,loyal_bulk,0,1
CUST-ee0763c7ba,1,1,1.0,1,1,1.0,0.0,0.0,0.0,7.0,100.0,21.747637897430554,0,0,3,4,shared_address_legit,0,1
CUST-ee315d161b,1,1,1.0,1,1,1.0,0.0,0.0,0.0,7.0,100.0,212.6090214717361,0,0,0,1,normal,0,0
CUST-ee5142c97a,1,1,1.0,1,1,1.0,0.0,0.0,0.0,7.0,100.0,76.05343060667823,0,0,0,1,normal,0,0
CUST-ee75cf7871,2,2,1.0,1,1,1.0,0.0,0.0,36.09243775689815,0.3878928903139621,180.0,381.3945051706713,0,0,0,1,normal,0,0
CUST-eec24db3c6,26,7,3.7142857142857144,5,2,0.5266272189349113,0.0,0.0,169.05025486569446,0.2898546354687787,1860.0,37.495786493194444,0,0,0,1,stealth_reseller,1,0
CUST-eed3c42b34,1,1,1.0,1,1,1.0,0.0,0.0,0.0,7.0,85.0,38.15149357255787,0,0,0,1,normal,0,0
CUST-eedf5d929b,30,7,4.285714285714286,6,5,0.34,0.0,0.0,146.49163065309028,0.334490098728151,2305.0,536.6095848644791,0,0,0,1,loyal_bulk,0,1
CUST-eee20b55d9,1,1,1.0,1,1,1.0,0.0,0.0,0.0,7.0,30.0,516.3308133104051,0,0,0,1,normal,0,0
CUST-eee90bc87a,8,1,8.0,8,1,1.0,1.0,0.4,0.0,7.0,432.0,174.06931231895834,0,0,0,1,solo_reseller,1,0
CUST-ef03cbfec0,7,2,3.5,4,1,1.0,1.0,0.42500000000000004,89.99306011966435,0.15556755133544864,360.0,0.0,4,0,4,5,ring_reseller,1,0
CUST-ef1339f730,2,1,2.0,2,1,1.0,0.0,0.0,0.0,7.0,180.0,461.1949972457754,0,0,3,4,shared_address_legit,0,1
CUST-ef17f289cd,3,2,1.5,2,2,0.5555555555555556,0.0,0.0,19.283956615185186,0.7259920917357632,270.0,197.78835847299771,0,0,0,1,normal,0,0
CUST-ef2bea780f,1,1,1.0,1,1,1.0,0.0,0.0,0.0,7.0,100.0,117.0663341970486,0,0,0,1,normal,0,0
CUST-ef73cbda21,3,2,1.5,2,2,0.5555555555555556,0.0,0.0,105.3462217221875,0.1328951316063326,110.0,209.43790990811343,0,0,2,3,shared_address_legit,0,1
CUST-ef8b87797e,27,8,3.375,5,2,0.53360768175583,0.0,0.0,77.26875526378473,0.7247431359392787,2090.0,18.5594870725,0,0,0,1,stealth_reseller,1,0
CUST-efc6862f6c,4,3,1.3333333333333333,2,3,0.375,0.0,0.0,53.84722468163194,0.3899922442458469,285.0,397.1178111289121,0,0,0,1,normal,0,0
CUST-efcef8bb75,1,1,1.0,1,1,1.0,0.0,0.0,0.0,7.0,100.0,196.08491513866898,0,0,2,3,shared_address_legit,0,1
CUST-efe9cc2ab7,4,4,1.0,1,3,0.375,0.0,0.0,71.79025786653935,0.39002506512865576,350.0,16.824284417430555,0,0,0,1,normal,0,0
CUST-efeac06b0d,4,4,1.0,1,3,0.375,0.0,0.0,132.81833457873844,0.2108142681415781,310.0,61.74630863697917,0,0,0,1,normal,0,0
CUST-f01dad28bc,1,1,1.0,1,1,1.0,0.0,0.0,0.0,7.0,25.0,378.7403874793055,0,0,0,1,normal,0,0
CUST-f03c54e1ae,1,1,1.0,1,1,1.0,0.0,0.0,0.0,7.0,25.0,227.2713579956134,0,0,0,1,normal,0,0
CUST-f052b69bb2,10,3,3.3333333333333335,4,3,0.33999999999999997,0.0,0.0,172.8289990875463,0.12150738655474408,625.0,306.0978416225579,0,0,0,1,loyal_bulk,0,1
CUST-f054dc1a71,2,2,1.0,1,2,0.5,0.0,0.0,83.91450233623843,0.16683647772709376,175.0,25.51708092459491,0,0,2,3,shared_address_legit,0,1
CUST-f059d0b7fb,3,2,1.5,2,2,0.5555555555555556,0.0,0.0,94.6498537633912,0.14791359355924266,140.0,310.26512201236113,0,0,0,1,normal,0,0
CUST-f06a1dfc2c,2,2,1.0,1,2,0.5,0.0,0.0,13.123634439097223,1.0667776571322314,115.0,52.58392854466435,0,0,0,1,normal,0,0
CUST-f06c2fa512,2,2,1.0,1,1,1.0,0.0,0.0,106.02680914822916,0.1320420760793387,60.0,409.68014316385415,0,0,0,1,normal,0,0
CUST-f07fdc2129,2,1,2.0,2,1,1.0,0.0,0.0,0.0,7.0,50.0,23.006522193900462,0,0,0,1,normal,0,0
CUST-f0b205bbf1,8,2,4.0,5,2,0.53125,1.0,0.375,60.00155759732639,0.2333272761676411,422.0,0.0,0,0,1,2,ring_reseller,1,0
CUST-f0b71e1b5a,30,8,3.75,5,2,0.5555555555555556,0.125,0.4,63.432127434629635,0.8828333884546303,2298.0,1.483044327025463,0,0,0,1,stealth_reseller,1,0
CUST-f0cede8b59,2,2,1.0,1,2,0.5,0.0,0.0,0.21403628636574076,14.0,175.0,54.67808750292824,0,0,2,3,shared_address_legit,0,1
CUST-f0dface2cd,1,1,1.0,1,1,1.0,0.0,0.0,0.0,7.0,70.0,190.34703235922456,0,0,0,1,normal,0,0
CUST-f0eb5f3ebb,1,1,1.0,1,1,1.0,0.0,0.0,0.0,7.0,90.0,476.6662610730208,0,0,3,4,shared_address_legit,0,1
CUST-f0f9668416,2,2,1.0,1,2,0.5,0.0,0.0,54.73859347987269,0.2557610473704952,190.0,446.3174847099537,0,0,0,1,normal,0,0
CUST-f0fec82fe7,4,3,1.3333333333333333,2,3,0.375,0.0,0.0,93.27450603109953,0.22514190525970934,190.0,332.68792814849536,0,0,0,1,normal,0,0
CUST-f14199a9a5,1,1,1.0,1,1,1.0,0.0,0.0,0.0,7.0,100.0,519.5639214087385,0,0,0,1,normal,0,0
CUST-f16bc54be0,6,2,3.0,3,1,1.0,1.0,0.4,149.98888595344908,0.09334024925250177,324.0,0.0,0,0,1,2,ring_reseller,1,0
CUST-f18a1e4702,3,1,3.0,3,1,1.0,1.0,0.35,0.0,7.0,117.0,0.0,4,0,4,5,ring_reseller,1,0
CUST-f1c8e9a170,3,3,1.0,1,3,0.3333333333333333,0.0,0.0,31.154950435370374,0.6740501816417142,255.0,104.70476734082176,0,0,0,1,normal,0,0
CUST-f1cb530b7a,3,3,1.0,1,3,0.3333333333333333,0.0,0.0,13.238852648587963,1.5862401793738394,170.0,133.5112646229977,0,0,0,1,normal,0,0
CUST-f203169158,1,1,1.0,1,1,1.0,0.0,0.0,0.0,7.0,90.0,35.086768425416665,0,0,0,1,normal,0,0
CUST-f237305628,3,2,1.5,2,2,0.5555555555555556,0.0,0.0,97.33995738855324,0.14382582831956672,290.0,0.6719680230555556,0,0,0,1,normal,0,0
CUST-f2640cf9d9,2,1,2.0,2,1,1.0,0.0,0.0,0.0,7.0,170.0,462.1114948417593,0,0,0,1,normal,0,0
CUST-f26db66f08,1,1,1.0,1,1,1.0,0.0,0.0,0.0,7.0,60.0,385.2724368043634,0,0,0,1,normal,0,0
CUST-f299834e9f,8,1,8.0,8,1,1.0,1.0,0.3,0.0,7.0,392.0,12.537096006238425,0,0,0,1,solo_reseller,1,0
CUST-f29a700fba,2,1,2.0,2,1,1.0,0.0,0.0,0.0,7.0,180.0,36.55366860828703,0,0,2,3,shared_address_legit,0,1
CUST-f2b8097bfb,1,1,1.0,1,1,1.0,0.0,0.0,0.0,7.0,90.0,430.4409438693518,0,0,0,1,normal,0,0
CUST-f2e9d119d1,6,2,3.0,3,1,1.0,0.0,0.0,77.8424226692824,0.17985051749326625,600.0,659.8026644555672,0,0,0,1,loyal_bulk,0,1
CUST-f336d62c03,2,1,2.0,2,1,1.0,0.0,0.0,0.0,7.0,50.0,529.1060565967476,0,0,0,1,normal,0,0
CUST-f355491a1a,4,3,1.3333333333333333,2,3,0.375,0.0,0.0,62.225080107500006,0.33748449923600604,335.0,31.743138608402777,0,0,0,1,normal,0,0
CUST-f38f9b0849,1,1,1.0,1,1,1.0,0.0,0.0,0.0,7.0,90.0,360.6119421266435,0,0,0,1,normal,0,0
CUST-f3ab475740,2,2,1.0,1,2,0.5,0.0,0.0,41.009364434525466,0.3413854419117383,115.0,7.948093286689815,0,0,2,3,shared_address_legit,0,1
CUST-f3e61e5e4b,23,2,11.5,15,2,0.5463137996219282,1.0,0.475,29.99661370697917,0.46671934828239253,1077.5,85.53455871398148,0,0,0,1,solo_reseller,1,0
CUST-f3f40f0d18,1,1,1.0,1,1,1.0,0.0,0.0,0.0,7.0,100.0,30.86724624392361,0,0,0,1,normal,0,0
CUST-f402ca542a,3,2,1.5,2,2,0.5555555555555556,0.0,0.0,28.605577462199076,0.48941504566724237,230.0,45.977639855081016,0,0,0,1,normal,0,0
CUST-f4135f43d5,23,5,4.6,8,5,0.23251417769376181,0.0,0.0,120.00599647471064,0.2916520926300186,1500.0,726.0606274943055,0,0,0,1,loyal_bulk,0,1
CUST-f41814435b,24,6,4.0,5,1,1.0,0.0,0.0,154.37335043431713,0.27206768449240976,1440.0,9.335272635046296,0,0,0,1,stealth_reseller,1,0
CUST-f44b2b1c19,2,2,1.0,1,2,0.5,0.0,0.0,76.18604202847222,0.18376069457405236,145.0,398.2271163341435,0,0,0,1,normal,0,0
CUST-f4957559cc,10,1,10.0,10,1,1.0,1.0,0.4,0.0,7.0,540.0,30.099997812939815,0,0,0,1,solo_reseller,1,0
CUST-f51a56ddf4,3,2,1.5,2,1,1.0,0.0,0.0,133.8443994825116,0.1045990721623677,180.0,229.55604402755787,0,0,0,1,normal,0,0
CUST-f53c7cefbd,1,1,1.0,1,1,1.0,0.0,0.0,0.0,7.0,90.0,404.7433271903472,0,0,0,1,normal,0,0
CUST-f543c77c5b,3,2,1.5,2,1,1.0,0.0,0.0,0.5717176346875,14.0,90.0,1.6690091460532406,0,0,0,1,normal,0,0
CUST-f549d7d223,37,3,12.333333333333334,15,2,0.6055514974433893,1.0,0.4000000000000001,120.00823185072916,0.1749879960411433,1566.5,0.0,0,0,0,1,solo_reseller,1,0
CUST-f58a1aafaf,3,2,1.5,2,2,0.5555555555555556,0.0,0.0,156.33227054620372,0.0895528476052059,290.0,230.2865104045023,0,0,0,1,normal,0,0
CUST-f5b477d28b,1,1,1.0,1,1,1.0,0.0,0.0,0.0,7.0,100.0,271.87906760715276,0,0,0,1,normal,0,0
CUST-f5bc85e90e,8,2,4.0,4,2,0.5,0.0,0.0,34.53206631582176,0.40542028015235043,440.0,649.0197991643055,0,0,0,1,loyal_bulk,0,1
CUST-f5e31b3ed9,1,1,1.0,1,1,1.0,0.0,0.0,0.0,7.0,60.0,211.10469384921296,0,0,0,1,normal,0,0
CUST-f5f1e2e8a2,4,3,1.3333333333333333,2,3,0.375,0.0,0.0,115.50305563662037,0.1818133718130131,290.0,54.88382390225694,0,0,3,4,shared_address_legit,0,1
CUST-f62e078845,11,3,3.6666666666666665,5,2,0.6033057851239669,1.0,0.3833333333333333,149.99584850318288,0.14000387483760515,480.75,0.0,2,0,2,3,ring_reseller,1,0
CUST-f6724752c0,2,2,1.0,1,1,1.0,0.0,0.0,32.294869442511576,0.4335053908461077,170.0,131.03707575960647,0,0,0,1,normal,0,0
CUST-f67ea62090,1,1,1.0,1,1,1.0,0.0,0.0,0.0,7.0,60.0,137.84993629618057,0,0,0,1,normal,0,0
CUST-f6b3108798,7,2,3.5,4,2,0.510204081632653,1.0,0.32499999999999996,90.00739577859954,0.15554277377869305,212.0,0.0,0,3,3,4,ring_reseller,1,0
CUST-f6b4c365e7,2,2,1.0,1,2,0.5,0.0,0.0,5.917461987083334,2.365879160788742,160.0,255.12667247115743,0,0,0,1,normal,0,0
CUST-f70ba245e4,3,1,3.0,3,1,1.0,1.0,0.4,0.0,7.0,162.0,0.0,0,5,5,6,ring_reseller,1,0
CUST-f775d55470,8,1,8.0,8,1,1.0,1.0,0.3,0.0,7.0,392.0,87.3101510376736,0,0,0,1,solo_reseller,1,0
CUST-f7e00fa482,31,7,4.428571428571429,6,4,0.2799167533818938,0.0,0.0,84.12372529571759,0.5824753935676503,2345.0,757.6983493639236,0,0,0,1,loyal_bulk,0,1
CUST-f804f2e459,26,6,4.333333333333333,6,5,0.25147928994082847,0.0,0.0,166.88071263774304,0.2516767775984494,1420.0,688.7837060850231,0,0,0,1,loyal_bulk,0,1
CUST-f80ab72d5d,1,1,1.0,1,1,1.0,0.0,0.0,0.0,7.0,70.0,217.18031618962962,0,0,0,1,normal,0,0
CUST-f812989008,45,12,3.75,5,1,1.0,0.0,0.0,53.91531620375,1.557998838077064,3825.0,1.9165299639351852,0,0,0,1,stealth_reseller,1,0
CUST-f864f46d4c,17,3,5.666666666666667,8,3,0.3771626297577855,0.0,0.0,49.5508135147338,0.42380737086699305,1130.0,574.1476630787153,0,0,0,1,loyal_bulk,0,1
CUST-f894b2b61c,2,2,1.0,1,2,0.5,0.0,0.0,107.11613809950231,0.13069926015251895,145.0,23.522624297453703,0,0,3,4,shared_address_legit,0,1
CUST-f8de31a20d,34,9,3.7777777777777777,5,1,1.0,0.0,0.0,123.34148103098379,0.510777067645022,3060.0,24.235028986701387,0,0,0,1,stealth_reseller,1,0
CUST-f8ea97b40a,1,1,1.0,1,1,1.0,0.0,0.0,0.0,7.0,25.0,10.60873889954861,0,0,0,1,normal,0,0
CUST-f93872ad2b,22,2,11.0,12,2,0.5041322314049586,1.0,0.375,30.004646960636574,0.46659439180760076,882.5,0.0,0,0,0,1,solo_reseller,1,0
CUST-f939163080,3,3,1.0,1,2,0.5555555555555556,0.0,0.0,87.9025347393287,0.23890096073195866,145.0,384.68207296254633,0,0,0,1,normal,0,0
CUST-f9ae1d8f70,30,8,3.75,5,2,0.5088888888888888,0.0,0.0,64.30529676778936,0.8708458371978233,2190.0,11.015726738784723,0,0,0,1,stealth_reseller,1,0
CUST-fa016209af,1,1,1.0,1,1,1.0,0.0,0.0,0.0,7.0,85.0,216.65880235217594,0,0,0,1,normal,0,0
CUST-fa05005324,1,1,1.0,1,1,1.0,0.0,0.0,0.0,7.0,90.0,160.13196396931713,0,0,0,1,normal,0,0
CUST-fa10664ca0,1,1,1.0,1,1,1.0,0.0,0.0,0.0,7.0,85.0,5.06094721880787,0,0,0,1,normal,0,0
CUST-fa19925326,2,2,1.0,1,2,0.5,0.0,0.0,57.92420997303241,0.24169513932978862,55.0,27.72522140224537,0,0,0,1,normal,0,0
CUST-fa1aa2e28f,2,2,1.0,1,2,0.5,0.0,0.0,80.33611149311342,0.1742678322338281,125.0,406.4324876393055,0,0,0,1,normal,0,0
CUST-fa3a37cf0c,3,1,3.0,3,1,1.0,1.0,0.4,0.0,7.0,162.0,82.08231224876157,3,0,3,4,ring_reseller,1,0
CUST-fa5d33e76d,3,1,3.0,3,1,1.0,1.0,0.45,0.0,7.0,165.0,48.84806767829861,3,0,3,4,ring_reseller,1,0
CUST-fa5d494b4c,2,2,1.0,1,2,0.5,0.0,0.0,72.8118564465625,0.19227637754676355,100.0,96.25837281434028,0,0,0,1,normal,0,0
CUST-fae6f0d7d5,3,1,3.0,3,1,1.0,1.0,0.3,0.0,7.0,63.0,0.0,0,0,4,5,ring_reseller,1,0
CUST-fb06d63dd2,10,3,3.3333333333333335,4,2,0.58,0.0,0.0,141.687936006875,0.14821304192744425,775.0,561.8266126218981,0,0,0,1,loyal_bulk,0,1
CUST-fb09da74fd,2,2,1.0,1,2,0.5,0.0,0.0,0.6264540091435185,14.0,115.0,443.76392876784723,0,0,2,3,shared_address_legit,0,1
CUST-fb1d1fabbe,1,1,1.0,1,1,1.0,0.0,0.0,0.0,7.0,90.0,100.91012089392362,0,0,2,3,shared_address_legit,0,1
CUST-fb29214555,4,3,1.3333333333333333,2,3,0.375,0.0,0.0,72.10010848131945,0.29126169769135546,250.0,101.38406659667824,0,0,0,1,normal,0,0
CUST-fb496ef634,3,3,1.0,1,2,0.5555555555555556,0.0,0.0,47.784604101134256,0.43947209347082417,200.0,74.77996083114583,0,0,0,1,normal,0,0
CUST-fb5d4ca2fc,4,3,1.3333333333333333,2,3,0.375,0.0,0.0,10.3713880003125,2.0248013090790984,235.0,134.8030729825926,0,0,0,1,normal,0,0
CUST-fb76d9ed2e,2,2,1.0,1,2,0.5,0.0,0.0,100.38186349392362,0.139467424818702,130.0,479.21926092093753,0,0,3,4,shared_address_legit,0,1
CUST-fb9b87f23b,7,2,3.5,4,1,1.0,1.0,0.4,149.99815610583332,0.09333448065936292,378.0,0.0,0,0,1,2,ring_reseller,1,0
CUST-fbc1078e04,10,1,10.0,10,1,1.0,1.0,0.3,0.0,7.0,210.0,0.0,0,0,0,1,solo_reseller,1,0
CUST-fbc7354e18,6,2,3.0,3,2,0.5,1.0,0.425,60.004887024664356,0.2333143297852632,244.5,31.546241230324075,0,0,2,3,ring_reseller,1,0
CUST-fbffd6dbef,24,6,4.0,5,1,1.0,0.0,0.0,15.4084646228125,2.725774503049335,1680.0,12.077959397835647,0,0,0,1,stealth_reseller,1,0
CUST-fc1f1cf4c8,40,12,3.3333333333333335,5,1,1.0,0.0,0.0,177.1877570626273,0.47407338629107465,2800.0,40.63518503821759,0,0,0,1,stealth_reseller,1,0
CUST-fc21bd9640,3,3,1.0,1,2,0.5555555555555556,0.0,0.0,88.44117209206019,0.23744597118342892,205.0,282.3753289340625,0,0,0,1,normal,0,0
CUST-fc7a757131,1,1,1.0,1,1,1.0,0.0,0.0,0.0,7.0,30.0,208.94478239949072,0,0,0,1,normal,0,0
CUST-fc9dce6c07,1,1,1.0,1,1,1.0,0.0,0.0,0.0,7.0,100.0,80.27285026619214,0,0,0,1,normal,0,0
CUST-fcb70c41f8,10,1,10.0,10,1,1.0,1.0,0.3,0.0,7.0,490.0,11.02544368462963,0,0,0,1,solo_reseller,1,0
CUST-fcbe143f3e,4,1,4.0,4,1,1.0,1.0,0.35,0.0,7.0,65.0,110.5527819567014,0,4,4,5,ring_reseller,1,0
CUST-fcbfe5cff8,6,2,3.0,3,2,0.5,1.0,0.375,120.00148045643519,0.11666522735177837,228.75,0.0,0,3,3,4,ring_reseller,1,0
CUST-fd06584c0b,4,3,1.3333333333333333,2,3,0.375,0.0,0.0,73.94779533202546,0.28398412563498393,280.0,93.10254136946759,0,0,0,1,normal,0,0
CUST-fd9ce044a1,2,1,2.0,2,1,1.0,0.0,0.0,0.0,7.0,180.0,379.5305747364236,0,0,0,1,normal,0,0
CUST-fda9244f27,3,3,1.0,1,3,0.3333333333333333,0.0,0.0,38.41294226,0.5466907444334882,245.0,9.855471137754629,0,0,0,1,normal,0,0
CUST-fe093d5e7a,1,1,1.0,1,1,1.0,0.0,0.0,0.0,7.0,60.0,18.781906651122686,0,0,0,1,normal,0,0
CUST-fe304509fd,2,2,1.0,1,2,0.5,0.0,0.0,93.76832486847222,0.14930414955836785,115.0,350.15686240998843,0,0,0,1,normal,0,0
CUST-fe3bbce9bb,1,1,1.0,1,1,1.0,0.0,0.0,0.0,7.0,100.0,665.5329061628588,0,0,3,4,shared_address_legit,0,1
CUST-fe57ae9909,3,3,1.0,1,3,0.3333333333333333,0.0,0.0,3.6695264007175927,5.72280935106322,230.0,0.9324969388078704,0,0,1,2,shared_address_legit,0,1
CUST-fe829abd58,1,1,1.0,1,1,1.0,0.0,0.0,0.0,7.0,90.0,9.829372259398149,0,0,0,1,normal,0,0
CUST-febcf319de,2,2,1.0,1,1,1.0,0.0,0.0,122.05385345694445,0.1147034657528336,200.0,169.09655778359954,0,0,0,1,normal,0,0
CUST-fec13b5377,2,2,1.0,1,2,0.5,0.0,0.0,93.16963203195603,0.15026355363513913,150.0,155.06992333922454,0,0,0,1,normal,0,0
CUST-fedfe92e0f,3,2,1.5,2,2,0.5555555555555556,0.0,0.0,27.501489110497683,0.5090633435793124,260.0,15.540245433969906,0,0,0,1,normal,0,0
CUST-fee37c782d,2,2,1.0,1,2,0.5,0.0,0.0,42.50627804848379,0.329363111586275,120.0,350.8340723669329,0,0,0,1,normal,0,0
CUST-fee6ae6e23,5,4,1.25,2,3,0.44000000000000006,0.0,0.0,125.76453631288196,0.2226382796048363,455.0,167.65076960771992,0,0,0,1,normal,0,0
CUST-ff00b3b65f,2,2,1.0,1,2,0.5,0.0,0.0,3.9055209375462963,3.5846690425876235,115.0,148.3738960842824,0,0,0,1,normal,0,0
CUST-ff5f7ae7b9,1,1,1.0,1,1,1.0,0.0,0.0,0.0,7.0,70.0,328.8016448250231,0,0,2,3,shared_address_legit,0,1
CUST-ff6cbc8f07,3,1,3.0,3,1,1.0,1.0,0.5,0.0,7.0,127.5,0.0,0,0,5,6,ring_reseller,1,0
CUST-ff767391b4,1,1,1.0,1,1,1.0,0.0,0.0,0.0,7.0,85.0,340.964612640162,0,0,0,1,normal,0,0
CUST-ff776c5cfc,1,1,1.0,1,1,1.0,0.0,0.0,0.0,7.0,90.0,28.27465779351852,0,0,0,1,normal,0,0
CUST-ffa3a23462,7,2,3.5,4,2,0.510204081632653,1.0,0.32499999999999996,90.00211322230324,0.1555519031583215,244.75,0.0,0,3,3,4,ring_reseller,1,0
CUST-ffc82e59bf,24,7,3.4285714285714284,5,1,1.0,0.0,0.0,157.55771158631944,0.3109971546721463,1680.0,17.56255551027778,0,0,0,1,stealth_reseller,1,0
