listing_id,matched_order_id,customer_id,sku_id,listed_price,listed_timestamp,quantity_listed
LST-bc7c8af0b6,ORD-fd83a135c4,CUST-2ea16593f9,ADI-TRACK-NVY-M,89.56,2026-01-02 16:35:37.333875,3
LST-3ac579f6d2,ORD-c18c37dd45,CUST-548c764e45,ADI-SAMBA-WHT-42,179.58,2026-01-17 01:29:41.803434,3
LST-d874b85ad4,ORD-1642e6761d,CUST-e717a23f08,ADI-CAP-BLK,48.13,2026-01-05 03:50:07.574201,2
LST-d1d73cc853,ORD-73c0cc7ef1,CUST-593025a88a,ADI-TEE-WHT-M,64.64,2026-01-07 20:48:21.843781,2
LST-4551cd910a,ORD-caae217c44,CUST-1b6edcf6f8,ADI-TRACK-NVY-M,113.08,2026-01-09 05:23:32.551681,1
LST-5e49e89749,ORD-f8abd22e67,CUST-a3820d19ab,ADI-CAP-BLK,52.21,2026-01-09 17:23:04.820160,1
LST-e2c09b1494,ORD-2c767a8a16,CUST-b456617f63,ADI-TEE-WHT-M,62.17,2026-01-23 03:09:41.630588,2
LST-3a68333ccb,ORD-98ffa6a8bb,CUST-45dea62673,ADI-SAMBA-WHT-42,161.73,2026-01-16 03:28:29.521640,2
LST-cdd857fab7,ORD-26ba0d836d,CUST-239fb2e528,ADI-TRACK-BLK-M,107.45,2026-01-23 05:32:39.298487,1
LST-a41b50da88,ORD-4592e52b1c,CUST-d33d2d6aa9,ADI-SUPER-BLK-42,143.22,2026-01-12 06:58:08.078229,1
LST-745be9a30a,ORD-5d268d04d1,CUST-4248efe105,ADI-TEE-WHT-M,41.41,2026-01-10 08:18:14.070156,4
LST-3351bb7b14,ORD-fc1921ccb2,CUST-9d8727147c,ADI-TRACK-BLK-M,136.42,2026-01-23 10:37:57.933412,1
LST-fa5fdd98c2,ORD-9f3590810a,CUST-3e69bcb8f6,ADI-TRACK-NVY-M,114.79,2026-01-17 11:04:33.606761,2
LST-8c0916e7fa,ORD-606ffe997e,CUST-9d8727147c,ADI-GAZL-BLU-42,207.66,2026-01-09 07:03:55.704878,2
LST-724cd56af9,ORD-184ceb3c77,CUST-38c42d5a3e,ADI-SAMBA-BLK-42,177.12,2026-01-29 09:16:10.338566,4
LST-5329b1b5e2,ORD-dc8096a6c3,CUST-0f796fe73b,ADI-TRACK-NVY-M,88.28,2026-01-12 11:40:13.711201,3
LST-88774cd632,ORD-4c64b8de02,CUST-0cdef9fe7e,ADI-SUPER-BLK-42,114.88,2026-01-29 12:34:23.480438,2
LST-aca2ba5956,ORD-2ab96230ab,CUST-988865a0cd,ADI-TEE-WHT-M,58.42,2026-01-20 17:21:59.305693,2
LST-e1b51309ab,ORD-e604eb044f,CUST-e778a1f21c,ADI-SUPER-BLK-42,171.29,2026-01-25 21:02:02.820100,2
LST-2c9d6b37fb,ORD-f577b9cf72,CUST-c7c3e2687c,ADI-SAMBA-WHT-42,123.89,2026-01-14 19:18:02.265103,1
LST-e1c7b99998,ORD-a9b5131511,CUST-d33d2d6aa9,ADI-SUPER-BLK-42,146.97,2026-01-26 03:49:34.540547,4
LST-72df803841,ORD-12445f6509,CUST-a29c6a32b4,ADI-GAZL-BLU-42,122.52,2026-01-21 00:00:11.997192,6
LST-3cd35d5d84,ORD-2146924aac,CUST-1d42323cd5,ADI-SAMBA-BLK-42,92.99,2026-01-28 00:00:19.612084,3
LST-636766620c,ORD-0ef2889766,CUST-87e2aed11e,ADI-SAMBA-WHT-42,99.32,2026-01-12 00:00:59.830545,6
LST-561952dc2d,ORD-4610ae5785,CUST-0520160b46,ADI-SAMBA-WHT-42,101.14,2026-01-14 00:01:27.124757,2
LST-61aa2a70ff,ORD-7e4506e18d,CUST-c202ce57ed,ADI-SAMBA-BLK-42,95.96,2026-01-24 00:01:45.024228,2
LST-7143b1b9f6,ORD-05ee2502ff,CUST-e4866bccfd,ADI-GAZL-BLU-42,100.3,2026-01-20 00:01:49.445870,9
LST-210ff8502b,ORD-9bc866b230,CUST-efef8022f1,ADI-SAMBA-BLK-42,72.58,2026-01-21 00:01:59.965572,4
LST-da51c818a8,ORD-3bbd7ea710,CUST-f71fd75ed6,ADI-SAMBA-BLK-42,72.24,2026-01-13 00:02:26.294880,6
LST-879f0489f1,ORD-946fb9aaf8,CUST-9e1d5d5b35,ADI-SAMBA-BLK-42,80.3,2026-01-25 00:02:30.095176,16
LST-21e806eb79,ORD-0281cef117,CUST-2e605c8508,ADI-SAMBA-WHT-42,92.56,2026-01-23 00:02:31.284347,18
LST-e1889ac463,ORD-d548c86434,CUST-2bc4d0130e,ADI-GAZL-BLU-42,111.72,2026-02-01 00:02:40.184080,3
LST-8dccb1e815,ORD-42bb01561d,CUST-ef80a5fa39,ADI-GAZL-BLU-42,84.79,2026-01-13 00:02:59.039763,7
LST-5f3575e154,ORD-5cc183c24f,CUST-db18bc7ab8,ADI-GAZL-BLU-42,84.61,2026-01-24 00:03:04.487642,2
LST-e52fe3c373,ORD-0b9f9367e8,CUST-47c66e9538,ADI-SAMBA-BLK-42,113.46,2026-01-28 00:03:10.568336,2
LST-8a5cbabb21,ORD-1033629b8e,CUST-a0907c867d,ADI-SAMBA-BLK-42,105.84,2026-02-01 00:03:18.265876,2
LST-71691cd2b0,ORD-043a9c676b,CUST-a461d4c7f6,ADI-SAMBA-WHT-42,115.44,2026-01-28 00:03:43.751543,8
LST-08915923e7,ORD-ec3f09da80,CUST-6301c698cf,ADI-SAMBA-BLK-42,79.32,2026-02-01 00:03:51.053551,1
LST-1b5bfc9758,ORD-9beac55f20,CUST-2932580980,ADI-SAMBA-BLK-42,77.73,2026-01-14 00:04:12.396655,9
LST-290f304923,ORD-70b85ceb99,CUST-49154d60d8,ADI-GAZL-BLU-42,114.61,2026-01-17 00:04:14.142211,2
LST-abd21b0e8c,ORD-240e0a5161,CUST-f80699aff6,ADI-SAMBA-WHT-42,102.62,2026-01-21 00:04:28.550292,2
LST-ba131fd569,ORD-b0e9f3917b,CUST-d79f88c7e0,ADI-GAZL-BLU-42,91.11,2026-01-25 00:04:35.108552,2
LST-f069e956c8,ORD-e532c091fa,CUST-9b9e0b7852,ADI-SAMBA-BLK-42,105.3,2026-01-28 00:04:41.063468,3
LST-1c362b2788,ORD-a35a765c6e,CUST-b366167247,ADI-GAZL-BLU-42,129.88,2026-01-20 00:04:53.153033,3
LST-6982f706cc,ORD-4532253a6d,CUST-fb75daddc7,ADI-SAMBA-WHT-42,117.94,2026-01-24 00:05:07.395885,5
LST-313b2339bb,ORD-700bb47fd8,CUST-303b779c2c,ADI-GAZL-BLU-42,93.69,2026-01-13 00:05:23.567392,2
LST-66c0e4ceb0,ORD-c60c918213,CUST-ca63a7d6f8,ADI-SAMBA-BLK-42,88.14,2026-01-29 00:05:25.068260,6
LST-78260069da,ORD-ba484bed58,CUST-2e8b74871a,ADI-GAZL-BLU-42,129.8,2026-01-12 00:06:03.062569,13
LST-012913860e,ORD-162cc98ff7,CUST-79dbc89cd1,ADI-SAMBA-BLK-42,85.16,2026-01-20 00:06:11.720868,4
LST-1fddfe67cb,ORD-2d78509495,CUST-fab662b350,ADI-SAMBA-BLK-42,116.85,2026-01-28 00:06:20.218219,9
LST-e7365825a2,ORD-57130f7f36,CUST-47d5c8201f,ADI-SAMBA-BLK-42,88.1,2026-01-29 00:06:40.875397,3
LST-9a3e52c7cc,ORD-144c24706f,CUST-666fc99c39,ADI-SAMBA-WHT-42,110.56,2026-01-20 00:06:43.757981,5
LST-b824a75297,ORD-65892a7c05,CUST-123bb6acab,ADI-SAMBA-WHT-42,110.62,2026-01-13 00:07:20.754217,13
LST-1de0539227,ORD-1da58a8b99,CUST-5b38b70dfb,ADI-GAZL-BLU-42,93.64,2026-02-01 00:08:00.162004,4
LST-f89bfac5a0,ORD-f26dab5af9,CUST-e8490cc90e,ADI-GAZL-BLU-42,127.49,2026-01-18 00:08:43.443647,9
LST-a9bc9d3439,ORD-d2b24bb1ef,CUST-db23a58db6,ADI-SAMBA-WHT-42,95.77,2026-01-30 00:09:07.258914,10
LST-6010c838cb,ORD-d5586da234,CUST-34befafd0f,ADI-SAMBA-WHT-42,89.38,2026-01-19 00:09:36.028550,7
LST-5e27a3bd32,ORD-727064c96f,CUST-2741f778f6,ADI-SAMBA-WHT-42,104.77,2026-01-26 00:09:55.698627,4
LST-64ee711f88,ORD-25e78317d0,CUST-79cf5d5408,ADI-GAZL-BLU-42,120.52,2026-01-29 00:09:55.863235,9
LST-ed31a9b427,ORD-fa878a64c4,CUST-104bfd4d6c,ADI-GAZL-BLU-42,82.94,2026-01-18 00:10:46.955871,9
LST-690449c237,ORD-e5b4e61b07,CUST-4668e4a6ef,ADI-SAMBA-BLK-42,101.5,2026-01-19 00:11:45.434562,9
LST-fe91c78d0f,ORD-08f042b62c,CUST-6b79fa4cb0,ADI-SAMBA-BLK-42,71.89,2026-01-14 00:11:58.520762,9
LST-628e9b08e7,ORD-f219b4833f,CUST-fd502c7cc2,ADI-SAMBA-WHT-42,94.74,2026-01-22 00:12:14.128843,2
LST-7ad440309a,ORD-5796221df7,CUST-94b25b8362,ADI-SAMBA-WHT-42,116.89,2026-01-25 00:12:24.410364,3
LST-20d1d3e1e2,ORD-c2aa71b948,CUST-ef63ebd116,ADI-GAZL-BLU-42,106.32,2026-01-12 00:12:35.269248,9
LST-582e155239,ORD-5933540c32,CUST-b2dae9c525,ADI-SAMBA-WHT-42,110.07,2026-01-12 00:13:02.798477,6
LST-20f5f9763d,ORD-d479e159e8,CUST-8ff5ad1c7b,ADI-GAZL-BLU-42,100.41,2026-01-29 00:13:05.787987,7
LST-2858f67377,ORD-7a6dfd2961,CUST-64d20ba39f,ADI-GAZL-BLU-42,127.91,2026-01-19 00:13:18.080411,7
LST-83421ad6df,ORD-3707f148ce,CUST-b2a10d665f,ADI-SAMBA-BLK-42,101.15,2026-01-27 00:13:19.269878,2
LST-fbe8158602,ORD-62aa080082,CUST-8f1816936e,ADI-GAZL-BLU-42,130.87,2026-01-15 00:13:34.086635,7
LST-0ead39ed65,ORD-74096abc53,CUST-74cba0eee6,ADI-GAZL-BLU-42,99.16,2026-01-31 00:14:03.081974,9
LST-24ceedf363,ORD-ae8b3878e1,CUST-6e3cca8581,ADI-SAMBA-WHT-42,73.02,2026-01-21 00:14:30.378292,4
LST-cd19a227e5,ORD-7c13702948,CUST-83567cd236,ADI-SAMBA-BLK-42,98.15,2026-01-15 00:14:52.418269,8
LST-ae1f656972,ORD-3f0654ee85,CUST-8b4244b158,ADI-SAMBA-WHT-42,89.49,2026-01-27 00:15:19.780711,2
LST-0c25fd60c2,ORD-4b24d8750c,CUST-243288e38a,ADI-SAMBA-BLK-42,76.97,2026-01-25 00:15:20.135098,2
LST-933dda51c5,ORD-8a524be153,CUST-f573b9c80d,ADI-GAZL-BLU-42,89.64,2026-01-31 00:16:15.119458,4
LST-126bc66af0,ORD-5a0c1d77b7,CUST-b28cac734e,ADI-GAZL-BLU-42,102.37,2026-01-22 00:16:22.694914,7
LST-34d1c4eac1,ORD-eaaf6566f6,CUST-ee1e4a6e65,ADI-SAMBA-BLK-42,82.6,2026-01-13 00:16:26.776830,3
LST-5e1666f321,ORD-01a036d3ff,CUST-ecb23b0577,ADI-SAMBA-BLK-42,95.46,2026-01-25 00:17:01.080114,11
LST-40e6d46a16,ORD-dfd3245897,CUST-9542772351,ADI-SAMBA-BLK-42,88.03,2026-01-12 00:17:14.667845,7
LST-7527dcc4bd,ORD-0f6bdebfba,CUST-3e1029a029,ADI-SAMBA-BLK-42,94.13,2026-01-24 00:17:22.255112,2
LST-6839708f2d,ORD-78703ffaad,CUST-d44b1ec50a,ADI-SAMBA-BLK-42,95.44,2026-01-15 00:17:54.029426,1
LST-ee3fb77efc,ORD-de3d705380,CUST-cd42943205,ADI-SAMBA-BLK-42,108.12,2026-01-12 00:18:06.544885,14
LST-b4e9c0f2da,ORD-bce9e47a70,CUST-e46dcd3490,ADI-SAMBA-WHT-42,113.21,2026-01-23 00:18:28.280595,3
LST-057ef3ff5f,ORD-b2ff850dc4,CUST-9ddc99f845,ADI-GAZL-BLU-42,125.05,2026-01-12 00:18:51.683258,6
LST-43d3e93a7a,ORD-db72dc5101,CUST-58559a7e31,ADI-GAZL-BLU-42,81.92,2026-01-18 00:19:06.172194,12
LST-e4631258a4,ORD-03682215ed,CUST-f16f9f2dc0,ADI-GAZL-BLU-42,89.8,2026-01-22 00:19:09.214757,2
LST-16eba7b3ea,ORD-f5691220bc,CUST-7fdf892643,ADI-SAMBA-WHT-42,79.11,2026-01-30 00:19:23.306538,1
LST-c8710adf33,ORD-ea22e4b1b2,CUST-3b585cbb36,ADI-SAMBA-WHT-42,93.78,2026-01-29 00:19:55.147265,3
LST-dc89ec88f7,ORD-9cab453c95,CUST-b27653748f,ADI-SAMBA-BLK-42,80.45,2026-01-28 00:19:55.578643,2
LST-901a8a69f5,ORD-8aca6f0dd9,CUST-0d3f6422a5,ADI-SAMBA-WHT-42,117.01,2026-01-15 00:19:59.580502,10
LST-ff9d6d4565,ORD-54e7953bc6,CUST-24eb034e47,ADI-SAMBA-WHT-42,95.85,2026-01-26 00:21:15.322251,7
LST-04e6b9c6f4,ORD-b570ea3903,CUST-64ce243121,ADI-GAZL-BLU-42,90.82,2026-01-29 00:21:51.284706,17
LST-2e456162c8,ORD-b0e60b2e8d,CUST-73f7c927cc,ADI-SAMBA-WHT-42,90.0,2026-01-18 00:22:17.598809,5
LST-f519b428a4,ORD-874bf8b920,CUST-3032c670d3,ADI-SAMBA-WHT-42,105.38,2026-01-13 00:22:41.891442,12
LST-b221636968,ORD-ca00eba48b,CUST-c668819d77,ADI-SAMBA-WHT-42,103.79,2026-01-12 00:22:53.282828,8
LST-859229c12f,ORD-654ae9a285,CUST-d843fdb085,ADI-SAMBA-BLK-42,88.1,2026-01-30 00:22:54.033510,6
LST-64ecb5e2e6,ORD-0a370c9aea,CUST-1e76f31c61,ADI-SAMBA-BLK-42,84.26,2026-01-30 00:23:00.687479,6
LST-7ecae2f820,ORD-9bcaee1a56,CUST-f4642f086d,ADI-SAMBA-WHT-42,118.57,2026-01-20 00:23:24.780347,6
LST-675d0b4bdd,ORD-d06614997a,CUST-f7cd9a71d2,ADI-SAMBA-BLK-42,106.95,2026-01-30 00:24:48.921931,12
LST-fed0ca4670,ORD-eee334bf1b,CUST-36139c966a,ADI-SAMBA-WHT-42,107.46,2026-01-30 00:24:56.649089,9
LST-9d275a0a38,ORD-7fae48e3bf,CUST-f1aa8b7d3d,ADI-GAZL-BLU-42,122.84,2026-02-01 00:26:13.158423,6
LST-5bf6d49054,ORD-8f53dec32f,CUST-28574c49ed,ADI-SAMBA-WHT-42,105.67,2026-01-26 00:27:19.213605,6
LST-a9f24c98e0,ORD-0c6ffc3d46,CUST-8925911f53,ADI-SAMBA-BLK-42,77.26,2026-01-23 00:27:24.438481,6
LST-ababeb6e8d,ORD-9d265ab94a,CUST-45f0332ddb,ADI-GAZL-BLU-42,108.71,2026-01-16 00:27:43.513672,8
LST-2232a4e8bc,ORD-6c19e44da4,CUST-0660d45121,ADI-SAMBA-WHT-42,71.23,2026-01-28 00:28:07.003000,9
LST-d285756b03,ORD-da6a820461,CUST-d92c83dbed,ADI-SAMBA-BLK-42,108.71,2026-01-18 00:28:11.891704,9
LST-3204435bcc,ORD-587a1c3856,CUST-adca82b50a,ADI-SAMBA-WHT-42,110.98,2026-01-19 00:28:32.688987,5
LST-c39424eeee,ORD-a480863805,CUST-86a0c9d785,ADI-GAZL-BLU-42,130.33,2026-01-24 00:28:39.648222,8
LST-fe872a1f62,ORD-d87119cb39,CUST-43d2f9d121,ADI-SAMBA-WHT-42,100.44,2026-01-12 00:29:15.177892,7
LST-41b561592d,ORD-0831f5b3bf,CUST-988865a0cd,ADI-TEE-WHT-M,49.75,2026-01-15 17:47:14.758962,3
LST-4c38203832,ORD-e03e13d95a,CUST-2e1b8147c0,ADI-TRACK-NVY-M,126.15,2026-02-02 08:41:59.876911,3
LST-142d5bc354,ORD-89574c918b,CUST-51d0153057,ADI-SAMBA-WHT-42,142.07,2026-01-20 09:23:10.338487,3
LST-50d9ba87bc,ORD-e85bd7c16e,CUST-e717a23f08,ADI-SUPER-BLK-42,161.77,2026-02-01 15:18:08.704192,2
LST-57d11180a6,ORD-d8592a020d,CUST-0cdef9fe7e,ADI-SUPER-BLK-42,179.24,2026-01-29 23:16:52.898043,3
LST-d6d48b4585,ORD-c70c722bf4,CUST-e717a23f08,ADI-CAP-BLK,35.71,2026-02-03 09:23:27.465358,4
LST-9edb643268,ORD-774ef5f677,CUST-b4beacbbef,ADI-GAZL-BLU-42,179.43,2026-01-20 14:14:23.887570,2
LST-5b0cdbb5fa,ORD-f6e2ef633e,CUST-c30ee72bb9,ADI-GAZL-BLU-42,143.2,2026-01-24 23:29:50.347449,1
LST-67ed646aee,ORD-578554a604,CUST-b3216d74e8,ADI-TRACK-BLK-M,127.09,2026-01-28 10:26:24.909065,2
LST-e4c4e2e62d,ORD-be8f810595,CUST-51d0153057,ADI-SAMBA-WHT-42,184.17,2026-01-17 11:55:53.661503,2
LST-fa1ab39ec5,ORD-03068ec53e,CUST-43d156b65f,ADI-CAP-BLK,51.19,2026-01-21 13:26:41.342546,4
LST-f0f9c632c8,ORD-177948f27a,CUST-266bd1da1f,ADI-CAP-BLK,40.08,2026-01-21 04:40:52.340234,3
LST-ce3fba8ca7,ORD-cb98d79588,CUST-e57c6753e7,ADI-SAMBA-BLK-42,138.63,2026-02-04 12:49:57.480479,1
LST-f4881d5f75,ORD-c58119d969,CUST-266bd1da1f,ADI-CAP-BLK,49.9,2026-02-03 15:04:03.692281,2
LST-3e939d4fe9,ORD-d8b08e8e60,CUST-2806f61a26,ADI-SAMBA-WHT-42,177.94,2026-01-20 01:35:01.575036,1
LST-203e1aced6,ORD-e2df5547c9,CUST-07946868b0,ADI-TEE-WHT-M,49.55,2026-02-01 15:25:11.105904,1
LST-88433b6711,ORD-14ae7033e7,CUST-2806f61a26,ADI-SAMBA-WHT-42,184.53,2026-02-02 07:54:41.215749,2
LST-f95be353fd,ORD-d35e95ed2a,CUST-342f1c3046,ADI-CAP-BLK,47.54,2026-02-09 08:33:58.302975,1
LST-17dbfebd1b,ORD-3b40dafffa,CUST-719778ca96,ADI-SAMBA-WHT-42,122.36,2026-02-06 15:42:04.352142,1
LST-acb5ef2b57,ORD-90c8d4a9a7,CUST-0ac6a2e90e,ADI-SAMBA-BLK-42,123.49,2026-02-11 07:05:28.171763,3
LST-5a1d115c57,ORD-b0e849f40e,CUST-38c42d5a3e,ADI-SUPER-BLK-42,145.16,2026-01-28 12:00:05.119683,3
LST-0d60f45d37,ORD-10a34a1076,CUST-3fadcb25f4,ADI-CAP-BLK,52.12,2026-02-06 18:46:01.164884,2
LST-c0acbe2f3f,ORD-c84ac4d0d1,CUST-719778ca96,ADI-SAMBA-WHT-42,121.07,2026-02-03 19:37:25.714026,2
LST-faef142905,ORD-9a8431ebd4,CUST-38c42d5a3e,ADI-SAMBA-BLK-42,118.36,2026-02-08 02:59:58.914053,3
LST-fb5159bfa0,ORD-f77f1e2833,CUST-a8dac42552,ADI-CAP-BLK,41.29,2026-01-25 16:47:38.719104,1
LST-89455b48be,ORD-68ff7e244d,CUST-38c42d5a3e,ADI-SUPER-BLK-42,121.19,2026-02-05 22:27:48.733826,4
LST-5c1e7a81f5,ORD-383929c1db,CUST-534fbb5042,ADI-SAMBA-BLK-42,127.53,2026-01-29 01:18:36.555123,2
LST-a117bfac89,ORD-eef136c092,CUST-0cdef9fe7e,ADI-SUPER-BLK-42,117.54,2026-02-09 04:47:50.015574,2
LST-6bfba88cc0,ORD-3ec51ae312,CUST-a71296a912,ADI-CAP-BLK,53.48,2026-01-29 11:11:02.671062,3
LST-e2067f2e87,ORD-ee763bc8b5,CUST-9d8727147c,ADI-TRACK-BLK-M,116.03,2026-02-13 06:27:23.761098,2
LST-3de4f3093b,ORD-f92c6ddf6a,CUST-cdcb1d1c15,ADI-SUPER-BLK-42,184.73,2026-02-03 07:12:19.964438,2
LST-da23690f2f,ORD-291c44b7f9,CUST-40657b80cb,ADI-CAP-BLK,53.59,2026-02-07 07:13:11.406086,2
LST-2e5a968876,ORD-98650da921,CUST-3ec4355d10,ADI-GAZL-BLU-42,212.42,2026-02-09 10:59:10.460915,1
LST-6222d34cf9,ORD-eeefa201f2,CUST-b3216d74e8,ADI-TRACK-BLK-M,95.99,2026-01-29 02:57:06.013920,2
LST-22b9df8719,ORD-b9c982bc5a,CUST-a71296a912,ADI-SUPER-BLK-42,116.51,2026-02-04 13:09:44.473264,3
LST-f6fcc5bcd6,ORD-f218cf4f25,CUST-079c93268f,ADI-CAP-BLK,49.38,2026-02-07 05:40:11.459782,2
LST-667c2908d5,ORD-f356ff7b23,CUST-9d8727147c,ADI-CAP-BLK,43.02,2026-02-17 20:53:02.797187,3
LST-f28885c0a5,ORD-e0c1fcf4de,CUST-0cdef9fe7e,ADI-SAMBA-BLK-42,126.82,2026-02-07 03:01:27.466083,3
LST-9fa8bc3391,ORD-d27eb2f6bf,CUST-a3820d19ab,ADI-TRACK-BLK-M,110.35,2026-02-19 10:10:39.974004,1
LST-fc024f355d,ORD-898ab0d423,CUST-51d0153057,ADI-SAMBA-WHT-42,128.41,2026-02-14 10:11:28.212722,2
LST-0557b2f631,ORD-ae2d40a5dd,CUST-51d0153057,ADI-SAMBA-WHT-42,183.21,2026-02-15 12:05:56.023415,2
LST-8305796847,ORD-2eefa7f3a3,CUST-4fcae083ba,ADI-TRACK-NVY-M,89.06,2026-02-10 22:24:55.103199,3
LST-b1fd418d65,ORD-fc5dc42f07,CUST-d33d2d6aa9,ADI-SUPER-BLK-42,151.36,2026-02-07 10:57:42.508963,2
LST-bc14753130,ORD-c6e99d62ce,CUST-1822527b4e,ADI-SAMBA-WHT-42,157.47,2026-02-19 20:54:50.028318,1
LST-d8c0ac10bb,ORD-b38c516e9a,CUST-534fbb5042,ADI-SAMBA-BLK-42,118.14,2026-02-08 21:44:04.622437,3
LST-2d1c642f50,ORD-420dae5994,CUST-239fb2e528,ADI-TRACK-BLK-M,143.12,2026-02-07 10:17:05.946007,2
LST-83271d8b1e,ORD-838b908b68,CUST-079c93268f,ADI-CAP-BLK,53.44,2026-02-17 21:01:03.315798,2
LST-f613bdf63d,ORD-945760e054,CUST-0b55080a4b,ADI-SUPER-BLK-42,166.69,2026-02-19 21:11:33.096103,2
LST-05dcaf1fe8,ORD-ec1d633817,CUST-0f796fe73b,ADI-TRACK-NVY-M,101.65,2026-02-17 21:37:46.565492,3
LST-6807d3e4ef,ORD-74da8c9d10,CUST-0ac6a2e90e,ADI-SAMBA-BLK-42,183.63,2026-02-11 23:02:29.366551,2
LST-2fd1b482fd,ORD-3c177603f0,CUST-988865a0cd,ADI-SUPER-BLK-42,162.64,2026-02-15 16:03:23.755766,2
LST-d8b06b275c,ORD-4962546806,CUST-3e69bcb8f6,ADI-TRACK-NVY-M,108.91,2026-02-19 18:26:59.599748,2
LST-b91a2dc6b5,ORD-5de8514338,CUST-9d8727147c,ADI-GAZL-BLU-42,200.7,2026-02-23 19:49:50.102488,3
LST-9d29fd8d73,ORD-200b15c7f8,CUST-158a1f78f0,ADI-GAZL-BLU-42,166.25,2026-02-09 03:52:17.741437,3
LST-023a399fdf,ORD-fb650ff24e,CUST-593025a88a,ADI-GAZL-BLU-42,166.24,2026-02-21 18:02:12.209819,2
LST-55a081515b,ORD-0c6aa11bfe,CUST-b9f30f78f9,ADI-TRACK-BLK-M,140.13,2026-02-10 19:48:57.379063,2
LST-04d3915320,ORD-a93328f14f,CUST-9a03b6ef84,ADI-TRACK-NVY-M,119.28,2026-02-18 20:12:42.150841,2
LST-e83ebe6764,ORD-9b199a4e73,CUST-9ed38e234b,ADI-CAP-BLK,51.42,2026-02-12 00:36:58.261157,2
LST-e792e9848a,ORD-27488c2173,CUST-3fadcb25f4,ADI-CAP-BLK,47.66,2026-02-09 10:34:19.888370,4
LST-48b9ff6d28,ORD-756348c3a7,CUST-b3216d74e8,ADI-TRACK-BLK-M,132.55,2026-02-07 12:59:25.957304,3
LST-201311de6a,ORD-f917d70ef1,CUST-b456617f63,ADI-SAMBA-WHT-42,153.23,2026-02-10 13:34:12.083128,4
LST-1dc5738603,ORD-d0ff0a586c,CUST-9ed38e234b,ADI-CAP-BLK,35.88,2026-02-09 19:49:44.631688,3
LST-61e05dfc65,ORD-5a86c0bbc2,CUST-38c42d5a3e,ADI-SUPER-BLK-42,185.6,2026-02-11 21:08:11.891720,2
LST-dbfc6b07cc,ORD-efd4a4fcd9,CUST-45dea62673,ADI-SAMBA-WHT-42,153.99,2026-02-26 22:09:22.564411,3
LST-139ad40a12,ORD-d112871667,CUST-26d19bf16d,ADI-TRACK-NVY-M,106.85,2026-02-16 03:21:37.765464,1
LST-cb3941400c,ORD-6ef8f2fbe7,CUST-45dea62673,ADI-SAMBA-WHT-42,160.89,2026-02-25 06:48:19.921492,3
LST-f7fe011776,ORD-fde471d94a,CUST-2e1b8147c0,ADI-TRACK-NVY-M,127.6,2026-02-18 16:50:59.539190,3
LST-554ff6c226,ORD-4fbe7f4431,CUST-d33d2d6aa9,ADI-SUPER-BLK-42,128.08,2026-02-26 10:22:44.793805,3
LST-06de8e5fdb,ORD-192ea4dc8b,CUST-cee6bc5f3f,ADI-SAMBA-WHT-42,175.06,2026-02-17 18:07:59.988538,2
LST-c203b2d72a,ORD-d53d69449a,CUST-51d0153057,ADI-SAMBA-WHT-42,127.53,2026-02-28 18:51:16.136510,2
LST-06c65d9585,ORD-045a480a08,CUST-4248efe105,ADI-TEE-WHT-M,52.83,2026-03-01 21:17:26.850760,1
LST-ea235ba26f,ORD-cce9e0e514,CUST-9ed38e234b,ADI-CAP-BLK,40.3,2026-03-02 00:36:07.812823,2
LST-66a4ae1731,ORD-e3c68ca126,CUST-2806f61a26,ADI-SAMBA-WHT-42,182.63,2026-02-11 18:36:19.654604,2
LST-fce529964c,ORD-f470c3978d,CUST-e30a43e75b,ADI-TRACK-BLK-M,79.44,2026-02-16 00:00:56.606491,5
LST-21f34626b4,ORD-eee356a6c8,CUST-992cf67cc4,ADI-TEE-WHT-M,35.76,2026-02-26 00:01:36.364847,5
LST-b0644d7834,ORD-654e6a0800,CUST-344e9da9db,ADI-TRACK-BLK-M,64.86,2026-03-02 00:02:08.194435,2
LST-75906fe506,ORD-6e29cb6684,CUST-fab662b350,ADI-TRACK-BLK-M,67.14,2026-03-02 00:02:47.130634,5
LST-529321a9a7,ORD-d9e35bd404,CUST-2741f778f6,ADI-TEE-WHT-M,45.7,2026-02-26 00:03:08.872850,4
LST-327584e759,ORD-1998a9964c,CUST-6e3cca8581,ADI-TRACK-BLK-M,87.6,2026-03-02 00:03:14.750558,2
LST-c89802de27,ORD-1952420613,CUST-cf163e928c,ADI-TRACK-BLK-M,85.63,2026-02-15 00:03:28.049759,9
LST-462539492e,ORD-b7e86ae991,CUST-bb209d12c3,ADI-TRACK-BLK-M,86.46,2026-02-17 00:03:47.319673,9
LST-303204e673,ORD-862ab74c19,CUST-8b4244b158,ADI-TRACK-BLK-M,98.56,2026-02-28 00:03:53.004530,3
LST-42b269d2e3,ORD-232a438894,CUST-6133a2e49e,ADI-TEE-WHT-M,34.83,2026-02-16 00:03:57.370883,8
LST-8ed28eea75,ORD-c4850bd572,CUST-985d7e0e11,ADI-TEE-WHT-M,40.44,2026-02-11 00:04:17.318039,8
LST-5c0c7fb9cb,ORD-1c38b396e6,CUST-42c0791836,ADI-TRACK-BLK-M,95.79,2026-02-21 00:05:31.659888,8
LST-7312f1cb64,ORD-9b433ebb40,CUST-89d10567a6,ADI-TRACK-BLK-M,65.05,2026-02-14 00:05:32.328161,8
LST-21f6eab2e0,ORD-525c4d29f7,CUST-998aa7ba85,ADI-TEE-WHT-M,41.41,2026-02-22 00:05:55.261701,7
LST-1638312d0c,ORD-c9f0c70a16,CUST-6b59900e71,ADI-TRACK-BLK-M,86.79,2026-02-25 00:06:14.270635,2
LST-6095e51d4d,ORD-0d7a2f4b63,CUST-34befafd0f,ADI-TEE-WHT-M,33.97,2026-03-02 00:06:23.789608,8
LST-456f22e2e2,ORD-f9c65b36ce,CUST-854beae0fd,ADI-TEE-WHT-M,39.28,2026-02-15 00:06:37.838771,6
LST-2bb43320de,ORD-903abc95d9,CUST-9e2a22b4b4,ADI-TRACK-BLK-M,101.04,2026-02-23 00:06:47.929434,2
LST-415cba4971,ORD-4745ed62c6,CUST-b9785a1bc9,ADI-TRACK-BLK-M,105.18,2026-02-28 00:06:50.521425,3
LST-688aadca2a,ORD-a06cbcd223,CUST-7d4d6e02e6,ADI-TEE-WHT-M,30.41,2026-02-13 00:07:39.643998,8
LST-ec542e0b7f,ORD-e86404c86f,CUST-62d80ccd70,ADI-TRACK-BLK-M,97.28,2026-02-26 00:08:14.435799,2
LST-c9352b5605,ORD-9d2f032c2d,CUST-5a27c5a269,ADI-TRACK-BLK-M,106.42,2026-02-16 00:09:06.562079,7
LST-e298df5691,ORD-65b7618163,CUST-ea6087c232,ADI-TRACK-BLK-M,101.99,2026-02-18 00:09:08.992973,14
LST-0a35e9216a,ORD-9165b92658,CUST-f71fd75ed6,ADI-TEE-WHT-M,40.27,2026-02-14 00:09:14.008178,5
LST-739b452333,ORD-76ca456903,CUST-94b25b8362,ADI-TRACK-BLK-M,88.39,2026-02-23 00:10:26.504050,3
LST-3e8cda8bde,ORD-53769255b6,CUST-34ad1e9055,ADI-TEE-WHT-M,39.51,2026-02-27 00:11:11.031592,8
LST-af2d15b346,ORD-646e1a2f8c,CUST-4da6bfbf06,ADI-TEE-WHT-M,43.37,2026-02-21 00:11:18.258809,3
LST-9ea201eaa2,ORD-c3ca74e9a2,CUST-c8605cb13a,ADI-TRACK-BLK-M,85.21,2026-02-20 00:11:20.361734,18
LST-fbacc4464a,ORD-0fbf809a8d,CUST-02207f6514,ADI-TRACK-BLK-M,72.26,2026-03-03 00:11:45.965111,3
LST-2729c952fe,ORD-5665d61b92,CUST-7fdf892643,ADI-TRACK-BLK-M,100.41,2026-02-26 00:13:47.435763,4
LST-8bdb770b3e,ORD-166dd0eff6,CUST-fb75daddc7,ADI-TEE-WHT-M,31.06,2026-02-21 00:14:17.085118,6
LST-813d88d5ee,ORD-89d1a897bb,CUST-d00d8db259,ADI-TEE-WHT-M,28.01,2026-02-22 00:14:28.603666,5
LST-6df871bea1,ORD-559f1d928c,CUST-32193fae95,ADI-TRACK-BLK-M,78.04,2026-02-25 00:14:42.399556,6
LST-71d68697d5,ORD-bedd5d454e,CUST-36139c966a,ADI-TRACK-BLK-M,73.25,2026-02-16 00:15:22.240136,11
LST-26a4583a48,ORD-118d930008,CUST-8ab13f8330,ADI-TEE-WHT-M,43.29,2026-02-27 00:15:46.804671,6
LST-e91744dfb5,ORD-40144972b9,CUST-9542772351,ADI-TRACK-BLK-M,77.69,2026-02-11 00:15:57.172387,11
LST-aa942d34e9,ORD-aef5b3f1bf,CUST-c668819d77,ADI-TEE-WHT-M,43.3,2026-03-03 00:15:58.798271,13
LST-d755d4425f,ORD-b46aea43a7,CUST-4a9f89e5b4,ADI-TEE-WHT-M,41.85,2026-02-13 00:16:10.141291,4
LST-a440f00a47,ORD-caf1cbd09e,CUST-157f6bc913,ADI-TEE-WHT-M,35.93,2026-03-02 00:16:59.992375,8
LST-cc261acd98,ORD-ec3535ec68,CUST-b28cac734e,ADI-TEE-WHT-M,37.2,2026-02-28 00:17:28.990521,6
LST-74f1ef002f,ORD-06e64094dd,CUST-bf1ae0fa16,ADI-TRACK-BLK-M,69.51,2026-02-26 00:17:33.557123,1
LST-9bfa003b2f,ORD-c794883c9c,CUST-daccb663df,ADI-TEE-WHT-M,31.74,2026-02-27 00:18:09.982196,6
LST-d2733988ab,ORD-373a8a1bc0,CUST-e115a4371a,ADI-TRACK-BLK-M,70.88,2026-02-15 00:18:58.780590,3
LST-f2eb42b2b1,ORD-24bdfdc01a,CUST-8ecba2345c,ADI-TEE-WHT-M,44.55,2026-02-24 00:19:12.784785,3
LST-19f77ca306,ORD-9dc06a10a2,CUST-45b22257d6,ADI-TEE-WHT-M,35.15,2026-02-25 00:20:22.061780,12
LST-99b40b4f12,ORD-027867034e,CUST-b69d3e59f5,ADI-TRACK-BLK-M,101.74,2026-02-15 00:20:55.983670,9
LST-c802ebd4be,ORD-287c2a5989,CUST-e93e0fced1,ADI-TRACK-BLK-M,78.57,2026-02-19 00:20:57.015490,8
LST-ea442f7a42,ORD-c0d5a6e4de,CUST-49fa8c2812,ADI-TRACK-BLK-M,89.64,2026-02-22 00:21:50.695147,7
LST-a5d2229425,ORD-faac927036,CUST-e7784ecbce,ADI-TEE-WHT-M,40.77,2026-03-02 00:21:52.122720,10
LST-f6a076a58a,ORD-1f0a3e68fa,CUST-79b3611c1c,ADI-TRACK-BLK-M,77.13,2026-03-02 00:21:55.184541,14
LST-b8b92358a4,ORD-728fbbb0ca,CUST-b24b320542,ADI-TEE-WHT-M,33.58,2026-02-15 00:24:52.616322,19
LST-fab09ac4b3,ORD-45a220e52d,CUST-bb6a6b7566,ADI-TRACK-BLK-M,65.44,2026-02-15 00:25:12.023069,11
LST-cdd4531561,ORD-348a89652a,CUST-24eb034e47,ADI-TEE-WHT-M,31.64,2026-03-03 00:25:26.052562,11
LST-cc7b51e0a4,ORD-9aabd50264,CUST-69a8e455d5,ADI-TRACK-BLK-M,74.13,2026-03-03 00:26:09.806679,9
LST-db15a45a81,ORD-37501b5c40,CUST-b482468a6c,ADI-TRACK-BLK-M,63.95,2026-02-21 00:29:00.113284,7
LST-95b7657f66,ORD-910509d756,CUST-d892cba9a3,ADI-SAMBA-WHT-42,168.31,2026-02-25 03:21:55.916060,2
LST-e6af3061ef,ORD-c839a1d4bf,CUST-158a1f78f0,ADI-GAZL-BLU-42,139.03,2026-02-21 03:36:10.584881,2
LST-587fa7eecc,ORD-fc2e8b5093,CUST-34954e88b1,ADI-SAMBA-BLK-42,166.97,2026-02-24 13:17:47.087245,1
LST-9593042ccb,ORD-0fef99a6f5,CUST-b7d01d6e49,ADI-SAMBA-WHT-42,157.47,2026-02-19 16:09:49.383567,1
LST-1892aac515,ORD-b13bf9498e,CUST-d6d5a298de,ADI-GAZL-BLU-42,156.34,2026-02-27 04:54:03.580535,1
LST-38157118ea,ORD-ed4c52421b,CUST-4b120965c0,ADI-SUPER-BLK-42,138.52,2026-03-02 07:44:35.253531,1
LST-f795b78427,ORD-1a17aa5fbe,CUST-719778ca96,ADI-SAMBA-WHT-42,191.46,2026-02-23 09:21:02.254866,2
LST-af71d2d0ee,ORD-6e760b32a7,CUST-1bcdd3f804,ADI-SAMBA-WHT-42,182.24,2026-02-20 05:11:35.024499,2
LST-c6eb11b66a,ORD-0b17f07ab2,CUST-3267d3e233,ADI-SUPER-BLK-42,120.73,2026-02-17 16:20:18.056556,1
LST-4523b49d21,ORD-e290a643d8,CUST-f045f1b4d2,ADI-SAMBA-BLK-42,188.17,2026-03-07 18:48:50.329460,2
LST-0e329cdb7c,ORD-c13b1ab2c0,CUST-9a03b6ef84,ADI-SUPER-BLK-42,117.58,2026-02-27 19:51:51.448948,2
LST-c4bd9b170d,ORD-f695e58b4c,CUST-dc71e6844e,ADI-TRACK-NVY-M,100.43,2026-03-03 06:52:53.384512,1
LST-31202fb40c,ORD-ef72bb16e2,CUST-0cdef9fe7e,ADI-SUPER-BLK-42,145.93,2026-02-16 14:47:53.117939,3
LST-b427df80e4,ORD-1051c0eef1,CUST-25acf1df88,ADI-SAMBA-WHT-42,174.2,2026-03-04 03:15:00.292119,2
LST-bb5007198f,ORD-22579f19a9,CUST-079c93268f,ADI-CAP-BLK,40.38,2026-03-04 09:17:24.324668,2
LST-17d6cc2e7c,ORD-b8e21e0634,CUST-593025a88a,ADI-GAZL-BLU-42,162.69,2026-03-10 15:25:09.455873,2
LST-e792e37fe4,ORD-e9475ee630,CUST-3e13e78329,ADI-SUPER-BLK-42,122.34,2026-03-08 21:03:43.864422,1
LST-70c0dbc539,ORD-77112d014e,CUST-158a1f78f0,ADI-GAZL-BLU-42,185.68,2026-03-07 14:01:20.528315,2
LST-23e5e16d6f,ORD-7bf6a99f79,CUST-38c42d5a3e,ADI-SAMBA-BLK-42,147.98,2026-03-09 22:10:40.852696,2
LST-e13e942a52,ORD-308d935e4c,CUST-8f35736e4e,ADI-CAP-BLK,33.69,2026-02-26 06:02:15.637056,1
LST-5c20edbc0f,ORD-c83b9909a2,CUST-a71296a912,ADI-SUPER-BLK-42,123.93,2026-03-07 17:47:44.052528,4
LST-68345e8f91,ORD-6bc3ef4cb4,CUST-a8dac42552,ADI-SAMBA-WHT-42,180.76,2026-02-27 20:17:35.261707,1
LST-70c091af2d,ORD-3c6b4c9b32,CUST-0cdef9fe7e,ADI-SUPER-BLK-42,184.45,2026-02-22 06:21:55.112739,2
LST-b2b234047f,ORD-c143721794,CUST-04f11a0857,ADI-TRACK-BLK-M,127.33,2026-03-12 21:12:35.017352,2
LST-d1eb64d473,ORD-7ee3e54c7f,CUST-b330233148,ADI-TRACK-BLK-M,116.95,2026-02-28 03:40:52.793831,2
LST-ff151862f7,ORD-8ed55eefa3,CUST-25acf1df88,ADI-SUPER-BLK-42,171.65,2026-03-13 07:22:04.155148,3
LST-cb5d9ff5e5,ORD-ec16a8c8d7,CUST-bfbae52aa2,ADI-GAZL-BLU-42,179.78,2026-02-27 14:56:58.849217,2
LST-be11c80672,ORD-981e960028,CUST-534fbb5042,ADI-SAMBA-BLK-42,169.92,2026-03-02 16:03:33.980306,3
LST-2650625c59,ORD-94e8c3493f,CUST-3267d3e233,ADI-SUPER-BLK-42,135.0,2026-03-05 05:04:35.633250,2
LST-cede30b9e0,ORD-71ed45f0ff,CUST-239fb2e528,ADI-TRACK-BLK-M,136.66,2026-03-10 05:47:13.887587,3
LST-e4db4c8443,ORD-c80a381ba0,CUST-d33d2d6aa9,ADI-SUPER-BLK-42,172.33,2026-03-06 01:23:00.907744,2
LST-e253062d77,ORD-517c4f27e6,CUST-cee6bc5f3f,ADI-SAMBA-WHT-42,143.94,2026-03-05 08:51:23.384355,3
LST-b6678aa41d,ORD-a119e2e754,CUST-0ac6a2e90e,ADI-SAMBA-BLK-42,174.95,2026-02-28 14:26:48.135669,2
LST-bf8ffc1c96,ORD-97fac4bbf8,CUST-a333e7c9cb,ADI-SUPER-BLK-42,173.6,2026-03-15 14:53:20.738025,2
LST-1d24135b5a,ORD-ddeba8cc09,CUST-c30ee72bb9,ADI-GAZL-BLU-42,145.69,2026-02-28 04:11:00.680983,2
LST-78e19ef90a,ORD-34e59c8e2c,CUST-2c5ec20a4a,ADI-SUPER-BLK-42,161.5,2026-03-17 10:35:31.293426,3
LST-a9035025f5,ORD-73f6623084,CUST-282725f71e,ADI-TRACK-NVY-M,104.88,2026-03-01 13:26:16.792324,2
LST-08f8b6e94b,ORD-ac4d593046,CUST-29e51d4e0b,ADI-TRACK-BLK-M,142.5,2026-03-02 17:00:26.179832,1
LST-c8774dbb41,ORD-e8b563520e,CUST-a71296a912,ADI-SUPER-BLK-42,180.5,2026-03-05 21:50:36.636842,1
LST-a06821083c,ORD-466102bba6,CUST-0b5b3e56d4,ADI-TRACK-BLK-M,133.54,2026-03-02 01:37:49.508112,1
LST-2dcc5cf095,ORD-570f8538a4,CUST-dc71e6844e,ADI-GAZL-BLU-42,195.63,2026-02-28 08:22:58.996285,2
LST-fdaca3e249,ORD-820fea3d6d,CUST-b3216d74e8,ADI-TRACK-BLK-M,146.65,2026-03-07 09:25:46.440492,2
LST-a339d788a6,ORD-e84f845c6f,CUST-b9f30f78f9,ADI-TRACK-BLK-M,142.08,2026-03-13 12:29:20.492900,3
LST-bf081b0809,ORD-0fefc71aeb,CUST-534fbb5042,ADI-SUPER-BLK-42,154.02,2026-03-10 16:53:10.677072,2
LST-67741c6c53,ORD-aaf548697a,CUST-b3216d74e8,ADI-TRACK-BLK-M,136.49,2026-03-10 22:02:49.509943,2
LST-4786eded26,ORD-9b8376ce8c,CUST-1822527b4e,ADI-TRACK-NVY-M,90.79,2026-03-17 07:06:23.989278,1
LST-cda40f237a,ORD-14dab307c2,CUST-719778ca96,ADI-SAMBA-WHT-42,184.87,2026-03-01 10:18:52.426662,2
LST-e37b8bd19d,ORD-df3391088d,CUST-0ac6a2e90e,ADI-SAMBA-BLK-42,141.47,2026-03-12 12:21:58.079823,4
LST-48fb27592f,ORD-97d64a641b,CUST-1bcdd3f804,ADI-SAMBA-WHT-42,125.87,2026-03-03 14:03:51.675465,2
LST-67be52eaf4,ORD-f8f080b316,CUST-b3216d74e8,ADI-TRACK-BLK-M,149.5,2026-03-04 16:07:02.297374,2
LST-1e76f1c382,ORD-4c4c228ec0,CUST-05c4a04ffa,ADI-TRACK-BLK-M,127.36,2026-03-21 00:54:49.387605,2
LST-b7ebed4089,ORD-0eca87145a,CUST-05c4a04ffa,ADI-TRACK-BLK-M,96.83,2026-03-09 03:01:08.830497,3
LST-f3de8fa73e,ORD-add1d5ddae,CUST-9d8727147c,ADI-GAZL-BLU-42,196.14,2026-03-09 03:03:24.556674,3
LST-09f56e1674,ORD-4c28f7692e,CUST-4248efe105,ADI-TEE-WHT-M,65.79,2026-03-07 12:21:18.857824,2
LST-26b9018010,ORD-aad42de420,CUST-3e69bcb8f6,ADI-TRACK-NVY-M,83.02,2026-03-08 19:54:48.138665,1
LST-1b56a2b1eb,ORD-b3065c5729,CUST-593025a88a,ADI-TEE-WHT-M,43.08,2026-03-10 02:33:56.405607,3
LST-27e79df860,ORD-b66f5de134,CUST-158a1f78f0,ADI-GAZL-BLU-42,208.01,2026-03-20 06:22:02.324472,3
LST-620b013077,ORD-5ffcb5a9d0,CUST-7df94550c3,ADI-CAP-BLK,35.09,2026-03-08 21:54:43.389056,2
LST-be7123ef0a,ORD-2145deff9e,CUST-5f87163669,ADI-SAMBA-WHT-42,125.46,2026-03-12 08:44:48.718973,3
LST-1636c1cd51,ORD-61ca113119,CUST-4248efe105,ADI-TRACK-NVY-M,79.72,2026-03-11 13:06:15.079662,2
LST-1cb9f7f257,ORD-1dcb06900d,CUST-d892cba9a3,ADI-SAMBA-WHT-42,191.97,2026-03-21 17:07:43.940132,3
LST-87b5e95c2d,ORD-616cc32ae2,CUST-43d156b65f,ADI-CAP-BLK,46.52,2026-03-13 20:37:14.319409,1
LST-df675dac02,ORD-79100fef57,CUST-9ed38e234b,ADI-CAP-BLK,42.21,2026-03-17 23:15:12.776422,2
LST-3ccb7f86d4,ORD-6df6e3a404,CUST-982827d6d6,ADI-GAZL-BLU-42,146.1,2026-03-28 01:22:33.527793,1
LST-69519b12fc,ORD-4d5cce0380,CUST-d52cd78e77,ADI-GAZL-BLU-42,198.79,2026-03-17 11:44:43.154149,3
LST-2bcdabdabd,ORD-26d1ea35e9,CUST-266bd1da1f,ADI-SAMBA-WHT-42,118.84,2026-03-25 14:57:01.254568,2
LST-48749a164e,ORD-98e3622071,CUST-25acf1df88,ADI-SAMBA-BLK-42,128.39,2026-03-18 16:36:09.342987,2
LST-9d4def94e0,ORD-6383141676,CUST-588fa69ca1,ADI-SUPER-BLK-42,135.49,2026-03-13 02:37:14.354221,1
LST-dbd06605cc,ORD-1f11c4ea27,CUST-2e1b8147c0,ADI-TRACK-NVY-M,84.96,2026-03-27 14:26:12.447649,2
LST-69636c1329,ORD-f56aac1e8b,CUST-45dea62673,ADI-CAP-BLK,41.06,2026-03-12 03:11:30.293749,2
LST-1176c5f61a,ORD-625e9ad4b2,CUST-a71296a912,ADI-SUPER-BLK-42,110.59,2026-03-16 04:53:32.205759,3
LST-dd1386c3c3,ORD-f079062532,CUST-d33d2d6aa9,ADI-SUPER-BLK-42,136.91,2026-03-28 11:12:28.362871,2
LST-69cb86e66b,ORD-400232d67e,CUST-bfd1752ebc,ADI-TRACK-BLK-M,97.12,2026-03-24 11:38:12.646815,1
LST-4ac9d25aa3,ORD-ac79e94660,CUST-7df94550c3,ADI-CAP-BLK,42.04,2026-03-21 16:03:09.324132,3
LST-3e72eebe85,ORD-6012479537,CUST-0cdef9fe7e,ADI-SUPER-BLK-42,140.13,2026-03-14 21:12:33.165615,3
LST-0b96e9f4af,ORD-f9880758b9,CUST-b4beacbbef,ADI-SUPER-BLK-42,182.53,2026-03-15 11:15:58.058302,2
LST-bf269ad7a0,ORD-619fb70853,CUST-882ae9ca18,ADI-CAP-BLK,40.64,2026-03-17 17:01:50.152101,1
LST-e68b3315ea,ORD-55284a5258,CUST-d892cba9a3,ADI-TRACK-BLK-M,108.51,2026-03-17 23:55:04.349476,4
LST-2204c2cc02,ORD-ad4355510c,CUST-3ec40b814a,ADI-SUPER-BLK-42,82.75,2026-03-15 00:00:03.668872,2
LST-bb70e5b15a,ORD-de3d4eb3dd,CUST-2b1e61fe36,ADI-SUPER-BLK-42,63.98,2026-03-17 00:00:58.720111,2
LST-ee687baaf2,ORD-35ade3db56,CUST-8925911f53,ADI-SAMBA-BLK-42,96.78,2026-03-16 00:01:01.600990,8
LST-3887eac920,ORD-d5c4e22944,CUST-5025c13b40,ADI-SUPER-BLK-42,88.3,2026-04-02 00:01:05.717478,10
LST-6ae76efac9,ORD-37f3c9f34b,CUST-ee1e4a6e65,ADI-SAMBA-BLK-42,87.27,2026-03-22 00:01:13.530191,3
LST-2ab210c146,ORD-5ef430dbf4,CUST-aa42e1a968,ADI-SUPER-BLK-42,55.89,2026-03-24 00:01:13.685519,3
LST-74cc02479f,ORD-772ff3edea,CUST-f7cd9a71d2,ADI-SAMBA-BLK-42,78.6,2026-04-02 00:01:47.496075,9
LST-82c4070ba8,ORD-4ed3b2dd24,CUST-5a27c5a269,ADI-SUPER-BLK-42,85.35,2026-04-01 00:01:56.309686,5
LST-95fdacdc8f,ORD-4082c6256b,CUST-83567cd236,ADI-SAMBA-BLK-42,85.92,2026-03-24 00:01:58.007055,8
LST-efadc41c0c,ORD-598e7735f9,CUST-9242f73ed5,ADI-SAMBA-BLK-42,65.49,2026-03-20 00:02:50.250337,5
LST-c7d13abf76,ORD-38a7698a4f,CUST-992cf67cc4,ADI-SAMBA-BLK-42,91.31,2026-03-27 00:03:46.684513,9
LST-cda070e180,ORD-b7898c156b,CUST-b50a116b58,ADI-SAMBA-BLK-42,80.98,2026-03-16 00:03:49.786325,2
LST-271d8eb4bc,ORD-301862953b,CUST-2932580980,ADI-SAMBA-BLK-42,60.07,2026-03-13 00:03:50.306945,11
LST-941789535a,ORD-603052ffda,CUST-6fe28dee36,ADI-SAMBA-BLK-42,75.21,2026-03-20 00:05:10.355980,6
LST-05e8c09a2d,ORD-15db5e6a3e,CUST-aa5e1ef160,ADI-SUPER-BLK-42,84.45,2026-03-15 00:05:28.676940,3
LST-822647be2c,ORD-e440febf68,CUST-78f5352ee5,ADI-SUPER-BLK-42,56.88,2026-03-13 00:05:33.203951,3
LST-c56105ee47,ORD-769c86ca84,CUST-4cde5703ce,ADI-SAMBA-BLK-42,76.63,2026-03-17 00:06:13.404524,6
LST-d9e93b5f4c,ORD-9463bd2ee9,CUST-6cfb037a3e,ADI-SUPER-BLK-42,68.36,2026-03-14 00:06:58.750575,2
LST-590bb0416d,ORD-ae38446dc8,CUST-e0456dced9,ADI-SUPER-BLK-42,56.87,2026-03-27 00:07:08.279612,2
LST-9d069e4f5c,ORD-1fb1954f6e,CUST-a770bad726,ADI-SUPER-BLK-42,82.51,2026-03-23 00:08:32.526858,2
LST-e294253c1e,ORD-8d12784ecf,CUST-f83f700768,ADI-SUPER-BLK-42,88.54,2026-03-24 00:08:55.227359,7
LST-d136353577,ORD-da9ee65a36,CUST-3eeb1b75ca,ADI-SUPER-BLK-42,62.88,2026-03-25 00:09:02.826967,2
LST-e79c505ecf,ORD-8850ae6873,CUST-2a3407c326,ADI-SUPER-BLK-42,56.2,2026-03-31 00:09:16.299011,3
LST-6538290879,ORD-6aca570405,CUST-c827b05b4a,ADI-SUPER-BLK-42,88.12,2026-03-24 00:09:40.269684,7
LST-4d684cc9b0,ORD-db898b13ce,CUST-b63e190afd,ADI-SUPER-BLK-42,78.05,2026-03-28 00:09:46.696216,1
LST-d8d1d3dc99,ORD-94b455771c,CUST-c19744ff97,ADI-SUPER-BLK-42,55.46,2026-03-19 00:09:55.962721,3
LST-18a2576b7f,ORD-b50c7843e1,CUST-cf163e928c,ADI-SUPER-BLK-42,61.24,2026-03-27 00:10:33.220373,7
LST-fc32f48b44,ORD-89b750f448,CUST-7d4d6e02e6,ADI-SUPER-BLK-42,60.95,2026-03-24 00:10:51.966830,10
LST-5627be4076,ORD-b67af50c4f,CUST-e93e0fced1,ADI-SAMBA-BLK-42,92.14,2026-03-28 00:11:10.301973,7
LST-dd0b7d8b6a,ORD-f3c30450f0,CUST-243288e38a,ADI-SUPER-BLK-42,65.42,2026-03-26 00:11:36.211492,2
LST-98eaf90c5c,ORD-fbf5169fce,CUST-b28cac734e,ADI-SAMBA-BLK-42,71.88,2026-03-31 00:11:58.595386,7
LST-ee01e05960,ORD-4c327fd7e8,CUST-61dbbd36cb,ADI-SUPER-BLK-42,59.71,2026-03-27 00:12:25.168991,8
LST-f896134dfa,ORD-4bc0a6fb99,CUST-2259e0aa6c,ADI-SUPER-BLK-42,60.01,2026-03-21 00:12:51.459368,4
LST-b74bbce9b8,ORD-da1d8d9ddb,CUST-654db864e7,ADI-SAMBA-BLK-42,69.14,2026-03-20 00:13:08.623871,12
LST-61da4c2531,ORD-8567ec06fc,CUST-74cba0eee6,ADI-SUPER-BLK-42,82.6,2026-04-02 00:13:50.311168,17
LST-e057d36576,ORD-74994ca8ae,CUST-142db6c9c8,ADI-SUPER-BLK-42,67.3,2026-03-15 00:14:20.021721,7
LST-558bc0e1e5,ORD-327a39a196,CUST-9e1d5d5b35,ADI-SAMBA-BLK-42,68.85,2026-04-01 00:14:20.938281,6
LST-138ac2aa07,ORD-6b66c09120,CUST-b3f814508c,ADI-SAMBA-BLK-42,92.12,2026-03-28 00:15:13.127368,14
LST-05f519137b,ORD-e873bd1a42,CUST-1d42323cd5,ADI-SUPER-BLK-42,78.43,2026-03-28 00:15:22.681033,4
LST-c6926f2de4,ORD-da3a1524e6,CUST-f8472d96bd,ADI-SAMBA-BLK-42,66.55,2026-03-31 00:16:12.794438,6
LST-fd3ef67386,ORD-05ba570b9a,CUST-45f0332ddb,ADI-SAMBA-BLK-42,75.29,2026-04-01 00:16:24.757226,8
LST-a75293a155,ORD-75339ae6b6,CUST-db23a58db6,ADI-SUPER-BLK-42,70.97,2026-03-25 00:16:50.386325,7
LST-212859cd05,ORD-ab62dc0c78,CUST-854beae0fd,ADI-SAMBA-BLK-42,78.14,2026-03-14 00:16:54.370980,6
LST-d05f513e05,ORD-8df7b8b8d4,CUST-4ada84ed19,ADI-SAMBA-BLK-42,68.55,2026-03-18 00:16:54.858690,7
LST-8b19f93ff5,ORD-7230509c5c,CUST-b482468a6c,ADI-SAMBA-BLK-42,67.04,2026-03-29 00:17:16.125944,17
LST-e2a55499cc,ORD-9a48aae4da,CUST-b69d3e59f5,ADI-SAMBA-BLK-42,82.11,2026-03-16 00:17:32.087804,14
LST-4fa643ba0d,ORD-980dab592d,CUST-43c44db43e,ADI-SUPER-BLK-42,55.81,2026-03-21 00:18:29.773274,3
LST-5339d58dd8,ORD-e941be3ae8,CUST-79cf5d5408,ADI-SAMBA-BLK-42,98.52,2026-03-17 00:18:44.950976,4
LST-e8a8f7cff7,ORD-ec3b8d40bb,CUST-666fc99c39,ADI-SUPER-BLK-42,74.97,2026-03-30 00:19:29.993992,11
LST-baff4fd735,ORD-dd5cb8eff9,CUST-8ef8df15d7,ADI-SAMBA-BLK-42,75.14,2026-03-18 00:19:35.993869,12
LST-2bb7f76cd5,ORD-da7534bbca,CUST-dee9c5ba0c,ADI-SUPER-BLK-42,79.38,2026-04-02 00:19:39.496726,5
LST-0321aa012c,ORD-de20a60a83,CUST-45b22257d6,ADI-SUPER-BLK-42,92.48,2026-03-15 00:24:07.884450,5
LST-e5d8f553a0,ORD-d9e5b39c70,CUST-1e76f31c61,ADI-SAMBA-BLK-42,88.91,2026-03-31 00:24:33.359523,8
LST-bbd73d3b6f,ORD-4f1b22d851,CUST-1b4d5ad4b0,ADI-SAMBA-BLK-42,98.72,2026-03-31 00:24:39.492241,6
LST-cd2cda7960,ORD-9035a696b5,CUST-64ce243121,ADI-SUPER-BLK-42,59.53,2026-03-27 00:25:39.670164,11
LST-a0d892b3a4,ORD-16279d1dac,CUST-443a700f8f,ADI-SAMBA-BLK-42,80.27,2026-04-02 00:25:41.526196,8
LST-b08f06a8db,ORD-d9058361b2,CUST-73f7c927cc,ADI-SUPER-BLK-42,80.55,2026-03-13 00:27:11.053741,13
LST-0e4c4fd487,ORD-dadcba1c22,CUST-9542772351,ADI-SAMBA-BLK-42,64.1,2026-03-16 00:29:13.609566,9
LST-8aba5cff59,ORD-9b6531dc75,CUST-7762954172,ADI-TRACK-BLK-M,123.33,2026-03-20 02:53:42.643821,1
LST-bfa9dc1da2,ORD-920f03d3f6,CUST-988865a0cd,ADI-TEE-WHT-M,52.68,2026-03-27 08:09:11.894526,4
LST-43f98c55f1,ORD-d325b041c6,CUST-588fa69ca1,ADI-SAMBA-WHT-42,122.0,2026-03-13 14:08:19.924238,2
LST-f2abf7d4f7,ORD-05ff6bcf9c,CUST-f9a58ddbd3,ADI-TRACK-NVY-M,103.61,2026-03-28 20:21:07.482349,1
LST-b1aff69d76,ORD-9dd05e16ac,CUST-593025a88a,ADI-GAZL-BLU-42,147.0,2026-04-01 15:14:08.605866,1
LST-4cab4330ca,ORD-3f56db1d66,CUST-05c4a04ffa,ADI-TRACK-BLK-M,96.76,2026-04-04 12:20:34.938700,2
LST-3540f7aa29,ORD-5810ceff58,CUST-c30ee72bb9,ADI-GAZL-BLU-42,174.97,2026-04-02 20:37:52.015904,3
LST-57d9238680,ORD-dbbc00a8c6,CUST-d917f8acca,ADI-TRACK-BLK-M,133.24,2026-04-02 05:40:55.916464,1
LST-820cf2978f,ORD-fa99403d5a,CUST-43d156b65f,ADI-CAP-BLK,48.84,2026-03-28 06:14:49.593445,2
LST-eacedf1055,ORD-5a0fb43589,CUST-04f11a0857,ADI-TRACK-BLK-M,131.03,2026-03-24 16:53:09.983424,2
LST-76f27ca640,ORD-6c52b92c24,CUST-f881604245,ADI-TRACK-NVY-M,116.52,2026-03-24 17:06:26.073178,2
LST-8367c4dd58,ORD-2a43ec7261,CUST-2a76452576,ADI-SAMBA-BLK-42,164.06,2026-03-20 09:41:49.954924,1
LST-f7c435c44f,ORD-f85e5add02,CUST-a71296a912,ADI-TRACK-NVY-M,126.58,2026-04-06 22:36:43.873917,2
LST-25bedc0b27,ORD-857929da33,CUST-158a1f78f0,ADI-GAZL-BLU-42,190.68,2026-04-04 01:01:11.803576,4
LST-1c761f9dc2,ORD-3a1d21f54a,CUST-2772b1f991,ADI-TEE-WHT-M,49.19,2026-03-21 05:37:43.186976,1
LST-3b3cf73615,ORD-b10bda4c55,CUST-3267d3e233,ADI-SUPER-BLK-42,171.54,2026-04-08 03:19:21.097458,2
LST-13f34b332d,ORD-f747675215,CUST-bfd1752ebc,ADI-TRACK-BLK-M,93.85,2026-04-08 03:13:23.387775,2
LST-6cbdd3d7a5,ORD-0fde635b7f,CUST-a71296a912,ADI-SUPER-BLK-42,132.15,2026-04-08 05:16:08.059075,2
LST-3102b1201e,ORD-7da5a2f563,CUST-2c5ec20a4a,ADI-SUPER-BLK-42,165.61,2026-04-09 09:53:35.510101,2
LST-4a5e443407,ORD-a610b7990f,CUST-719778ca96,ADI-SAMBA-WHT-42,158.45,2026-03-25 13:07:33.468217,2
LST-ef7d6e6a96,ORD-38ad8ea326,CUST-45dea62673,ADI-SAMBA-WHT-42,162.43,2026-03-24 14:19:45.302577,3
LST-9a32ee3b9a,ORD-5770b5a027,CUST-38c42d5a3e,ADI-SUPER-BLK-42,181.91,2026-04-08 16:35:02.513033,2
LST-252a6aedf6,ORD-5787dcb0a3,CUST-e778a1f21c,ADI-SUPER-BLK-42,152.01,2026-03-25 20:37:44.348039,2
LST-fdf552a508,ORD-b832a4ff58,CUST-282725f71e,ADI-TRACK-NVY-M,99.61,2026-04-07 15:52:55.674731,2
LST-38dde44cc9,ORD-6e8a815cfc,CUST-2806f61a26,ADI-SAMBA-WHT-42,152.31,2026-03-31 07:26:01.278082,2
LST-248038f8d6,ORD-add487da5a,CUST-e9684f19ac,ADI-TEE-WHT-M,65.66,2026-04-08 08:06:24.686634,1
LST-329a5b1d9f,ORD-c75ef7acc4,CUST-67cd32f36c,ADI-TRACK-BLK-M,117.77,2026-04-11 14:37:13.575146,2
LST-be6224c0ac,ORD-6727c40744,CUST-d52cd78e77,ADI-TEE-WHT-M,40.99,2026-03-26 15:08:34.565527,4
LST-a1fd730853,ORD-babd7c984f,CUST-25acf1df88,ADI-SAMBA-WHT-42,145.98,2026-04-11 23:31:38.219542,2
LST-5dac22c2c8,ORD-d1d5d2b381,CUST-0361eec1a4,ADI-SAMBA-WHT-42,183.48,2026-03-30 06:54:46.989539,1
LST-c145a0a2b6,ORD-46608e1b4f,CUST-d892cba9a3,ADI-TRACK-BLK-M,104.44,2026-04-06 09:42:06.790464,2
LST-db88835d03,ORD-4a7b3ce434,CUST-266bd1da1f,ADI-SAMBA-WHT-42,196.46,2026-03-25 13:23:44.130351,3
LST-05ab62cc82,ORD-707246ba81,CUST-25acf1df88,ADI-SUPER-BLK-42,149.59,2026-04-05 21:37:28.342151,2
LST-c6b9cf971d,ORD-a4a929669c,CUST-e778a1f21c,ADI-SUPER-BLK-42,123.17,2026-04-03 03:59:34.952964,2
LST-afe8c871a3,ORD-8eb8998c77,CUST-a83266785d,ADI-CAP-BLK,38.4,2026-04-14 10:20:13.380610,1
LST-c1ffa4378a,ORD-0bd13289f8,CUST-5f87163669,ADI-SAMBA-WHT-42,119.56,2026-04-01 14:35:51.780915,4
LST-41b13126c1,ORD-bf30dafd27,CUST-d52cd78e77,ADI-GAZL-BLU-42,200.89,2026-04-08 18:24:35.928228,2
LST-a8f786596c,ORD-9f844f7018,CUST-1dc87f08ef,ADI-SAMBA-WHT-42,178.2,2026-04-10 19:19:59.440018,2
LST-3eea1e232d,ORD-5cc330f9ca,CUST-b3216d74e8,ADI-TRACK-BLK-M,123.49,2026-04-04 08:15:52.482178,2
LST-658cb19cc2,ORD-da115c9f0a,CUST-2ea16593f9,ADI-TRACK-NVY-M,107.52,2026-03-28 10:59:21.003589,4
LST-38ccfdb2e7,ORD-44540b3c08,CUST-a33f00d483,ADI-SAMBA-BLK-42,187.17,2026-04-10 13:15:29.076473,2
LST-d0445bbe61,ORD-78e1c5829a,CUST-d52cd78e77,ADI-TEE-WHT-M,46.33,2026-04-10 13:30:48.674580,2
LST-e8b678ca84,ORD-8837dd92ef,CUST-d33d2d6aa9,ADI-SUPER-BLK-42,186.64,2026-04-03 15:24:15.066777,4
LST-4d7829ed41,ORD-3d6b30dc13,CUST-655149ae0f,ADI-SAMBA-BLK-42,191.45,2026-04-16 15:45:49.363363,1
LST-b7aa5b2408,ORD-d0d28354ec,CUST-a33f00d483,ADI-SAMBA-BLK-42,151.2,2026-04-14 08:00:11.091881,2
LST-b897bd480b,ORD-a91c203cfe,CUST-b330233148,ADI-TRACK-BLK-M,127.65,2026-04-16 12:22:38.191435,2
LST-997522a229,ORD-077fbc9765,CUST-2ea16593f9,ADI-TRACK-NVY-M,105.36,2026-04-15 16:30:37.992413,2
LST-66d2eb12c6,ORD-32c7fdd367,CUST-7946e6dbbc,ADI-SAMBA-BLK-42,144.56,2026-04-06 06:16:32.903429,2
LST-a05570846e,ORD-01e69f9f3b,CUST-e70fc0b9ed,ADI-TRACK-NVY-M,84.7,2026-04-04 03:06:39.947840,2
LST-e37b167fb6,ORD-bb6087020a,CUST-d892cba9a3,ADI-TRACK-BLK-M,94.69,2026-04-15 08:56:10.604524,4
LST-797e3ee1e2,ORD-4ae803f0d3,CUST-c30ee72bb9,ADI-SUPER-BLK-42,181.55,2026-04-01 12:08:15.531101,3
LST-2b5b460672,ORD-570de48112,CUST-e717a23f08,ADI-SUPER-BLK-42,116.51,2026-04-01 21:44:51.246532,2
LST-e8614d193e,ORD-2a26916499,CUST-d52cd78e77,ADI-GAZL-BLU-42,197.74,2026-04-17 22:02:13.885665,2
LST-1dccb03424,ORD-4f1d51b9b4,CUST-b4beacbbef,ADI-GAZL-BLU-42,158.29,2026-04-14 09:31:07.181085,4
LST-f0db7e1426,ORD-6dadcc29f5,CUST-e57c6753e7,ADI-SAMBA-BLK-42,125.1,2026-04-19 09:38:34.629327,2
LST-2e37f1e1b4,ORD-5588242e45,CUST-f881604245,ADI-TRACK-NVY-M,81.01,2026-04-16 15:16:17.801757,3
LST-a91aff9565,ORD-6159eb0c39,CUST-a333e7c9cb,ADI-SUPER-BLK-42,160.69,2026-04-19 22:14:25.882145,2
LST-a0e8c49fcd,ORD-50140c59cf,CUST-bfd1752ebc,ADI-TRACK-BLK-M,124.41,2026-04-19 23:58:39.854007,2
LST-2b1fd91e24,ORD-7230d9122c,CUST-3e69bcb8f6,ADI-TRACK-NVY-M,127.71,2026-04-15 07:39:36.369462,2
LST-1177c7b337,ORD-ac02b0857e,CUST-45dea62673,ADI-SAMBA-WHT-42,190.15,2026-04-20 08:39:22.760162,2
LST-aedddf9fe9,ORD-c47fe3589c,CUST-534fbb5042,ADI-TRACK-NVY-M,100.16,2026-04-13 08:55:25.187065,2
LST-7f879e49c9,ORD-097094c10f,CUST-05c4a04ffa,ADI-TRACK-BLK-M,91.9,2026-04-12 09:11:55.830324,2
LST-f144e2dccf,ORD-f67aa3fc93,CUST-cb7ffbfd01,ADI-TRACK-BLK-M,118.92,2026-04-20 17:54:15.706826,1
LST-3300c1e466,ORD-b07394be92,CUST-b465ade508,ADI-CAP-BLK,50.11,2026-04-12 23:54:28.956641,3
LST-2f798b8ea8,ORD-42fd84e948,CUST-0aa53618ee,ADI-TEE-WHT-M,52.67,2026-04-23 09:54:44.403843,2
LST-d5ac81adb8,ORD-1668857baa,CUST-e70fc0b9ed,ADI-TRACK-NVY-M,124.28,2026-04-15 09:59:11.334715,2
LST-af0d6f0934,ORD-df8315e567,CUST-1680df50f3,ADI-CAP-BLK,41.08,2026-04-09 05:19:18.993324,2
LST-f59fd37aed,ORD-45f74cd97f,CUST-9289cc6ba4,ADI-GAZL-BLU-42,167.69,2026-04-14 12:32:14.699262,2
LST-94f012e808,ORD-0b1ffa758c,CUST-04f11a0857,ADI-TRACK-BLK-M,112.04,2026-04-24 16:35:39.941038,2
LST-fad366985f,ORD-079c601921,CUST-3267d3e233,ADI-SUPER-BLK-42,181.79,2026-04-19 05:31:46.088314,2
LST-3dbba24ed1,ORD-3a030c823d,CUST-4c888862d8,ADI-SAMBA-WHT-42,131.17,2026-04-15 08:48:54.117203,1
LST-bca3f96ca7,ORD-cfc4d14044,CUST-db0f3b2255,ADI-TRACK-NVY-M,130.07,2026-04-22 06:36:05.913566,4
LST-21b3a1a61c,ORD-7dfc01366d,CUST-b465ade508,ADI-CAP-BLK,41.53,2026-04-17 13:05:01.015143,3
LST-e1c5ab938d,ORD-5b0567d9db,CUST-b9f30f78f9,ADI-GAZL-BLU-42,139.33,2026-04-12 14:06:47.290172,2
LST-cd01989e07,ORD-53c9fe9084,CUST-b330233148,ADI-TRACK-BLK-M,148.38,2026-04-23 19:33:30.164922,2
LST-d0fd9ae912,ORD-7db493cc8f,CUST-dc71e6844e,ADI-SUPER-BLK-42,171.46,2026-04-27 21:25:58.703151,2
LST-a3a97e473e,ORD-b6425c4e1a,CUST-1bcdd3f804,ADI-SAMBA-WHT-42,178.6,2026-04-25 01:23:58.977963,2
LST-2342755600,ORD-ff0c66de5b,CUST-1bcdd3f804,ADI-SAMBA-WHT-42,158.82,2026-04-20 02:40:42.108615,2
LST-edb0f5e088,ORD-1fa2d58523,CUST-0b55080a4b,ADI-SUPER-BLK-42,153.25,2026-04-14 04:08:31.234853,2
LST-c5471a0332,ORD-9bdf08b7cb,CUST-158a1f78f0,ADI-GAZL-BLU-42,183.6,2026-04-19 22:44:26.224875,2
LST-a230a1b4f8,ORD-66f2bb6010,CUST-7946e6dbbc,ADI-TEE-WHT-M,60.65,2026-04-23 12:50:24.270219,3
LST-8a2449bcee,ORD-b719d46128,CUST-d88b04aea0,ADI-GAZL-BLU-42,201.33,2026-04-14 16:46:03.480892,4
LST-7ef1b87052,ORD-9a9ba5dc33,CUST-282725f71e,ADI-TRACK-NVY-M,85.95,2026-04-13 03:55:30.637422,3
LST-ce5b2afa0c,ORD-3621d57623,CUST-cdcb1d1c15,ADI-SAMBA-BLK-42,159.83,2026-04-18 13:06:02.132127,2
LST-6dbd5b2355,ORD-f2322fd36c,CUST-24b97a0bde,ADI-GAZL-BLU-42,168.71,2026-04-29 19:52:23.619653,2
LST-2f1f38d84d,ORD-bf9ff5f1df,CUST-10cec72d2e,ADI-SAMBA-WHT-42,84.9,2026-04-23 00:00:08.926444,4
LST-7732e44ee2,ORD-4d5582748d,CUST-c2b6224267,ADI-GAZL-BLU-42,89.74,2026-04-20 00:00:15.368229,11
LST-40bdad70f0,ORD-4401cc1eba,CUST-0304fecb59,ADI-SAMBA-WHT-42,70.05,2026-04-29 00:00:17.053625,2
LST-5e2279d5a9,ORD-c1e46f3684,CUST-49154d60d8,ADI-GAZL-BLU-42,87.55,2026-04-20 00:00:42.155408,3
LST-3d69bc47f0,ORD-4c80b42e63,CUST-f573b9c80d,ADI-GAZL-BLU-42,104.95,2026-04-25 00:01:41.792771,2
LST-7bb809c744,ORD-7758cb13ec,CUST-94b25b8362,ADI-SAMBA-WHT-42,77.06,2026-04-26 00:01:50.436124,3
LST-7fceb01828,ORD-1bd4e95cb7,CUST-e3db29d0e4,ADI-SAMBA-WHT-42,73.12,2026-04-14 00:02:17.532864,2
LST-e323a35bfe,ORD-25d0ef2585,CUST-6869a4ec31,ADI-GAZL-BLU-42,106.79,2026-04-26 00:03:02.035769,8
LST-1c12ce0c19,ORD-07b109f518,CUST-db18bc7ab8,ADI-GAZL-BLU-42,109.38,2026-04-27 00:03:30.114890,2
LST-bea518a415,ORD-b02ac1a6ca,CUST-7fdf892643,ADI-SAMBA-WHT-42,100.68,2026-04-14 00:03:31.678249,2
LST-07199ed843,ORD-4e6ff486e5,CUST-2e605c8508,ADI-SAMBA-WHT-42,73.54,2026-04-21 00:03:46.898330,6
LST-87d731c7c1,ORD-7e30d341fb,CUST-f1aa8b7d3d,ADI-GAZL-BLU-42,79.73,2026-04-17 00:03:48.946291,12
LST-8172345e92,ORD-a8f9b45735,CUST-d71f431002,ADI-GAZL-BLU-42,90.29,2026-04-17 00:03:58.770103,13
LST-ef58286e4f,ORD-6a384f6bc5,CUST-47c3716b0d,ADI-GAZL-BLU-42,72.12,2026-04-29 00:04:13.209021,3
LST-86ee9f803d,ORD-b11da96f61,CUST-fb75daddc7,ADI-SAMBA-WHT-42,81.59,2026-04-19 00:04:15.035133,7
LST-a5f261b955,ORD-8cec178749,CUST-58559a7e31,ADI-GAZL-BLU-42,106.88,2026-04-18 00:04:23.747052,9
LST-0b0a2be5bb,ORD-370e33ae25,CUST-f16f9f2dc0,ADI-SAMBA-WHT-42,99.67,2026-04-19 00:04:49.470925,2
LST-90df1d84eb,ORD-28e74b35c5,CUST-64ce243121,ADI-GAZL-BLU-42,112.57,2026-04-20 00:05:20.422335,8
LST-41716a7314,ORD-6c797f8be1,CUST-157f6bc913,ADI-GAZL-BLU-42,113.46,2026-04-21 00:05:43.030796,6
LST-c63ccd2225,ORD-83a9c940ff,CUST-b9785a1bc9,ADI-SAMBA-WHT-42,87.28,2026-04-24 00:07:07.510874,2
LST-075f33ea91,ORD-52537e36ea,CUST-75211a5143,ADI-SAMBA-WHT-42,87.26,2026-04-14 00:07:20.446042,11
LST-765a151f48,ORD-f239b4bda2,CUST-ae79f7d502,ADI-SAMBA-WHT-42,72.02,2026-04-20 00:08:18.961241,2
LST-f98251942d,ORD-0ea56d6142,CUST-d79f88c7e0,ADI-GAZL-BLU-42,89.29,2026-04-20 00:08:24.427985,3
LST-c32cbaf984,ORD-27eb9d94c4,CUST-e4866bccfd,ADI-GAZL-BLU-42,97.99,2026-04-23 00:08:43.674425,8
LST-63b1fe612d,ORD-8c0009c522,CUST-2bc4d0130e,ADI-GAZL-BLU-42,102.17,2026-04-26 00:08:59.211686,2
LST-29463fb7f9,ORD-a835690c77,CUST-0c08593337,ADI-SAMBA-WHT-42,65.04,2026-05-02 00:09:01.605976,10
LST-dbaa84c0a5,ORD-d0803d12d3,CUST-98f856fdcb,ADI-GAZL-BLU-42,83.43,2026-05-01 00:09:20.096141,7
LST-d6ac323230,ORD-ce8033bef8,CUST-64d20ba39f,ADI-GAZL-BLU-42,119.04,2026-04-28 00:09:25.625794,10
LST-3bea47f5e9,ORD-ad0392ce13,CUST-730647a9d0,ADI-SAMBA-WHT-42,100.16,2026-04-30 00:09:42.008177,6
LST-36b31eb521,ORD-8170e78411,CUST-daccb663df,ADI-SAMBA-WHT-42,98.94,2026-05-01 00:10:14.829245,12
LST-5bb660212b,ORD-b4855c4a4c,CUST-8ef8df15d7,ADI-GAZL-BLU-42,100.15,2026-04-16 00:10:33.572297,9
LST-16c46d4e8a,ORD-f42eb59c65,CUST-8fd5601e06,ADI-GAZL-BLU-42,113.07,2026-04-16 00:10:35.510830,3
LST-0079577154,ORD-cc4d3f8933,CUST-65dd779676,ADI-GAZL-BLU-42,111.61,2026-05-01 00:10:57.076525,3
LST-f655f6b5b5,ORD-8299aefb31,CUST-93282781d9,ADI-SAMBA-WHT-42,72.15,2026-04-16 00:11:20.587041,3
LST-74a4aa14d4,ORD-9282c91260,CUST-61e1df4a09,ADI-SAMBA-WHT-42,90.74,2026-04-17 00:11:48.884831,4
LST-d98899fb64,ORD-c9a152dda7,CUST-c668819d77,ADI-SAMBA-WHT-42,99.65,2026-04-16 00:12:00.097848,14
LST-7a18596b52,ORD-5571f119b7,CUST-310ecff7ca,ADI-SAMBA-WHT-42,86.62,2026-04-24 00:13:07.323039,2
LST-c6c2a5f9d9,ORD-5f43d6c69c,CUST-2440cc140b,ADI-SAMBA-WHT-42,103.62,2026-04-18 00:13:19.929114,7
LST-0e7f6d4905,ORD-ac5beacc37,CUST-34411d47d1,ADI-GAZL-BLU-42,96.98,2026-04-13 00:13:20.258744,2
LST-81a0a2a86c,ORD-db8eff95af,CUST-9ddc99f845,ADI-GAZL-BLU-42,82.0,2026-04-16 00:13:33.787405,7
LST-ee9c3f23a5,ORD-469c86285e,CUST-ea457301aa,ADI-SAMBA-WHT-42,74.6,2026-04-12 00:13:49.559953,1
LST-b6f6b33a3f,ORD-311b59fd37,CUST-74cba0eee6,ADI-GAZL-BLU-42,90.6,2026-04-25 00:13:59.794606,7
LST-71dc6b9ce1,ORD-731e5ce38d,CUST-cb39019d38,ADI-SAMBA-WHT-42,65.68,2026-05-02 00:14:25.677821,6
LST-6248044887,ORD-d7f622b5f1,CUST-e30a43e75b,ADI-SAMBA-WHT-42,96.2,2026-04-15 00:15:30.653675,4
LST-0f83815ad5,ORD-3a1a009d5a,CUST-d7901846c5,ADI-SAMBA-WHT-42,77.51,2026-04-23 00:15:39.848016,3
LST-32fc95f71b,ORD-d8886bcdbd,CUST-4ada84ed19,ADI-GAZL-BLU-42,74.55,2026-04-19 00:15:40.464185,11
LST-6b172393ca,ORD-edab9b2b42,CUST-73f7c927cc,ADI-SAMBA-WHT-42,78.58,2026-04-19 00:15:40.603861,6
LST-ff5da8d1c3,ORD-789a56325d,CUST-6e3cca8581,ADI-SAMBA-WHT-42,87.09,2026-04-13 00:15:42.596404,2
LST-39df463e77,ORD-b3b1d4e37a,CUST-25165354cc,ADI-GAZL-BLU-42,110.26,2026-04-29 00:15:42.834268,3
LST-cad444b84c,ORD-a6f203baea,CUST-8b4244b158,ADI-SAMBA-WHT-42,78.13,2026-04-30 00:16:07.922278,2
LST-46c1437a6b,ORD-65dd0765f8,CUST-0660d45121,ADI-SAMBA-WHT-42,68.7,2026-04-12 00:16:14.788500,5
LST-22ac5ce8a1,ORD-465e465132,CUST-8ab13f8330,ADI-GAZL-BLU-42,112.85,2026-04-24 00:17:35.139135,7
LST-34110e4d15,ORD-02fe767510,CUST-b366167247,ADI-SAMBA-WHT-42,100.76,2026-04-20 00:17:41.770348,2
LST-416704a247,ORD-f7d1328ea7,CUST-6f29878926,ADI-GAZL-BLU-42,93.16,2026-04-14 00:18:55.847491,5
LST-49b368e6e9,ORD-21b9dd2d20,CUST-f3c0bdd21e,ADI-GAZL-BLU-42,92.93,2026-04-24 00:19:41.862510,11
LST-69b417e405,ORD-8c290e9776,CUST-7d4d6e02e6,ADI-SAMBA-WHT-42,64.93,2026-05-02 00:20:19.803844,7
LST-a718f49968,ORD-98881e864a,CUST-79cf5d5408,ADI-GAZL-BLU-42,114.44,2026-04-14 00:20:49.281309,13
LST-fbb950fb5f,ORD-ae42cc5e3b,CUST-9b5e858bd9,ADI-SAMBA-WHT-42,84.26,2026-04-22 00:22:33.681319,7
LST-b749cd62af,ORD-4583ec342f,CUST-aebb4a6d4e,ADI-SAMBA-WHT-42,105.44,2026-04-30 00:22:49.052271,10
LST-eb63a7943f,ORD-a12e3b6538,CUST-dbc416a9e6,ADI-GAZL-BLU-42,73.58,2026-05-01 00:23:06.899409,6
LST-29c77dff1f,ORD-b38ba6a8c0,CUST-a461d4c7f6,ADI-SAMBA-WHT-42,88.77,2026-04-21 00:23:28.367318,8
LST-f01c51cf1c,ORD-3660c45410,CUST-bb1f6d1513,ADI-GAZL-BLU-42,107.42,2026-04-30 00:23:56.574600,6
LST-81c5f2932e,ORD-db89be3ed3,CUST-9242f73ed5,ADI-GAZL-BLU-42,101.54,2026-04-12 00:24:54.140318,9
LST-292301a357,ORD-df55660a79,CUST-d92c83dbed,ADI-GAZL-BLU-42,99.12,2026-04-28 00:24:55.308185,19
LST-a7309fdebe,ORD-c9029bf23a,CUST-35e851ca72,ADI-GAZL-BLU-42,94.89,2026-05-02 00:25:06.076411,15
LST-a1c9b29696,ORD-02c257c41b,CUST-8d08e27f5c,ADI-GAZL-BLU-42,89.52,2026-04-23 00:25:21.867532,13
LST-864282a4ad,ORD-bb44220bfa,CUST-123bb6acab,ADI-SAMBA-WHT-42,80.52,2026-04-14 00:26:09.753826,8
LST-b591711de2,ORD-864824cb52,CUST-d256d51c7b,ADI-GAZL-BLU-42,100.94,2026-04-16 00:26:44.470349,4
LST-8e4ae31552,ORD-e7fc3a7501,CUST-3893c92c8c,ADI-GAZL-BLU-42,92.86,2026-04-23 00:27:16.165535,11
LST-f9cfafd6ee,ORD-bbeedc3aac,CUST-adca82b50a,ADI-SAMBA-WHT-42,89.26,2026-04-17 00:27:40.236476,7
LST-931635e23a,ORD-44259669a4,CUST-b3f814508c,ADI-GAZL-BLU-42,75.39,2026-04-12 00:28:32.584255,9
LST-783e02ddbe,ORD-710fa612c2,CUST-e9130ca0e4,ADI-GAZL-BLU-42,117.76,2026-04-14 00:28:35.927916,7
LST-b8c55d6cbe,ORD-c080154a73,CUST-cc1860a31a,ADI-SAMBA-WHT-42,87.09,2026-04-15 00:29:43.689726,7
LST-60905ca707,ORD-025173d8a5,CUST-0b7c240514,ADI-GAZL-BLU-42,106.45,2026-04-16 00:29:45.835631,7
LST-fd834a1a30,ORD-cea57ac3ca,CUST-3fadcb25f4,ADI-SUPER-BLK-42,124.64,2026-04-14 07:49:54.510417,1
LST-28c3517a2b,ORD-3cf23cad4e,CUST-0d5c71e943,ADI-CAP-BLK,51.28,2026-04-29 08:13:03.172471,1
LST-dc7dbea5d5,ORD-915db7aee6,CUST-3fadcb25f4,ADI-CAP-BLK,48.54,2026-04-24 17:45:34.679346,3
LST-b337355d76,ORD-ccb36edf6e,CUST-1680df50f3,ADI-SAMBA-BLK-42,131.34,2026-04-16 20:40:27.592795,2
LST-f0d5dfcd0e,ORD-f9ff14ad11,CUST-a333e7c9cb,ADI-SUPER-BLK-42,149.69,2026-04-14 22:47:06.097778,2
LST-9425cb3ae9,ORD-c45e4c6a8f,CUST-548c764e45,ADI-SAMBA-WHT-42,176.24,2026-04-21 06:54:51.682337,2
LST-d06ac23628,ORD-49a461e5c5,CUST-1dc87f08ef,ADI-SAMBA-WHT-42,161.84,2026-04-22 09:14:07.566791,3
LST-71c4b018f6,ORD-ddf8b3a6f3,CUST-b9f30f78f9,ADI-GAZL-BLU-42,169.16,2026-04-29 12:06:13.273036,1
LST-27e60366ea,ORD-e6809eee29,CUST-cdcb1d1c15,ADI-SUPER-BLK-42,175.11,2026-04-24 21:48:00.029216,2
LST-79d42e05f9,ORD-b08c649347,CUST-9ed38e234b,ADI-CAP-BLK,45.43,2026-04-15 00:46:38.220501,1
LST-1727eb2494,ORD-bf41f2b8f8,CUST-d88b04aea0,ADI-GAZL-BLU-42,213.28,2026-04-24 05:02:01.394014,2
LST-73ec9493d3,ORD-7d7e2a8825,CUST-04f11a0857,ADI-TRACK-BLK-M,104.31,2026-04-19 01:40:15.937649,2
LST-66fb2ca3d8,ORD-20ac84224c,CUST-2e1b8147c0,ADI-TRACK-NVY-M,127.66,2026-05-04 21:35:22.292661,2
LST-b16c070672,ORD-29d323c2e7,CUST-2806f61a26,ADI-SAMBA-WHT-42,180.79,2026-04-16 08:02:03.506259,2
LST-5f2b29e3c4,ORD-e2d898c7dc,CUST-1dc87f08ef,ADI-SAMBA-WHT-42,169.81,2026-05-02 13:14:42.457407,2
LST-aed11e7f43,ORD-5a300758db,CUST-593025a88a,ADI-GAZL-BLU-42,194.54,2026-04-23 17:34:41.986360,1
LST-7319c57b84,ORD-e7dfc40ee4,CUST-1822527b4e,ADI-SUPER-BLK-42,182.53,2026-05-03 19:13:32.922235,1
LST-295032a180,ORD-edfa6f692f,CUST-0ac6a2e90e,ADI-GAZL-BLU-42,173.33,2026-04-18 09:40:28.966101,2
LST-8ce5007b45,ORD-b84f5d9c98,CUST-f045f1b4d2,ADI-TRACK-BLK-M,138.44,2026-04-18 17:46:26.225645,1
LST-1c81116339,ORD-8a0d176d95,CUST-6f1de2a8e2,ADI-SAMBA-WHT-42,195.95,2026-05-06 17:52:43.642684,2
LST-9646dd0067,ORD-97557f6ceb,CUST-3e69bcb8f6,ADI-TRACK-NVY-M,121.59,2026-04-20 05:15:33.600994,2
LST-44cac4bdd4,ORD-631c64b71f,CUST-f881604245,ADI-TRACK-NVY-M,118.37,2026-04-19 17:07:58.358980,2
LST-5f463cff27,ORD-cfcddebf23,CUST-dc71e6844e,ADI-SUPER-BLK-42,173.0,2026-05-02 23:57:14.739296,1
LST-b906af0d5b,ORD-babf86976d,CUST-38c42d5a3e,ADI-SUPER-BLK-42,125.77,2026-04-20 03:34:26.636116,2
LST-a797a98bce,ORD-217ca650be,CUST-035ab7a52f,ADI-CAP-BLK,47.81,2026-04-19 14:13:16.875980,2
LST-2af18f2c8f,ORD-77ff18248e,CUST-40657b80cb,ADI-CAP-BLK,48.26,2026-05-09 14:24:56.599652,2
LST-82beb05e3f,ORD-7c39948852,CUST-1b4ebe84d2,ADI-SAMBA-BLK-42,180.6,2026-05-06 17:13:13.772849,1
LST-6c1be8e731,ORD-d2d97ad62d,CUST-9289cc6ba4,ADI-GAZL-BLU-42,150.43,2026-05-09 18:47:01.707163,3
LST-4c9b35a0a0,ORD-97c6dfb60f,CUST-a71296a912,ADI-TRACK-NVY-M,103.29,2026-05-07 20:10:49.228025,4
LST-a469067531,ORD-e82b0a90da,CUST-d892cba9a3,ADI-SAMBA-WHT-42,186.45,2026-05-01 01:52:55.011486,1
LST-5a63ba5a85,ORD-27ea37d70e,CUST-45dea62673,ADI-CAP-BLK,54.02,2026-04-23 04:07:09.577435,2
LST-b943d55c7a,ORD-570455d820,CUST-a33f00d483,ADI-SAMBA-BLK-42,194.71,2026-05-06 05:30:06.581617,2
LST-910da31459,ORD-dcf4b76063,CUST-282725f71e,ADI-TRACK-NVY-M,94.79,2026-05-07 14:34:44.341016,1
LST-d451b1b9e7,ORD-1c68bae9fe,CUST-d4aad9ab19,ADI-TRACK-BLK-M,95.46,2026-04-28 19:48:19.515374,2
LST-88ec340f53,ORD-0a9457d3b7,CUST-9f652b58cc,ADI-TEE-WHT-M,59.92,2026-05-09 22:10:07.587040,1
LST-0b669ea900,ORD-579a3413b3,CUST-2ea16593f9,ADI-TEE-WHT-M,40.86,2026-04-29 23:34:40.098450,2
LST-d22393f08b,ORD-45c4add26c,CUST-6f1de2a8e2,ADI-SAMBA-WHT-42,137.74,2026-04-29 01:35:20.611444,2
LST-4f45b0a973,ORD-300183ca63,CUST-25acf1df88,ADI-SAMBA-WHT-42,121.9,2026-04-30 06:24:11.119279,2
LST-a05a9b1b91,ORD-404f7ecc36,CUST-25acf1df88,ADI-SAMBA-WHT-42,177.37,2026-05-06 09:02:04.716500,2
LST-a149b5c289,ORD-bcab763a8f,CUST-f045f1b4d2,ADI-SAMBA-BLK-42,197.17,2026-04-30 11:50:02.352839,2
LST-d875f61ee7,ORD-68b9650bc7,CUST-719778ca96,ADI-SAMBA-WHT-42,161.32,2026-04-27 16:31:57.482327,2
LST-2a6aea048f,ORD-7d6743217a,CUST-b456617f63,ADI-TEE-WHT-M,63.87,2026-05-13 07:06:26.690850,2
LST-fbe34fd5d6,ORD-bdc1f94dbb,CUST-548c764e45,ADI-SAMBA-WHT-42,191.12,2026-05-10 08:17:32.974547,2
LST-bc6b0abf2d,ORD-8112b68160,CUST-a333e7c9cb,ADI-SUPER-BLK-42,144.58,2026-05-07 11:16:31.860941,3
LST-612468fa67,ORD-0194b7f229,CUST-e717a23f08,ADI-SUPER-BLK-42,140.6,2026-05-07 13:43:55.481941,3
LST-4b8ec57e6f,ORD-e249973e07,CUST-25acf1df88,ADI-SUPER-BLK-42,138.36,2026-05-05 23:28:43.108636,1
LST-6eddc5c9ad,ORD-8879ec5770,CUST-bfbae52aa2,ADI-TRACK-NVY-M,117.38,2026-04-24 07:48:51.650603,2
LST-f02aa802f4,ORD-4f66b78b17,CUST-0cdef9fe7e,ADI-TEE-WHT-M,48.0,2026-05-04 18:38:24.935495,3
LST-e08825501e,ORD-19484e5358,CUST-cdcb1d1c15,ADI-SUPER-BLK-42,164.04,2026-04-24 20:23:05.521641,3
LST-20196bfccf,ORD-e4447383eb,CUST-67cd32f36c,ADI-SUPER-BLK-42,178.55,2026-04-27 21:13:08.694302,2
LST-1b554b40f0,ORD-fb9429e20d,CUST-b4d92157dd,ADI-SAMBA-WHT-42,158.11,2026-05-07 13:13:26.215943,1
LST-f379f53477,ORD-38b55d80ce,CUST-bfd1752ebc,ADI-TRACK-BLK-M,111.7,2026-05-05 08:08:55.233306,2
LST-d2e8e05e1b,ORD-f913a1b39d,CUST-d4aad9ab19,ADI-SAMBA-WHT-42,148.51,2026-05-01 16:35:12.058005,2
LST-6cf0ab8809,ORD-2c57933ea7,CUST-0b55080a4b,ADI-SUPER-BLK-42,165.36,2026-05-08 08:49:41.123265,3
LST-ac4213b57e,ORD-e7093ffc2f,CUST-b3216d74e8,ADI-TRACK-BLK-M,148.95,2026-05-05 10:08:55.569981,3
LST-19e40bc099,ORD-74976df70f,CUST-d4aad9ab19,ADI-SAMBA-WHT-42,131.35,2026-04-27 20:38:28.008655,2
LST-7af2e1ed94,ORD-9c12157ce4,CUST-d892cba9a3,ADI-TRACK-BLK-M,102.48,2026-05-08 04:27:42.276226,2
LST-1eb384414b,ORD-d8958b5081,CUST-906093d92d,ADI-TRACK-NVY-M,129.95,2026-04-28 10:21:42.036228,1
LST-df8bb91679,ORD-be17d64467,CUST-db0f3b2255,ADI-GAZL-BLU-42,203.12,2026-04-29 11:07:31.557329,1
LST-a918d1510b,ORD-08543ca27a,CUST-d52cd78e77,ADI-GAZL-BLU-42,149.31,2026-05-03 12:58:20.955933,4
LST-9cd2873aeb,ORD-028408935b,CUST-9ed38e234b,ADI-CAP-BLK,50.45,2026-05-16 14:37:33.538392,2
LST-0746848b47,ORD-cf4e39f2e0,CUST-db0f3b2255,ADI-GAZL-BLU-42,185.59,2026-04-29 15:35:35.562517,2
LST-430d3b242b,ORD-e8fc2572a1,CUST-b4d92157dd,ADI-GAZL-BLU-42,205.13,2026-05-01 17:27:30.489766,1
LST-c9c6458173,ORD-be327a172f,CUST-1680df50f3,ADI-SAMBA-WHT-42,185.41,2026-05-12 19:21:54.989312,4
LST-470c3f6b6c,ORD-a432992365,CUST-f045f1b4d2,ADI-SAMBA-BLK-42,145.66,2026-05-16 21:26:17.877381,3
LST-7d7ea88325,ORD-a85069248a,CUST-218b7a9d2d,ADI-SUPER-BLK-42,180.38,2026-05-01 03:45:09.332672,3
LST-a18e149b1b,ORD-c820ff57fe,CUST-2a76452576,ADI-SAMBA-BLK-42,171.88,2026-05-05 08:00:17.805042,1
LST-abaebed0b1,ORD-81d31d1601,CUST-24b97a0bde,ADI-GAZL-BLU-42,192.1,2026-05-17 16:54:46.506204,3
LST-291c2a3346,ORD-ba559bfe57,CUST-1680df50f3,ADI-SAMBA-WHT-42,127.21,2026-04-30 17:01:58.822924,2
LST-590f26c3bf,ORD-1d4da3085b,CUST-39febbb33d,ADI-CAP-BLK,43.9,2026-05-08 20:01:40.989570,3
LST-0375cde5dd,ORD-ec7201375e,CUST-e717a23f08,ADI-SUPER-BLK-42,158.45,2026-05-02 20:55:05.385497,3
LST-b1a6e073f5,ORD-639b73c7ed,CUST-05c4a04ffa,ADI-SAMBA-WHT-42,166.85,2026-05-05 13:08:40.426838,4
LST-6b62ca2c1d,ORD-0c428ea0e3,CUST-d33d2d6aa9,ADI-SUPER-BLK-42,168.64,2026-05-07 17:41:39.523441,2
LST-de1d734114,ORD-33aadc7d27,CUST-3fadcb25f4,ADI-SUPER-BLK-42,136.55,2026-05-01 18:36:13.309877,2
LST-106e7706c4,ORD-dbe9496c73,CUST-1680df50f3,ADI-SAMBA-WHT-42,121.81,2026-05-16 02:25:07.818759,2
LST-0617036612,ORD-f433430731,CUST-e778a1f21c,ADI-SUPER-BLK-42,159.78,2026-05-13 07:37:39.401926,3
LST-e161d78ef8,ORD-e8d9b2593c,CUST-0f796fe73b,ADI-CAP-BLK,34.16,2026-05-14 08:48:21.405875,2
LST-64c9cd1ff9,ORD-3ad9c13d4f,CUST-4248efe105,ADI-TRACK-NVY-M,80.38,2026-05-09 10:22:31.221878,3
LST-e039116922,ORD-6f2d98d6bb,CUST-2806f61a26,ADI-SAMBA-WHT-42,173.25,2026-05-06 19:25:05.114634,3
LST-2e36fd4adf,ORD-4fee04f975,CUST-43d156b65f,ADI-CAP-BLK,45.33,2026-05-12 15:04:12.760397,2
LST-41d19d57e3,ORD-622c02be17,CUST-68556d3630,ADI-SUPER-BLK-42,185.97,2026-05-10 15:06:23.158090,1
LST-e4b32a1c77,ORD-b0e392b6ed,CUST-b3216d74e8,ADI-TRACK-BLK-M,119.88,2026-05-08 17:08:17.679895,2
LST-b73716a377,ORD-08f112a89b,CUST-d4aad9ab19,ADI-SAMBA-WHT-42,130.02,2026-05-14 19:56:32.813792,2
LST-5327accd0f,ORD-74e18ad454,CUST-51d0153057,ADI-SAMBA-WHT-42,134.21,2026-05-16 01:02:35.619580,2
LST-5eef1fc765,ORD-1cfd12e520,CUST-bfd1752ebc,ADI-TRACK-BLK-M,115.64,2026-05-13 05:47:14.154508,1
LST-5e317bce9d,ORD-0e43ba7bc1,CUST-1b4ebe84d2,ADI-SAMBA-BLK-42,131.89,2026-05-05 20:41:22.275136,1
LST-779ea209b0,ORD-d5c72c073b,CUST-0aa53618ee,ADI-TEE-WHT-M,54.46,2026-05-08 21:58:32.597690,2
LST-2433f6ce98,ORD-87408cc9d6,CUST-b465ade508,ADI-CAP-BLK,39.95,2026-05-08 17:36:20.058343,1
LST-0f67c5642c,ORD-6ad8c51634,CUST-39febbb33d,ADI-CAP-BLK,33.22,2026-05-06 19:13:28.289250,2
LST-6201a68e34,ORD-5144ae594f,CUST-b330233148,ADI-TRACK-BLK-M,106.39,2026-05-26 04:38:35.651447,3
LST-27e422750d,ORD-71e67aa3f9,CUST-dc71e6844e,ADI-TRACK-NVY-M,127.33,2026-05-22 10:57:07.221199,2
LST-59317d971d,ORD-6ef2e81760,CUST-d52cd78e77,ADI-TEE-WHT-M,62.93,2026-05-09 13:07:58.469318,3
LST-a51226ee7b,ORD-3c5619fc25,CUST-4fcae083ba,ADI-TRACK-NVY-M,89.88,2026-05-11 08:30:46.940842,3
LST-8b472fb8bf,ORD-75008879cb,CUST-5f87163669,ADI-SAMBA-WHT-42,189.61,2026-05-17 11:48:31.899141,2
LST-a62b3a56d1,ORD-d9dc56e6a3,CUST-b330233148,ADI-TRACK-BLK-M,138.52,2026-05-25 23:24:23.375255,2
LST-1d80a87584,ORD-2e39253278,CUST-f881604245,ADI-TRACK-BLK-M,145.0,2026-05-13 07:20:52.006372,2
LST-2250d468b0,ORD-1ed9f98fbe,CUST-b465ade508,ADI-CAP-BLK,45.86,2026-05-21 07:51:46.832279,2
LST-e764236fc0,ORD-83d5b2f7dd,CUST-976b22e2fe,ADI-GAZL-BLU-42,150.79,2026-05-15 13:58:24.718455,1
LST-8da49d2dc7,ORD-0324ff6d59,CUST-39febbb33d,ADI-CAP-BLK,32.69,2026-05-12 19:48:08.290729,2
LST-ad619e711c,ORD-a3aee3046f,CUST-db0f3b2255,ADI-TRACK-NVY-M,88.07,2026-05-16 20:57:27.257051,2
LST-a043995175,ORD-5e6d3f89a6,CUST-588fa69ca1,ADI-TEE-WHT-M,39.67,2026-05-28 01:58:20.473431,3
LST-4348fe9e42,ORD-acf35b9c0e,CUST-6f1de2a8e2,ADI-SAMBA-WHT-42,181.89,2026-05-14 09:57:45.946323,2
LST-4626313ddc,ORD-b8def78407,CUST-2ea16593f9,ADI-TRACK-NVY-M,88.21,2026-05-14 11:35:11.552843,2
LST-c32f289ae6,ORD-4072af797c,CUST-34badf48e0,ADI-CAP-BLK,36.35,2026-05-20 17:15:52.210459,2
LST-355933428e,ORD-96a0aaa1d0,CUST-5f87163669,ADI-SAMBA-WHT-42,127.08,2026-05-27 23:17:46.960694,4
LST-f1bfc0f35c,ORD-bb27492add,CUST-588fa69ca1,ADI-SUPER-BLK-42,163.01,2026-05-28 05:15:29.200998,1
LST-fa844402c8,ORD-c096d59d08,CUST-1680df50f3,ADI-SAMBA-WHT-42,126.08,2026-05-23 06:25:06.828820,2
LST-e04b568083,ORD-1b7b7167b1,CUST-34badf48e0,ADI-GAZL-BLU-42,179.52,2026-05-12 18:48:43.464980,3
LST-b0f1143026,ORD-8d05d92b46,CUST-a333e7c9cb,ADI-SUPER-BLK-42,145.98,2026-05-26 14:16:02.165617,3
LST-7d63aee407,ORD-1ced8f1e19,CUST-482fd76180,ADI-SUPER-BLK-42,139.7,2026-05-27 17:47:18.830597,1
LST-f7f6ae7941,ORD-5eaf1681e4,CUST-75ce7e1ab9,ADI-CAP-BLK,35.64,2026-05-22 00:00:00.636503,19
LST-3651814fd8,ORD-1b3b3e1121,CUST-9d4900be74,ADI-TRACK-NVY-M,77.57,2026-05-31 00:00:04.807414,9
LST-11dd55c5aa,ORD-d1d609db4a,CUST-5a7eac750d,ADI-CAP-BLK,35.44,2026-05-31 00:00:52.652096,2
LST-65e9ce4712,ORD-5a8e71c39e,CUST-db23a58db6,ADI-TRACK-NVY-M,71.12,2026-05-17 00:00:53.216223,11
LST-992bc5a069,ORD-ef6d9e4114,CUST-e93e0fced1,ADI-TRACK-NVY-M,84.45,2026-05-21 00:01:04.561817,11
LST-f7726d48da,ORD-d8cfb14962,CUST-3db88a0690,ADI-TRACK-NVY-M,85.64,2026-05-16 00:01:35.682730,6
LST-6c25469c77,ORD-bce3934fc0,CUST-61e1df4a09,ADI-TRACK-NVY-M,52.59,2026-05-29 00:02:29.578569,2
LST-29eeb4f3e6,ORD-16677e13f2,CUST-3b585cbb36,ADI-CAP-BLK,22.99,2026-05-19 00:02:44.394881,2
LST-46fdc6b641,ORD-b8dc9f5bf1,CUST-f1aa8b7d3d,ADI-TRACK-NVY-M,53.81,2026-05-20 00:03:01.643407,15
LST-9604c972ad,ORD-f96f3a3f8e,CUST-142db6c9c8,ADI-CAP-BLK,24.22,2026-05-16 00:03:50.757500,14
LST-01ece888f3,ORD-5ed895de3b,CUST-e8490cc90e,ADI-CAP-BLK,22.09,2026-05-23 00:04:16.759661,12
LST-1e9ce00788,ORD-eb8231512d,CUST-74122c44f5,ADI-CAP-BLK,31.38,2026-05-16 00:04:51.883051,3
LST-c0c041666f,ORD-72e9568a99,CUST-eba9cd03a1,ADI-TRACK-NVY-M,55.18,2026-06-01 00:04:58.836812,2
LST-707f9fa3b9,ORD-dab80e83c4,CUST-6a3c81fc41,ADI-CAP-BLK,34.83,2026-05-16 00:05:21.210951,2
LST-d3d540c0c8,ORD-447ea84b9c,CUST-9b98fac608,ADI-TRACK-NVY-M,75.86,2026-05-27 00:05:26.856097,5
LST-c2d7601184,ORD-03f5463620,CUST-a48781ad4d,ADI-TRACK-NVY-M,54.32,2026-05-23 00:05:42.246421,8
LST-fd4a8e916b,ORD-4faa9ae37c,CUST-0e847494d5,ADI-CAP-BLK,32.49,2026-05-16 00:06:07.275448,6
LST-20e420b4c8,ORD-0bd99f9c86,CUST-31dfa36f22,ADI-CAP-BLK,34.09,2026-05-25 00:06:38.358083,10
LST-0cc8db9762,ORD-6525da6ef6,CUST-722ace9446,ADI-TRACK-NVY-M,74.64,2026-05-13 00:06:39.021503,2
LST-36b57ab6b6,ORD-2e51a40d2b,CUST-dd95d06a6a,ADI-CAP-BLK,33.24,2026-05-26 00:07:25.000895,2
LST-5a14c7a858,ORD-fcb82efa91,CUST-c8ca5297df,ADI-TRACK-NVY-M,71.22,2026-05-31 00:07:39.511963,6
LST-c71454c9fd,ORD-523e2f8ce3,CUST-0520160b46,ADI-CAP-BLK,22.16,2026-05-12 00:08:12.882361,3
LST-93804c908d,ORD-865b575767,CUST-05ad850aad,ADI-TRACK-NVY-M,74.66,2026-05-14 00:08:24.269021,3
LST-2b2a49c69b,ORD-500ace6433,CUST-6133a2e49e,ADI-TRACK-NVY-M,72.04,2026-05-17 00:08:25.260235,6
LST-b249f15972,ORD-4ef94ce47f,CUST-d00d8db259,ADI-TRACK-NVY-M,83.84,2026-05-12 00:09:00.311936,14
LST-18d62f1948,ORD-da5fddc660,CUST-6c5d0d73cc,ADI-CAP-BLK,33.13,2026-05-14 00:09:51.632106,8
LST-54810c7b1d,ORD-0fcd742680,CUST-fc2ab13b14,ADI-TRACK-NVY-M,55.99,2026-05-14 00:10:05.977368,2
LST-5b1135e309,ORD-6abda164c9,CUST-08e50c5711,ADI-TRACK-NVY-M,54.86,2026-05-27 00:10:27.901347,4
LST-d7782a205d,ORD-98145813dd,CUST-a265c5984e,ADI-CAP-BLK,27.06,2026-05-23 00:10:37.861988,9
LST-265d48907e,ORD-90993886ac,CUST-a461d4c7f6,ADI-CAP-BLK,35.31,2026-05-24 00:10:51.050760,6
LST-4511357942,ORD-5fc9c47175,CUST-6955d1b180,ADI-CAP-BLK,31.37,2026-05-16 00:11:57.578596,3
LST-f954597c65,ORD-86914e9d96,CUST-35e851ca72,ADI-TRACK-NVY-M,64.52,2026-05-23 00:12:39.013412,6
LST-f8f075c094,ORD-e1967d6e71,CUST-ea457301aa,ADI-TRACK-NVY-M,78.04,2026-05-20 00:12:58.005137,2
LST-fb8360ee4a,ORD-9e390c1fe0,CUST-cf163e928c,ADI-CAP-BLK,35.24,2026-05-24 00:13:05.744694,7
LST-69ca3c82c2,ORD-8cb7036602,CUST-1eebe7271f,ADI-TRACK-NVY-M,71.92,2026-05-18 00:13:09.338017,10
LST-a9c2e24dda,ORD-932c81cb0c,CUST-cd3d2186ad,ADI-TRACK-NVY-M,62.77,2026-05-21 00:13:10.398769,2
LST-4a8139e50e,ORD-f274992d30,CUST-b24b320542,ADI-CAP-BLK,27.76,2026-05-16 00:13:29.474176,7
LST-ec2e418a12,ORD-647a3b574c,CUST-f3dc03820d,ADI-TRACK-NVY-M,65.93,2026-05-15 00:13:37.284745,12
LST-5a6fc8a341,ORD-a8e9af7613,CUST-5c58ec6631,ADI-CAP-BLK,32.62,2026-05-16 00:14:20.362117,9
LST-6459616c0e,ORD-3f2c2a24a1,CUST-da1b3f4b64,ADI-TRACK-NVY-M,83.72,2026-05-29 00:14:43.854557,3
LST-401cc9d46e,ORD-d93d8d5838,CUST-2440cc140b,ADI-TRACK-NVY-M,56.01,2026-05-28 00:14:47.859990,9
LST-2d075447d1,ORD-769f062c09,CUST-666fc99c39,ADI-CAP-BLK,35.09,2026-05-29 00:14:57.822441,8
LST-dd2070c0d1,ORD-c466a418ab,CUST-1c311173d9,ADI-CAP-BLK,31.18,2026-05-15 00:16:05.435414,2
LST-89e72fc287,ORD-a8813b1a40,CUST-9242f73ed5,ADI-CAP-BLK,24.64,2026-05-21 00:16:30.836585,7
LST-0f31e862b9,ORD-8ec56ac499,CUST-f552f0d074,ADI-CAP-BLK,30.75,2026-05-30 00:16:55.576351,6
LST-d6d6e41452,ORD-cd9455ed23,CUST-e3db29d0e4,ADI-TRACK-NVY-M,57.76,2026-05-22 00:17:07.367975,4
LST-6d4bbd86ee,ORD-5ad7479b4d,CUST-f8472d96bd,ADI-TRACK-NVY-M,84.48,2026-05-21 00:18:01.041910,7
LST-17d56b4846,ORD-a014ecbb1a,CUST-fb75daddc7,ADI-TRACK-NVY-M,63.53,2026-05-13 00:19:05.154897,5
LST-1387fd2ca2,ORD-e7dee47cbe,CUST-4ab7728aa2,ADI-CAP-BLK,24.72,2026-05-18 00:19:24.992612,11
LST-778c1dbed4,ORD-d1455127a5,CUST-1dff883ad7,ADI-CAP-BLK,31.21,2026-05-14 00:20:22.565296,6
LST-387c8d4aca,ORD-579dd43bbd,CUST-9542772351,ADI-TRACK-NVY-M,64.94,2026-05-23 00:22:01.980854,7
LST-3e154707eb,ORD-82679e3025,CUST-4ded794896,ADI-TRACK-NVY-M,81.01,2026-05-24 00:22:29.884797,7
LST-8a57212fe5,ORD-578f6df18a,CUST-bb209d12c3,ADI-TRACK-NVY-M,60.13,2026-05-22 00:22:35.462689,7
LST-b876b521b7,ORD-c9b8d95b93,CUST-6732109f2f,ADI-TRACK-NVY-M,75.69,2026-05-20 00:22:53.501112,10
LST-ad293c3068,ORD-0aa9c57151,CUST-3c476eb6f0,ADI-CAP-BLK,24.04,2026-05-19 00:23:19.312555,9
LST-4cdcedf3f1,ORD-686ae20bdc,CUST-131cf45903,ADI-CAP-BLK,35.62,2026-05-20 00:23:37.273107,11
LST-05675aa2f2,ORD-56bb055eb8,CUST-157f6bc913,ADI-TRACK-NVY-M,68.35,2026-05-14 00:25:01.508822,9
LST-022a4629ee,ORD-b843d092e5,CUST-1664ec8b0b,ADI-TRACK-NVY-M,56.92,2026-05-21 00:25:45.325367,11
LST-1b023f01c2,ORD-ba7a83b721,CUST-b2dae9c525,ADI-CAP-BLK,34.41,2026-05-30 00:26:02.214091,5
LST-59f61a580c,ORD-484ddf1630,CUST-8ec4d5e4fd,ADI-TRACK-NVY-M,83.69,2026-05-28 00:26:37.533540,9
LST-58cc52217f,ORD-88d61b7853,CUST-0c08593337,ADI-TRACK-NVY-M,77.39,2026-05-31 00:26:51.094214,7
LST-d7fe60b594,ORD-78595a428f,CUST-e57c6753e7,ADI-SAMBA-BLK-42,147.88,2026-05-21 02:23:42.797154,3
LST-83e5b81128,ORD-863e44cbcf,CUST-1bcdd3f804,ADI-SAMBA-BLK-42,186.13,2026-05-19 04:15:38.526954,1
LST-e779c1689c,ORD-9bdaf31ef6,CUST-084ee2afe7,ADI-GAZL-BLU-42,151.56,2026-05-30 17:50:49.971299,4
LST-d5d00331ce,ORD-2195b1eea3,CUST-f045f1b4d2,ADI-TRACK-BLK-M,115.24,2026-05-22 11:14:35.088298,1
LST-033f6d6eda,ORD-3d894293a5,CUST-084ee2afe7,ADI-TRACK-NVY-M,92.3,2026-05-30 18:55:37.430631,4
LST-18e6860f51,ORD-3b1c0b9a63,CUST-035ab7a52f,ADI-CAP-BLK,52.69,2026-05-27 05:00:53.881117,3
LST-0f5ea8c32d,ORD-57d62c24e9,CUST-e717a23f08,ADI-CAP-BLK,39.63,2026-05-23 09:06:51.935381,2
LST-ddb075e474,ORD-2fb61b2876,CUST-218b7a9d2d,ADI-SUPER-BLK-42,142.07,2026-05-28 12:26:28.678767,3
LST-7c0a9e7ebb,ORD-913389590e,CUST-24b97a0bde,ADI-GAZL-BLU-42,131.63,2026-05-31 23:15:18.677444,2
LST-7057657871,ORD-ddb6e24db0,CUST-d88b04aea0,ADI-SAMBA-WHT-42,157.15,2026-05-31 01:33:55.741618,2
LST-5390e75d4a,ORD-703e2da91b,CUST-588fa69ca1,ADI-TEE-WHT-M,42.25,2026-05-26 10:54:45.739011,2
LST-89dd381c9e,ORD-bc2e3eed43,CUST-9ed38e234b,ADI-CAP-BLK,53.11,2026-06-01 16:57:14.119291,2
LST-27ad0f8bd0,ORD-604e8b05c0,CUST-6f1de2a8e2,ADI-SAMBA-WHT-42,146.38,2026-05-24 00:40:35.638808,3
LST-f524c6439c,ORD-01e5228fb7,CUST-6f1de2a8e2,ADI-SAMBA-WHT-42,189.02,2026-06-01 13:09:42.362374,4
LST-43f65a04db,ORD-5104901350,CUST-988865a0cd,ADI-SUPER-BLK-42,175.08,2026-06-05 17:59:19.493506,4
LST-467b4ebace,ORD-248a28dd2b,CUST-0aa53618ee,ADI-TEE-WHT-M,42.04,2026-05-22 18:01:20.095813,4
LST-795f16f320,ORD-cc14b61ea8,CUST-bfd1752ebc,ADI-TRACK-BLK-M,131.83,2026-05-17 12:36:20.064955,3
LST-2820237597,ORD-d2185bc748,CUST-6f1de2a8e2,ADI-SUPER-BLK-42,136.62,2026-05-21 16:33:11.441972,3
LST-c3bf44ef30,ORD-6838252111,CUST-079c93268f,ADI-CAP-BLK,42.69,2026-06-05 03:09:23.620878,3
LST-f51b4e7a1f,ORD-901d2284cd,CUST-db0f3b2255,ADI-TRACK-NVY-M,99.96,2026-05-24 04:01:39.647761,2
LST-5421fcd07d,ORD-a53761b5b3,CUST-593025a88a,ADI-TEE-WHT-M,63.6,2026-06-07 05:14:56.024828,2
LST-a895936867,ORD-52dabe984f,CUST-dc71e6844e,ADI-TRACK-BLK-M,113.5,2026-05-22 08:02:40.189768,2
LST-142db90211,ORD-2e36c280b6,CUST-588fa69ca1,ADI-TEE-WHT-M,64.04,2026-05-29 10:34:26.551703,2
LST-7dea5962a7,ORD-57fc07a9d5,CUST-1dc87f08ef,ADI-SAMBA-WHT-42,196.71,2026-05-19 12:16:08.717952,2
LST-90b59c7a7d,ORD-0c663baf40,CUST-3dcbfba770,ADI-SUPER-BLK-42,176.01,2026-05-23 18:37:10.565284,2
LST-5690138485,ORD-fc51aed088,CUST-b456617f63,ADI-SAMBA-WHT-42,132.09,2026-06-02 05:21:26.235251,4
LST-51e1c25196,ORD-4bf45359cf,CUST-34badf48e0,ADI-GAZL-BLU-42,132.38,2026-05-28 07:37:55.066914,2
LST-0ebd58cf41,ORD-e3082ebf20,CUST-719778ca96,ADI-SAMBA-WHT-42,181.13,2026-05-25 08:06:40.236752,3
LST-fbc67f6aa7,ORD-01731b14a8,CUST-67cd32f36c,ADI-TRACK-BLK-M,130.54,2026-05-21 09:36:12.356371,2
LST-a609032253,ORD-2f489c7222,CUST-68556d3630,ADI-SUPER-BLK-42,113.18,2026-05-22 09:38:50.507017,2
LST-33724c51c3,ORD-b304fa8733,CUST-10c0507f85,ADI-SAMBA-WHT-42,145.44,2026-05-23 16:22:09.354221,1
LST-2f92c6f0cb,ORD-ea98d0b509,CUST-b465ade508,ADI-CAP-BLK,52.9,2026-05-19 20:51:15.268052,4
LST-255ae026ba,ORD-c4e344e22b,CUST-1bcdd3f804,ADI-SAMBA-WHT-42,175.83,2026-06-03 22:37:49.455041,2
LST-99cd5e430d,ORD-fcf479b469,CUST-6f1de2a8e2,ADI-SUPER-BLK-42,165.51,2026-06-08 01:47:52.069436,3
LST-dbe4331a69,ORD-a2d9234af8,CUST-e778a1f21c,ADI-SUPER-BLK-42,126.81,2026-05-27 08:07:57.358882,1
LST-5247ba0005,ORD-42f17c1ef3,CUST-548c764e45,ADI-SAMBA-WHT-42,173.15,2026-06-03 08:45:51.376996,2
LST-edc5eeb778,ORD-f590469717,CUST-db0f3b2255,ADI-TRACK-NVY-M,126.26,2026-06-08 10:39:02.024827,2
LST-97ac05b304,ORD-2813a7b52a,CUST-49aebfd27d,ADI-SAMBA-WHT-42,146.45,2026-06-04 14:04:26.083806,2
LST-a27330650e,ORD-dd785f6892,CUST-a015137e94,ADI-TRACK-BLK-M,113.3,2026-05-24 19:18:39.767577,1
LST-441d75ce33,ORD-9344ac6256,CUST-9a03b6ef84,ADI-TRACK-NVY-M,105.39,2026-05-22 01:02:19.425823,2
LST-51084abf73,ORD-10918e04cb,CUST-c250e63a0f,ADI-TRACK-NVY-M,80.64,2026-06-04 09:08:15.327596,1
LST-0c400bf85d,ORD-64a359e452,CUST-2c5ec20a4a,ADI-SUPER-BLK-42,156.95,2026-05-24 11:51:11.871229,2
LST-74c128caee,ORD-ed9f5436e8,CUST-9a03b6ef84,ADI-SUPER-BLK-42,113.45,2026-05-21 15:11:50.267411,2
LST-879c57aa8e,ORD-776992756c,CUST-588fa69ca1,ADI-SUPER-BLK-42,118.13,2026-06-11 00:56:39.368812,2
LST-64c70f5b2b,ORD-f655dfda1b,CUST-68556d3630,ADI-SUPER-BLK-42,178.81,2026-06-08 02:52:39.505716,3
LST-f0a6699715,ORD-b6b6acb7c5,CUST-1dc87f08ef,ADI-SAMBA-WHT-42,131.81,2026-05-24 08:48:28.462234,4
LST-0aa0b2698e,ORD-dbe135a4e5,CUST-24b97a0bde,ADI-GAZL-BLU-42,201.44,2026-06-11 11:42:45.888846,2
LST-699e1c0817,ORD-4f463ac8a7,CUST-988865a0cd,ADI-TEE-WHT-M,46.08,2026-05-30 12:19:48.858268,3
LST-dd170dec45,ORD-6bf7bbdd46,CUST-db0f3b2255,ADI-TRACK-NVY-M,95.51,2026-05-30 16:17:03.300533,2
LST-ef665f55e0,ORD-c1e236cf50,CUST-ccba97b606,ADI-TEE-WHT-M,65.19,2026-05-28 16:25:00.767125,4
LST-dce21e1f87,ORD-6fac19888d,CUST-6f1de2a8e2,ADI-SAMBA-WHT-42,130.07,2026-06-07 18:39:18.134428,2
LST-d1b19d0be4,ORD-da972ae339,CUST-e9684f19ac,ADI-TRACK-BLK-M,129.27,2026-05-30 23:24:30.969484,1
LST-5eba21324b,ORD-a9e789a0a8,CUST-e8b2436b0f,ADI-TEE-WHT-M,65.74,2026-06-10 01:41:27.820302,1
LST-e81726a9f9,ORD-a79bef8a46,CUST-2e1b8147c0,ADI-TRACK-NVY-M,87.94,2026-06-03 15:00:09.065327,3
LST-14c7876468,ORD-9ed6d7828e,CUST-3a888d985d,ADI-SAMBA-BLK-42,183.51,2026-06-11 22:42:13.344321,2
LST-c87cf7a2e0,ORD-51bbe8a9b2,CUST-035ab7a52f,ADI-CAP-BLK,40.86,2026-05-25 01:12:07.115588,4
LST-4dcecbbd05,ORD-f2a3f477f1,CUST-7946e6dbbc,ADI-CAP-BLK,52.68,2026-06-08 09:26:16.698601,2
LST-75fbde0b89,ORD-fe8013b05a,CUST-3a888d985d,ADI-SAMBA-BLK-42,186.26,2026-05-27 09:50:14.243832,2
LST-07b4940c8b,ORD-562dcf558c,CUST-d88b04aea0,ADI-GAZL-BLU-42,191.53,2026-06-08 10:45:25.279008,2
LST-78575bc8c2,ORD-d85b4f2356,CUST-5f87163669,ADI-SAMBA-WHT-42,171.19,2026-05-31 16:32:16.601964,3
LST-516847d296,ORD-20b2132237,CUST-4cddd6be7b,ADI-GAZL-BLU-42,159.16,2026-05-25 00:01:23.606897,2
LST-c34bc05fab,ORD-ed3b6427fd,CUST-38e0571df7,ADI-TRACK-BLK-M,139.81,2026-05-30 01:04:50.580479,1
LST-998eb1e045,ORD-8718194f83,CUST-a333e7c9cb,ADI-SUPER-BLK-42,170.52,2026-06-06 02:24:49.387506,2
LST-4474b29e61,ORD-ed807915b6,CUST-cc6a68a9e9,ADI-SAMBA-WHT-42,146.6,2026-05-27 07:33:33.724039,1
LST-90cd5e4496,ORD-27f2c16296,CUST-035ab7a52f,ADI-CAP-BLK,43.21,2026-06-05 11:14:16.494910,2
LST-df25be5ecf,ORD-acd00c7247,CUST-084ee2afe7,ADI-TRACK-NVY-M,121.16,2026-06-14 17:14:05.554940,2
LST-47a85a259b,ORD-cc69f3a621,CUST-084ee2afe7,ADI-TRACK-NVY-M,101.12,2026-06-02 19:09:58.125398,2
LST-13e3fa83d0,ORD-887da3ee0a,CUST-ccba97b606,ADI-TEE-WHT-M,63.79,2026-06-04 21:05:36.639022,2
LST-3ce98ca980,ORD-e02b163400,CUST-fb92073e72,ADI-TRACK-NVY-M,108.76,2026-05-28 00:54:04.540794,1
LST-5a28b0ded6,ORD-bd0dd1db1d,CUST-719778ca96,ADI-SAMBA-WHT-42,196.77,2026-06-13 04:45:49.839227,2
LST-6cc85bce86,ORD-51eedfac5b,CUST-4248efe105,ADI-TRACK-NVY-M,97.32,2026-05-31 08:11:14.867675,1
LST-27590dd072,ORD-ddd887b580,CUST-373df27877,ADI-TRACK-NVY-M,87.11,2026-05-31 19:51:47.170377,2
LST-10f3a4849e,ORD-84b52c394d,CUST-4fcae083ba,ADI-TRACK-NVY-M,124.81,2026-06-10 21:13:41.727581,2
LST-79daddda2d,ORD-83de47f79d,CUST-b456617f63,ADI-TEE-WHT-M,41.42,2026-06-05 00:40:06.710069,1
LST-08459c0727,ORD-c047a85823,CUST-218b7a9d2d,ADI-SUPER-BLK-42,129.14,2026-06-09 02:28:48.660203,3
LST-5e1cb2f3e0,ORD-1d3489adeb,CUST-6f1de2a8e2,ADI-SUPER-BLK-42,145.9,2026-06-14 04:06:40.658385,3
LST-1d6d8e3efa,ORD-88ad82bbc9,CUST-3e69bcb8f6,ADI-TRACK-NVY-M,108.59,2026-06-12 07:07:29.588119,3
LST-e443b93f82,ORD-21017a95af,CUST-69e32cc9d0,ADI-CAP-BLK,42.09,2026-06-11 12:21:52.731289,2
LST-bb301860ae,ORD-6963de0f59,CUST-0f796fe73b,ADI-TRACK-NVY-M,101.64,2026-06-08 23:07:11.305120,4
LST-be12150c8d,ORD-db8f5dccb3,CUST-084ee2afe7,ADI-GAZL-BLU-42,216.32,2026-06-15 02:03:07.828578,2
LST-c2c0d520ba,ORD-da50f9bd76,CUST-d4aad9ab19,ADI-SAMBA-WHT-42,155.49,2026-06-14 06:41:08.129314,2
LST-28ce1fb7c4,ORD-b2c1563850,CUST-1bcdd3f804,ADI-TEE-WHT-M,56.21,2026-06-03 09:28:51.265752,2
LST-5908dd9fb5,ORD-fb321d5112,CUST-373df27877,ADI-TRACK-NVY-M,126.61,2026-06-06 11:51:11.347541,2
LST-cd662903fb,ORD-9a6133f553,CUST-43d156b65f,ADI-TRACK-NVY-M,112.02,2026-06-09 13:27:45.795830,2
LST-c9f94085df,ORD-662725e6fc,CUST-494a1f79e6,ADI-GAZL-BLU-42,215.84,2026-06-15 14:24:27.777309,1
LST-afd7e229be,ORD-53c0d4a6a2,CUST-218b7a9d2d,ADI-GAZL-BLU-42,141.22,2026-05-29 21:53:15.185311,2
LST-6f8a7e0ff9,ORD-aedbb785f8,CUST-0cdef9fe7e,ADI-TRACK-NVY-M,97.01,2026-05-29 00:15:01.624084,2
LST-18715fcf8d,ORD-3146a7c299,CUST-d4aad9ab19,ADI-TRACK-BLK-M,114.82,2026-06-07 14:23:06.496848,2
LST-7344fccecd,ORD-913cb92bd5,CUST-373df27877,ADI-SUPER-BLK-42,181.01,2026-06-13 17:40:19.187232,2
LST-a0407aaf80,ORD-7fec1a60f2,CUST-0b55080a4b,ADI-SUPER-BLK-42,121.23,2026-06-16 06:34:59.791513,3
LST-ac8c12639f,ORD-b024bf9406,CUST-3267d3e233,ADI-SUPER-BLK-42,152.17,2026-06-12 08:16:09.946388,2
LST-1e2bb7b886,ORD-820c1d7a7e,CUST-aecf254a11,ADI-TEE-WHT-M,51.09,2026-06-13 08:30:17.219456,1
LST-24eae82893,ORD-ce3fa6088c,CUST-69e32cc9d0,ADI-CAP-BLK,50.86,2026-06-11 11:57:20.659054,3
LST-00cddde43f,ORD-ec189c5e82,CUST-67cd32f36c,ADI-SUPER-BLK-42,186.28,2026-06-07 12:58:31.545697,3
LST-35e5d867b4,ORD-dba7e66df2,CUST-719778ca96,ADI-SAMBA-WHT-42,149.94,2026-06-10 15:02:23.215760,2
LST-e0faf40b38,ORD-db5f1e1529,CUST-02a970f49a,ADI-GAZL-BLU-42,147.93,2026-06-17 17:37:30.769363,1
LST-5be429200a,ORD-197c6e4d61,CUST-158a1f78f0,ADI-GAZL-BLU-42,185.48,2026-06-14 03:12:24.762625,2
LST-f75228c649,ORD-72864e3c06,CUST-035ab7a52f,ADI-CAP-BLK,46.79,2026-06-20 03:52:22.983552,2
LST-8f7cfe5f1a,ORD-0891faaa38,CUST-282725f71e,ADI-TRACK-NVY-M,98.53,2026-06-10 05:54:00.794836,2
LST-9f240a98fb,ORD-4067e37974,CUST-3a888d985d,ADI-SAMBA-BLK-42,165.08,2026-05-31 08:12:50.273420,2
LST-1f87b04536,ORD-4be4493f2c,CUST-2a76452576,ADI-SAMBA-WHT-42,130.08,2026-06-05 09:28:24.446403,1
LST-6b4c12aee9,ORD-3efa6027f5,CUST-51d0153057,ADI-SAMBA-WHT-42,151.55,2026-06-07 11:32:57.315791,3
LST-12f74a2634,ORD-0923835d7c,CUST-3a888d985d,ADI-SAMBA-BLK-42,191.21,2026-06-19 16:13:41.201185,2
LST-e4570ffec7,ORD-ae6ccf3d28,CUST-d88b04aea0,ADI-SAMBA-WHT-42,145.24,2026-06-09 22:33:11.840579,3
LST-cf0b4f0925,ORD-a1e8098758,CUST-3a888d985d,ADI-SAMBA-BLK-42,141.18,2026-06-11 01:34:40.792482,3
LST-00333eed94,ORD-6b0ff706e4,CUST-f045f1b4d2,ADI-SAMBA-BLK-42,134.93,2026-06-09 10:23:39.347306,2
LST-e344c928a2,ORD-c856fd0f34,CUST-d4aad9ab19,ADI-SAMBA-WHT-42,126.83,2026-06-19 20:40:59.088380,3
LST-cffef3b543,ORD-c9dfcbcee5,CUST-45dea62673,ADI-SAMBA-WHT-42,177.99,2026-06-08 21:06:21.157518,3
LST-691fab5e16,ORD-279f227ca8,CUST-b456617f63,ADI-SAMBA-WHT-42,163.84,2026-06-11 08:07:03.878210,2
LST-a86a28e19b,ORD-c73cee30e2,CUST-3dcbfba770,ADI-SUPER-BLK-42,150.73,2026-06-19 19:35:23.993508,3
LST-78cb9c5228,ORD-473bb43586,CUST-ccba97b606,ADI-TEE-WHT-M,55.02,2026-06-18 23:23:35.832605,2
LST-9f1517aaaa,ORD-0c3679282c,CUST-266bd1da1f,ADI-CAP-BLK,43.23,2026-06-09 06:17:56.418886,2
LST-938307591a,ORD-44c02d1303,CUST-4fcae083ba,ADI-TRACK-NVY-M,106.79,2026-06-19 12:11:13.742018,2
LST-0f6f2a133d,ORD-569f45192c,CUST-4248efe105,ADI-TRACK-NVY-M,86.52,2026-06-03 21:32:16.657285,4
LST-951a3fff70,ORD-a90ea0f2bb,CUST-3e13e78329,ADI-SAMBA-WHT-42,121.96,2026-06-09 02:28:20.267814,1
LST-2cb42290dc,ORD-a1cd3c9240,CUST-45dea62673,ADI-SAMBA-WHT-42,120.51,2026-06-14 02:31:59.407681,2
LST-5639903374,ORD-5a985aaac5,CUST-69e32cc9d0,ADI-CAP-BLK,38.96,2026-06-17 04:31:37.873567,3
LST-b26fa99006,ORD-8445bbb8c7,CUST-9289cc6ba4,ADI-GAZL-BLU-42,182.7,2026-06-08 04:44:33.886725,1
LST-e47d621a96,ORD-d5ad03c44a,CUST-e70fc0b9ed,ADI-TRACK-BLK-M,110.01,2026-06-22 05:24:43.949189,3
LST-887fb4f34a,ORD-7373e7ff65,CUST-34badf48e0,ADI-GAZL-BLU-42,213.6,2026-06-08 07:11:41.215281,2
LST-3c3da98c8f,ORD-4e74f2b0f7,CUST-d4aad9ab19,ADI-SAMBA-WHT-42,121.42,2026-06-04 08:50:26.574932,1
LST-debe5b5df1,ORD-0d0254e68d,CUST-3dcbfba770,ADI-SUPER-BLK-42,137.72,2026-06-08 08:59:57.361842,2
LST-63bd519f4f,ORD-fe1bfbb456,CUST-4248efe105,ADI-TRACK-NVY-M,124.64,2026-06-14 09:38:48.134423,2
LST-012185e3ab,ORD-0ae14f78b2,CUST-266bd1da1f,ADI-CAP-BLK,45.89,2026-06-10 15:45:17.301786,2
LST-3468604943,ORD-e81885a477,CUST-80b104b72c,ADI-SUPER-BLK-42,162.33,2026-06-20 01:39:46.906532,1
LST-a19cf4c065,ORD-1c5212d760,CUST-373df27877,ADI-SUPER-BLK-42,143.41,2026-06-07 02:31:52.558454,3
LST-aed07d7904,ORD-409e06c403,CUST-548c764e45,ADI-SAMBA-WHT-42,193.49,2026-06-13 06:15:10.850123,2
LST-5afde466b4,ORD-e90b8c30f9,CUST-2460496378,ADI-SUPER-BLK-42,124.97,2026-06-15 09:30:24.919852,1
LST-505efe1e74,ORD-6be2118acc,CUST-cdcb1d1c15,ADI-SUPER-BLK-42,116.04,2026-06-22 09:53:35.246629,3
LST-68c21f7f70,ORD-da8862267a,CUST-41d7a00662,ADI-SAMBA-BLK-42,133.58,2026-06-10 11:12:54.447335,1
LST-3ab5887a35,ORD-b3f8873f25,CUST-e778a1f21c,ADI-SUPER-BLK-42,181.86,2026-06-09 16:59:10.463939,1
LST-7d4755ba68,ORD-9cedd214d1,CUST-3dcbfba770,ADI-SUPER-BLK-42,134.22,2026-06-14 18:56:24.476434,2
LST-f75134c946,ORD-0bee94036d,CUST-1680df50f3,ADI-CAP-BLK,47.26,2026-06-05 19:31:14.714249,2
LST-f3003c9c1f,ORD-6c4ffd2549,CUST-a333e7c9cb,ADI-SUPER-BLK-42,165.14,2026-06-18 20:44:47.767480,2
LST-3445121c32,ORD-507f845fc7,CUST-1fb5ed4a10,ADI-TEE-WHT-M,60.63,2026-06-17 21:20:55.259474,1
LST-da69940ebf,ORD-4519916f6b,CUST-0ac6a2e90e,ADI-SAMBA-BLK-42,119.27,2026-06-22 21:43:48.583591,4
LST-d49e63456a,ORD-05fe3811be,CUST-cdcb1d1c15,ADI-SUPER-BLK-42,164.87,2026-06-10 00:19:16.497863,3
LST-ddf917be21,ORD-60993c3e3b,CUST-084ee2afe7,ADI-TEE-WHT-M,59.34,2026-06-07 04:52:32.851320,1
LST-15d3c6714e,ORD-a80a435244,CUST-5f87163669,ADI-SAMBA-WHT-42,170.68,2026-06-21 06:49:24.260224,2
LST-28bc8dd09d,ORD-d2a8c123f9,CUST-67cd32f36c,ADI-SUPER-BLK-42,146.13,2026-06-12 19:50:20.498665,2
LST-aa30314e9f,ORD-6ab28adcae,CUST-67cd32f36c,ADI-TRACK-BLK-M,144.01,2026-06-07 20:18:06.133514,3
LST-1a7b8b3cb8,ORD-4cf8891729,CUST-7946e6dbbc,ADI-SAMBA-BLK-42,181.1,2026-06-17 20:45:47.739707,3
LST-c4fd704f50,ORD-162cf06e7a,CUST-3ec4355d10,ADI-SAMBA-WHT-42,183.02,2026-06-26 09:13:15.361046,1
LST-f8875f5ab7,ORD-8b285d2c4c,CUST-5ad784a7d1,ADI-SAMBA-WHT-42,144.41,2026-06-21 12:15:39.970109,1
LST-ec124d6fe0,ORD-c8d28b12a9,CUST-3a888d985d,ADI-SAMBA-BLK-42,178.07,2026-06-12 12:35:58.000140,2
LST-4cb38cb0f6,ORD-6fa7163eba,CUST-a33f00d483,ADI-SAMBA-BLK-42,197.52,2026-06-26 16:10:09.399493,3
LST-8aba803ce8,ORD-3a95406302,CUST-d4aad9ab19,ADI-SAMBA-WHT-42,118.32,2026-06-17 19:55:21.178930,2
LST-efc47da874,ORD-8799eed32f,CUST-69e32cc9d0,ADI-CAP-BLK,52.25,2026-06-14 23:20:58.815977,3
LST-97b62b66e2,ORD-b9d6c8fa00,CUST-7946e6dbbc,ADI-SAMBA-BLK-42,150.07,2026-06-22 03:41:48.509724,3
LST-c03aaa970f,ORD-f86cfe690b,CUST-4366e9c21b,ADI-SAMBA-BLK-42,171.3,2026-06-21 06:23:52.505975,1
LST-a9f06145de,ORD-c356115b75,CUST-39febbb33d,ADI-CAP-BLK,50.86,2026-06-22 06:57:13.943526,4
LST-e68f8a40e4,ORD-3159dae507,CUST-719778ca96,ADI-TEE-WHT-M,51.92,2026-06-27 13:44:19.209001,2
LST-e9f81bc977,ORD-8516755c61,CUST-ccba97b606,ADI-TRACK-NVY-M,118.41,2026-06-13 18:39:45.194834,3
LST-1e0d2115ed,ORD-3ee28eab5a,CUST-69e32cc9d0,ADI-CAP-BLK,33.76,2026-06-13 21:04:18.305531,2
LST-62d8ac428b,ORD-eea018942b,CUST-38e0571df7,ADI-GAZL-BLU-42,180.05,2026-06-16 21:34:29.832817,1
LST-e8d925c666,ORD-55a2f4883c,CUST-c250e63a0f,ADI-TRACK-NVY-M,79.57,2026-06-16 23:00:27.401390,3
LST-3cdb0775b5,ORD-7c209f5a87,CUST-4cddd6be7b,ADI-TRACK-NVY-M,84.86,2026-06-18 05:02:54.398532,2
LST-f18f972c8d,ORD-556237e3d5,CUST-69e32cc9d0,ADI-CAP-BLK,42.72,2026-06-14 15:48:26.962918,2
LST-14825da68d,ORD-9d70c65653,CUST-6628c2dc5c,ADI-CAP-BLK,35.48,2026-06-10 19:33:10.184750,2
LST-247ea96b6a,ORD-a52e1f8b80,CUST-4374afea80,ADI-TEE-WHT-M,60.99,2026-06-22 20:03:39.482419,4
LST-0da728fded,ORD-47a050fa25,CUST-34badf48e0,ADI-GAZL-BLU-42,209.48,2026-06-23 21:28:07.684826,3
LST-265e6b86b8,ORD-637f974e7c,CUST-373df27877,ADI-SUPER-BLK-42,159.16,2026-06-25 02:56:57.055954,2
LST-e77a2e755f,ORD-6139950f20,CUST-a333e7c9cb,ADI-SUPER-BLK-42,118.6,2026-06-29 04:39:40.956204,2
LST-6a0f6f8b1c,ORD-383c4ff99f,CUST-43d156b65f,ADI-CAP-BLK,38.43,2026-06-22 06:12:59.531978,2
LST-e9997d290d,ORD-b50b688890,CUST-67cd32f36c,ADI-TEE-WHT-M,53.49,2026-06-24 10:25:53.262799,2
LST-b44bc20884,ORD-7636f63bc5,CUST-1dc87f08ef,ADI-SAMBA-WHT-42,167.94,2026-06-20 11:41:42.308527,4
LST-48022f4ef3,ORD-3c0b1841a6,CUST-9ed38e234b,ADI-CAP-BLK,39.62,2026-06-11 14:20:14.294034,4
LST-8827fd1f25,ORD-3c1a644627,CUST-68556d3630,ADI-SUPER-BLK-42,163.14,2026-06-22 14:33:15.646180,2
LST-14bf6ecbf8,ORD-85b0f96c80,CUST-7df94550c3,ADI-CAP-BLK,48.53,2026-06-26 19:26:05.759753,2
LST-61074808de,ORD-18a49d68fb,CUST-373df27877,ADI-SUPER-BLK-42,129.43,2026-06-17 19:43:53.320396,2
LST-46dc8fed59,ORD-306aff641b,CUST-4669af3765,ADI-SUPER-BLK-42,169.36,2026-06-12 21:59:18.113057,1
LST-7ed3e48a5b,ORD-f5834c5c20,CUST-53cf55285e,ADI-SAMBA-BLK-42,74.31,2026-06-12 00:00:05.142023,3
LST-f32c3dac4d,ORD-7372569514,CUST-4ded794896,ADI-SAMBA-BLK-42,95.16,2026-06-18 00:01:08.748469,17
LST-e00b7895e6,ORD-59ed01038c,CUST-8ef8df15d7,ADI-SAMBA-BLK-42,109.44,2026-06-30 00:02:17.598783,4
LST-594d94951c,ORD-7b3246f984,CUST-04e292f719,ADI-SAMBA-BLK-42,111.76,2026-06-26 00:03:04.715373,2
LST-588dbfcdd3,ORD-024380ef72,CUST-b2a10d665f,ADI-SAMBA-BLK-42,100.78,2026-06-18 00:03:33.087684,3
LST-9ec897bb5a,ORD-e007ae18c4,CUST-79b3611c1c,ADI-GAZL-BLU-42,109.74,2026-06-30 00:03:48.067358,10
LST-dc06c37693,ORD-384eaeb56f,CUST-adca82b50a,ADI-SUPER-BLK-42,74.48,2026-06-21 00:03:53.803488,17
LST-cf9bebacdc,ORD-a3a2173c99,CUST-9b9e0b7852,ADI-SAMBA-BLK-42,75.16,2026-06-16 00:04:10.885107,2
LST-8a43b8df15,ORD-28f9f30b63,CUST-581bf55cbd,ADI-SUPER-BLK-42,84.1,2026-06-19 00:04:33.201528,8
LST-97be27ccb9,ORD-e7ca9c404a,CUST-c827b05b4a,ADI-GAZL-BLU-42,87.82,2026-06-11 00:04:45.750900,14
LST-e560864e7e,ORD-ba8fa9c295,CUST-ef80a5fa39,ADI-GAZL-BLU-42,85.79,2026-06-23 00:04:58.066567,6
LST-7075408e70,ORD-e13368be84,CUST-a2c2c7afa1,ADI-GAZL-BLU-42,115.0,2026-06-19 00:05:07.747847,2
LST-de67aade9a,ORD-277f535e53,CUST-45b22257d6,ADI-SUPER-BLK-42,105.31,2026-06-17 00:05:11.943545,7
LST-fd6bc148d9,ORD-f5e7e7fbec,CUST-6a6ccf99f7,ADI-SAMBA-BLK-42,70.27,2026-06-28 00:05:17.961188,7
LST-fcc8f290f1,ORD-4c1881c1ac,CUST-2932580980,ADI-SAMBA-BLK-42,84.29,2026-06-20 00:05:19.245094,7
LST-84167ef3a2,ORD-e018e10769,CUST-b2dae9c525,ADI-SUPER-BLK-42,89.35,2026-06-27 00:05:55.703489,6
LST-a75a75c6f8,ORD-c125e0648e,CUST-8ba72cfc1c,ADI-SAMBA-BLK-42,115.03,2026-06-11 00:05:59.512369,2
LST-3b8f6eee9d,ORD-550aff84d2,CUST-60a2290fd1,ADI-SUPER-BLK-42,73.93,2026-06-22 00:06:12.845413,6
LST-70cd0c438a,ORD-8364363951,CUST-73f7c927cc,ADI-SUPER-BLK-42,89.59,2026-06-22 00:06:13.917683,5
LST-2b07b99e7b,ORD-76745ad817,CUST-5af8f213b1,ADI-SUPER-BLK-42,102.47,2026-06-25 00:06:19.110838,6
LST-eaeea14a27,ORD-66c7e0f6cb,CUST-8ecba2345c,ADI-GAZL-BLU-42,126.8,2026-06-23 00:06:29.658067,3
LST-44a67d1e95,ORD-6a6009e13f,CUST-4668e4a6ef,ADI-SAMBA-BLK-42,77.97,2026-06-30 00:06:35.798936,13
LST-56d065b53b,ORD-12ef9321e1,CUST-2d4a38c351,ADI-SAMBA-BLK-42,83.23,2026-06-25 00:06:46.494933,9
LST-bcd1fbf4c0,ORD-63dab97a07,CUST-42c0791836,ADI-SUPER-BLK-42,102.78,2026-06-16 00:06:58.810417,9
LST-e2d5f53eee,ORD-6ea9866f2a,CUST-52cf58823f,ADI-GAZL-BLU-42,78.95,2026-06-13 00:07:08.256784,2
LST-7f30ddf349,ORD-137ecb58ce,CUST-efd9130b68,ADI-SUPER-BLK-42,70.14,2026-06-30 00:07:10.502307,2
LST-ec074c19e2,ORD-091efc79a6,CUST-79dbc89cd1,ADI-SAMBA-BLK-42,98.03,2026-06-16 00:07:20.120384,1
LST-be0a18181a,ORD-8b24a1fdf5,CUST-f3c0bdd21e,ADI-SUPER-BLK-42,69.57,2026-06-24 00:07:30.357940,5
LST-f73ebf79a5,ORD-38299a910e,CUST-4a0364182a,ADI-SAMBA-BLK-42,85.64,2026-06-29 00:07:53.775094,3
LST-6efe95c8d8,ORD-27b8c49f6b,CUST-b3f814508c,ADI-GAZL-BLU-42,103.02,2026-06-15 00:07:55.559827,8
LST-ddbe4cd997,ORD-f2dc93909e,CUST-e46dcd3490,ADI-GAZL-BLU-42,111.61,2026-06-20 00:08:10.965817,3
LST-b601d75a88,ORD-1a714aee89,CUST-e9130ca0e4,ADI-SAMBA-BLK-42,88.52,2026-06-21 00:08:17.602208,12
LST-d2aa411a3d,ORD-7c0b53d494,CUST-0ae3bfbd25,ADI-GAZL-BLU-42,79.46,2026-06-28 00:09:28.115772,2
LST-630349f9f9,ORD-4eb45e8484,CUST-ce5b5862ae,ADI-SUPER-BLK-42,99.52,2026-06-18 00:10:10.651055,2
LST-65dc7a6d5b,ORD-a1af1895b4,CUST-497c4eaf64,ADI-GAZL-BLU-42,92.72,2026-06-28 00:11:04.302081,2
LST-29e5834804,ORD-eed601ce89,CUST-47c3716b0d,ADI-GAZL-BLU-42,124.2,2026-06-13 00:11:32.028905,2
LST-ae8c996675,ORD-a5080d8f9f,CUST-305afaca40,ADI-SUPER-BLK-42,105.34,2026-06-14 00:11:43.285008,19
LST-250a1ebde3,ORD-cf3381a920,CUST-7e5648d5b7,ADI-GAZL-BLU-42,82.12,2026-06-20 00:11:51.462603,3
LST-6c08b78ffb,ORD-a490a70755,CUST-8f1816936e,ADI-GAZL-BLU-42,98.11,2026-06-15 00:11:55.227513,7
LST-ffa8b58afd,ORD-e8a7f0caf0,CUST-3554a110e1,ADI-SAMBA-BLK-42,96.24,2026-06-23 00:12:32.556679,2
LST-c6f3fabfe8,ORD-ed9d64be64,CUST-2e8b74871a,ADI-GAZL-BLU-42,119.23,2026-06-14 00:12:43.710549,12
LST-8a4620143e,ORD-eb54780df7,CUST-e8490cc90e,ADI-GAZL-BLU-42,107.01,2026-06-23 00:12:57.691411,7
LST-9957f0d375,ORD-85aa1cb64f,CUST-157f6bc913,ADI-GAZL-BLU-42,85.21,2026-06-11 00:13:00.227322,4
LST-870d4d8b83,ORD-59ad2a1a95,CUST-b50a116b58,ADI-SAMBA-BLK-42,97.9,2026-06-27 00:13:07.417996,4
LST-8b7dfe20a7,ORD-eefb6e6c6f,CUST-db23a58db6,ADI-SUPER-BLK-42,95.6,2026-06-26 00:13:32.698531,6
LST-39ea53c6d9,ORD-0ab40c9d5c,CUST-9ddc99f845,ADI-GAZL-BLU-42,95.67,2026-06-23 00:13:35.748470,6
LST-c79e2a06e3,ORD-83dda22959,CUST-65dd779676,ADI-GAZL-BLU-42,124.99,2026-06-20 00:13:37.693444,4
LST-754be7bc39,ORD-b17d0d34e1,CUST-efef8022f1,ADI-SAMBA-BLK-42,91.36,2026-06-15 00:13:42.794043,3
LST-60c8e14732,ORD-835c92dde1,CUST-9c3c4c1b85,ADI-SAMBA-BLK-42,75.63,2026-06-15 00:13:44.111692,4
LST-2e33c847c1,ORD-bc592783e0,CUST-ff0aa5ba26,ADI-SUPER-BLK-42,72.95,2026-06-13 00:13:56.860864,10
LST-1738579496,ORD-98db4ae06d,CUST-34411d47d1,ADI-GAZL-BLU-42,115.27,2026-06-12 00:14:35.821529,2
LST-b1a1125403,ORD-e6c4c0ade8,CUST-6301c698cf,ADI-SAMBA-BLK-42,96.05,2026-06-14 00:14:38.928273,2
LST-2cc1a0f94c,ORD-54a48350f3,CUST-2c31c73623,ADI-GAZL-BLU-42,105.6,2026-06-29 00:15:10.711833,2
LST-04c2ddbea0,ORD-f00a6ca00e,CUST-b27653748f,ADI-SAMBA-BLK-42,75.64,2026-06-26 00:16:32.108852,2
LST-fa6f351ac7,ORD-0f4df946ef,CUST-f42d90f970,ADI-GAZL-BLU-42,122.57,2026-06-24 00:16:33.703247,8
LST-7c4d29fa53,ORD-46eb131e3d,CUST-86a0c9d785,ADI-GAZL-BLU-42,111.1,2026-06-29 00:16:48.261243,7
LST-f7ae3edf2c,ORD-50117aa212,CUST-bdb768dc9c,ADI-GAZL-BLU-42,86.69,2026-06-17 00:16:50.208224,3
LST-38c56e1696,ORD-ceb5053b19,CUST-99ed553308,ADI-GAZL-BLU-42,81.08,2026-06-24 00:17:07.611220,6
LST-abe3c98315,ORD-0c1e745033,CUST-4da6bfbf06,ADI-GAZL-BLU-42,115.16,2026-06-16 00:17:09.355729,2
LST-1f88e35240,ORD-d074b47b5d,CUST-104bfd4d6c,ADI-GAZL-BLU-42,96.78,2026-06-17 00:17:19.651569,7
LST-89f22bce76,ORD-c13320c134,CUST-945b77d250,ADI-GAZL-BLU-42,88.44,2026-06-23 00:17:30.087290,3
LST-c41f030b85,ORD-b89326f733,CUST-1d26eb0a41,ADI-SAMBA-BLK-42,85.84,2026-06-12 00:17:36.199638,3
LST-0015584eba,ORD-1e7c005c1c,CUST-49fa8c2812,ADI-SUPER-BLK-42,77.51,2026-06-27 00:17:38.245496,14
LST-4b85f0c5ca,ORD-81bc18949e,CUST-11b9165a57,ADI-GAZL-BLU-42,78.1,2026-06-22 00:17:48.308484,4
LST-bbd1685b93,ORD-b41803986b,CUST-64dac55471,ADI-SAMBA-BLK-42,90.51,2026-06-30 00:17:54.707566,3
LST-c49e48ad7d,ORD-3d54b33784,CUST-1ea5193877,ADI-GAZL-BLU-42,102.36,2026-06-28 00:18:21.844146,2
LST-00411d2e2c,ORD-e649b0b30f,CUST-98f856fdcb,ADI-SAMBA-BLK-42,92.43,2026-06-24 00:19:03.539479,9
LST-69ee17e440,ORD-890b1dba3f,CUST-fab662b350,ADI-SAMBA-BLK-42,97.21,2026-06-17 00:19:37.280883,9
LST-9c50b6a9c5,ORD-7cb06b754b,CUST-a0907c867d,ADI-SAMBA-BLK-42,113.6,2026-06-17 00:19:40.441277,2
LST-0f87506061,ORD-a5d370fbb4,CUST-db5b50d94f,ADI-GAZL-BLU-42,126.61,2026-06-13 00:19:46.577874,16
LST-30d135a26f,ORD-bfe7e4fc3d,CUST-d76e037cc2,ADI-SAMBA-BLK-42,113.13,2026-06-28 00:19:48.455967,14
LST-03e8d423ab,ORD-fcea41b849,CUST-69a8e455d5,ADI-SUPER-BLK-42,87.18,2026-06-18 00:20:12.025736,7
LST-1600d9e715,ORD-c33bc71fe6,CUST-a265c5984e,ADI-SAMBA-BLK-42,107.96,2026-06-11 00:20:54.471658,9
LST-3f27777177,ORD-8976e26951,CUST-79cf5d5408,ADI-GAZL-BLU-42,113.85,2026-06-16 00:21:02.636338,10
LST-008dee0b79,ORD-4dea17eae5,CUST-75ce7e1ab9,ADI-GAZL-BLU-42,110.87,2026-06-14 00:21:15.013906,13
LST-3480e4047c,ORD-d670371471,CUST-2440cc140b,ADI-GAZL-BLU-42,90.09,2026-06-16 00:21:29.251637,11
LST-8091944b05,ORD-2adeea7355,CUST-1447d9d665,ADI-SAMBA-BLK-42,111.81,2026-06-27 00:22:28.188180,9
LST-bb67677b01,ORD-e7f3f65065,CUST-6b79fa4cb0,ADI-SAMBA-BLK-42,107.34,2026-06-11 00:23:07.770725,9
LST-60088440cb,ORD-4cf654e643,CUST-36139c966a,ADI-SAMBA-BLK-42,74.82,2026-06-12 00:23:32.589164,7
LST-6f6beb749e,ORD-bd664770e2,CUST-443a700f8f,ADI-SAMBA-BLK-42,88.19,2026-06-29 00:23:55.454310,8
LST-3ecf00496b,ORD-8369cb87aa,CUST-0660d45121,ADI-SAMBA-BLK-42,115.61,2026-06-27 00:24:18.438636,7
LST-725276af67,ORD-79179cdf3e,CUST-dee9c5ba0c,ADI-SUPER-BLK-42,78.53,2026-06-13 00:24:32.932596,12
LST-33a5566417,ORD-8d2443d780,CUST-6fe28dee36,ADI-SAMBA-BLK-42,91.81,2026-06-24 00:24:41.851268,12
LST-95f7c944fc,ORD-c53e78ab23,CUST-58559a7e31,ADI-GAZL-BLU-42,97.03,2026-06-29 00:25:46.465727,7
LST-21b8bf63a0,ORD-091eb81faf,CUST-5025c13b40,ADI-SAMBA-BLK-42,96.49,2026-06-20 00:26:08.570249,5
LST-3c6408ab26,ORD-95ad9a4a9d,CUST-e4866bccfd,ADI-GAZL-BLU-42,117.66,2026-06-11 00:26:41.659104,14
LST-c1c22dde18,ORD-37111ef1cc,CUST-cf163e928c,ADI-SAMBA-BLK-42,89.19,2026-06-22 00:26:54.864112,10
LST-bc492daab6,ORD-f6e93f8cd7,CUST-d843fdb085,ADI-SAMBA-BLK-42,107.32,2026-06-30 00:27:42.391522,7
LST-94a39932a4,ORD-94958b3042,CUST-3a888d985d,ADI-SAMBA-BLK-42,74.78,2026-06-21 00:27:45.471254,2
LST-93e38fdf5b,ORD-a1718d8df7,CUST-373a11d9fb,ADI-SUPER-BLK-42,89.58,2026-06-29 00:28:01.621036,7
LST-a59e7e2c41,ORD-9991e2ade8,CUST-142db6c9c8,ADI-SUPER-BLK-42,81.27,2026-06-30 00:28:42.429638,7
LST-acc8db0f61,ORD-c95b0f2340,CUST-bba524b8a6,ADI-GAZL-BLU-42,112.37,2026-06-25 00:29:09.177376,8
LST-b27cca2fd0,ORD-f4ab70d5b5,CUST-4374afea80,ADI-CAP-BLK,46.18,2026-06-25 01:37:50.749323,3
LST-16719f9068,ORD-31c60beca6,CUST-12b3bd1420,ADI-CAP-BLK,49.71,2026-06-24 04:35:12.257772,2
LST-3e497042d6,ORD-e182d4d0e5,CUST-6628c2dc5c,ADI-SAMBA-BLK-42,178.92,2026-06-29 10:54:52.125093,4
LST-969c9743f0,ORD-530e150a04,CUST-3e69bcb8f6,ADI-TRACK-NVY-M,108.37,2026-06-28 11:00:24.590916,3
LST-396bed075d,ORD-444464f303,CUST-3a888d985d,ADI-SAMBA-BLK-42,172.57,2026-06-26 12:54:44.122434,3
LST-572d4f5bc0,ORD-4f669bcade,CUST-0b55080a4b,ADI-SUPER-BLK-42,157.76,2026-06-29 13:50:23.147657,2
LST-6ba469aa25,ORD-f3d6cf9e2b,CUST-4366e9c21b,ADI-TRACK-BLK-M,151.08,2026-06-17 18:19:22.716242,1
LST-d38bae11a7,ORD-84dbcac712,CUST-68556d3630,ADI-SUPER-BLK-42,145.85,2026-06-21 02:29:46.356918,2
LST-f0e1449151,ORD-74fda181b3,CUST-593025a88a,ADI-TEE-WHT-M,56.01,2026-06-18 05:46:14.148958,2
LST-43a5240966,ORD-24cc848fdd,CUST-1dc87f08ef,ADI-SAMBA-WHT-42,182.48,2026-06-15 07:12:51.312769,3
LST-6b0d54cdbc,ORD-76500303b6,CUST-d4aad9ab19,ADI-TRACK-BLK-M,127.81,2026-06-12 07:41:18.140355,2
LST-0644225b64,ORD-dc7f3c64fb,CUST-d892cba9a3,ADI-SAMBA-WHT-42,181.18,2026-06-17 17:18:54.898142,2
LST-9100bd8576,ORD-b0ba08afb7,CUST-f7db278531,ADI-CAP-BLK,41.38,2026-06-12 22:47:24.078275,1
LST-b5f5f99464,ORD-e45c4733ac,CUST-3e69bcb8f6,ADI-TRACK-NVY-M,123.13,2026-06-14 00:59:46.324993,2
LST-6ab81e112d,ORD-e8caec5cd3,CUST-d33d2d6aa9,ADI-SUPER-BLK-42,145.59,2026-06-25 01:31:50.528088,2
LST-59ad47c5e8,ORD-1cbc4eff7c,CUST-b330233148,ADI-TRACK-BLK-M,147.81,2026-06-13 03:31:46.887425,3
LST-243cb3ef89,ORD-7dbf5991e9,CUST-548c764e45,ADI-SAMBA-WHT-42,160.31,2026-06-21 06:33:53.009730,2
LST-34b9d674f0,ORD-7acbddcd4b,CUST-12b3bd1420,ADI-CAP-BLK,37.48,2026-06-30 07:08:48.323915,2
LST-b021ba7ab3,ORD-eaa689f8a5,CUST-1dc87f08ef,ADI-SAMBA-WHT-42,132.39,2026-06-14 07:43:52.335215,3
LST-787b88b88d,ORD-0af4909c8b,CUST-4cddd6be7b,ADI-GAZL-BLU-42,203.33,2026-06-30 11:07:17.433203,2
LST-355a4ecd70,ORD-24bf8f4f29,CUST-035ab7a52f,ADI-CAP-BLK,43.16,2026-06-16 17:29:12.162959,2
LST-906b1a6259,ORD-956297aa6c,CUST-3a888d985d,ADI-SAMBA-BLK-42,187.1,2026-06-13 18:05:04.476221,1
LST-878843f9cb,ORD-c918f687b3,CUST-271b0dafac,ADI-SUPER-BLK-42,126.78,2026-06-24 22:44:56.824821,1
LST-5951c9ce2c,ORD-708573a006,CUST-3dcbfba770,ADI-SUPER-BLK-42,155.8,2026-07-02 23:13:37.343268,2
LST-6895806ee4,ORD-69e2b90178,CUST-3fadcb25f4,ADI-CAP-BLK,53.0,2026-06-25 04:34:55.767628,2
LST-e97aa44192,ORD-88d930afae,CUST-b9f30f78f9,ADI-GAZL-BLU-42,153.5,2026-07-02 06:13:00.139205,2
LST-448aca01b8,ORD-b769721f70,CUST-dc71e6844e,ADI-SUPER-BLK-42,151.91,2026-06-23 07:10:48.597897,2
LST-fa4d2734e0,ORD-b1319afeb4,CUST-a33f00d483,ADI-SAMBA-BLK-42,157.71,2026-06-29 14:14:52.912141,3
LST-48af72e97a,ORD-caf0abb666,CUST-0aa53618ee,ADI-TEE-WHT-M,53.33,2026-06-19 16:54:36.438079,3
LST-041acdd15d,ORD-1ac05ecc2e,CUST-7946e6dbbc,ADI-TEE-WHT-M,39.94,2026-06-17 19:17:11.460217,3
LST-d5bee3037e,ORD-0618ce6674,CUST-12b3bd1420,ADI-CAP-BLK,40.88,2026-06-17 23:04:47.753144,1
LST-38c60d9c9f,ORD-25c46cbf5d,CUST-db0f3b2255,ADI-GAZL-BLU-42,156.61,2026-06-23 00:27:00.352523,3
LST-950d04ba00,ORD-501f2a72f0,CUST-1680df50f3,ADI-SAMBA-WHT-42,120.5,2026-06-30 01:18:23.893653,2
LST-b671bdaa72,ORD-bf991eae2d,CUST-d4aad9ab19,ADI-TRACK-BLK-M,117.58,2026-06-27 01:20:36.738844,3
LST-cd2255d4e9,ORD-a54086812c,CUST-db0f3b2255,ADI-TRACK-NVY-M,94.25,2026-06-16 02:44:30.443781,2
LST-d56fdf4e83,ORD-a45a4550e6,CUST-6628c2dc5c,ADI-CAP-BLK,39.78,2026-06-26 10:52:01.739606,4
LST-18cf1636d7,ORD-8b170eef8a,CUST-6f1de2a8e2,ADI-SAMBA-WHT-42,155.69,2026-06-25 11:27:07.051756,3
LST-6704b80ad8,ORD-66c5b12a1d,CUST-24b97a0bde,ADI-GAZL-BLU-42,206.96,2026-06-18 21:33:01.689134,2
LST-0f8b06bc10,ORD-602e78abe3,CUST-0f796fe73b,ADI-CAP-BLK,37.35,2026-07-05 23:45:26.520495,3
LST-8407ac6dd7,ORD-ed75310394,CUST-c250e63a0f,ADI-TRACK-NVY-M,120.83,2026-06-23 23:54:21.570529,2
LST-629691b2cf,ORD-a78a0caf51,CUST-bfbae52aa2,ADI-GAZL-BLU-42,164.99,2026-07-03 00:25:13.838923,2
LST-fb0a6b81dc,ORD-b88e79f0ff,CUST-39febbb33d,ADI-CAP-BLK,37.51,2026-06-29 01:08:42.180867,2
LST-b6a87de712,ORD-e85e52303b,CUST-084ee2afe7,ADI-TRACK-NVY-M,122.5,2026-06-23 01:30:14.896089,2
LST-9dc8656b0c,ORD-4a5124c2c3,CUST-2806f61a26,ADI-SAMBA-WHT-42,156.62,2026-06-18 04:08:32.292263,4
LST-777a6bf77c,ORD-3a9c57b099,CUST-2ea16593f9,ADI-TRACK-NVY-M,117.35,2026-06-22 05:46:09.769809,1
LST-c7f8b63a07,ORD-6f18282ce9,CUST-0aa53618ee,ADI-TEE-WHT-M,62.27,2026-07-05 07:31:18.765378,2
LST-07c3ee9461,ORD-69041592a0,CUST-38e0571df7,ADI-TRACK-NVY-M,99.3,2026-06-21 08:02:58.000551,1
LST-5ea74f7c0d,ORD-3d72d0af7f,CUST-ccba97b606,ADI-TEE-WHT-M,58.36,2026-07-01 17:18:30.215621,2
LST-b35472f59b,ORD-f133a7d927,CUST-e778a1f21c,ADI-SUPER-BLK-42,184.7,2026-07-01 22:20:52.180220,1
LST-2edf7623ef,ORD-f53865495f,CUST-b9f30f78f9,ADI-GAZL-BLU-42,179.1,2026-06-24 02:32:39.627966,2
LST-2f7cba1045,ORD-ceb6e6bc7d,CUST-12b3bd1420,ADI-CAP-BLK,48.53,2026-06-27 03:56:04.843949,2
LST-6a4323d868,ORD-79815dbec1,CUST-1680df50f3,ADI-SAMBA-WHT-42,164.34,2026-06-26 09:36:15.386224,2
LST-40489c5e6c,ORD-1ec4578e3c,CUST-38c42d5a3e,ADI-SAMBA-BLK-42,186.6,2026-06-20 15:13:49.939248,3
LST-058ed3a7cf,ORD-22044abcf8,CUST-b456617f63,ADI-SAMBA-WHT-42,146.83,2026-06-20 00:19:07.142260,2
LST-eefd790435,ORD-113cbbf860,CUST-4cddd6be7b,ADI-TRACK-NVY-M,127.48,2026-07-04 00:28:23.713377,2
LST-df1e67b7c4,ORD-3a3cdc7a4c,CUST-5f87163669,ADI-SAMBA-WHT-42,141.99,2026-06-20 03:11:40.268154,2
LST-81129269b9,ORD-2dd03029ba,CUST-89782e5548,ADI-TEE-WHT-M,46.27,2026-06-25 05:29:20.834237,1
LST-c9889e4734,ORD-126813b128,CUST-1dc87f08ef,ADI-SAMBA-WHT-42,145.89,2026-06-22 12:41:41.882401,2
LST-0ea33c0e2b,ORD-b99b42a8d6,CUST-dc71e6844e,ADI-SUPER-BLK-42,175.77,2026-06-28 03:34:29.817025,2
LST-f6b013f1a3,ORD-caf62f54fd,CUST-218b7a9d2d,ADI-GAZL-BLU-42,162.08,2026-06-28 05:09:59.894417,3
LST-27e2055e17,ORD-e8a6aa50cd,CUST-3e69bcb8f6,ADI-TRACK-NVY-M,92.04,2026-07-08 07:20:25.617894,2
LST-07bb2bc34f,ORD-bb645c6f92,CUST-3e69bcb8f6,ADI-TRACK-NVY-M,104.37,2026-07-06 08:27:57.438562,2
LST-b1b0b89d1b,ORD-1c31bd6e8a,CUST-2c5ec20a4a,ADI-SUPER-BLK-42,151.03,2026-07-02 18:24:22.224485,1
LST-44b0d47962,ORD-7e36efa38d,CUST-4248efe105,ADI-TEE-WHT-M,45.47,2026-07-10 05:39:03.765584,3
LST-721074c479,ORD-f0bf038a4b,CUST-d417aa5bdc,ADI-SAMBA-WHT-42,131.76,2026-06-21 10:21:27.281267,1
LST-dd09601a80,ORD-5b6a4fe658,CUST-c250e63a0f,ADI-TRACK-NVY-M,126.04,2026-07-07 12:36:44.592653,2
LST-3cb8cf7e16,ORD-ac8b052a64,CUST-04f11a0857,ADI-TEE-WHT-M,51.83,2026-06-20 13:30:34.473158,3
LST-087623da0d,ORD-dde9c2399d,CUST-6628c2dc5c,ADI-CAP-BLK,36.64,2026-06-22 15:20:53.284058,2
LST-300319e1da,ORD-e8a8acab28,CUST-084ee2afe7,ADI-TRACK-BLK-M,134.57,2026-07-03 17:07:29.640508,2
LST-f41fd51d58,ORD-558a0a7e21,CUST-a71296a912,ADI-SUPER-BLK-42,181.38,2026-06-27 19:13:12.390393,2
LST-d1c27a246e,ORD-7ce3e280e9,CUST-4fcae083ba,ADI-TRACK-NVY-M,83.48,2026-07-09 07:21:20.311901,2
LST-12233a33d5,ORD-f677c71038,CUST-a333e7c9cb,ADI-SUPER-BLK-42,162.95,2026-06-27 10:07:13.189220,3
LST-09cd0f79fa,ORD-1825cc4502,CUST-6f1de2a8e2,ADI-SUPER-BLK-42,166.74,2026-07-05 15:59:10.680677,3
LST-a95df3b3fb,ORD-43b8894b04,CUST-e778a1f21c,ADI-SUPER-BLK-42,140.91,2026-06-23 17:54:22.589793,2
LST-1488063605,ORD-a946fd3bfa,CUST-4374afea80,ADI-TEE-WHT-M,60.97,2026-06-25 18:17:44.574381,2
LST-fa70dfda8e,ORD-3ad54f25d4,CUST-239fb2e528,ADI-TEE-WHT-M,62.99,2026-07-12 04:22:28.841336,2
LST-bd82b03a42,ORD-fc6505e5e2,CUST-239fb2e528,ADI-TRACK-BLK-M,148.08,2026-06-23 06:41:54.491521,2
LST-945d402ff8,ORD-7431092f52,CUST-ccba97b606,ADI-TRACK-NVY-M,120.68,2026-06-23 07:42:20.779221,2
LST-e9bbf3504b,ORD-2b4e09af1d,CUST-95141c2687,ADI-SUPER-BLK-42,152.89,2026-07-07 08:01:29.269649,1
LST-34160ac396,ORD-d1a09552b7,CUST-035ab7a52f,ADI-CAP-BLK,52.88,2026-07-02 12:10:15.727748,3
LST-c297dfb8b7,ORD-bb6da144cb,CUST-8f35736e4e,ADI-SUPER-BLK-42,151.83,2026-07-05 15:37:48.770848,1
LST-820e26ec99,ORD-01898cdc99,CUST-49aebfd27d,ADI-TEE-WHT-M,46.76,2026-07-12 17:52:53.779673,2
LST-9aaf112d73,ORD-896fba2f33,CUST-8e823724e9,ADI-SAMBA-BLK-42,192.97,2026-07-08 20:16:57.221149,1
LST-b0f9621278,ORD-152548554e,CUST-49aebfd27d,ADI-SAMBA-WHT-42,175.66,2026-07-11 05:18:35.995056,3
LST-51fae97271,ORD-c24bede0f5,CUST-a71296a912,ADI-TRACK-NVY-M,127.19,2026-07-04 05:37:15.631583,3
LST-1c2e462294,ORD-25dd1c8375,CUST-3267d3e233,ADI-SUPER-BLK-42,164.81,2026-07-04 09:22:30.019484,2
LST-3ec0c1490a,ORD-62293d3898,CUST-4cddd6be7b,ADI-TRACK-NVY-M,105.99,2026-06-26 09:28:12.283188,2
LST-a2d296b78b,ORD-5e5419c3eb,CUST-373df27877,ADI-TRACK-NVY-M,85.75,2026-07-07 14:45:08.381005,4
LST-ae887fc41d,ORD-fab9ca1c54,CUST-593025a88a,ADI-GAZL-BLU-42,178.49,2026-07-13 16:12:43.225153,2
LST-c5c553d9a7,ORD-e22c8d1bb8,CUST-7df94550c3,ADI-CAP-BLK,44.66,2026-07-13 18:45:52.810738,3
LST-f89670cf6b,ORD-62264c6ada,CUST-b465ade508,ADI-CAP-BLK,53.34,2026-07-11 23:15:46.847438,2
LST-6830ac90dd,ORD-14c5e050fa,CUST-d52cd78e77,ADI-TEE-WHT-M,47.88,2026-06-27 12:53:13.091167,2
LST-1038da6e4c,ORD-fa310d539d,CUST-10c0507f85,ADI-TRACK-BLK-M,122.27,2026-06-29 17:25:14.425130,1
LST-16da6dd6d2,ORD-1aee42c495,CUST-12b3bd1420,ADI-CAP-BLK,44.28,2026-06-26 17:55:25.812348,2
LST-49cfb55e20,ORD-7829f84b9f,CUST-2e1b8147c0,ADI-TRACK-NVY-M,79.6,2026-07-10 18:50:50.095179,4
LST-3366388887,ORD-bb094aa724,CUST-534fbb5042,ADI-TRACK-NVY-M,82.42,2026-07-01 22:46:19.730805,2
LST-20a702192f,ORD-e697e098b7,CUST-6f1de2a8e2,ADI-SUPER-BLK-42,182.81,2026-07-05 05:05:27.141817,3
LST-5ab3ce02e7,ORD-a6bae7ac8f,CUST-9a03b6ef84,ADI-TRACK-NVY-M,120.93,2026-07-13 08:11:59.301549,2
LST-cec65c004c,ORD-a156125480,CUST-db0f3b2255,ADI-TRACK-NVY-M,83.69,2026-07-09 10:53:16.591471,2
LST-79920b164a,ORD-fcb086cde3,CUST-cee6bc5f3f,ADI-SAMBA-WHT-42,128.97,2026-07-08 18:27:41.962046,2
LST-17d427759e,ORD-6c273ee148,CUST-e57c6753e7,ADI-TRACK-NVY-M,89.93,2026-07-07 00:25:11.841665,3
LST-1f1b49a81d,ORD-394f7ae729,CUST-e477b78ce5,ADI-TRACK-BLK-M,122.79,2026-06-26 11:08:30.539719,1
LST-70521f0d78,ORD-03521c92c1,CUST-4374afea80,ADI-CAP-BLK,49.35,2026-07-06 12:53:46.812796,3
LST-eba2ff844f,ORD-63ce4fa8f1,CUST-5f87163669,ADI-SAMBA-WHT-42,118.62,2026-06-29 14:46:16.194061,3
LST-d010bd73af,ORD-36f7a6e26e,CUST-4cddd6be7b,ADI-TRACK-NVY-M,109.56,2026-06-26 14:54:49.628465,2
LST-2e99cffd98,ORD-9cc6828777,CUST-0d5c71e943,ADI-SAMBA-WHT-42,163.45,2026-07-11 16:54:46.753227,1
LST-a3d13d6b4b,ORD-608716b8ec,CUST-38c42d5a3e,ADI-SUPER-BLK-42,134.61,2026-06-29 19:55:57.536278,2
LST-ea27bb31e1,ORD-0ccb12d616,CUST-9289cc6ba4,ADI-GAZL-BLU-42,181.66,2026-07-12 21:38:31.721874,2
LST-6abda9ce17,ORD-06acbe934f,CUST-ba21f73778,ADI-TRACK-NVY-M,83.46,2026-07-12 21:43:12.083790,1
LST-aa592fc904,ORD-109fe66aa6,CUST-6628c2dc5c,ADI-CAP-BLK,39.87,2026-07-01 01:24:41.522803,2
LST-27128336c1,ORD-66ce5afb9e,CUST-2c5ec20a4a,ADI-SUPER-BLK-42,126.3,2026-06-29 02:30:33.244912,4
LST-dd910bbd61,ORD-864e67d8e6,CUST-d917f8acca,ADI-SAMBA-BLK-42,133.66,2026-07-09 15:01:00.100790,1
LST-ac2ac342af,ORD-8796f063ea,CUST-271b0dafac,ADI-TEE-WHT-M,44.86,2026-07-08 16:01:55.390350,1
LST-55273501cf,ORD-ef1513239a,CUST-a333e7c9cb,ADI-SUPER-BLK-42,153.98,2026-07-04 03:52:16.960389,2
LST-939f413cdd,ORD-23a18023f9,CUST-3267d3e233,ADI-SUPER-BLK-42,111.04,2026-07-08 08:25:45.620510,4
LST-073eb4abff,ORD-8dc74149d2,CUST-3a888d985d,ADI-SAMBA-BLK-42,146.7,2026-07-08 01:58:29.874448,3
LST-04fdd4a807,ORD-9df3f85329,CUST-e70fc0b9ed,ADI-TRACK-BLK-M,131.99,2026-07-11 12:09:06.476975,3
LST-3425bb7055,ORD-0eea732f26,CUST-158a1f78f0,ADI-GAZL-BLU-42,173.86,2026-07-04 14:42:06.079257,2
LST-22623f55b7,ORD-c9bfb40c56,CUST-4669af3765,ADI-SAMBA-WHT-42,147.77,2026-07-06 20:56:21.394494,1
LST-e326de99bb,ORD-ff25d3573c,CUST-b4beacbbef,ADI-GAZL-BLU-42,133.83,2026-07-04 04:19:29.908718,2
LST-9aae0f5b7d,ORD-b7c9ce5970,CUST-6628c2dc5c,ADI-CAP-BLK,36.59,2026-06-30 09:54:06.481918,3
LST-990c8084fb,ORD-20af22bedb,CUST-69e32cc9d0,ADI-CAP-BLK,41.99,2026-07-20 12:03:20.923037,2
LST-87f015d3a5,ORD-87a328a11b,CUST-d52cd78e77,ADI-GAZL-BLU-42,212.27,2026-07-09 20:23:34.135993,2
LST-85fc0b3f15,ORD-292ff30e17,CUST-4cddd6be7b,ADI-TRACK-NVY-M,121.59,2026-07-08 21:52:32.428542,1
