customer_id,total_quantity,n_orders,avg_qty_per_order,max_qty_single_order,n_distinct_skus,sku_concentration,pct_orders_discount_window,avg_discount_pct_when_used,purchase_span_days,order_frequency_per_week,total_spend,account_age_at_first_order_days,shared_device_count,shared_payment_count,shared_address_count,identity_cluster_size,segment,is_reseller,is_loyal_bulk
CUST-3d404e3018,3,3,1.0,1,3,0.3333333333333333,0.0,0.0,73.5295227910648,0.2855995687565089,220.0,208.2976990936921,0,0,0,1,normal,0,0
CUST-c1fa10ace9,1,1,1.0,1,1,1.0,0.0,0.0,0.0,7.0,70.0,487.5668931575232,0,0,0,1,normal,0,0
CUST-01924a401b,3,3,1.0,1,3,0.3333333333333333,0.0,0.0,152.80048521261574,0.1374341185551822,190.0,154.47906541201388,0,0,0,1,normal,0,0
CUST-a015137e94,2,1,2.0,2,1,1.0,0.0,0.0,0.0,7.0,140.0,48.56959019194444,0,2,2,3,ring_reseller,1,0
CUST-660b7fd14b,1,1,1.0,1,1,1.0,0.0,0.0,0.0,7.0,90.0,552.8357402616898,0,0,3,4,shared_address_legit,0,1
CUST-9d462c30ef,1,1,1.0,1,1,1.0,0.0,0.0,0.0,7.0,85.0,231.8047788591204,0,0,0,1,normal,0,0
CUST-6a16adc365,1,1,1.0,1,1,1.0,0.0,0.0,0.0,7.0,25.0,441.7780416255556,0,0,0,1,normal,0,0
CUST-a1ee329d3d,1,1,1.0,1,1,1.0,0.0,0.0,0.0,7.0,90.0,322.107585578588,0,0,0,1,normal,0,0
CUST-80b104b72c,2,1,2.0,2,1,1.0,0.0,0.0,0.0,7.0,170.0,75.71056800606482,0,5,5,6,ring_reseller,1,0
CUST-6bbad3d3ef,1,1,1.0,1,1,1.0,0.0,0.0,0.0,7.0,100.0,235.74269474777776,0,0,0,1,normal,0,0
CUST-fca05db967,2,2,1.0,1,2,0.5,0.0,0.0,90.07532850914352,0.1554254670142986,125.0,52.78690880789352,0,0,2,3,shared_address_legit,0,1
CUST-cca109878e,5,5,1.0,1,5,0.2,0.0,0.0,112.50795320395832,0.3110891186203591,290.0,101.0179304025,0,0,0,1,normal,0,0
CUST-3b946e773c,24,5,4.8,8,2,0.5034722222222221,0.0,0.0,161.58420858842592,0.2166053248999667,1900.0,634.0142187630671,0,0,0,1,loyal_bulk,0,1
CUST-0c36502f62,14,3,4.666666666666667,8,2,0.510204081632653,0.0,0.0,90.96159551217592,0.2308666628125381,1020.0,436.8940407648727,0,0,0,1,loyal_bulk,0,1
CUST-89782e5548,2,1,2.0,2,1,1.0,0.0,0.0,0.0,7.0,60.0,347.29156287966435,0,5,5,6,ring_reseller,1,0
CUST-a8dac42552,2,2,1.0,1,2,0.5,0.0,0.0,28.14579331716435,0.4974100336145892,115.0,281.3093662976736,0,5,5,6,ring_reseller,1,0
CUST-4eb250a5a6,2,1,2.0,2,1,1.0,0.0,0.0,0.0,7.0,120.0,49.69238571181713,0,0,0,1,normal,0,0
CUST-3cddc077d4,2,2,1.0,1,2,0.5,0.0,0.0,93.3442366470949,0.1499824788640094,130.0,396.6942344048149,0,0,0,1,normal,0,0
CUST-45f0332ddb,32,3,10.666666666666666,12,2,0.5703125,1.0,0.45,89.98565506123843,0.2333705298439929,1720.0,13.546271289131944,0,0,0,1,solo_reseller,1,0
CUST-7bf27f2089,3,3,1.0,1,2,0.5555555555555556,0.0,0.0,52.95649834553241,0.396551899315141,260.0,231.20289859577548,0,0,0,1,normal,0,0
CUST-96412dce4b,2,2,1.0,1,2,0.5,0.0,0.0,4.592616659375,3.048371122249344,170.0,446.5355326061574,0,0,0,1,normal,0,0
CUST-8d08e27f5c,43,3,14.333333333333334,20,3,0.3726338561384532,1.0,0.3833333333333333,90.01673326655093,0.2332899588548314,2073.0,316.83004112028937,0,0,0,1,solo_reseller,1,0
CUST-3d28763383,12,3,4.0,5,2,0.625,0.0,0.0,39.61401863340278,0.5301153663388413,615.0,157.3205633329398,0,0,0,1,loyal_bulk,0,1
CUST-773727980a,3,1,3.0,3,1,1.0,0.0,0.0,0.0,7.0,270.0,415.40627499723377,0,0,0,1,loyal_bulk,0,1
CUST-54fc429c4d,1,1,1.0,1,1,1.0,0.0,0.0,0.0,7.0,30.0,291.0967441675347,0,0,0,1,normal,0,0
CUST-2c31c73623,8,2,4.0,5,2,0.53125,1.0,0.35,120.00526395851853,0.1166615491537045,285.0,0.0,4,0,4,5,ring_reseller,1,0
CUST-b1dae8f692,4,3,1.3333333333333333,2,3,0.375,0.0,0.0,73.31685278153935,0.2864280067036326,180.0,171.0893168836111,0,0,0,1,normal,0,0
CUST-13250c70aa,14,3,4.666666666666667,8,3,0.4183673469387755,0.0,0.0,122.92821417460648,0.1708314087290955,1145.0,687.6340158629977,0,0,0,1,loyal_bulk,0,1
CUST-a7366ce8f7,1,1,1.0,1,1,1.0,0.0,0.0,0.0,7.0,25.0,347.0001252833333,0,0,0,1,normal,0,0
CUST-9f1df3cf09,2,2,1.0,1,2,0.5,0.0,0.0,21.55333749201389,0.6495513748247754,150.0,1.9500499603009256,0,0,0,1,normal,0,0
CUST-e534089820,1,1,1.0,1,1,1.0,0.0,0.0,0.0,7.0,100.0,75.81844804655093,0,0,0,1,normal,0,0
CUST-bbe5f11242,26,6,4.333333333333333,8,1,1.0,0.0,0.0,109.7223164434838,0.382784481419817,2210.0,626.5853091306366,0,0,0,1,loyal_bulk,0,1
CUST-505c274a05,7,5,1.4,2,3,0.3877551020408163,0.0,0.0,10.031074160532407,3.489157735241222,540.0,37.08450270112269,0,0,0,1,normal,0,0
CUST-a9e414d8d6,2,2,1.0,1,2,0.5,0.0,0.0,64.3116437667477,0.2176899730751197,150.0,38.98650250814815,0,0,0,1,normal,0,0
CUST-35e851ca72,42,3,14.0,20,2,0.6371882086167799,1.0,0.4000000000000001,119.99067318395836,0.1750136026639736,2210.0,0.0,0,0,0,1,solo_reseller,1,0
CUST-c7d7aec4d5,1,1,1.0,1,1,1.0,0.0,0.0,0.0,7.0,25.0,92.7587001578588,0,0,3,4,shared_address_legit,0,1
CUST-43c529db63,1,1,1.0,1,1,1.0,0.0,0.0,0.0,7.0,90.0,324.35581821274303,0,0,0,1,normal,0,0
CUST-d71f431002,23,2,11.5,15,1,1.0,1.0,0.425,60.01587074167824,0.2332716301036294,1305.0,0.0,0,0,0,1,solo_reseller,1,0
CUST-b4ff7745c8,2,1,2.0,2,1,1.0,0.0,0.0,0.0,7.0,120.0,419.7666643358102,0,0,0,1,normal,0,0
CUST-d206e924ad,4,4,1.0,1,3,0.375,0.0,0.0,37.63468280775463,0.7439945792297364,235.0,158.1635587329051,0,0,0,1,normal,0,0
CUST-79e0903590,11,2,5.5,8,2,0.6033057851239669,0.0,0.0,158.0251780101389,0.0885934771679343,795.0,503.69872822527776,0,0,0,1,loyal_bulk,0,1
CUST-6ce44bd26a,1,1,1.0,1,1,1.0,0.0,0.0,0.0,7.0,60.0,117.90582382087962,0,0,2,3,shared_address_legit,0,1
CUST-1bcdd3f804,27,8,3.375,5,3,0.4513031550068587,0.0,0.0,102.1786601996875,0.5480596426940747,2250.0,421.25418273152775,0,0,0,1,stealth_reseller,1,0
CUST-7ecac6daad,3,2,1.5,2,2,0.5555555555555556,0.0,0.0,55.56610266,0.2519521674151548,280.0,354.6488756175347,0,0,0,1,normal,0,0
CUST-5954ab6585,1,1,1.0,1,1,1.0,0.0,0.0,0.0,7.0,90.0,255.82875066675928,0,0,0,1,normal,0,0
CUST-8ab13f8330,18,2,9.0,10,2,0.5061728395061729,1.0,0.375,60.0012538711111,0.2333284572698005,650.0,23.19442221076389,0,0,0,1,solo_reseller,1,0
CUST-97bb4a5cb8,1,1,1.0,1,1,1.0,0.0,0.0,0.0,7.0,60.0,146.98583889253473,0,0,0,1,normal,0,0
CUST-9ae645dcfe,13,4,3.25,4,2,0.6449704142011835,0.0,0.0,87.2841351207176,0.3207914011094322,1090.0,532.5839314805208,0,0,0,1,loyal_bulk,0,1
CUST-fef40254c5,1,1,1.0,1,1,1.0,0.0,0.0,0.0,7.0,25.0,110.8518700514699,0,0,0,1,normal,0,0
CUST-ea62ffc859,2,2,1.0,1,2,0.5,0.0,0.0,13.298144312650464,1.0527784682470216,130.0,72.00675736000001,0,0,0,1,normal,0,0
CUST-04895f15ef,1,1,1.0,1,1,1.0,0.0,0.0,0.0,7.0,100.0,435.6936023553241,0,0,1,2,shared_address_legit,0,1
CUST-d56b030bc1,2,2,1.0,1,2,0.5,0.0,0.0,54.9495136075,0.2547793252548309,150.0,317.7059141917245,0,0,0,1,normal,0,0
CUST-1c6379756d,1,1,1.0,1,1,1.0,0.0,0.0,0.0,7.0,90.0,454.0051923878009,0,0,0,1,normal,0,0
CUST-5a33d4d705,18,4,4.5,8,4,0.3024691358024691,0.0,0.0,77.33114969524306,0.3620791894384882,1200.0,21.297652587372685,0,0,0,1,loyal_bulk,0,1
CUST-5d2c935f97,4,3,1.3333333333333333,2,3,0.375,0.0,0.0,27.533123796828704,0.7627176689053642,210.0,22.0237076608912,0,0,1,2,shared_address_legit,0,1
CUST-1edf31d218,1,1,1.0,1,1,1.0,0.0,0.0,0.0,7.0,30.0,622.286192611574,0,0,3,4,shared_address_legit,0,1
CUST-0a3d8fd790,5,5,1.0,1,3,0.3600000000000001,0.0,0.0,144.00015922471064,0.2430552868027242,345.0,430.1420327696064,0,0,0,1,normal,0,0
CUST-548c764e45,33,9,3.6666666666666665,5,1,1.0,0.0,0.0,161.2112408136111,0.3907916078435201,2970.0,345.6377088913542,0,0,0,1,stealth_reseller,1,0
CUST-030ce61e80,2,2,1.0,1,2,0.5,0.0,0.0,9.595041875,1.4590869099255497,160.0,44.697547823136574,0,0,0,1,normal,0,0
CUST-719778ca96,37,11,3.363636363636364,4,2,0.7282688093498904,0.0,0.0,139.32365812445602,0.5526699559612258,2970.0,1.561636551435185,0,0,0,1,stealth_reseller,1,0
CUST-f22aa223b3,1,1,1.0,1,1,1.0,0.0,0.0,0.0,7.0,85.0,35.712780677488425,0,0,0,1,normal,0,0
CUST-2d1befe94c,1,1,1.0,1,1,1.0,0.0,0.0,0.0,7.0,25.0,35.02538593166667,0,0,0,1,normal,0,0
CUST-15cc2005bd,5,4,1.25,2,3,0.3600000000000001,0.0,0.0,129.1076765738773,0.2168732390128482,290.0,247.2340495079977,0,0,0,1,normal,0,0
CUST-d6aba0e24d,2,2,1.0,1,2,0.5,0.0,0.0,1.3341417474421295,10.493637596485804,160.0,0.3720032186574074,0,0,0,1,normal,0,0
CUST-d28e6dfc5d,17,4,4.25,6,3,0.4809688581314879,0.0,0.0,41.81448932682871,0.6696243443545978,1415.0,536.492241237419,0,0,0,1,loyal_bulk,0,1
CUST-a3f21cf059,4,4,1.0,1,4,0.25,0.0,0.0,101.34432526672452,0.2762858199145122,245.0,25.323397225625,0,0,0,1,normal,0,0
CUST-38402b789a,1,1,1.0,1,1,1.0,0.0,0.0,0.0,7.0,90.0,14.193292352129632,0,0,0,1,normal,0,0
CUST-38362707bd,13,3,4.333333333333333,6,2,0.6449704142011835,0.0,0.0,151.5871751014236,0.1385341470078149,1200.0,618.4277537460069,0,0,0,1,loyal_bulk,0,1
CUST-23f026be15,43,8,5.375,8,5,0.2049756625202812,0.0,0.0,159.97051405469907,0.3500645123941516,2465.0,236.5019913898264,0,0,0,1,loyal_bulk,0,1
CUST-95a6c41604,4,1,4.0,4,1,1.0,1.0,0.45,0.0,7.0,198.0,84.99348158753473,0,0,4,5,ring_reseller,1,0
CUST-be48942b9b,2,2,1.0,1,1,1.0,0.0,0.0,34.77975795084491,0.4025329911664867,120.0,183.54574055469908,0,0,0,1,normal,0,0
CUST-48590399a9,1,1,1.0,1,1,1.0,0.0,0.0,0.0,7.0,100.0,77.43085917225694,0,0,0,1,normal,0,0
CUST-2d12831be7,1,1,1.0,1,1,1.0,0.0,0.0,0.0,7.0,60.0,170.00598388960648,0,0,0,1,normal,0,0
CUST-8f9e705ddc,20,1,20.0,20,1,1.0,1.0,0.3,0.0,7.0,980.0,291.8353547772801,0,0,0,1,solo_reseller,1,0
CUST-2a6f75c253,3,3,1.0,1,3,0.3333333333333333,0.0,0.0,116.65578268666668,0.1800167939930184,260.0,239.52184188896996,0,0,0,1,normal,0,0
CUST-3db88a0690,10,1,10.0,10,1,1.0,1.0,0.35,0.0,7.0,390.0,0.0,0,0,0,1,solo_reseller,1,0
CUST-675058b4fe,2,2,1.0,1,2,0.5,0.0,0.0,36.50938040996528,0.3834630947661518,190.0,340.7540310561111,0,0,3,4,shared_address_legit,0,1
CUST-aef572b936,3,1,3.0,3,1,1.0,0.0,0.0,0.0,7.0,75.0,655.3342232848032,0,0,0,1,loyal_bulk,0,1
CUST-eb9b1810c5,2,2,1.0,1,2,0.5,0.0,0.0,5.285003424710648,2.649004905946016,115.0,155.79903530502315,0,0,0,1,normal,0,0
CUST-0eb02fb480,3,3,1.0,1,2,0.5555555555555556,0.0,0.0,107.62369048913196,0.1951243253651539,225.0,87.92497333991899,0,0,0,1,normal,0,0
CUST-3e33ace925,2,2,1.0,1,2,0.5,0.0,0.0,66.86391470268518,0.2093805016091553,100.0,500.76955889364586,0,0,3,4,shared_address_legit,0,1
CUST-b21fc44d91,3,2,1.5,2,1,1.0,0.0,0.0,28.567511970046297,0.4900671789226631,210.0,170.9430242218866,0,0,0,1,normal,0,0
CUST-c1a878dec8,1,1,1.0,1,1,1.0,0.0,0.0,0.0,7.0,90.0,333.4368943028009,0,0,0,1,normal,0,0
CUST-c2b6224267,12,1,12.0,12,1,1.0,1.0,0.45,0.0,7.0,660.0,0.0,0,0,0,1,solo_reseller,1,0
CUST-467b31ebaf,18,5,3.6,5,4,0.2654320987654321,0.0,0.0,132.22287466001157,0.2647045761937675,1545.0,292.713860550463,0,0,0,1,loyal_bulk,0,1
CUST-dc5d350177,1,1,1.0,1,1,1.0,0.0,0.0,0.0,7.0,100.0,388.2472758515162,0,0,2,3,shared_address_legit,0,1
CUST-cee6bc5f3f,23,6,3.8333333333333335,5,1,1.0,0.0,0.0,161.0713252855324,0.2607540474727346,2070.0,513.3283957310417,0,0,0,1,stealth_reseller,1,0
CUST-04381e8931,11,3,3.6666666666666665,5,3,0.3553719008264462,0.0,0.0,66.48017687587964,0.3158836360981348,695.0,325.3082078063773,0,0,0,1,loyal_bulk,0,1
CUST-4bb5a5cd2c,8,2,4.0,4,2,0.5,0.0,0.0,70.31491861878472,0.1991042622960511,460.0,271.7793788024074,0,0,0,1,loyal_bulk,0,1
CUST-8b2393f92b,19,4,4.75,6,2,0.5013850415512464,0.0,0.0,80.07617525905093,0.3496670502732982,1150.0,350.2717911714815,0,0,0,1,loyal_bulk,0,1
CUST-4eceb9676e,2,2,1.0,1,2,0.5,0.0,0.0,154.03776955885417,0.0908868002964099,170.0,265.01440619087964,0,0,0,1,normal,0,0
CUST-e3db29d0e4,9,2,4.5,5,2,0.5061728395061729,1.0,0.4,30.01029901748843,0.4665065147082184,393.0,0.0,0,4,4,5,ring_reseller,1,0
CUST-63b9ba779f,3,2,1.5,2,2,0.5555555555555556,0.0,0.0,0.3662296471990741,14.0,150.0,2.3601181372569444,0,0,0,1,normal,0,0
CUST-5a27c5a269,18,2,9.0,10,2,0.5061728395061729,1.0,0.4,29.995020226932876,0.4667441426636959,830.0,79.49231060480324,0,0,0,1,solo_reseller,1,0
CUST-8fb8563a35,2,2,1.0,1,1,1.0,0.0,0.0,28.534458502476856,0.4906348581587686,50.0,68.79124686053241,0,0,0,1,normal,0,0
CUST-a24b117b4f,1,1,1.0,1,1,1.0,0.0,0.0,0.0,7.0,25.0,262.9520069783333,0,5,5,6,ring_reseller,1,0
CUST-ccf25b8bd0,2,2,1.0,1,2,0.5,0.0,0.0,143.43462361780092,0.0976054431411533,160.0,275.1106064063773,0,0,2,3,shared_address_legit,0,1
CUST-d76e037cc2,25,2,12.5,15,2,0.52,1.0,0.4,150.01364923057872,0.0933248412514869,1350.0,54.03627426802084,0,0,0,1,solo_reseller,1,0
CUST-3893c92c8c,23,2,11.5,15,2,0.5463137996219282,1.0,0.425,90.01052763658565,0.1555373617686645,1257.0,0.0,0,0,0,1,solo_reseller,1,0
CUST-f61750fcdc,1,1,1.0,1,1,1.0,0.0,0.0,0.0,7.0,90.0,314.11831358903936,0,0,0,1,normal,0,0
CUST-e51657bc47,2,2,1.0,1,2,0.5,0.0,0.0,8.976681607476852,1.559596364467147,160.0,6.612410897754629,0,0,0,1,normal,0,0
CUST-90b3a90f21,29,6,4.833333333333333,8,4,0.2746730083234245,0.0,0.0,149.66939353790508,0.2806184952527594,1435.0,394.0180877086574,0,0,0,1,loyal_bulk,0,1
CUST-cc59d4c171,1,1,1.0,1,1,1.0,0.0,0.0,0.0,7.0,100.0,124.56232478916668,0,0,0,1,normal,0,0
CUST-879ede0471,24,4,6.0,8,4,0.2638888888888889,0.0,0.0,113.5859237036574,0.2465094184826215,1830.0,284.47007049643514,0,0,0,1,loyal_bulk,0,1
CUST-110cc2696f,2,2,1.0,1,1,1.0,0.0,0.0,0.2343395414236111,14.0,120.0,52.06651661805555,0,0,0,1,normal,0,0
CUST-b8ffe5006f,1,1,1.0,1,1,1.0,0.0,0.0,0.0,7.0,60.0,40.601104820069445,0,0,0,1,normal,0,0
CUST-9c954f6dcb,3,3,1.0,1,3,0.3333333333333333,0.0,0.0,143.58320660489582,0.1462566583972916,220.0,300.4812967274653,0,0,0,1,normal,0,0
CUST-c879fabccb,2,1,2.0,2,1,1.0,0.0,0.0,0.0,7.0,50.0,205.8250353657176,0,0,0,1,normal,0,0
CUST-9215bec224,10,3,3.333333333333333,4,3,0.34,0.0,0.0,96.1189965217014,0.2184791847598897,690.0,617.7136050381481,0,0,0,1,loyal_bulk,0,1
CUST-4eb124e63b,1,1,1.0,1,1,1.0,0.0,0.0,0.0,7.0,30.0,257.74822375780093,0,0,0,1,normal,0,0
CUST-a3856713cc,23,4,5.75,8,4,0.2892249527410208,0.0,0.0,85.41688253283566,0.3278040496179,1340.0,609.2789800270949,0,0,0,1,loyal_bulk,0,1
CUST-0ac6a2e90e,24,6,4.0,5,2,0.78125,0.0,0.0,134.60995847023148,0.3120125767610883,2190.0,413.412620924375,0,0,0,1,stealth_reseller,1,0
CUST-668c7c5192,22,5,4.4,5,1,1.0,0.0,0.0,103.01571369847224,0.3397539923127191,550.0,377.5536668687616,0,0,0,1,loyal_bulk,0,1
CUST-6e2da0ce7c,1,1,1.0,1,1,1.0,0.0,0.0,0.0,7.0,100.0,126.78520601305556,0,0,0,1,normal,0,0
CUST-b24b320542,28,2,14.0,20,2,0.5918367346938775,1.0,0.3249999999999999,89.99209326219908,0.1555692227228218,550.0,0.0,0,0,0,1,solo_reseller,1,0
CUST-d01c19f926,1,1,1.0,1,1,1.0,0.0,0.0,0.0,7.0,25.0,54.21965266864583,0,0,0,1,normal,0,0
CUST-dc3a043c10,2,2,1.0,1,2,0.5,0.0,0.0,55.507873665000005,0.2522164708468661,155.0,272.88981815966434,0,0,0,1,normal,0,0
CUST-427ec123e1,22,4,5.5,8,4,0.268595041322314,0.0,0.0,138.0311600801736,0.202852747044483,1920.0,619.0977744588195,0,0,0,1,loyal_bulk,0,1
CUST-2c5ec20a4a,25,7,3.571428571428572,5,1,1.0,0.0,0.0,148.3762817900347,0.3302414604871905,2125.0,65.54014213414352,0,0,0,1,stealth_reseller,1,0
CUST-9d5dbf97bb,3,2,1.5,2,2,0.5555555555555556,0.0,0.0,20.800858420520832,0.6730491461923741,290.0,318.6305599421643,0,0,0,1,normal,0,0
CUST-13bfde0851,5,5,1.0,1,4,0.28,0.0,0.0,41.102717993564816,0.8515251961069757,445.0,7.459787787835648,0,0,0,1,normal,0,0
CUST-cc8ed344e5,2,2,1.0,1,2,0.5,0.0,0.0,3.193158481747685,4.38437367892166,175.0,0.9052770378935184,0,0,3,4,shared_address_legit,0,1
CUST-5ece65bc6b,2,2,1.0,1,2,0.5,0.0,0.0,130.03752455494214,0.1076612312324113,110.0,61.5957548131713,0,0,0,1,normal,0,0
CUST-250bc73e55,1,1,1.0,1,1,1.0,0.0,0.0,0.0,7.0,100.0,8.05879888962963,0,0,0,1,normal,0,0
CUST-e988f7ad91,2,2,1.0,1,2,0.5,0.0,0.0,80.72599638476851,0.1734261653863158,180.0,171.4378602390162,0,0,0,1,normal,0,0
CUST-93164a0d2a,18,2,9.0,10,2,0.5061728395061729,1.0,0.375,59.99004882752315,0.2333720387568157,663.0,0.0,0,0,0,1,solo_reseller,1,0
CUST-6d31f9d278,14,3,4.666666666666667,6,2,0.510204081632653,0.0,0.0,40.38268255392361,0.5200248886873322,1160.0,748.7271951026505,0,0,0,1,loyal_bulk,0,1
CUST-6628c2dc5c,26,7,3.7142857142857135,5,2,0.6893491124260356,0.0,0.0,20.97274800917824,2.336365266895701,975.0,11.092911397094907,0,0,0,1,stealth_reseller,1,0
CUST-db18bc7ab8,7,2,3.5,4,1,1.0,1.0,0.425,90.00029661166667,0.1555550428951052,405.0,0.0,0,0,4,5,ring_reseller,1,0
CUST-4e21aede37,16,2,8.0,8,2,0.5,0.0,0.0,45.1256482246412,0.3102448507843305,880.0,547.26851766772,0,0,0,1,loyal_bulk,0,1
CUST-749fa22da6,1,1,1.0,1,1,1.0,0.0,0.0,0.0,7.0,90.0,157.6910946875463,0,0,0,1,normal,0,0
CUST-401b6dc52c,1,1,1.0,1,1,1.0,0.0,0.0,0.0,7.0,100.0,323.4866312422917,0,0,0,1,normal,0,0
CUST-32272ced67,2,1,2.0,2,1,1.0,0.0,0.0,0.0,7.0,140.0,192.2474927828704,0,0,0,1,normal,0,0
CUST-49aebfd27d,25,6,4.166666666666667,5,2,0.5648000000000001,0.0,0.0,39.09304208396991,1.074359982264519,1770.0,5.192192664733796,0,0,0,1,stealth_reseller,1,0
CUST-0448468866,4,4,1.0,1,2,0.625,0.0,0.0,49.6743618141088,0.5636710564049416,105.0,507.2490293288541,0,0,0,1,normal,0,0
CUST-f877c2c8f1,1,1,1.0,1,1,1.0,0.0,0.0,0.0,7.0,30.0,296.464540844456,0,0,3,4,shared_address_legit,0,1
CUST-a83266785d,2,1,2.0,2,1,1.0,0.0,0.0,0.0,7.0,50.0,272.8275597633681,0,3,3,4,ring_reseller,1,0
CUST-e67067eabf,1,1,1.0,1,1,1.0,0.0,0.0,0.0,7.0,30.0,5.25960828787037,0,0,0,1,normal,0,0
CUST-9408fe2e93,2,1,2.0,2,1,1.0,0.0,0.0,0.0,7.0,140.0,162.45645812736112,0,0,0,1,normal,0,0
CUST-50f2f2403a,2,2,1.0,1,2,0.5,0.0,0.0,14.008454590983796,0.999396465118341,95.0,198.39253137987268,0,0,0,1,normal,0,0
CUST-fb75daddc7,32,4,8.0,8,3,0.375,1.0,0.375,120.00969628486112,0.2333144809694191,1308.0,0.0,0,0,0,1,solo_reseller,1,0
CUST-63082c47d5,2,2,1.0,1,2,0.5,0.0,0.0,162.04262909954863,0.0863970183512592,125.0,247.4230142375,0,0,3,4,shared_address_legit,0,1
CUST-75ccbf5495,2,2,1.0,1,2,0.5,0.0,0.0,5.972658972731481,2.344014627976887,180.0,266.92398369820603,0,0,0,1,normal,0,0
CUST-4c36b0a599,3,2,1.5,2,2,0.5555555555555556,0.0,0.0,53.779701376273145,0.2603212669785594,140.0,182.3081269636343,0,0,0,1,normal,0,0
CUST-5af8f213b1,36,3,12.0,20,2,0.654320987654321,1.0,0.4000000000000001,120.00096622752316,0.1749985909295411,1426.0,394.0160717564236,0,0,0,1,solo_reseller,1,0
CUST-882ae9ca18,2,1,2.0,2,1,1.0,0.0,0.0,0.0,7.0,50.0,209.13811204986112,3,0,3,4,ring_reseller,1,0
CUST-1ea5193877,6,2,3.0,3,2,0.5,1.0,0.4,150.01145445133102,0.0933262066633857,342.0,0.0,0,0,3,4,ring_reseller,1,0
CUST-f8ff4896f4,4,4,1.0,1,4,0.25,0.0,0.0,116.91202198495372,0.2394963283040604,205.0,87.76232926863426,0,0,0,1,normal,0,0
CUST-8952299cbe,1,1,1.0,1,1,1.0,0.0,0.0,0.0,7.0,70.0,87.98628872266204,0,0,0,1,normal,0,0
CUST-611b2a5773,2,2,1.0,1,2,0.5,0.0,0.0,120.93166972335648,0.1157678549550041,95.0,411.55167489972223,0,0,0,1,normal,0,0
CUST-779782f80f,3,3,1.0,1,3,0.3333333333333333,0.0,0.0,121.80991471621527,0.1723997594852965,220.0,270.7676350862616,0,0,0,1,normal,0,0
CUST-643800f58a,10,2,5.0,6,2,0.52,0.0,0.0,67.56070539174769,0.2072210454112584,640.0,543.7309874800231,0,0,0,1,loyal_bulk,0,1
CUST-e8490cc90e,35,3,11.666666666666666,15,2,0.510204081632653,1.0,0.3833333333333333,150.00294268245372,0.139997253550256,1443.75,0.0,0,0,0,1,solo_reseller,1,0
CUST-443a700f8f,32,3,10.666666666666666,12,2,0.5703125,1.0,0.4166666666666667,89.99877231613425,0.2333365162608478,1488.0,0.0,0,0,0,1,solo_reseller,1,0
CUST-fa3fe23900,25,6,4.166666666666667,6,5,0.2352,0.0,0.0,83.43393086228009,0.5033923197185464,1310.0,693.8176640159837,0,0,0,1,loyal_bulk,0,1
CUST-f82134ab52,13,3,4.333333333333333,5,3,0.3372781065088758,0.0,0.0,77.70726369521991,0.2702450067263376,1190.0,409.3175633538773,0,0,0,1,loyal_bulk,0,1
CUST-d896f60e51,2,1,2.0,2,1,1.0,0.0,0.0,0.0,7.0,60.0,219.0608351773264,0,0,0,1,normal,0,0
CUST-798b9580c5,1,1,1.0,1,1,1.0,0.0,0.0,0.0,7.0,30.0,57.00805296402778,0,0,0,1,normal,0,0
CUST-6955d1b180,5,1,5.0,5,1,1.0,1.0,0.35,0.0,7.0,81.25,109.40583557309029,0,4,4,5,ring_reseller,1,0
CUST-9353b7fe3f,6,2,3.0,3,2,0.5,0.0,0.0,119.6270532196412,0.1170303842082886,435.0,438.0513058146991,0,0,0,1,loyal_bulk,0,1
CUST-b4beacbbef,32,8,4.0,5,3,0.3515625,0.0,0.0,164.76363638961806,0.3398808209572183,2680.0,1.7852552195023148,0,0,0,1,stealth_reseller,1,0
CUST-b1eb4c1957,22,5,4.4,8,2,0.5041322314049586,0.0,0.0,93.13622627898148,0.375793624010066,1920.0,360.8906088357523,0,0,0,1,loyal_bulk,0,1
CUST-6c5d0d73cc,10,1,10.0,10,1,1.0,1.0,0.35,0.0,7.0,162.5,22.492888177222223,0,0,0,1,solo_reseller,1,0
CUST-8e1c8e14cf,2,2,1.0,1,2,0.5,0.0,0.0,20.42799707817129,0.6853339535161748,130.0,292.6888019003009,0,0,0,1,normal,0,0
CUST-9242f73ed5,38,4,9.5,12,3,0.3684210526315788,1.0,0.425,119.99136898373844,0.2333501170721257,1690.0,55.65366145254629,0,0,0,1,solo_reseller,1,0
CUST-31dfa36f22,33,3,11.0,15,3,0.357208448117539,1.0,0.3833333333333333,89.99818332076389,0.2333380433375369,836.75,0.0,0,0,0,1,solo_reseller,1,0
CUST-ab5d20c57d,2,2,1.0,1,2,0.5,0.0,0.0,11.268631331701387,1.2423869046646872,185.0,439.9943785028704,0,0,0,1,normal,0,0
CUST-000c6cd7e1,1,1,1.0,1,1,1.0,0.0,0.0,0.0,7.0,25.0,478.64932555730326,0,0,3,4,shared_address_legit,0,1
CUST-4b717bb5f2,15,3,5.0,5,3,0.3333333333333333,0.0,0.0,47.28328450393519,0.4441315830809567,1300.0,472.38808945054393,0,0,0,1,loyal_bulk,0,1
CUST-c729768ddc,2,2,1.0,1,2,0.5,0.0,0.0,3.071629110543981,4.557841945156139,85.0,190.6546237646412,0,0,3,4,shared_address_legit,0,1
CUST-5ad7683ca3,3,3,1.0,1,3,0.3333333333333333,0.0,0.0,53.33421004871527,0.3937435274811172,195.0,11.42550915355324,0,0,0,1,normal,0,0
CUST-b0f09850f2,1,1,1.0,1,1,1.0,0.0,0.0,0.0,7.0,90.0,82.45448815148148,0,0,0,1,normal,0,0
CUST-a29c6a32b4,8,1,8.0,8,1,1.0,1.0,0.4,0.0,7.0,480.0,0.0,0,0,0,1,solo_reseller,1,0
CUST-a97af07b80,11,3,3.6666666666666665,5,1,1.0,0.0,0.0,138.9129397490625,0.151173821804759,935.0,715.7125562623958,0,0,0,1,loyal_bulk,0,1
CUST-6724649930,4,4,1.0,1,4,0.25,0.0,0.0,156.79325752365742,0.17857910756,275.0,381.64472089978005,0,0,0,1,normal,0,0
CUST-62dd1c0215,4,3,1.3333333333333333,2,3,0.375,0.0,0.0,11.53714172826389,1.8202082018767125,310.0,14.526293347731484,0,0,0,1,normal,0,0
CUST-b2dec5a91a,4,3,1.3333333333333333,2,2,0.625,0.0,0.0,129.6971390290393,0.1619156764537271,175.0,107.87686242236111,0,0,3,4,shared_address_legit,0,1
CUST-9660ed092c,2,1,2.0,2,1,1.0,0.0,0.0,0.0,7.0,200.0,53.56689964767361,0,0,0,1,normal,0,0
CUST-730647a9d0,8,1,8.0,8,1,1.0,1.0,0.45,0.0,7.0,396.0,101.55432179751158,0,0,0,1,solo_reseller,1,0
CUST-555635ff22,3,3,1.0,1,2,0.5555555555555556,0.0,0.0,0.7849674676157407,21.0,210.0,0.9206481184027778,0,0,0,1,normal,0,0
CUST-391c62a72f,2,2,1.0,1,2,0.5,0.0,0.0,9.995960886284722,1.4005657044145847,145.0,125.16906545006944,0,0,0,1,normal,0,0
CUST-34ad1e9055,24,2,12.0,12,2,0.5,1.0,0.375,59.993080117743055,0.2333602470905553,912.0,0.0,0,0,0,1,solo_reseller,1,0
CUST-d48befe654,2,1,2.0,2,1,1.0,0.0,0.0,0.0,7.0,60.0,21.365460437395832,0,0,0,1,normal,0,0
CUST-e0456dced9,4,1,4.0,4,1,1.0,1.0,0.5,0.0,7.0,170.0,0.0,5,0,5,6,ring_reseller,1,0
CUST-88c7e18c4c,11,3,3.6666666666666665,5,3,0.3553719008264462,0.0,0.0,39.4574797128125,0.53221848310755,785.0,325.1071219673148,0,0,0,1,loyal_bulk,0,1
CUST-b710aa3751,1,1,1.0,1,1,1.0,0.0,0.0,0.0,7.0,70.0,457.5529687119792,0,0,0,1,normal,0,0
CUST-e09b4ba257,15,4,3.75,6,4,0.28,0.0,0.0,49.87550715442129,0.5613978001929529,960.0,634.1198850908333,0,0,0,1,loyal_bulk,0,1
CUST-4c47b5a857,25,5,5.0,8,1,1.0,0.0,0.0,142.96626315177085,0.2448130015320084,625.0,369.1894961952662,0,0,0,1,loyal_bulk,0,1
CUST-0d9eb8f86b,18,4,4.5,8,4,0.3024691358024691,0.0,0.0,169.04943902913195,0.165632019608032,1215.0,544.1910992953472,0,0,0,1,loyal_bulk,0,1
CUST-9a01f21cf4,2,2,1.0,1,1,1.0,0.0,0.0,31.06927461875,0.4506059498264288,140.0,1.6906259547685183,0,0,0,1,normal,0,0
CUST-de410bc661,3,3,1.0,1,3,0.3333333333333333,0.0,0.0,57.95266387560185,0.362364705875773,205.0,308.1604737212153,0,0,0,1,normal,0,0
CUST-0fee6aff72,2,2,1.0,1,2,0.5,0.0,0.0,69.97298480559027,0.200077216069844,115.0,30.098740956562494,0,0,0,1,normal,0,0
CUST-a3a261a83b,1,1,1.0,1,1,1.0,0.0,0.0,0.0,7.0,85.0,392.18375243625,0,0,0,1,normal,0,0
CUST-e9350f51b0,29,6,4.833333333333333,6,5,0.2175980975029726,0.0,0.0,157.96461788488426,0.2658823258168309,1890.0,614.1913181531249,0,0,0,1,loyal_bulk,0,1
CUST-60bb849207,1,1,1.0,1,1,1.0,0.0,0.0,0.0,7.0,85.0,159.61298462586805,0,0,0,1,normal,0,0
CUST-d9f1fcb5be,2,2,1.0,1,2,0.5,0.0,0.0,1.5921067682870371,8.793380116751049,100.0,1.0501373569444443,0,0,0,1,normal,0,0
CUST-4fa66775fe,2,2,1.0,1,2,0.5,0.0,0.0,31.64474574396991,0.4424115179584838,150.0,222.7123338168981,0,0,0,1,normal,0,0
CUST-aca44854d2,12,3,4.0,5,3,0.3472222222222222,0.0,0.0,53.18576214545139,0.3948425133510281,970.0,622.5726984618634,0,0,0,1,loyal_bulk,0,1
CUST-70281b956b,1,1,1.0,1,1,1.0,0.0,0.0,0.0,7.0,25.0,428.9667903015278,0,0,0,1,normal,0,0
CUST-035ab7a52f,37,10,3.7,5,1,1.0,0.0,0.0,63.91457004361112,1.0952119360614736,925.0,5.193476250775463,0,0,0,1,stealth_reseller,1,0
CUST-f9595239bc,3,2,1.5,2,2,0.5555555555555556,0.0,0.0,97.71861199126158,0.1432685106216197,140.0,153.53028530133102,0,0,0,1,normal,0,0
CUST-1e76f31c61,30,3,10.0,10,1,1.0,1.0,0.4333333333333333,149.98836584255787,0.1400108593892116,1530.0,286.0473546546644,0,0,0,1,solo_reseller,1,0
CUST-73f810fae2,2,2,1.0,1,2,0.5,0.0,0.0,31.674200009155093,0.4420001135294166,150.0,440.2941709177083,0,0,0,1,normal,0,0
CUST-4bc36a30c7,30,7,4.285714285714286,5,5,0.2244444444444444,0.0,0.0,114.9292004730787,0.4263494377260362,1885.0,251.84663423266207,0,0,0,1,loyal_bulk,0,1
CUST-5b1503d1fa,15,3,5.0,6,3,0.3422222222222222,0.0,0.0,34.62205437011574,0.6065497955582408,930.0,27.813070971597224,0,0,0,1,loyal_bulk,0,1
CUST-efef8022f1,10,2,5.0,5,1,1.0,1.0,0.4,150.0081345887847,0.0933282720858973,540.0,0.0,5,0,5,6,ring_reseller,1,0
CUST-4723227479,3,2,1.5,2,2,0.5555555555555556,0.0,0.0,66.00531234436343,0.2121041398449732,200.0,114.96728130358797,0,0,2,3,shared_address_legit,0,1
CUST-47a198d1e3,4,4,1.0,1,2,0.625,0.0,0.0,97.72997713192127,0.2865036994964612,390.0,403.39721960561343,0,0,0,1,normal,0,0
CUST-dd42647944,2,1,2.0,2,1,1.0,0.0,0.0,0.0,7.0,170.0,291.9891897873264,0,0,0,1,normal,0,0
CUST-e1898f7641,1,1,1.0,1,1,1.0,0.0,0.0,0.0,7.0,100.0,358.74195341349537,0,0,0,1,normal,0,0
CUST-e0c4603fb4,3,3,1.0,1,3,0.3333333333333333,0.0,0.0,36.316748562708334,0.5782455982737326,115.0,6.507422564814815,0,0,0,1,normal,0,0
CUST-6891d999d0,2,1,2.0,2,1,1.0,0.0,0.0,0.0,7.0,120.0,368.6983002505787,0,0,0,1,normal,0,0
CUST-e9c39fbf13,1,1,1.0,1,1,1.0,0.0,0.0,0.0,7.0,30.0,9.301519198101852,0,0,0,1,normal,0,0
CUST-5f87163669,37,9,4.111111111111111,5,1,1.0,0.0,0.0,111.25101244314816,0.566286981273042,3330.0,0.0663424652777777,0,0,0,1,stealth_reseller,1,0
CUST-86fb61cfc4,1,1,1.0,1,1,1.0,0.0,0.0,0.0,7.0,30.0,72.43744547766204,0,0,0,1,normal,0,0
CUST-3fadcb25f4,35,10,3.5,5,2,0.5918367346938775,0.0,0.0,151.16352388457176,0.4630746770196485,1475.0,297.3610000528935,0,0,0,1,stealth_reseller,1,0
CUST-f24150a836,1,1,1.0,1,1,1.0,0.0,0.0,0.0,7.0,85.0,300.23745663967594,0,0,0,1,normal,0,0
CUST-ec04bff620,4,3,1.3333333333333333,2,2,0.625,0.0,0.0,64.06137766739583,0.3278106210739203,205.0,24.92216084599537,0,0,0,1,normal,0,0
CUST-b991ddddb7,2,2,1.0,1,2,0.5,0.0,0.0,15.083346289733797,0.9281759982881812,130.0,1.978210773900463,0,0,0,1,normal,0,0
CUST-f025da6330,2,2,1.0,1,2,0.5,0.0,0.0,117.15502536587962,0.1194997820731758,85.0,382.0373585411458,0,0,0,1,normal,0,0
CUST-8faf3e2ea9,17,3,5.666666666666667,8,2,0.5847750865051904,0.0,0.0,78.10138184606481,0.2688812861389609,1580.0,306.96356401390045,0,0,0,1,loyal_bulk,0,1
CUST-5f46f5358d,5,5,1.0,1,3,0.3600000000000001,0.0,0.0,62.11189300541667,0.563499167493538,315.0,6.893038144756945,0,0,0,1,normal,0,0
CUST-a1daaa2b35,3,1,3.0,3,1,1.0,0.0,0.0,0.0,7.0,270.0,443.9583176456366,0,0,0,1,loyal_bulk,0,1
CUST-53dc8b65c8,9,2,4.5,6,1,1.0,0.0,0.0,53.20087464388889,0.2631535683146548,900.0,546.0216994799883,0,0,0,1,loyal_bulk,0,1
CUST-634cc470a0,1,1,1.0,1,1,1.0,0.0,0.0,0.0,7.0,60.0,111.66485647363426,0,0,0,1,normal,0,0
CUST-139fa00b17,2,2,1.0,1,2,0.5,0.0,0.0,24.178225382488428,0.5790333979655837,160.0,10.640964466041666,0,0,0,1,normal,0,0
CUST-93172bab53,1,1,1.0,1,1,1.0,0.0,0.0,0.0,7.0,30.0,9.801767178784722,0,0,0,1,normal,0,0
CUST-9a03b6ef84,19,6,3.1666666666666665,4,2,0.5678670360110804,0.0,0.0,138.49950405912037,0.303250183351355,1290.0,571.8276775534491,0,0,0,1,stealth_reseller,1,0
CUST-25165354cc,7,2,3.5,4,1,1.0,1.0,0.425,89.99925315631945,0.1555568464071967,400.0,0.0,0,5,5,6,ring_reseller,1,0
CUST-c0d80d76e2,1,1,1.0,1,1,1.0,0.0,0.0,0.0,7.0,60.0,138.34867927582175,0,0,3,4,shared_address_legit,0,1
CUST-cc41decc21,2,2,1.0,1,2,0.5,0.0,0.0,44.26629505635417,0.3162677152487461,185.0,418.8535128976736,0,0,1,2,shared_address_legit,0,1
CUST-dc71e6844e,28,9,3.111111111111111,4,4,0.3188775510204081,0.0,0.0,122.86222722815972,0.5127694770094526,2275.0,103.27181677172454,0,0,0,1,stealth_reseller,1,0
CUST-d33d2d6aa9,41,11,3.727272727272727,5,1,1.0,0.0,0.0,157.77340798447918,0.4880416857546413,3485.0,12.949622994733796,0,0,0,1,stealth_reseller,1,0
CUST-f01c0cf781,3,2,1.5,2,2,0.5555555555555556,0.0,0.0,114.37155871870372,0.1224080545621742,170.0,396.82942241900463,0,0,0,1,normal,0,0
CUST-bebed6f2d4,2,2,1.0,1,2,0.5,0.0,0.0,1.3175399861574073,10.625863463036795,130.0,4.811095657094907,0,0,0,1,normal,0,0
CUST-e26b621c2a,2,2,1.0,1,1,1.0,0.0,0.0,122.16956284181713,0.1145948276669119,170.0,129.61353157334491,0,0,0,1,normal,0,0
CUST-654db864e7,39,3,13.0,15,2,0.57396449704142,1.0,0.4166666666666667,89.9929857404861,0.2333515198679812,1518.0,487.4931022400231,0,0,0,1,solo_reseller,1,0
CUST-f5ec42c98e,2,2,1.0,1,2,0.5,0.0,0.0,75.64616370771991,0.1850721743681928,180.0,41.52959753521991,0,0,0,1,normal,0,0
CUST-3fa190ba36,6,2,3.0,3,1,1.0,1.0,0.425,90.00286278784722,0.1555506076845632,345.0,0.0,0,5,5,6,ring_reseller,1,0
CUST-2ac15527ec,1,1,1.0,1,1,1.0,0.0,0.0,0.0,7.0,100.0,60.04721617740741,0,0,0,1,normal,0,0
CUST-6501839df0,2,2,1.0,1,2,0.5,0.0,0.0,109.86346136938656,0.1274309021898439,160.0,27.21689281829861,0,0,0,1,normal,0,0
CUST-310e7ff50e,10,1,10.0,10,1,1.0,1.0,0.3,0.0,7.0,490.0,75.45682121915509,0,0,0,1,solo_reseller,1,0
CUST-a6c079bcf7,3,3,1.0,1,2,0.5555555555555556,0.0,0.0,56.87413170881945,0.3692364062367486,290.0,59.321416345115736,0,0,0,1,normal,0,0
CUST-388ddac3b8,1,1,1.0,1,1,1.0,0.0,0.0,0.0,7.0,85.0,118.13175260266205,0,0,0,1,normal,0,0
CUST-b3f814508c,43,4,10.75,15,2,0.5024337479718766,1.0,0.4375,149.99839703375,0.1866686614904286,2257.0,0.0,0,0,0,1,solo_reseller,1,0
CUST-c2d2cff2f7,1,1,1.0,1,1,1.0,0.0,0.0,0.0,7.0,90.0,202.85703618508103,0,0,2,3,shared_address_legit,0,1
CUST-be585aace1,2,2,1.0,1,2,0.5,0.0,0.0,17.93165627673611,0.7807421569954528,95.0,329.9946568020949,0,0,0,1,normal,0,0
CUST-bd70da2a5c,14,3,4.666666666666667,5,1,1.0,0.0,0.0,49.850425243125,0.421260197833441,1260.0,28.04973241385417,0,0,0,1,loyal_bulk,0,1
CUST-96033a55d3,3,2,1.5,2,2,0.5555555555555556,0.0,0.0,123.23901036028936,0.1136003929199933,280.0,182.07630872171296,0,0,0,1,normal,0,0
CUST-a694478f17,3,2,1.5,2,2,0.5555555555555556,0.0,0.0,120.00599647471064,0.1166608370520074,80.0,393.5095280306713,0,0,0,1,normal,0,0
CUST-db06f76442,1,1,1.0,1,1,1.0,0.0,0.0,0.0,7.0,25.0,218.76307571658563,0,0,0,1,normal,0,0
CUST-cfa955f404,4,3,1.3333333333333333,2,3,0.375,0.0,0.0,79.24946954359953,0.2649860008015162,285.0,115.88985320038196,0,0,0,1,normal,0,0
CUST-58ef7d4e3b,3,2,1.5,2,2,0.5555555555555556,0.0,0.0,10.357403244606482,1.351690155280028,270.0,1.1740856380787037,0,0,0,1,normal,0,0
CUST-e7784ecbce,15,1,15.0,15,1,1.0,1.0,0.3,0.0,7.0,315.0,26.09835247796296,0,0,0,1,solo_reseller,1,0
CUST-7bcf37c612,1,1,1.0,1,1,1.0,0.0,0.0,0.0,7.0,85.0,265.9226568461921,0,0,0,1,normal,0,0
CUST-aeb0886daa,30,6,5.0,8,4,0.3355555555555556,0.0,0.0,97.95110401954862,0.4287853661314306,2610.0,407.9306697234143,0,0,0,1,loyal_bulk,0,1
CUST-dd95d06a6a,3,1,3.0,3,1,1.0,1.0,0.35,0.0,7.0,48.75,41.10053496372685,0,0,1,2,ring_reseller,1,0
CUST-e65a9ad6ab,2,2,1.0,1,1,1.0,0.0,0.0,13.510448569756944,1.0362350241530036,50.0,320.3473801681829,0,0,0,1,normal,0,0
CUST-8575858064,1,1,1.0,1,1,1.0,0.0,0.0,0.0,7.0,100.0,276.78744499053244,0,0,0,1,normal,0,0
CUST-7a074093e6,3,3,1.0,1,3,0.3333333333333333,0.0,0.0,83.75758225133102,0.2507235695627578,180.0,95.23731155362267,0,0,0,1,normal,0,0
CUST-0a71fcddfa,2,2,1.0,1,2,0.5,0.0,0.0,30.009863411550928,0.4665132862487917,180.0,6.856930609895834,0,0,0,1,normal,0,0
CUST-160ba23417,2,1,2.0,2,1,1.0,0.0,0.0,0.0,7.0,200.0,38.52657543614583,0,0,0,1,normal,0,0
CUST-9b36b3dce2,27,6,4.5,8,3,0.3909465020576131,0.0,0.0,88.4077087298727,0.4750716945773341,1465.0,25.262829077835647,0,0,0,1,loyal_bulk,0,1
CUST-988865a0cd,33,8,4.125,5,2,0.5371900826446281,0.0,0.0,132.79015685850695,0.4217180047439071,1650.0,646.4857827664237,0,0,0,1,stealth_reseller,1,0
CUST-3554a110e1,3,1,3.0,3,1,1.0,1.0,0.4,0.0,7.0,162.0,2.972674463275463,0,0,4,5,ring_reseller,1,0
CUST-5cb47b9070,1,1,1.0,1,1,1.0,0.0,0.0,0.0,7.0,30.0,326.5582557565278,0,0,3,4,shared_address_legit,0,1
CUST-b4d92157dd,3,2,1.5,2,2,0.5555555555555556,0.0,0.0,3.1764383544328707,4.407452132814835,290.0,274.79196781673613,0,1,1,2,ring_reseller,1,0
CUST-dfc82e1686,4,4,1.0,1,4,0.25,0.0,0.0,65.86375096818287,0.4251200332262597,235.0,111.83388414729168,0,0,0,1,normal,0,0
CUST-65f91c94a0,3,3,1.0,1,3,0.3333333333333333,0.0,0.0,136.07663758538197,0.1543248008815874,215.0,128.91912111702544,0,0,0,1,normal,0,0
CUST-fe3ea4ac9c,1,1,1.0,1,1,1.0,0.0,0.0,0.0,7.0,100.0,487.2607223609375,0,0,2,3,shared_address_legit,0,1
CUST-ed87d7a9d6,24,5,4.8,8,1,1.0,0.0,0.0,129.32091785430555,0.2706445374864367,720.0,584.8002038046296,0,0,0,1,loyal_bulk,0,1
CUST-cc5b37f38d,2,2,1.0,1,2,0.5,0.0,0.0,6.401978350011574,2.186824015106938,120.0,105.7393002030324,0,0,0,1,normal,0,0
CUST-f685a66540,1,1,1.0,1,1,1.0,0.0,0.0,0.0,7.0,60.0,56.58383745783565,0,0,0,1,normal,0,0
CUST-07b506bbae,1,1,1.0,1,1,1.0,0.0,0.0,0.0,7.0,100.0,394.5268355897222,0,0,0,1,normal,0,0
CUST-cc6a68a9e9,3,2,1.5,2,1,1.0,0.0,0.0,125.19620372325232,0.1118244769701417,270.0,181.2220276363426,1,0,1,2,ring_reseller,1,0
CUST-ba6c5a3f51,12,3,4.0,5,3,0.3472222222222222,0.0,0.0,127.17271624906247,0.1651297591133649,765.0,434.1447427080092,0,0,0,1,loyal_bulk,0,1
CUST-5ad784a7d1,4,3,1.3333333333333333,2,1,1.0,0.0,0.0,110.17924701533563,0.1905985071496908,360.0,91.9628576190625,0,5,5,6,ring_reseller,1,0
CUST-c827b05b4a,45,3,15.0,20,2,0.654320987654321,1.0,0.45,89.99659121777778,0.2333421712516117,2450.0,41.16857184893519,0,0,0,1,solo_reseller,1,0
CUST-484beeb28f,4,2,2.0,2,2,0.5,0.0,0.0,151.22683844696758,0.092576160050516,200.0,131.26509378083333,0,0,0,1,normal,0,0
CUST-beed1ba0ec,4,3,1.3333333333333333,2,3,0.375,0.0,0.0,64.74053684918982,0.3243717309437603,300.0,8.355284526944445,0,0,0,1,normal,0,0
CUST-7f17f4776f,2,2,1.0,1,2,0.5,0.0,0.0,25.66096186854167,0.5455758077861805,90.0,20.70116261311343,0,0,3,4,shared_address_legit,0,1
CUST-25f4e83a50,1,1,1.0,1,1,1.0,0.0,0.0,0.0,7.0,60.0,207.3221710309375,0,0,0,1,normal,0,0
CUST-b94f02d32d,1,1,1.0,1,1,1.0,0.0,0.0,0.0,7.0,85.0,229.88055822421296,0,0,0,1,normal,0,0
CUST-c8e6a1e29a,2,2,1.0,1,1,1.0,0.0,0.0,56.21937274190972,0.2490244788797412,140.0,439.5799304197454,0,0,0,1,normal,0,0
CUST-3ec4355d10,3,2,1.5,2,2,0.5555555555555556,0.0,0.0,129.92644560336805,0.1077532748239599,290.0,112.13973347763888,0,0,4,5,ring_reseller,1,0
CUST-8c33ae3d67,1,1,1.0,1,1,1.0,0.0,0.0,0.0,7.0,60.0,117.11140860255786,0,0,0,1,normal,0,0
CUST-84bde35a6e,23,4,5.75,8,2,0.6143667296786388,0.0,0.0,82.7018908954051,0.3385654148514235,870.0,622.0611904295833,0,0,0,1,loyal_bulk,0,1
CUST-31aa5813b6,4,4,1.0,1,3,0.375,0.0,0.0,128.61383215258104,0.2177059771205806,370.0,286.63070916893514,0,0,3,4,shared_address_legit,0,1
CUST-5025c13b40,20,2,10.0,12,2,0.52,1.0,0.45,90.01739412929398,0.1555254974376562,942.0,107.0345974441551,0,0,0,1,solo_reseller,1,0
CUST-1e8b5f64ee,1,1,1.0,1,1,1.0,0.0,0.0,0.0,7.0,90.0,427.2985898701273,0,0,0,1,normal,0,0
CUST-2440cc140b,33,3,11.0,15,3,0.357208448117539,1.0,0.4000000000000001,60.00566345512731,0.3499669662965056,1686.0,0.0,0,0,0,1,solo_reseller,1,0
CUST-c049b40419,1,1,1.0,1,1,1.0,0.0,0.0,0.0,7.0,90.0,417.387122402882,0,0,0,1,normal,0,0
CUST-1a5eca9c7d,2,2,1.0,1,2,0.5,0.0,0.0,33.101120391770834,0.4229464088919629,85.0,18.90336906954861,0,0,0,1,normal,0,0
CUST-50c2edb79e,2,2,1.0,1,1,1.0,0.0,0.0,47.54483431803241,0.2944589081192822,170.0,368.5754112921759,0,0,0,1,normal,0,0
CUST-27c7ec847d,3,2,1.5,2,2,0.5555555555555556,0.0,0.0,103.69364954481482,0.135013089629461,120.0,237.6561040060301,0,0,0,1,normal,0,0
CUST-92e5c32429,3,1,3.0,3,1,1.0,0.0,0.0,0.0,7.0,210.0,399.1985240318172,0,0,0,1,loyal_bulk,0,1
CUST-7e5648d5b7,4,1,4.0,4,1,1.0,1.0,0.4,0.0,7.0,240.0,124.24637682672454,0,3,3,4,ring_reseller,1,0
CUST-854beae0fd,16,2,8.0,8,2,0.5,1.0,0.4,30.00713578945602,0.4665556918937713,528.0,496.5543797552315,0,0,0,1,solo_reseller,1,0
CUST-78f5352ee5,4,1,4.0,4,1,1.0,1.0,0.5,0.0,7.0,170.0,0.0,5,0,5,6,ring_reseller,1,0
CUST-47c3716b0d,8,2,4.0,5,1,1.0,1.0,0.425,60.0050789338426,0.2333135835957389,455.0,0.0,0,0,4,5,ring_reseller,1,0
CUST-6debd7ff97,2,2,1.0,1,2,0.5,0.0,0.0,24.609600574872683,0.5688836743776541,120.0,482.20288536413193,0,0,2,3,shared_address_legit,0,1
CUST-068365912d,1,1,1.0,1,1,1.0,0.0,0.0,0.0,7.0,60.0,42.98212383799768,0,0,1,2,shared_address_legit,0,1
CUST-9ba8c724a9,1,1,1.0,1,1,1.0,0.0,0.0,0.0,7.0,100.0,121.8807032989236,0,0,1,2,shared_address_legit,0,1
CUST-d92c83dbed,42,3,14.0,20,3,0.365079365079365,1.0,0.4000000000000001,119.99725196621527,0.1750040076410454,1835.0,647.3690110025001,0,0,0,1,solo_reseller,1,0
CUST-0e96c570b5,1,1,1.0,1,1,1.0,0.0,0.0,0.0,7.0,25.0,192.46819382332177,0,0,2,3,shared_address_legit,0,1
CUST-bd1b05b38b,2,2,1.0,1,2,0.5,0.0,0.0,0.2617313148379629,14.0,115.0,1.1676664818287037,0,0,0,1,normal,0,0
CUST-f8cbffed7c,19,4,4.75,8,1,1.0,0.0,0.0,110.8976483229051,0.2524850654945476,1710.0,283.76590823324074,0,0,0,1,loyal_bulk,0,1
CUST-d426a9c014,1,1,1.0,1,1,1.0,0.0,0.0,0.0,7.0,90.0,172.5365683429977,0,0,0,1,normal,0,0
CUST-cb39019d38,8,1,8.0,8,1,1.0,1.0,0.45,0.0,7.0,396.0,114.38863706201388,0,0,0,1,solo_reseller,1,0
CUST-a772c6ba90,10,3,3.333333333333333,4,3,0.34,0.0,0.0,150.63080295765045,0.1394137161036319,685.0,675.9840973841435,0,0,0,1,loyal_bulk,0,1
CUST-c5f3e6e444,1,1,1.0,1,1,1.0,0.0,0.0,0.0,7.0,70.0,58.97393529104167,0,0,0,1,normal,0,0
CUST-f7c43e8c1d,2,2,1.0,1,2,0.5,0.0,0.0,19.36646529046296,0.7228990830295869,130.0,20.96620140952546,0,0,0,1,normal,0,0
CUST-cd42943205,42,3,14.0,15,2,0.5408163265306123,1.0,0.4333333333333333,150.00225807144676,0.1399978924983756,2059.5,63.14660751078704,0,0,0,1,solo_reseller,1,0
CUST-9ff5dd88da,2,2,1.0,1,2,0.5,0.0,0.0,16.30035667023148,0.858876911912455,95.0,473.2214508628472,0,0,0,1,normal,0,0
CUST-468e3e0d89,2,1,2.0,2,1,1.0,0.0,0.0,0.0,7.0,200.0,370.6650085166088,0,0,0,1,normal,0,0
CUST-1fb5ed4a10,1,1,1.0,1,1,1.0,0.0,0.0,0.0,7.0,30.0,48.63978786351852,0,0,4,5,ring_reseller,1,0
CUST-0f796fe73b,39,10,3.9,5,2,0.5003287310979618,0.0,0.0,157.50362047793982,0.4444342281630554,1675.0,211.60667124041663,0,0,0,1,stealth_reseller,1,0
CUST-e73f86602b,1,1,1.0,1,1,1.0,0.0,0.0,0.0,7.0,70.0,284.0219305722801,0,0,0,1,normal,0,0
CUST-60915ad0dd,2,1,2.0,2,1,1.0,0.0,0.0,0.0,7.0,170.0,46.74657854265046,0,0,0,1,normal,0,0
CUST-c962820204,7,2,3.5,4,2,0.510204081632653,0.0,0.0,46.31031112725695,0.3023084850699695,520.0,748.6043436703587,0,0,0,1,loyal_bulk,0,1
CUST-0a6225de2b,3,2,1.5,2,2,0.5555555555555556,0.0,0.0,19.139290354930555,0.731479576325744,190.0,255.18144707045136,0,0,0,1,normal,0,0
CUST-7dc18e461c,5,3,1.6666666666666667,2,2,0.52,0.0,0.0,83.68161471488426,0.2509511805137859,270.0,405.054869908831,0,0,0,1,normal,0,0
CUST-e34643b5c9,2,1,2.0,2,1,1.0,0.0,0.0,0.0,7.0,60.0,443.0940494528704,0,0,0,1,normal,0,0
CUST-681a76a14b,11,2,5.5,6,2,0.5041322314049586,0.0,0.0,8.484091342175926,1.6501472503488397,660.0,816.1279194646876,0,0,0,1,loyal_bulk,0,1
CUST-b924894953,2,1,2.0,2,1,1.0,0.0,0.0,0.0,7.0,50.0,12.236561762233798,0,0,0,1,normal,0,0
CUST-2d4a38c351,22,2,11.0,12,2,0.5041322314049586,1.0,0.375,29.99799831572917,0.4666978060552537,1008.0,120.43987691836804,0,0,0,1,solo_reseller,1,0
CUST-9979008b3f,1,1,1.0,1,1,1.0,0.0,0.0,0.0,7.0,60.0,400.7885252965393,0,0,0,1,normal,0,0
CUST-d991733598,2,1,2.0,2,1,1.0,0.0,0.0,0.0,7.0,180.0,331.00081451141205,0,0,3,4,shared_address_legit,0,1
CUST-30d158bb44,1,1,1.0,1,1,1.0,0.0,0.0,0.0,7.0,90.0,277.74355289152777,0,0,0,1,normal,0,0
CUST-c45e1de24a,5,4,1.25,2,4,0.28,0.0,0.0,91.16403826524304,0.3071386539342806,405.0,207.14132093114583,0,0,0,1,normal,0,0
CUST-c4e33254fb,25,7,3.571428571428572,4,5,0.2224,0.0,0.0,149.30857765820602,0.3281794038127518,1775.0,365.4851929862269,0,0,0,1,loyal_bulk,0,1
CUST-301776917d,3,2,1.5,2,2,0.5555555555555556,0.0,0.0,11.082103996400464,1.2632980167436876,250.0,378.7174415700694,0,0,0,1,normal,0,0
CUST-c03c0f2948,2,2,1.0,1,2,0.5,0.0,0.0,103.18738545412036,0.1356754988837733,125.0,38.98399812875,0,0,0,1,normal,0,0
CUST-a3ab57585b,2,2,1.0,1,2,0.5,0.0,0.0,66.33825463090277,0.2110396192648441,85.0,278.0285880413079,0,0,0,1,normal,0,0
CUST-c4c211ebef,27,7,3.857142857142857,5,4,0.2812071330589848,0.0,0.0,142.16909068104167,0.3446600084819575,2145.0,271.0124394684375,0,0,0,1,loyal_bulk,0,1
CUST-9eaae6aff2,20,4,5.0,8,2,0.545,0.0,0.0,64.37241531708334,0.4349689204930186,1720.0,733.4362010147222,0,0,0,1,loyal_bulk,0,1
CUST-b4409c34d6,28,5,5.6,6,4,0.2780612244897958,0.0,0.0,129.7380854335301,0.2697742908957283,2045.0,355.0824051676042,0,0,0,1,loyal_bulk,0,1
CUST-e1dbe1f39b,8,1,8.0,8,1,1.0,1.0,0.35,0.0,7.0,312.0,72.08019998616898,0,0,0,1,solo_reseller,1,0
CUST-6cdca3f71a,1,1,1.0,1,1,1.0,0.0,0.0,0.0,7.0,100.0,327.4730008470139,0,0,0,1,normal,0,0
CUST-47a6c87444,3,3,1.0,1,2,0.5555555555555556,0.0,0.0,112.37488694432872,0.1868744927895103,230.0,243.79096311505788,0,0,0,1,normal,0,0
CUST-676a46d912,3,2,1.5,2,2,0.5555555555555556,0.0,0.0,0.205936837974537,14.0,280.0,36.827394252650464,0,0,0,1,normal,0,0
CUST-b246ffd741,1,1,1.0,1,1,1.0,0.0,0.0,0.0,7.0,90.0,445.20878005953705,0,0,0,1,normal,0,0
CUST-7946e6dbbc,34,9,3.7777777777777777,5,3,0.3719723183391003,0.0,0.0,77.54211292578704,0.8124617401165634,1890.0,10.565839263252316,0,0,0,1,stealth_reseller,1,0
CUST-4248efe105,39,11,3.5454545454545454,5,2,0.5266272189349113,0.0,0.0,164.8894640674537,0.4669795031203479,1890.0,24.73022629652777,0,0,0,1,stealth_reseller,1,0
CUST-7d3c4cf818,12,3,4.0,6,2,0.625,0.0,0.0,93.99349990907407,0.2234197047701664,495.0,698.653158141331,0,0,0,1,loyal_bulk,0,1
CUST-0e0600b457,1,1,1.0,1,1,1.0,0.0,0.0,0.0,7.0,30.0,197.3477175216435,0,0,3,4,shared_address_legit,0,1
CUST-61595f93b3,3,3,1.0,1,3,0.3333333333333333,0.0,0.0,58.97865988690972,0.3560609895217531,190.0,103.59742087306714,0,0,0,1,normal,0,0
CUST-8c3350bcbb,3,3,1.0,1,3,0.3333333333333333,0.0,0.0,6.191526896944445,3.391732015306858,275.0,3.0449505500694443,0,0,0,1,normal,0,0
CUST-15538b7b77,1,1,1.0,1,1,1.0,0.0,0.0,0.0,7.0,90.0,444.6854823409144,0,0,0,1,normal,0,0
CUST-e8e0c4e408,3,3,1.0,1,3,0.3333333333333333,0.0,0.0,91.31089509530092,0.2299835082996652,210.0,393.5900614840625,0,0,0,1,normal,0,0
CUST-e627c4aef5,12,2,6.0,8,1,1.0,0.0,0.0,8.682703111527777,1.6124010944716742,360.0,360.4716310086111,0,0,0,1,loyal_bulk,0,1
CUST-424e15972f,1,1,1.0,1,1,1.0,0.0,0.0,0.0,7.0,30.0,31.038564762002316,0,0,0,1,normal,0,0
CUST-c5b407e34a,28,5,5.6,8,4,0.2755102040816326,0.0,0.0,146.04501463153937,0.2396521379952775,1980.0,698.6829279240046,0,0,0,1,loyal_bulk,0,1
CUST-33ff772664,5,3,1.6666666666666667,2,3,0.3600000000000001,0.0,0.0,94.36261438467592,0.2225457628207714,385.0,169.5970848152662,0,0,0,1,normal,0,0
CUST-891a441884,1,1,1.0,1,1,1.0,0.0,0.0,0.0,7.0,90.0,71.44376274008103,0,0,2,3,shared_address_legit,0,1
CUST-30d820ad93,2,1,2.0,2,1,1.0,0.0,0.0,0.0,7.0,180.0,57.32223883337963,0,0,0,1,normal,0,0
CUST-bb6a6b7566,20,2,10.0,12,2,0.52,1.0,0.35,119.99866455302084,0.1166679650323455,996.0,0.0,0,0,0,1,solo_reseller,1,0
CUST-0ae3bfbd25,4,1,4.0,4,1,1.0,1.0,0.4,0.0,7.0,240.0,124.30183353895832,0,3,3,4,ring_reseller,1,0
CUST-7d4d6e02e6,32,3,10.666666666666666,12,3,0.3359375,1.0,0.4166666666666667,60.00879814636575,0.3499486850041472,1215.0,319.5026028196412,0,0,0,1,solo_reseller,1,0
CUST-c668819d77,40,3,13.333333333333334,15,2,0.53125,1.0,0.3833333333333333,89.99243998865741,0.2333529350092833,1597.5,0.0,0,0,0,1,solo_reseller,1,0
CUST-782dd1522f,2,2,1.0,1,1,1.0,0.0,0.0,8.54392718525463,1.6385907436291858,50.0,278.9174565320255,0,0,0,1,normal,0,0
CUST-aa7765549b,21,5,4.2,6,3,0.3922902494331065,0.0,0.0,139.90239369060183,0.2501744185835983,1650.0,597.2796328475579,0,0,0,1,loyal_bulk,0,1
CUST-f7d196ca7e,4,4,1.0,1,3,0.375,0.0,0.0,43.39184503673611,0.6452825404472852,285.0,15.316775452743055,0,0,0,1,normal,0,0
CUST-6c96eb1daf,8,1,8.0,8,1,1.0,1.0,0.35,0.0,7.0,130.0,641.1842230407407,0,0,0,1,solo_reseller,1,0
CUST-1884a23b01,2,2,1.0,1,2,0.5,0.0,0.0,76.78195103020833,0.1823345175807264,190.0,50.01670442833333,0,0,0,1,normal,0,0
CUST-bfe96813ae,2,2,1.0,1,2,0.5,0.0,0.0,17.193307629814814,0.8142703138587879,175.0,2.139316569953704,0,0,0,1,normal,0,0
CUST-d048adf471,2,1,2.0,2,1,1.0,0.0,0.0,0.0,7.0,180.0,365.2997761133449,0,0,0,1,normal,0,0
CUST-bb86cac192,2,1,2.0,2,1,1.0,0.0,0.0,0.0,7.0,170.0,236.9375058401736,0,0,0,1,normal,0,0
CUST-d50144037c,1,1,1.0,1,1,1.0,0.0,0.0,0.0,7.0,30.0,283.3687981251041,0,0,3,4,shared_address_legit,0,1
CUST-b63e190afd,3,1,3.0,3,1,1.0,1.0,0.5,0.0,7.0,127.5,0.0,0,0,5,6,ring_reseller,1,0
CUST-40bd0e5ea2,2,2,1.0,1,2,0.5,0.0,0.0,43.32868678125,0.3231115697247105,190.0,49.37103582909722,0,0,0,1,normal,0,0
CUST-a93e6ad0be,3,3,1.0,1,2,0.5555555555555556,0.0,0.0,124.81517195641204,0.1682487767379243,205.0,336.4800850149421,0,0,0,1,normal,0,0
CUST-9a6483b7b7,2,2,1.0,1,2,0.5,0.0,0.0,55.01961646850694,0.2544546999525806,190.0,98.59866912814816,0,0,2,3,shared_address_legit,0,1
CUST-9dc02f8f52,2,2,1.0,1,2,0.5,0.0,0.0,120.002027957419,0.1166646950747174,180.0,0.7221584109027778,0,0,0,1,normal,0,0
CUST-544cf3ee97,2,2,1.0,1,2,0.5,0.0,0.0,21.151254041099538,0.6618992884675418,95.0,5.992873750925925,0,0,0,1,normal,0,0
CUST-2c8d0810d3,12,3,4.0,5,3,0.3472222222222222,0.0,0.0,143.13401443305554,0.1467156502469355,850.0,354.3016654824421,0,0,0,1,loyal_bulk,0,1
CUST-920638e889,18,2,9.0,10,2,0.5061728395061729,1.0,0.425,60.00574418108796,0.2333109969897246,737.0,454.1446482216782,0,0,0,1,solo_reseller,1,0
CUST-f2b94f85a6,15,3,5.0,8,3,0.3955555555555555,0.0,0.0,101.16948486443287,0.207572471364661,590.0,346.77362671951386,0,0,0,1,loyal_bulk,0,1
CUST-ad645151c4,1,1,1.0,1,1,1.0,0.0,0.0,0.0,7.0,30.0,65.51598271221064,0,0,0,1,normal,0,0
CUST-0660d45121,45,4,11.25,15,2,0.52,1.0,0.4375,149.99735457912038,0.1866699588040441,2259.0,6.928115715069444,0,0,0,1,solo_reseller,1,0
CUST-db23a58db6,57,5,11.4,15,3,0.3684210526315788,1.0,0.42,150.00307221778937,0.2333285544257622,2722.0,18.024692793275463,0,0,0,1,solo_reseller,1,0
CUST-4dc226b5a3,1,1,1.0,1,1,1.0,0.0,0.0,0.0,7.0,90.0,293.82993895974533,0,0,0,1,normal,0,0
CUST-28877c62ec,21,6,3.5,6,4,0.3061224489795918,0.0,0.0,118.701893213206,0.3538275495283116,1635.0,65.98366023177084,0,0,0,1,loyal_bulk,0,1
CUST-e41fd02230,1,1,1.0,1,1,1.0,0.0,0.0,0.0,7.0,70.0,365.3436474007292,0,0,0,1,normal,0,0
CUST-bd3d79b875,1,1,1.0,1,1,1.0,0.0,0.0,0.0,7.0,60.0,182.55181655880787,0,0,0,1,normal,0,0
CUST-057b672d22,3,3,1.0,1,3,0.3333333333333333,0.0,0.0,83.88431796244213,0.2503447665796415,175.0,230.35534055836808,0,0,0,1,normal,0,0
CUST-6301c698cf,10,3,3.333333333333333,4,1,1.0,1.0,0.4333333333333333,150.00749855002314,0.1399930017031589,504.0,0.0,2,0,2,3,ring_reseller,1,0
CUST-01e1128fa3,1,1,1.0,1,1,1.0,0.0,0.0,0.0,7.0,85.0,230.69814448609952,0,0,0,1,normal,0,0
CUST-e30a43e75b,16,2,8.0,8,2,0.5,1.0,0.375,60.01011628685185,0.2332939988497803,788.0,0.0,0,0,0,1,solo_reseller,1,0
CUST-29e51d4e0b,1,1,1.0,1,1,1.0,0.0,0.0,0.0,7.0,70.0,289.2382277968982,5,0,5,6,ring_reseller,1,0
CUST-6f304d037a,1,1,1.0,1,1,1.0,0.0,0.0,0.0,7.0,100.0,276.8860446897222,0,0,0,1,normal,0,0
CUST-63d4f339d1,12,3,4.0,5,2,0.625,0.0,0.0,27.272967372025462,0.7699932212561587,990.0,743.7926970090625,0,0,0,1,loyal_bulk,0,1
CUST-2d2c34c803,2,1,2.0,2,1,1.0,0.0,0.0,0.0,7.0,120.0,286.63192849021993,0,0,0,1,normal,0,0
CUST-aa47100e1e,1,1,1.0,1,1,1.0,0.0,0.0,0.0,7.0,100.0,229.0679672481829,0,0,0,1,normal,0,0
CUST-f4c1b98082,23,6,3.8333333333333335,5,1,1.0,0.0,0.0,144.01796506334492,0.2916302836352861,2070.0,39.962151967743054,0,0,0,1,loyal_bulk,0,1
CUST-45dea62673,39,11,3.5454545454545454,5,2,0.7396449704142012,0.0,0.0,148.96076256991898,0.5169146469954318,3120.0,5.381479247592593,0,0,0,1,stealth_reseller,1,0
CUST-701a1610a4,2,2,1.0,1,2,0.5,0.0,0.0,56.749375475995365,0.2466987501196716,120.0,375.4705400693171,0,0,0,1,normal,0,0
CUST-ce4cdf9478,3,2,1.5,2,2,0.5555555555555556,0.0,0.0,3.8108237186689817,3.673746421650232,270.0,421.9112382694329,0,0,0,1,normal,0,0
CUST-76ee2916af,1,1,1.0,1,1,1.0,0.0,0.0,0.0,7.0,60.0,262.2428627030093,0,0,0,1,normal,0,0
CUST-9e8ab505be,2,2,1.0,1,1,1.0,0.0,0.0,83.76248022087962,0.1671392724174635,180.0,245.1388149283449,0,0,0,1,normal,0,0
CUST-9b23d82777,4,4,1.0,1,3,0.375,0.0,0.0,122.63673851762732,0.2283165741233031,170.0,368.0381923846991,0,0,0,1,normal,0,0
CUST-c4b3fd30d3,1,1,1.0,1,1,1.0,0.0,0.0,0.0,7.0,70.0,551.713373646169,0,0,0,1,normal,0,0
CUST-0528fac448,16,4,4.0,5,3,0.3828125,0.0,0.0,129.73896183158564,0.2158179748374034,950.0,462.5761746090741,0,0,0,1,loyal_bulk,0,1
CUST-130d588de4,2,2,1.0,1,2,0.5,0.0,0.0,57.25194332685184,0.2445331841414339,160.0,219.58017719199077,0,0,0,1,normal,0,0
CUST-d9569e7fde,2,2,1.0,1,2,0.5,0.0,0.0,16.599915421458334,0.8433777910640747,170.0,469.6662327612616,0,0,0,1,normal,0,0
CUST-4d4e369db2,1,1,1.0,1,1,1.0,0.0,0.0,0.0,7.0,90.0,256.4558601042824,0,0,0,1,normal,0,0
CUST-e6b458df98,3,3,1.0,1,3,0.3333333333333333,0.0,0.0,19.442950888692128,1.0800829627262722,185.0,3.410512714710648,0,0,0,1,normal,0,0
CUST-a768c13ddc,2,2,1.0,1,2,0.5,0.0,0.0,79.90289520758101,0.1752126748802928,150.0,328.1030400308449,0,0,0,1,normal,0,0
CUST-564f804944,3,2,1.5,2,2,0.5555555555555556,0.0,0.0,40.12250170390046,0.3489313827766379,170.0,280.55575754309024,0,0,0,1,normal,0,0
CUST-5a996a2bd3,2,2,1.0,1,2,0.5,0.0,0.0,3.649273826215278,3.836379692701666,130.0,25.02995376296296,0,0,0,1,normal,0,0
CUST-31facaa98e,1,1,1.0,1,1,1.0,0.0,0.0,0.0,7.0,90.0,120.86838045383102,0,0,0,1,normal,0,0
CUST-49ace31e85,1,1,1.0,1,1,1.0,0.0,0.0,0.0,7.0,90.0,116.64750999131944,0,0,0,1,normal,0,0
CUST-adf1b9967a,1,1,1.0,1,1,1.0,0.0,0.0,0.0,7.0,70.0,486.0000475659375,0,0,3,4,shared_address_legit,0,1
CUST-94ef0c32a9,1,1,1.0,1,1,1.0,0.0,0.0,0.0,7.0,30.0,137.0866673704861,0,0,0,1,normal,0,0
CUST-52cf67cf87,1,1,1.0,1,1,1.0,0.0,0.0,0.0,7.0,30.0,342.23233438800924,0,0,0,1,normal,0,0
CUST-b28cac734e,32,3,10.666666666666666,12,3,0.3359375,1.0,0.3999999999999999,59.9969432925,0.3500178317021883,1350.0,0.0,0,0,0,1,solo_reseller,1,0
CUST-6133a2e49e,18,2,9.0,10,2,0.5061728395061729,1.0,0.3249999999999999,90.0031005712037,0.1555501967282143,522.0,62.698920371168974,0,0,0,1,solo_reseller,1,0
CUST-8168556d54,1,1,1.0,1,1,1.0,0.0,0.0,0.0,7.0,90.0,3.240211358935185,0,0,0,1,normal,0,0
CUST-2dc03159c0,26,5,5.2,6,5,0.2100591715976331,0.0,0.0,136.78101302662037,0.2558834682207558,1835.0,238.1964905670486,0,0,0,1,loyal_bulk,0,1
CUST-985d7e0e11,10,1,10.0,10,1,1.0,1.0,0.3,0.0,7.0,210.0,37.15935946152778,0,0,0,1,solo_reseller,1,0
CUST-31496017b2,1,1,1.0,1,1,1.0,0.0,0.0,0.0,7.0,100.0,247.0527573072569,0,0,3,4,shared_address_legit,0,1
CUST-3e69bcb8f6,37,10,3.7,4,1,1.0,0.0,0.0,162.8912480532523,0.4297345673053941,2220.0,20.15548298962963,0,0,0,1,stealth_reseller,1,0
CUST-28062f4711,2,2,1.0,1,1,1.0,0.0,0.0,77.29022059974537,0.1811354643752449,170.0,191.09761462663195,0,0,2,3,shared_address_legit,0,1
CUST-602ac720f4,1,1,1.0,1,1,1.0,0.0,0.0,0.0,7.0,90.0,264.6385907782523,0,0,1,2,shared_address_legit,0,1
CUST-d503e72e2b,1,1,1.0,1,1,1.0,0.0,0.0,0.0,7.0,25.0,61.92172733373843,0,0,0,1,normal,0,0
CUST-8ca6fe43ad,1,1,1.0,1,1,1.0,0.0,0.0,0.0,7.0,30.0,88.81506676927084,5,0,5,6,ring_reseller,1,0
CUST-140d3132c6,2,1,2.0,2,1,1.0,0.0,0.0,0.0,7.0,200.0,68.82244515587962,0,0,0,1,normal,0,0
CUST-53efc32093,4,4,1.0,1,3,0.375,0.0,0.0,104.29313216229168,0.268474054038658,325.0,172.70607079952546,0,0,0,1,normal,0,0
CUST-9df609a929,3,1,3.0,3,1,1.0,1.0,0.4,0.0,7.0,180.0,124.24126389521992,0,3,3,4,ring_reseller,1,0
CUST-a572504a16,4,4,1.0,1,4,0.25,0.0,0.0,136.06800266103008,0.2057794591852211,205.0,50.75415743057871,0,0,3,4,shared_address_legit,0,1
CUST-38e0571df7,3,3,1.0,1,3,0.3333333333333333,0.0,0.0,22.29036365824074,0.9421111437200042,230.0,92.12146905200233,1,0,1,2,ring_reseller,1,0
CUST-97e0ede347,11,3,3.6666666666666665,5,3,0.3553719008264462,0.0,0.0,119.03315159719908,0.1764214398948514,840.0,241.69816118575235,0,0,0,1,loyal_bulk,0,1
CUST-b425109cde,1,1,1.0,1,1,1.0,0.0,0.0,0.0,7.0,25.0,434.4818625908565,0,0,0,1,normal,0,0
CUST-a220751a03,4,3,1.3333333333333333,2,3,0.375,0.0,0.0,74.06584195332177,0.2835315098859572,180.0,453.6749510658449,0,0,0,1,normal,0,0
CUST-44e2097914,2,1,2.0,2,1,1.0,0.0,0.0,0.0,7.0,200.0,254.2403388758912,0,0,3,4,shared_address_legit,0,1
CUST-47d5c8201f,4,1,4.0,4,1,1.0,1.0,0.4,0.0,7.0,216.0,0.0,4,0,4,5,ring_reseller,1,0
CUST-421e87efef,34,7,4.857142857142857,8,5,0.2231833910034602,0.0,0.0,82.30853610003473,0.595320999761765,2150.0,466.6173326781019,0,0,0,1,loyal_bulk,0,1
CUST-2b6a501fe7,5,1,5.0,5,1,1.0,0.0,0.0,0.0,7.0,150.0,543.5900345628356,0,0,0,1,loyal_bulk,0,1
CUST-2a49897116,3,3,1.0,1,3,0.3333333333333333,0.0,0.0,155.97627596903936,0.1346358596493765,200.0,265.5864417388079,0,0,0,1,normal,0,0
CUST-7f9e77b86e,1,1,1.0,1,1,1.0,0.0,0.0,0.0,7.0,70.0,3.727571845555555,0,0,0,1,normal,0,0
CUST-2e605c8508,28,2,14.0,20,1,1.0,1.0,0.425,90.00087516184027,0.1555540429448612,1476.0,427.20447975159726,0,0,0,1,solo_reseller,1,0
CUST-032654f891,1,1,1.0,1,1,1.0,0.0,0.0,0.0,7.0,85.0,24.201195041226853,0,0,0,1,normal,0,0
CUST-3d27dedc64,2,2,1.0,1,2,0.5,0.0,0.0,60.17178433561343,0.2326671903547643,130.0,273.78121225758105,0,0,0,1,normal,0,0
CUST-cf9613733e,2,2,1.0,1,1,1.0,0.0,0.0,92.3945135226736,0.1515241486342628,180.0,257.34618205217595,0,0,0,1,normal,0,0
CUST-945b77d250,9,2,4.5,5,1,1.0,1.0,0.425,60.01132918167824,0.2332892837220188,520.0,0.0,0,0,4,5,ring_reseller,1,0
CUST-a48781ad4d,10,1,10.0,10,1,1.0,1.0,0.35,0.0,7.0,390.0,26.37844900430556,0,0,0,1,solo_reseller,1,0
CUST-bf1f71d75e,2,2,1.0,1,2,0.5,0.0,0.0,19.849271838564817,0.7053155457722955,115.0,361.2743646969213,0,0,0,1,normal,0,0
CUST-8ef8df15d7,33,3,11.0,15,2,0.5775941230486685,1.0,0.45,89.98798153835648,0.233364496469442,1657.0,687.5090352294676,0,0,0,1,solo_reseller,1,0
CUST-edb84cd8cb,2,2,1.0,1,2,0.5,0.0,0.0,60.41423530590277,0.231733463630088,90.0,99.24128203263888,0,0,0,1,normal,0,0
CUST-ad9c0b6784,4,3,1.3333333333333333,2,3,0.375,0.0,0.0,17.256588532627315,1.216926506667002,260.0,20.48173482458333,0,0,0,1,normal,0,0
CUST-9305f3b4ad,1,1,1.0,1,1,1.0,0.0,0.0,0.0,7.0,85.0,226.65029921525465,0,0,0,1,normal,0,0
CUST-dd7bad4782,1,1,1.0,1,1,1.0,0.0,0.0,0.0,7.0,90.0,14.01813441773148,0,0,0,1,normal,0,0
CUST-7c09d7d4a2,1,1,1.0,1,1,1.0,0.0,0.0,0.0,7.0,25.0,200.8067039837616,0,0,0,1,normal,0,0
CUST-2909b18854,2,1,2.0,2,1,1.0,0.0,0.0,0.0,7.0,50.0,327.34963861621526,0,0,0,1,normal,0,0
CUST-7bdd38a547,11,2,5.5,8,1,1.0,0.0,0.0,130.0694976858449,0.1076347664062946,660.0,357.0343160167477,0,0,0,1,loyal_bulk,0,1
CUST-c65e66021a,1,1,1.0,1,1,1.0,0.0,0.0,0.0,7.0,90.0,1.744065652384259,0,0,0,1,normal,0,0
CUST-99bb21dd5b,3,1,3.0,3,1,1.0,0.0,0.0,0.0,7.0,210.0,491.6816378786111,0,0,0,1,loyal_bulk,0,1
CUST-d03cd5ae43,2,1,2.0,2,1,1.0,0.0,0.0,0.0,7.0,180.0,107.028011874456,0,0,0,1,normal,0,0
CUST-2b1e61fe36,3,1,3.0,3,1,1.0,1.0,0.5,0.0,7.0,127.5,0.0,0,0,5,6,ring_reseller,1,0
CUST-fa68c01787,2,1,2.0,2,1,1.0,0.0,0.0,0.0,7.0,120.0,198.47000518141203,0,0,0,1,normal,0,0
CUST-7b2d948fc4,20,5,4.0,5,5,0.21,0.0,0.0,109.50763895175926,0.3196124063584125,1385.0,3.756028134363426,0,0,0,1,loyal_bulk,0,1
CUST-3dcbfba770,41,11,3.727272727272727,5,1,1.0,0.0,0.0,33.17109938550926,2.3212977991810946,3485.0,8.693083453090278,0,0,0,1,stealth_reseller,1,0
CUST-7adeae7f63,1,1,1.0,1,1,1.0,0.0,0.0,0.0,7.0,70.0,36.56011758973379,0,0,0,1,normal,0,0
CUST-9ed38e234b,38,10,3.8,5,1,1.0,0.0,0.0,152.09857178512732,0.4602278586737185,950.0,349.3182674992014,0,0,0,1,stealth_reseller,1,0
CUST-310ee5f2e8,4,4,1.0,1,2,0.625,0.0,0.0,118.2692099532639,0.2367480091484899,370.0,170.10926510738426,0,0,0,1,normal,0,0
CUST-9162171f57,2,2,1.0,1,2,0.5,0.0,0.0,40.56601940782408,0.3451164349958325,170.0,393.8609710732291,0,0,0,1,normal,0,0
CUST-a5a2879898,2,2,1.0,1,2,0.5,0.0,0.0,6.501073647847222,2.153490447633367,150.0,29.41103836494213,0,0,0,1,normal,0,0
CUST-6f7e1ac937,1,1,1.0,1,1,1.0,0.0,0.0,0.0,7.0,85.0,147.25315685489585,0,0,3,4,shared_address_legit,0,1
CUST-7544e9638d,2,2,1.0,1,2,0.5,0.0,0.0,158.04493514380786,0.0885824021330462,180.0,106.17533942716436,0,0,0,1,normal,0,0
CUST-ae0c53c9fa,2,1,2.0,2,1,1.0,0.0,0.0,0.0,7.0,180.0,241.54029933778932,0,0,0,1,normal,0,0
CUST-c8605cb13a,20,1,20.0,20,1,1.0,1.0,0.3,0.0,7.0,980.0,69.29675143787037,0,0,0,1,solo_reseller,1,0
CUST-0720f894f0,1,1,1.0,1,1,1.0,0.0,0.0,0.0,7.0,90.0,343.237004127581,0,0,0,1,normal,0,0
CUST-11b9165a57,9,2,4.5,5,2,0.5061728395061729,1.0,0.35,120.00306139983796,0.116663690381643,384.0,0.0,4,0,4,5,ring_reseller,1,0
CUST-6fe28dee36,30,2,15.0,20,1,1.0,1.0,0.45,90.01355897324075,0.1555321238232778,1530.0,85.18514492439814,0,0,0,1,solo_reseller,1,0
CUST-4dcfaad40e,3,1,3.0,3,1,1.0,1.0,0.35,0.0,7.0,117.0,75.75724160268518,0,4,4,5,ring_reseller,1,0
CUST-cb5dc67f75,13,4,3.25,4,2,0.6449704142011835,0.0,0.0,155.865711370625,0.179641819575187,690.0,550.9380680723727,0,0,0,1,loyal_bulk,0,1
CUST-10ea0643de,2,2,1.0,1,2,0.5,0.0,0.0,2.318460527233796,6.03848969415222,160.0,3.8964714877777777,0,0,0,1,normal,0,0
CUST-9518f64906,2,2,1.0,1,2,0.5,0.0,0.0,12.649006519768518,1.1068062917131145,120.0,3.4241825875810186,0,0,1,2,shared_address_legit,0,1
CUST-00d67974bb,2,2,1.0,1,1,1.0,0.0,0.0,3.062313460092593,4.571707038631079,140.0,325.62214469469905,0,0,1,2,shared_address_legit,0,1
CUST-c09432e27b,3,3,1.0,1,3,0.3333333333333333,0.0,0.0,62.90524993415509,0.3338354115432553,215.0,86.78832236871527,0,0,0,1,normal,0,0
CUST-ac497d8d2c,9,2,4.5,6,2,0.5555555555555556,0.0,0.0,74.91009990011574,0.1868906865518459,630.0,708.8860696933449,0,0,0,1,loyal_bulk,0,1
CUST-9cc10f4acf,1,1,1.0,1,1,1.0,0.0,0.0,0.0,7.0,90.0,77.26274254788194,0,0,0,1,normal,0,0
CUST-3663007a17,1,1,1.0,1,1,1.0,0.0,0.0,0.0,7.0,100.0,115.77507158635416,0,0,2,3,shared_address_legit,0,1
CUST-922a79f4cb,1,1,1.0,1,1,1.0,0.0,0.0,0.0,7.0,60.0,379.51351541255787,0,0,3,4,shared_address_legit,0,1
CUST-ca8a1052e1,14,3,4.666666666666667,8,3,0.4183673469387755,0.0,0.0,117.84803075586804,0.1781955953384001,1200.0,548.107141798206,0,0,0,1,loyal_bulk,0,1
CUST-829191e3ef,4,3,1.3333333333333333,2,3,0.375,0.0,0.0,107.08238217973378,0.1961106913437196,275.0,44.11520450355324,0,0,0,1,normal,0,0
CUST-8200b24060,25,5,5.0,8,3,0.6064,0.0,0.0,125.25570466497685,0.2794283908554503,1990.0,325.34875855958336,0,0,0,1,loyal_bulk,0,1
CUST-8ff70c6c0c,1,1,1.0,1,1,1.0,0.0,0.0,0.0,7.0,25.0,359.101047227581,0,0,0,1,normal,0,0
CUST-5c17e75748,15,3,5.0,8,3,0.3955555555555555,0.0,0.0,117.2248166869213,0.1791429544828024,950.0,409.25439056297455,0,0,0,1,loyal_bulk,0,1
CUST-d535098819,2,2,1.0,1,2,0.5,0.0,0.0,107.75655203837964,0.1299224941330121,185.0,203.06195459247684,0,0,0,1,normal,0,0
CUST-bc24a95d4e,2,2,1.0,1,2,0.5,0.0,0.0,98.268555939919,0.142466731764732,160.0,89.439263161875,0,0,3,4,shared_address_legit,0,1
CUST-d12a3d0a58,1,1,1.0,1,1,1.0,0.0,0.0,0.0,7.0,60.0,192.01812078957173,0,0,3,4,shared_address_legit,0,1
CUST-39a012721a,1,1,1.0,1,1,1.0,0.0,0.0,0.0,7.0,70.0,44.73031939637731,0,0,0,1,normal,0,0
CUST-13b1d73c33,13,3,4.333333333333333,5,3,0.3491124260355029,0.0,0.0,140.6697934649074,0.1492857811384988,755.0,232.7441677108449,0,0,0,1,loyal_bulk,0,1
CUST-c670cdab47,1,1,1.0,1,1,1.0,0.0,0.0,0.0,7.0,90.0,224.4388079032408,0,0,0,1,normal,0,0
CUST-c94345d4a1,1,1,1.0,1,1,1.0,0.0,0.0,0.0,7.0,100.0,296.8273518665972,0,0,0,1,normal,0,0
CUST-636b74e3f2,1,1,1.0,1,1,1.0,0.0,0.0,0.0,7.0,30.0,70.53058564557871,0,0,0,1,normal,0,0
CUST-daccb663df,28,2,14.0,20,2,0.5918367346938775,1.0,0.375,59.99450054454861,0.2333547220649728,1158.0,316.34117190618053,0,0,0,1,solo_reseller,1,0
CUST-10585b3404,1,1,1.0,1,1,1.0,0.0,0.0,0.0,7.0,30.0,250.15255712086804,0,0,0,1,normal,0,0
CUST-43c44db43e,5,1,5.0,5,1,1.0,1.0,0.5,0.0,7.0,212.5,0.0,5,0,5,6,ring_reseller,1,0
CUST-98f856fdcb,22,2,11.0,12,2,0.5041322314049586,1.0,0.425,60.00675281641204,0.2333070753358771,1200.0,123.7757048620486,0,0,0,1,solo_reseller,1,0
CUST-9785e57859,34,7,4.857142857142857,8,4,0.2958477508650519,0.0,0.0,88.33065924296297,0.5547337744329547,1710.0,446.15905613398144,0,0,0,1,loyal_bulk,0,1
CUST-73f7c927cc,39,4,9.75,15,2,0.5161078238001315,1.0,0.4375,149.98884628326388,0.1866805478796746,1873.5,0.0,0,0,0,1,solo_reseller,1,0
CUST-722ace9446,4,1,4.0,4,1,1.0,1.0,0.35,0.0,7.0,156.0,75.6461377281713,0,4,4,5,ring_reseller,1,0
CUST-2460496378,1,1,1.0,1,1,1.0,0.0,0.0,0.0,7.0,85.0,228.45046011552083,0,0,4,5,ring_reseller,1,0
CUST-b60a83dcf1,1,1,1.0,1,1,1.0,0.0,0.0,0.0,7.0,25.0,416.1992182296875,0,0,0,1,normal,0,0
CUST-031a8eb8b7,2,1,2.0,2,1,1.0,0.0,0.0,0.0,7.0,120.0,206.35207997480325,0,0,0,1,normal,0,0
CUST-1680df50f3,34,10,3.4,5,3,0.4550173010380623,0.0,0.0,73.17843047337963,0.9565660201671604,2605.0,14.108522695590278,0,0,0,1,stealth_reseller,1,0
CUST-c3657fc15c,1,1,1.0,1,1,1.0,0.0,0.0,0.0,7.0,70.0,496.7614858981481,0,0,0,1,normal,0,0
CUST-6cfb037a3e,3,1,3.0,3,1,1.0,1.0,0.5,0.0,7.0,127.5,0.0,5,0,5,6,ring_reseller,1,0
CUST-ebe7028d5e,4,3,1.3333333333333333,2,3,0.375,0.0,0.0,146.9884331373611,0.1428683846189137,330.0,18.99688939575232,0,0,0,1,normal,0,0
CUST-39f91aa3b8,2,1,2.0,2,1,1.0,0.0,0.0,0.0,7.0,140.0,317.1057411218866,0,0,2,3,shared_address_legit,0,1
CUST-104bfd4d6c,20,2,10.0,12,1,1.0,1.0,0.4,150.00454508909723,0.0933305053635842,1200.0,0.0,0,0,0,1,solo_reseller,1,0
CUST-61dbbd36cb,18,2,9.0,10,2,0.5061728395061729,1.0,0.45,89.99705868023148,0.155560639484268,857.0,64.23961821930556,0,0,0,1,solo_reseller,1,0
CUST-d88b04aea0,27,7,3.857142857142857,5,3,0.4513031550068587,0.0,0.0,63.37048941986112,0.7732305754394692,2530.0,2.1348592833680557,0,0,0,1,stealth_reseller,1,0
CUST-37b682b2b3,3,3,1.0,1,3,0.3333333333333333,0.0,0.0,77.09898010979167,0.2723771439011938,180.0,249.72257795258105,0,0,0,1,normal,0,0
CUST-44c2efcb3e,1,1,1.0,1,1,1.0,0.0,0.0,0.0,7.0,90.0,10.081088382974537,0,0,0,1,normal,0,0
CUST-14677bfe34,1,1,1.0,1,1,1.0,0.0,0.0,0.0,7.0,30.0,48.25643098534722,0,0,0,1,normal,0,0
CUST-e7dba75b87,1,1,1.0,1,1,1.0,0.0,0.0,0.0,7.0,90.0,175.4399730815741,0,0,0,1,normal,0,0
CUST-c40279d3d0,1,1,1.0,1,1,1.0,0.0,0.0,0.0,7.0,30.0,222.7762768219676,0,0,0,1,normal,0,0
CUST-9f652b58cc,1,1,1.0,1,1,1.0,0.0,0.0,0.0,7.0,30.0,18.226004759444443,5,0,5,6,ring_reseller,1,0
CUST-8613f46037,17,5,3.4,4,3,0.4325259515570934,0.0,0.0,106.23439833869212,0.3294601423581695,1300.0,666.2576148640741,0,0,0,1,loyal_bulk,0,1
CUST-30cbbe7395,12,2,6.0,8,2,0.5555555555555556,0.0,0.0,13.275427715763888,1.0545799577798702,580.0,507.7700977775116,0,0,0,1,loyal_bulk,0,1
CUST-0c08593337,24,2,12.0,12,2,0.5,1.0,0.4,30.012378336087963,0.4664741941882658,1062.0,80.19099874497685,0,0,0,1,solo_reseller,1,0
CUST-622de24b9d,3,2,1.5,2,2,0.5555555555555556,0.0,0.0,45.95484613953704,0.3046468691787255,270.0,33.38758499355324,0,0,0,1,normal,0,0
CUST-e51ae95de7,2,2,1.0,1,2,0.5,0.0,0.0,1.5476814610185186,9.045789041620164,150.0,404.2157659387847,0,0,0,1,normal,0,0
CUST-7f389c5f89,1,1,1.0,1,1,1.0,0.0,0.0,0.0,7.0,25.0,75.90506722253473,0,0,0,1,normal,0,0
CUST-55ffffbd72,2,1,2.0,2,1,1.0,0.0,0.0,0.0,7.0,200.0,75.03787135699073,0,0,3,4,shared_address_legit,0,1
CUST-d3a5c47356,4,3,1.3333333333333333,2,3,0.375,0.0,0.0,72.81243561371528,0.2884122722031886,340.0,484.7584801640741,0,0,1,2,shared_address_legit,0,1
CUST-5aef201d4a,7,2,3.5,4,2,0.510204081632653,0.0,0.0,116.97076692667824,0.1196880243486454,475.0,95.8604684204051,0,0,0,1,loyal_bulk,0,1
CUST-ce41ac0415,1,1,1.0,1,1,1.0,0.0,0.0,0.0,7.0,90.0,179.42913237684027,0,0,0,1,normal,0,0
CUST-68556d3630,21,6,3.5,5,2,0.6371882086167799,0.0,0.0,39.47457406050926,1.063976014931019,1510.0,8.902991429074074,0,0,0,1,stealth_reseller,1,0
CUST-a333e7c9cb,42,12,3.5,5,1,1.0,0.0,0.0,163.1799648656597,0.5147690776202472,3570.0,21.846074041226853,0,0,0,1,stealth_reseller,1,0
CUST-a84136c78b,4,3,1.3333333333333333,2,3,0.375,0.0,0.0,101.52626993379629,0.2068430172180439,240.0,197.14227531653933,0,0,3,4,shared_address_legit,0,1
CUST-484f715599,3,3,1.0,1,3,0.3333333333333333,0.0,0.0,87.53149958305556,0.2399136322356026,125.0,245.37675755751155,0,0,3,4,shared_address_legit,0,1
CUST-a3ce660665,1,1,1.0,1,1,1.0,0.0,0.0,0.0,7.0,90.0,36.61587091577547,0,0,1,2,shared_address_legit,0,1
CUST-79cf5d5408,53,4,13.25,15,2,0.743681025275899,1.0,0.4375,150.00771728128473,0.186657063432918,2985.0,0.0,0,0,0,1,solo_reseller,1,0
CUST-18ab3c7419,2,2,1.0,1,2,0.5,0.0,0.0,12.104357483240742,1.1566082726310667,130.0,492.9435270136111,0,0,0,1,normal,0,0
CUST-b3a67f243f,1,1,1.0,1,1,1.0,0.0,0.0,0.0,7.0,70.0,261.7168392127546,0,0,0,1,normal,0,0
CUST-654d887d0b,4,4,1.0,1,4,0.25,0.0,0.0,156.03162690039352,0.1794507982530648,295.0,69.20896374630787,0,0,0,1,normal,0,0
CUST-9a989f9aa3,17,3,5.666666666666667,8,3,0.3771626297577855,0.0,0.0,28.3024318319676,0.741985710792544,1010.0,748.5087118388078,0,0,0,1,loyal_bulk,0,1
CUST-5be3eb308e,29,6,4.833333333333333,8,6,0.1890606420927467,0.0,0.0,129.03533804938655,0.3254922305386223,2175.0,479.5329547984953,0,0,0,1,loyal_bulk,0,1
CUST-18753a2df7,15,5,3.0,3,4,0.28,0.0,0.0,165.45476267738425,0.2115381838130918,1275.0,555.671817538507,0,0,0,1,loyal_bulk,0,1
CUST-3fdd1317d8,1,1,1.0,1,1,1.0,0.0,0.0,0.0,7.0,85.0,368.4805998136111,0,0,0,1,normal,0,0
CUST-5acf560f1f,2,2,1.0,1,2,0.5,0.0,0.0,70.7320964498148,0.1979299455648561,115.0,244.24290481146988,0,0,0,1,normal,0,0
CUST-8735ced7bf,3,3,1.0,1,3,0.3333333333333333,0.0,0.0,77.35195004592593,0.2714863683143312,265.0,413.38820049289353,0,0,0,1,normal,0,0
CUST-36b2b4b079,11,2,5.5,6,2,0.5041322314049586,0.0,0.0,86.7979342257639,0.1612941612594788,965.0,475.3801327040509,0,0,0,1,loyal_bulk,0,1
CUST-b1b15e9667,2,2,1.0,1,2,0.5,0.0,0.0,0.5780053569097222,14.0,175.0,0.0019723058912037,0,0,0,1,normal,0,0
CUST-7d2f60ea6f,2,2,1.0,1,2,0.5,0.0,0.0,96.24378629703703,0.1454639363084887,150.0,222.6763295618056,0,0,0,1,normal,0,0
CUST-7a9c3db49b,2,2,1.0,1,1,1.0,0.0,0.0,60.24495625601852,0.2323845989779665,200.0,214.7283279153241,0,0,0,1,normal,0,0
CUST-123bb6acab,25,2,12.5,15,1,1.0,1.0,0.425,90.01306712510417,0.1555329736797233,1305.0,281.4480694379282,0,0,0,1,solo_reseller,1,0
CUST-a1aeb42f8c,3,3,1.0,1,3,0.3333333333333333,0.0,0.0,53.236646357835646,0.3944651182354035,170.0,330.14092003526616,0,0,0,1,normal,0,0
CUST-46b90d7185,7,2,3.5,4,1,1.0,0.0,0.0,96.96593335260415,0.14438060374349,595.0,331.63535008028936,0,0,0,1,loyal_bulk,0,1
CUST-cbc1f9706f,1,1,1.0,1,1,1.0,0.0,0.0,0.0,7.0,25.0,159.39583802655093,0,0,2,3,shared_address_legit,0,1
CUST-3585137891,2,2,1.0,1,2,0.5,0.0,0.0,98.86805569511571,0.1416028655723997,90.0,350.938811279757,0,0,0,1,normal,0,0
CUST-50640b3d3f,11,3,3.6666666666666665,4,3,0.3388429752066115,0.0,0.0,161.52699419434026,0.1300092291368585,620.0,639.9656610744445,0,0,0,1,loyal_bulk,0,1
CUST-1d6b40a4ca,12,3,4.0,4,1,1.0,0.0,0.0,79.98980637177084,0.262533452105106,1080.0,73.20231696873843,0,0,0,1,loyal_bulk,0,1
CUST-f48d7dceae,3,3,1.0,1,3,0.3333333333333333,0.0,0.0,81.82799248606482,0.2566358939280622,215.0,49.47949567662037,0,0,0,1,normal,0,0
CUST-72ccd1d725,1,1,1.0,1,1,1.0,0.0,0.0,0.0,7.0,30.0,181.75910003109956,0,0,0,1,normal,0,0
CUST-971b9e4d45,4,3,1.3333333333333333,2,3,0.375,0.0,0.0,85.2102640991551,0.2464491833467774,225.0,51.22840016119213,0,0,0,1,normal,0,0
CUST-ecb23b0577,24,2,12.0,12,2,0.5,1.0,0.375,120.00558525627316,0.1166612368091273,843.0,0.0,0,0,0,1,solo_reseller,1,0
CUST-f16f9f2dc0,7,2,3.5,4,2,0.510204081632653,1.0,0.425,89.99004926120371,0.1555727562651268,388.5,0.0,0,0,2,3,ring_reseller,1,0
CUST-0814e6f1c5,2,1,2.0,2,1,1.0,0.0,0.0,0.0,7.0,170.0,348.98307792925925,0,0,0,1,normal,0,0
CUST-e068805b46,2,1,2.0,2,1,1.0,0.0,0.0,0.0,7.0,180.0,84.4194819055787,0,0,0,1,normal,0,0
CUST-773a2bd02f,1,1,1.0,1,1,1.0,0.0,0.0,0.0,7.0,90.0,203.1478050148148,0,0,0,1,normal,0,0
CUST-aa230bf7b9,1,1,1.0,1,1,1.0,0.0,0.0,0.0,7.0,60.0,39.12387768831018,0,5,5,6,ring_reseller,1,0
CUST-9638d150ba,8,1,8.0,8,1,1.0,1.0,0.35,0.0,7.0,130.0,30.13213647974537,0,0,0,1,solo_reseller,1,0
CUST-0304fecb59,3,1,3.0,3,1,1.0,1.0,0.45,0.0,7.0,148.5,84.56870189623842,3,0,3,4,ring_reseller,1,0
CUST-545f25437c,16,4,4.0,6,1,1.0,0.0,0.0,65.82900187552083,0.4253444409342028,1440.0,420.5594499587269,0,0,0,1,loyal_bulk,0,1
CUST-f1aa8b7d3d,48,3,16.0,20,2,0.513888888888889,1.0,0.4000000000000001,119.98389450212962,0.1750234903370907,2360.0,0.0,0,0,0,1,solo_reseller,1,0
CUST-f71fd75ed6,31,3,10.333333333333334,15,2,0.6170655567117587,1.0,0.3999999999999999,60.01387778123843,0.3499190649960805,1275.0,382.6225616883681,0,0,0,1,solo_reseller,1,0
CUST-0028d7ed23,3,3,1.0,1,2,0.5555555555555556,0.0,0.0,18.39849103555556,1.1413979526591045,210.0,19.641613164236112,0,0,0,1,normal,0,0
CUST-3bda767827,1,1,1.0,1,1,1.0,0.0,0.0,0.0,7.0,90.0,24.08728693266204,0,0,0,1,normal,0,0
CUST-d77884c90e,2,2,1.0,1,2,0.5,0.0,0.0,18.040841672627312,0.7760170092973916,145.0,120.30952539163196,0,0,0,1,normal,0,0
CUST-116e0e2fba,1,1,1.0,1,1,1.0,0.0,0.0,0.0,7.0,90.0,49.540195526782405,0,0,0,1,normal,0,0
CUST-5345f54827,1,1,1.0,1,1,1.0,0.0,0.0,0.0,7.0,90.0,16.996490314560184,0,0,0,1,normal,0,0
CUST-f5ef30f852,3,3,1.0,1,3,0.3333333333333333,0.0,0.0,50.91747072413194,0.4124321122268002,115.0,52.67119884025463,0,0,0,1,normal,0,0
CUST-80702a7641,1,1,1.0,1,1,1.0,0.0,0.0,0.0,7.0,25.0,157.62272032267362,0,0,0,1,normal,0,0
CUST-5278351053,1,1,1.0,1,1,1.0,0.0,0.0,0.0,7.0,90.0,633.8656521132986,0,0,2,3,shared_address_legit,0,1
CUST-d88d0f11c4,2,1,2.0,2,1,1.0,0.0,0.0,0.0,7.0,140.0,9.845068254895832,0,0,0,1,normal,0,0
CUST-0361eec1a4,2,2,1.0,1,2,0.5,0.0,0.0,7.901732966793981,1.7717632396378369,180.0,9.201911512662038,0,5,5,6,ring_reseller,1,0
CUST-c819002d0d,1,1,1.0,1,1,1.0,0.0,0.0,0.0,7.0,25.0,338.83014685175925,0,0,1,2,shared_address_legit,0,1
CUST-f248b2540e,2,2,1.0,1,2,0.5,0.0,0.0,109.5787445473264,0.1277620040075699,175.0,304.1356253068634,0,0,0,1,normal,0,0
CUST-dc8cad5c92,2,2,1.0,1,1,1.0,0.0,0.0,112.2586112065278,0.1247120363376266,170.0,375.8258876976852,0,0,3,4,shared_address_legit,0,1
CUST-3c476eb6f0,12,1,12.0,12,1,1.0,1.0,0.35,0.0,7.0,195.0,590.6763322953125,0,0,0,1,solo_reseller,1,0
CUST-780e5314c1,1,1,1.0,1,1,1.0,0.0,0.0,0.0,7.0,70.0,262.020245975706,0,0,0,1,normal,0,0
CUST-fb11a406de,11,3,3.6666666666666665,5,1,1.0,0.0,0.0,126.04601167887732,0.1666058268745615,330.0,406.7906469087384,0,0,0,1,loyal_bulk,0,1
CUST-12b3bd1420,21,6,3.5,5,1,1.0,0.0,0.0,13.555712437222224,3.098324798088329,525.0,22.04463002826389,0,0,0,1,stealth_reseller,1,0
CUST-ea7ffd0230,2,2,1.0,1,2,0.5,0.0,0.0,5.745699220810185,2.436605095737312,160.0,468.1106391389815,0,0,0,1,normal,0,0
CUST-a92fd36664,2,2,1.0,1,2,0.5,0.0,0.0,42.91705596724537,0.326210633149788,130.0,226.22028848667824,0,0,0,1,normal,0,0
CUST-1ebab8bb0c,2,1,2.0,2,1,1.0,0.0,0.0,0.0,7.0,50.0,106.58078005707176,0,0,0,1,normal,0,0
CUST-f4ee85f655,1,1,1.0,1,1,1.0,0.0,0.0,0.0,7.0,30.0,306.64249265613427,0,0,0,1,normal,0,0
CUST-533e65f78d,22,5,4.4,8,1,1.0,0.0,0.0,28.41477860658565,1.231753394407518,1540.0,459.1698761510185,0,0,0,1,loyal_bulk,0,1
CUST-a866980878,7,2,3.5,4,2,0.510204081632653,0.0,0.0,102.77976766859952,0.1362135789715077,280.0,18.747114680949075,0,0,0,1,loyal_bulk,0,1
CUST-8175aa0750,3,3,1.0,1,2,0.5555555555555556,0.0,0.0,73.98817785862268,0.2838291279469945,270.0,419.071894776875,0,0,0,1,normal,0,0
CUST-80f77b9be0,40,9,4.444444444444445,8,2,0.78125,0.0,0.0,141.93939418938658,0.443851408270353,3800.0,547.8454116789931,0,0,0,1,loyal_bulk,0,1
CUST-817209ba40,1,1,1.0,1,1,1.0,0.0,0.0,0.0,7.0,85.0,354.2800754228588,0,0,3,4,shared_address_legit,0,1
CUST-dcc0eaca06,1,1,1.0,1,1,1.0,0.0,0.0,0.0,7.0,25.0,391.4708204826505,0,0,3,4,shared_address_legit,0,1
CUST-b7d01d6e49,2,1,2.0,2,1,1.0,0.0,0.0,0.0,7.0,180.0,317.57340403846064,0,5,5,6,ring_reseller,1,0
CUST-993e760b1e,4,3,1.3333333333333333,2,3,0.375,0.0,0.0,86.0577658512963,0.2440221378310819,300.0,336.7182553810764,0,0,0,1,normal,0,0
CUST-0bab2e7698,4,4,1.0,1,3,0.375,0.0,0.0,129.8315520141551,0.2156640629001127,250.0,398.88478735875,0,0,0,1,normal,0,0
CUST-7ec1ebe3d9,2,2,1.0,1,1,1.0,0.0,0.0,9.908066280902776,1.412990143897623,140.0,113.4143072644676,0,0,0,1,normal,0,0
CUST-9a4b279194,22,5,4.4,6,4,0.3181818181818181,0.0,0.0,76.3682178525,0.4583058369595597,1800.0,501.85352870872686,0,0,0,1,loyal_bulk,0,1
CUST-4b71913af6,9,2,4.5,5,1,1.0,0.0,0.0,7.974358333101852,1.755627150824849,900.0,441.5216410394444,0,0,0,1,loyal_bulk,0,1
CUST-976b22e2fe,1,1,1.0,1,1,1.0,0.0,0.0,0.0,7.0,100.0,135.8881275236227,0,5,5,6,ring_reseller,1,0
CUST-ead9bf3e30,4,3,1.3333333333333333,2,3,0.375,0.0,0.0,112.36753703608797,0.186886716163011,340.0,84.06203847663194,0,0,0,1,normal,0,0
CUST-6fcfafcbcb,1,1,1.0,1,1,1.0,0.0,0.0,0.0,7.0,30.0,336.8420298007639,0,0,0,1,normal,0,0
CUST-cd3d2186ad,3,1,3.0,3,1,1.0,1.0,0.35,0.0,7.0,117.0,75.67020530768518,0,4,4,5,ring_reseller,1,0
CUST-8203fa58d0,2,2,1.0,1,2,0.5,0.0,0.0,1.722178781261574,8.129237308187228,55.0,14.442210349004627,0,0,0,1,normal,0,0
CUST-e4866bccfd,37,3,12.333333333333334,15,1,1.0,1.0,0.4166666666666667,150.01727098650463,0.1399838822683898,2170.0,0.0,0,0,0,1,solo_reseller,1,0
CUST-103dbce1f1,1,1,1.0,1,1,1.0,0.0,0.0,0.0,7.0,30.0,276.8040718225926,0,0,0,1,normal,0,0
CUST-22e1abe4de,1,1,1.0,1,1,1.0,0.0,0.0,0.0,7.0,70.0,198.5365427602662,0,0,0,1,normal,0,0
CUST-d58cf95564,2,2,1.0,1,2,0.5,0.0,0.0,103.95435752206018,0.1346744892057945,145.0,344.88738313491893,0,0,0,1,normal,0,0
CUST-cf0bb4f83a,2,2,1.0,1,2,0.5,0.0,0.0,117.75226556113424,0.1188936784637194,170.0,204.35922107649307,0,0,0,1,normal,0,0
CUST-9788f7bb10,1,1,1.0,1,1,1.0,0.0,0.0,0.0,7.0,70.0,78.99284940047454,0,0,0,1,normal,0,0
CUST-63bd65d107,2,1,2.0,2,1,1.0,0.0,0.0,0.0,7.0,60.0,359.56521280379627,0,0,0,1,normal,0,0
CUST-fd990b5587,3,3,1.0,1,3,0.3333333333333333,0.0,0.0,69.3941781116088,0.302619046315745,205.0,85.2763678028125,0,0,0,1,normal,0,0
CUST-e8fb471c67,2,1,2.0,2,1,1.0,0.0,0.0,0.0,7.0,140.0,265.4514279573148,0,0,0,1,normal,0,0
CUST-33ccfe48f3,2,2,1.0,1,2,0.5,0.0,0.0,5.271440034108796,2.655820783204049,115.0,286.96986930480324,0,0,0,1,normal,0,0
CUST-822f1d72bb,3,3,1.0,1,3,0.3333333333333333,0.0,0.0,18.959075689907408,1.1076489351840633,185.0,0.7555365287037037,0,0,0,1,normal,0,0
CUST-1986d49cef,1,1,1.0,1,1,1.0,0.0,0.0,0.0,7.0,100.0,149.12650834975696,0,0,0,1,normal,0,0
CUST-495f24b778,2,2,1.0,1,2,0.5,0.0,0.0,71.3001921817824,0.1963529069361622,150.0,132.5988737893287,0,0,0,1,normal,0,0
CUST-da651ae70f,12,1,12.0,12,1,1.0,1.0,0.3,0.0,7.0,252.0,0.0,0,0,0,1,solo_reseller,1,0
CUST-a0907c867d,7,2,3.5,4,1,1.0,1.0,0.4,150.0113677708449,0.0933262605897053,378.0,0.0,5,0,5,6,ring_reseller,1,0
CUST-173905dcfa,1,1,1.0,1,1,1.0,0.0,0.0,0.0,7.0,90.0,467.8595429859375,0,0,2,3,shared_address_legit,0,1
CUST-5daae84170,3,1,3.0,3,1,1.0,1.0,0.35,0.0,7.0,48.75,109.34091663962964,0,4,4,5,ring_reseller,1,0
CUST-e9130ca0e4,33,3,11.0,15,2,0.5041322314049586,1.0,0.4166666666666667,150.00201337002315,0.1399981208798675,1850.0,292.4757922011111,0,0,0,1,solo_reseller,1,0
CUST-3f7f62a69e,2,2,1.0,1,2,0.5,0.0,0.0,11.419367773391205,1.2259873118914737,125.0,0.1942656826157407,0,0,0,1,normal,0,0
CUST-16ee9f6a3a,1,1,1.0,1,1,1.0,0.0,0.0,0.0,7.0,85.0,328.6490183476736,0,0,0,1,normal,0,0
CUST-d46b222abb,20,4,5.0,8,4,0.295,0.0,0.0,40.30582408265046,0.6946886867412426,1790.0,739.2538255429861,0,0,0,1,loyal_bulk,0,1
CUST-16098c9fe2,3,2,1.5,2,2,0.5555555555555556,0.0,0.0,36.58913383262732,0.3826272593399272,110.0,89.64228961447917,0,0,2,3,shared_address_legit,0,1
CUST-db8b573c4a,1,1,1.0,1,1,1.0,0.0,0.0,0.0,7.0,70.0,483.1252697975,0,0,0,1,normal,0,0
CUST-dd44b25493,2,1,2.0,2,1,1.0,0.0,0.0,0.0,7.0,200.0,112.98029222876156,0,0,0,1,normal,0,0
CUST-218b7a9d2d,28,7,4.0,5,2,0.5918367346938775,0.0,0.0,55.56124794814814,0.8819096368340873,2500.0,8.502105860949074,0,0,0,1,stealth_reseller,1,0
CUST-ef14944fea,12,3,4.0,4,3,0.3333333333333333,0.0,0.0,68.81196204079862,0.3051794975348777,940.0,386.4182117023611,0,0,0,1,loyal_bulk,0,1
CUST-1ff1fd0cc0,5,3,1.6666666666666667,2,2,0.52,0.0,0.0,104.94507146335648,0.2001046805455036,245.0,135.00502430296297,0,0,0,1,normal,0,0
CUST-969d71eea1,2,1,2.0,2,1,1.0,0.0,0.0,0.0,7.0,120.0,386.4479570263889,0,0,0,1,normal,0,0
CUST-0f6f25236f,8,2,4.0,5,1,1.0,1.0,0.425,90.01020094425927,0.155537926292041,465.0,0.0,0,0,4,5,ring_reseller,1,0
CUST-4c001ab7e1,3,3,1.0,1,2,0.5555555555555556,0.0,0.0,158.01409166127314,0.1328995393968826,290.0,47.55147765519676,0,0,0,1,normal,0,0
CUST-aab5a28ed7,3,2,1.5,2,2,0.5555555555555556,0.0,0.0,18.308760010671296,0.7646612873750092,290.0,1.236182602650463,0,0,0,1,normal,0,0
CUST-1787dc8497,1,1,1.0,1,1,1.0,0.0,0.0,0.0,7.0,70.0,205.21398066067127,0,0,0,1,normal,0,0
CUST-422c4b5fbb,3,2,1.5,2,2,0.5555555555555556,0.0,0.0,133.77612586569444,0.1046524550580527,200.0,389.8054422192709,0,0,3,4,shared_address_legit,0,1
CUST-2fddb037ac,2,1,2.0,2,1,1.0,0.0,0.0,0.0,7.0,180.0,53.63664262358797,0,0,0,1,normal,0,0
CUST-2657962ecf,2,2,1.0,1,2,0.5,0.0,0.0,100.23623945763887,0.1396700442449916,155.0,282.63394371934027,0,0,0,1,normal,0,0
CUST-4fa1ac72da,2,1,2.0,2,1,1.0,0.0,0.0,0.0,7.0,200.0,106.53888639873844,0,0,0,1,normal,0,0
CUST-3aea079724,2,2,1.0,1,2,0.5,0.0,0.0,46.116437581365744,0.3035793902184885,115.0,164.78645255434026,0,0,0,1,normal,0,0
CUST-1e2cacfa4c,2,2,1.0,1,2,0.5,0.0,0.0,52.44925632494213,0.2669246616818536,160.0,210.94383160836804,0,0,0,1,normal,0,0
CUST-cfcbe1a3b7,1,1,1.0,1,1,1.0,0.0,0.0,0.0,7.0,90.0,338.82793486028936,0,0,0,1,normal,0,0
CUST-b456617f63,26,7,3.7142857142857135,5,2,0.5473372781065089,0.0,0.0,162.8815452739815,0.3008321164781287,1800.0,456.8182860941667,0,0,0,1,stealth_reseller,1,0
CUST-4d23c9d593,8,1,8.0,8,1,1.0,1.0,0.45,0.0,7.0,440.0,100.46366134372684,0,0,0,1,solo_reseller,1,0
CUST-7a758b4941,2,1,2.0,2,1,1.0,0.0,0.0,0.0,7.0,180.0,174.77555702755785,0,0,0,1,normal,0,0
CUST-e9684f19ac,2,2,1.0,1,2,0.5,0.0,0.0,60.6375727181713,0.2308799540025884,100.0,19.246785660266205,5,0,5,6,ring_reseller,1,0
CUST-967984e33f,2,2,1.0,1,2,0.5,0.0,0.0,26.33319022878472,0.5316484587840272,130.0,7.473230573333334,0,0,0,1,normal,0,0
CUST-033f3122b2,3,2,1.5,2,2,0.5555555555555556,0.0,0.0,60.898693668993054,0.2298899887096952,210.0,9.594200565335647,0,0,0,1,normal,0,0
CUST-b4608450c9,2,1,2.0,2,1,1.0,0.0,0.0,0.0,7.0,50.0,318.5984283789352,0,0,0,1,normal,0,0
CUST-c11853c64d,1,1,1.0,1,1,1.0,0.0,0.0,0.0,7.0,70.0,246.76757021947915,0,0,0,1,normal,0,0
CUST-ce6a30a8f0,1,1,1.0,1,1,1.0,0.0,0.0,0.0,7.0,90.0,284.0083102563426,0,0,0,1,normal,0,0
CUST-f78f893d44,1,1,1.0,1,1,1.0,0.0,0.0,0.0,7.0,25.0,535.1335063065973,0,0,0,1,normal,0,0
CUST-157f6bc913,40,4,10.0,12,3,0.355,1.0,0.375,119.9972249415162,0.2333387294051719,1708.0,0.0,0,0,0,1,solo_reseller,1,0
CUST-042b3e800e,3,3,1.0,1,2,0.5555555555555556,0.0,0.0,95.40445553236113,0.2201155059563944,135.0,205.16776071319444,0,0,3,4,shared_address_legit,0,1
CUST-4668e4a6ef,38,3,12.666666666666666,15,2,0.6675900277008311,1.0,0.3666666666666667,149.99641625432872,0.1400033449092085,1788.0,0.0,0,0,0,1,solo_reseller,1,0
CUST-3676307432,23,6,3.8333333333333335,8,2,0.6143667296786388,0.0,0.0,171.53214039638888,0.2448520720545045,2070.0,682.5804813610416,0,0,0,1,loyal_bulk,0,1
CUST-d1cb6b5053,1,1,1.0,1,1,1.0,0.0,0.0,0.0,7.0,85.0,129.6842319286111,0,0,0,1,normal,0,0
CUST-ba21f73778,1,1,1.0,1,1,1.0,0.0,0.0,0.0,7.0,60.0,440.3752285714584,0,0,4,5,ring_reseller,1,0
CUST-4c3e984fd9,1,1,1.0,1,1,1.0,0.0,0.0,0.0,7.0,70.0,543.6124046598148,0,0,0,1,normal,0,0
CUST-b2a10d665f,7,2,3.5,4,1,1.0,1.0,0.4,149.99321548386573,0.0933375550009855,378.0,0.0,5,0,5,6,ring_reseller,1,0
CUST-d257824a95,1,1,1.0,1,1,1.0,0.0,0.0,0.0,7.0,100.0,240.6762093970949,0,0,0,1,normal,0,0
CUST-26d19bf16d,1,1,1.0,1,1,1.0,0.0,0.0,0.0,7.0,60.0,96.15853504309028,0,5,5,6,ring_reseller,1,0
CUST-add7726aff,1,1,1.0,1,1,1.0,0.0,0.0,0.0,7.0,25.0,59.68652863027778,0,0,0,1,normal,0,0
CUST-992cf67cc4,30,3,10.0,12,2,0.6088888888888888,1.0,0.3999999999999999,59.99298183380787,0.3500409440919948,1248.0,0.0,0,0,0,1,solo_reseller,1,0
CUST-0cdef9fe7e,45,12,3.75,5,4,0.3432098765432098,0.0,0.0,164.4332138991551,0.5108456984336277,3215.0,49.96849738209491,0,0,0,1,stealth_reseller,1,0
CUST-c7e4f0b244,2,2,1.0,1,2,0.5,0.0,0.0,1.089326158136574,12.85198183797286,170.0,420.6464314930093,0,0,0,1,normal,0,0
CUST-752946179d,1,1,1.0,1,1,1.0,0.0,0.0,0.0,7.0,25.0,32.906525747812495,0,0,0,1,normal,0,0
CUST-e4eac9c3c5,1,1,1.0,1,1,1.0,0.0,0.0,0.0,7.0,100.0,256.43678037292824,0,0,0,1,normal,0,0
CUST-2c10799410,2,2,1.0,1,2,0.5,0.0,0.0,7.288754965833333,1.920766998702276,160.0,0.4970516190277778,0,0,0,1,normal,0,0
CUST-8e823724e9,1,1,1.0,1,1,1.0,0.0,0.0,0.0,7.0,90.0,102.38728014695604,0,2,2,3,ring_reseller,1,0
CUST-203981dfe2,12,3,4.0,6,3,0.375,0.0,0.0,42.68471829979167,0.4919793508418795,930.0,353.683360513831,0,0,0,1,loyal_bulk,0,1
CUST-e696f9534a,1,1,1.0,1,1,1.0,0.0,0.0,0.0,7.0,25.0,321.77991775094904,0,0,0,1,normal,0,0
CUST-0d0979e3f1,2,1,2.0,2,1,1.0,0.0,0.0,0.0,7.0,180.0,78.0176079866551,0,0,0,1,normal,0,0
CUST-f433569cd3,1,1,1.0,1,1,1.0,0.0,0.0,0.0,7.0,70.0,559.8888339304283,0,0,0,1,normal,0,0
CUST-bb1f6d1513,18,2,9.0,10,1,1.0,1.0,0.425,59.991629395439816,0.2333658902264153,1040.0,391.7572364822569,0,0,0,1,solo_reseller,1,0
CUST-9e1d5d5b35,28,2,14.0,20,1,1.0,1.0,0.45,60.00822735075232,0.2333013424670756,1440.0,0.0,0,0,0,1,solo_reseller,1,0
CUST-eba9cd03a1,7,2,3.5,4,2,0.510204081632653,1.0,0.4,30.00343858385417,0.4666131837146778,315.0,0.0,0,4,4,5,ring_reseller,1,0
CUST-4b783b65dc,2,2,1.0,1,2,0.5,0.0,0.0,51.28174383059027,0.2730016367276653,150.0,102.16512878940974,0,0,0,1,normal,0,0
CUST-8c5ad5abcd,2,2,1.0,1,2,0.5,0.0,0.0,25.529812710949077,0.5483784843433561,170.0,20.83892775954861,0,0,0,1,normal,0,0
CUST-a5f95f44c4,4,3,1.3333333333333333,2,3,0.375,0.0,0.0,84.65126578825232,0.2480766212348158,295.0,298.6566373025232,0,0,0,1,normal,0,0
CUST-7fdbaa0146,1,1,1.0,1,1,1.0,0.0,0.0,0.0,7.0,90.0,267.84456507351854,0,0,0,1,normal,0,0
CUST-e30621298a,2,2,1.0,1,2,0.5,0.0,0.0,6.936498155972222,2.0183094819892955,120.0,52.90278503234954,0,0,0,1,normal,0,0
CUST-ac32a20e36,1,1,1.0,1,1,1.0,0.0,0.0,0.0,7.0,85.0,405.7269337899537,0,0,0,1,normal,0,0
CUST-6105ea52e9,2,1,2.0,2,1,1.0,0.0,0.0,0.0,7.0,200.0,176.3314010424537,0,0,0,1,normal,0,0
CUST-dfdf1cac1a,4,1,4.0,4,1,1.0,1.0,0.45,0.0,7.0,198.0,85.05257411361112,0,0,4,5,ring_reseller,1,0
CUST-5e41d66a04,2,2,1.0,1,2,0.5,0.0,0.0,64.36805386656249,0.2174991965583199,110.0,316.7113239605903,0,0,0,1,normal,0,0
CUST-fd43033c34,1,1,1.0,1,1,1.0,0.0,0.0,0.0,7.0,60.0,485.13354999049767,0,0,0,1,normal,0,0
CUST-c820ab2a03,1,1,1.0,1,1,1.0,0.0,0.0,0.0,7.0,100.0,133.62060489168982,0,0,0,1,normal,0,0
CUST-d5a5e4f742,3,2,1.5,2,2,0.5555555555555556,0.0,0.0,13.013595111631943,1.0757980312055642,270.0,362.8364445374537,0,0,0,1,normal,0,0
CUST-fa14f8d2d6,1,1,1.0,1,1,1.0,0.0,0.0,0.0,7.0,100.0,334.79479499729166,0,0,0,1,normal,0,0
CUST-8d69035d80,8,1,8.0,8,1,1.0,0.0,0.0,0.0,7.0,720.0,744.7151284719791,0,0,0,1,loyal_bulk,0,1
CUST-b330233148,40,12,3.333333333333333,4,1,1.0,0.0,0.0,147.21197500306712,0.5706057540376718,2800.0,76.93446573725694,0,0,0,1,stealth_reseller,1,0
CUST-14f5a5163f,1,1,1.0,1,1,1.0,0.0,0.0,0.0,7.0,25.0,371.0091359808102,0,0,0,1,normal,0,0
CUST-4722428245,2,2,1.0,1,2,0.5,0.0,0.0,34.57997705210648,0.404858568266377,175.0,109.44752168228008,0,0,1,2,shared_address_legit,0,1
CUST-590e5dc85a,1,1,1.0,1,1,1.0,0.0,0.0,0.0,7.0,30.0,319.97457172305553,0,0,0,1,normal,0,0
CUST-d7ec460c23,1,1,1.0,1,1,1.0,0.0,0.0,0.0,7.0,60.0,278.4942627877893,0,0,0,1,normal,0,0
CUST-d74769fbf8,1,1,1.0,1,1,1.0,0.0,0.0,0.0,7.0,70.0,2.178518864699074,0,0,0,1,normal,0,0
CUST-1822527b4e,3,3,1.0,1,3,0.3333333333333333,0.0,0.0,71.92966312403935,0.2919518747611326,235.0,137.4812391628125,0,5,5,6,ring_reseller,1,0
CUST-22c25fcb9c,1,1,1.0,1,1,1.0,0.0,0.0,0.0,7.0,70.0,233.30968874365743,0,0,0,1,normal,0,0
CUST-8e8cb7a9d6,8,1,8.0,8,1,1.0,1.0,0.45,0.0,7.0,440.0,0.0,0,0,0,1,solo_reseller,1,0
CUST-7df94550c3,32,8,4.0,5,1,1.0,0.0,0.0,118.72449374158565,0.4716802593564976,800.0,52.80540244186342,0,0,0,1,stealth_reseller,1,0
CUST-584ce7aaa8,1,1,1.0,1,1,1.0,0.0,0.0,0.0,7.0,25.0,127.2855846252662,0,0,0,1,normal,0,0
CUST-e3456272d5,1,1,1.0,1,1,1.0,0.0,0.0,0.0,7.0,90.0,468.5210767359607,0,0,0,1,normal,0,0
CUST-f53d5a46ce,19,3,6.333333333333333,8,2,0.5678670360110804,0.0,0.0,141.30303668516203,0.1486167636070709,1680.0,372.0572705178588,0,0,0,1,loyal_bulk,0,1
CUST-05a68d52b6,2,2,1.0,1,2,0.5,0.0,0.0,50.95973904453704,0.2747266815429429,160.0,494.33296827997685,0,0,0,1,normal,0,0
CUST-f045f1b4d2,20,6,3.333333333333333,4,2,0.58,0.0,0.0,105.64917844729166,0.3975421353697869,1680.0,496.97805475158566,0,0,0,1,stealth_reseller,1,0
CUST-8fd5601e06,8,2,4.0,5,1,1.0,1.0,0.425,89.99397339141203,0.1555659726136283,455.0,0.0,0,5,5,6,ring_reseller,1,0
CUST-0ae296bb36,1,1,1.0,1,1,1.0,0.0,0.0,0.0,7.0,100.0,46.64718918887731,0,0,0,1,normal,0,0
CUST-5e44b26bad,2,2,1.0,1,1,1.0,0.0,0.0,8.764914513344907,1.5972774153911578,50.0,108.97209212475694,0,0,1,2,shared_address_legit,0,1
CUST-d3bf905229,3,3,1.0,1,2,0.5555555555555556,0.0,0.0,8.098637579016204,2.5930287403416576,150.0,134.50048027343752,0,0,0,1,normal,0,0
CUST-fd5c1f6415,1,1,1.0,1,1,1.0,0.0,0.0,0.0,7.0,100.0,201.4372186431713,0,0,0,1,normal,0,0
CUST-e196109bb1,1,1,1.0,1,1,1.0,0.0,0.0,0.0,7.0,25.0,27.351605168854164,0,0,0,1,normal,0,0
CUST-362592916b,1,1,1.0,1,1,1.0,0.0,0.0,0.0,7.0,85.0,366.0575097290856,0,0,0,1,normal,0,0
CUST-e365352f98,2,2,1.0,1,1,1.0,0.0,0.0,121.39607969586808,0.1153249761860021,180.0,289.22351328953704,0,0,3,4,shared_address_legit,0,1
CUST-55d2d03e9f,2,2,1.0,1,1,1.0,0.0,0.0,20.56990016114583,0.6806061230401295,60.0,54.11535417358796,0,0,0,1,normal,0,0
CUST-9debce3c88,1,1,1.0,1,1,1.0,0.0,0.0,0.0,7.0,90.0,434.1810696183565,0,0,0,1,normal,0,0
CUST-5841b78c1e,8,1,8.0,8,1,1.0,1.0,0.35,0.0,7.0,130.0,342.9556424501852,0,0,0,1,solo_reseller,1,0
CUST-5b75cd228f,3,2,1.5,2,2,0.5555555555555556,0.0,0.0,154.9097295297801,0.0903752142779941,205.0,283.59798737085646,0,0,1,2,shared_address_legit,0,1
CUST-33b44aa072,19,4,4.75,6,3,0.3684210526315788,0.0,0.0,142.9095780923264,0.1959280852533947,970.0,412.7422707352199,0,0,0,1,loyal_bulk,0,1
CUST-0bf1610aee,10,2,5.0,6,2,0.52,0.0,0.0,76.59299538244213,0.1827843385690241,900.0,598.1759953063888,0,0,0,1,loyal_bulk,0,1
CUST-ab2d11f318,1,1,1.0,1,1,1.0,0.0,0.0,0.0,7.0,30.0,10.180746603333333,0,0,0,1,normal,0,0
CUST-ad48836474,2,2,1.0,1,1,1.0,0.0,0.0,23.08086393115741,0.6065630836764766,140.0,331.48472231238424,0,0,0,1,normal,0,0
CUST-0e847494d5,8,1,8.0,8,1,1.0,1.0,0.35,0.0,7.0,130.0,686.0982279792593,0,0,0,1,solo_reseller,1,0
CUST-c2c59cb98f,20,1,20.0,20,1,1.0,1.0,0.35,0.0,7.0,780.0,25.656125867800927,0,0,0,1,solo_reseller,1,0
CUST-7fdf892643,11,3,3.6666666666666665,5,2,0.5041322314049586,1.0,0.3833333333333333,89.98898578369213,0.2333618922039861,555.5,0.0,0,0,4,5,ring_reseller,1,0
CUST-dfc58cf178,1,1,1.0,1,1,1.0,0.0,0.0,0.0,7.0,100.0,302.1128803159375,0,0,0,1,normal,0,0
CUST-01886ec27b,29,7,4.142857142857143,5,3,0.4387633769322234,0.0,0.0,169.76125138542824,0.288640662106983,1620.0,422.02107552917823,0,0,0,1,loyal_bulk,0,1
CUST-c68821a7dd,10,3,3.333333333333333,4,2,0.58,0.0,0.0,67.34559638625,0.3118243972413256,705.0,644.2244603337616,0,0,0,1,loyal_bulk,0,1
CUST-1348a10108,1,1,1.0,1,1,1.0,0.0,0.0,0.0,7.0,30.0,270.8236182949884,0,0,0,1,normal,0,0
CUST-6765f90e1e,10,3,3.333333333333333,4,1,1.0,0.0,0.0,154.22475378331018,0.1361649118241132,600.0,348.62355152232635,0,0,0,1,loyal_bulk,0,1
CUST-c5191d95a6,2,2,1.0,1,2,0.5,0.0,0.0,4.384602787256944,3.192991629866329,185.0,454.121261357581,0,0,0,1,normal,0,0
CUST-84b5f4a242,3,3,1.0,1,2,0.5555555555555556,0.0,0.0,62.17984177444445,0.3377300327681258,220.0,83.5967915572338,0,0,2,3,shared_address_legit,0,1
CUST-b388dbfc86,2,2,1.0,1,2,0.5,0.0,0.0,89.1768168803588,0.1569914747998086,120.0,305.5564302691319,0,0,2,3,shared_address_legit,0,1
CUST-b252c4d64d,1,1,1.0,1,1,1.0,0.0,0.0,0.0,7.0,90.0,596.482775685764,0,0,1,2,shared_address_legit,0,1
CUST-3b585cbb36,8,2,4.0,4,2,0.5,1.0,0.375,119.98806999555556,0.1166782664353095,281.0,0.0,0,3,3,4,ring_reseller,1,0
CUST-9f23e896c6,2,2,1.0,1,2,0.5,0.0,0.0,126.53293220212964,0.110643132632347,160.0,270.0137259738079,0,0,0,1,normal,0,0
CUST-739eb5c54b,1,1,1.0,1,1,1.0,0.0,0.0,0.0,7.0,85.0,5.885615025231481,0,0,0,1,normal,0,0
CUST-39ac3da2c6,3,2,1.5,2,1,1.0,0.0,0.0,29.474543080949072,0.4749861587862553,255.0,341.73275782438657,0,0,0,1,normal,0,0
CUST-1ac54dc01a,2,2,1.0,1,2,0.5,0.0,0.0,23.38490735762732,0.5986767356353756,85.0,8.508250241608796,0,0,0,1,normal,0,0
CUST-43d2f9d121,16,2,8.0,8,2,0.5,1.0,0.375,119.9894913792824,0.116676884276028,744.0,575.4545246328472,0,0,0,1,solo_reseller,1,0
CUST-12df178f29,4,3,1.3333333333333333,2,3,0.375,0.0,0.0,31.18938257622685,0.6733060505021541,250.0,356.0984797871065,0,0,0,1,normal,0,0
CUST-44b1461f92,3,3,1.0,1,3,0.3333333333333333,0.0,0.0,83.43431500685186,0.2516950010109799,220.0,18.543843702789356,0,0,0,1,normal,0,0
CUST-a33a0b8718,5,4,1.25,2,3,0.44,0.0,0.0,162.4279885729861,0.1723840838392107,370.0,82.65314316528935,0,0,0,1,normal,0,0
CUST-0f79769032,2,2,1.0,1,1,1.0,0.0,0.0,88.18407148872686,0.1587588298391247,140.0,76.82712464148149,0,0,0,1,normal,0,0
CUST-3e13e78329,3,2,1.5,2,2,0.5555555555555556,0.0,0.0,105.22542133555557,0.1330476972418585,265.0,6.105608171585649,0,2,2,3,ring_reseller,1,0
CUST-271b0dafac,2,2,1.0,1,2,0.5,0.0,0.0,13.720122286215275,1.0203990684591724,115.0,13.125293851805557,0,5,5,6,ring_reseller,1,0
CUST-a71fe0d17d,3,2,1.5,2,1,1.0,0.0,0.0,101.87798559835647,0.1374192856069373,180.0,88.99693512177083,0,0,3,4,shared_address_legit,0,1
CUST-29d9082c74,2,2,1.0,1,2,0.5,0.0,0.0,94.792037687581,0.1476917296170138,180.0,312.510541478669,0,0,1,2,shared_address_legit,0,1
CUST-adca82b50a,38,3,12.666666666666666,20,2,0.5013850415512464,1.0,0.4166666666666667,149.9828832696875,0.1400159774381683,1947.0,34.97806278545139,0,0,0,1,solo_reseller,1,0
CUST-bfc24140a7,2,2,1.0,1,2,0.5,0.0,0.0,129.66410538195603,0.1079712844102823,115.0,385.946628300949,0,0,0,1,normal,0,0
CUST-1407b9901b,2,2,1.0,1,2,0.5,0.0,0.0,53.05035580484953,0.2639002092936049,170.0,400.95887256647,0,0,0,1,normal,0,0
CUST-c7c3e2687c,1,1,1.0,1,1,1.0,0.0,0.0,0.0,7.0,90.0,293.2119432039584,0,3,3,4,ring_reseller,1,0
CUST-322365b75b,3,3,1.0,1,3,0.3333333333333333,0.0,0.0,127.29385399702548,0.1649726152567485,190.0,253.50054881650465,0,0,0,1,normal,0,0
CUST-5b4c0c941e,1,1,1.0,1,1,1.0,0.0,0.0,0.0,7.0,60.0,36.72644000333334,0,0,0,1,normal,0,0
CUST-84c1b35473,2,1,2.0,2,1,1.0,0.0,0.0,0.0,7.0,120.0,234.53908289153932,0,0,0,1,normal,0,0
CUST-fb156bfa62,2,2,1.0,1,2,0.5,0.0,0.0,15.878678968831018,0.8816854366462875,160.0,46.22824631015046,0,0,3,4,shared_address_legit,0,1
CUST-315c5c28fd,3,3,1.0,1,3,0.3333333333333333,0.0,0.0,153.3969168659838,0.1368997528049849,190.0,288.0825197231713,0,0,0,1,normal,0,0
CUST-1696fdf3e0,1,1,1.0,1,1,1.0,0.0,0.0,0.0,7.0,90.0,88.96951395664352,0,0,0,1,normal,0,0
CUST-afd7f6f42b,8,1,8.0,8,1,1.0,1.0,0.35,0.0,7.0,312.0,32.87481147734954,0,0,0,1,solo_reseller,1,0
CUST-5641aa9561,2,2,1.0,1,1,1.0,0.0,0.0,43.93237897844907,0.3186715658368437,120.0,314.8702475777778,0,0,0,1,normal,0,0
CUST-41af290867,2,2,1.0,1,2,0.5,0.0,0.0,90.68690419674768,0.1543773064479809,160.0,320.1408909267824,0,0,0,1,normal,0,0
CUST-207bfb4582,1,1,1.0,1,1,1.0,0.0,0.0,0.0,7.0,30.0,77.25563849623842,0,0,1,2,shared_address_legit,0,1
CUST-9f2bfa27b5,4,2,2.0,2,2,0.5,0.0,0.0,77.45202518953704,0.1807570552963572,380.0,77.65700197346064,0,0,0,1,normal,0,0
CUST-ec4bf9b1ed,10,2,5.0,6,2,0.52,0.0,0.0,65.36651389149306,0.214176941166538,720.0,675.3242470647916,0,0,0,1,loyal_bulk,0,1
CUST-55ce42fe5c,23,5,4.6,8,4,0.3081285444234404,0.0,0.0,146.69677535855325,0.2385873848586905,1820.0,468.03407955902776,0,0,0,1,loyal_bulk,0,1
CUST-a5d535c150,1,1,1.0,1,1,1.0,0.0,0.0,0.0,7.0,30.0,409.4470721832871,0,0,0,1,normal,0,0
CUST-41d7a00662,1,1,1.0,1,1,1.0,0.0,0.0,0.0,7.0,90.0,43.76263937488426,5,0,5,6,ring_reseller,1,0
CUST-c1ba326c96,1,1,1.0,1,1,1.0,0.0,0.0,0.0,7.0,100.0,192.90718703842592,0,0,3,4,shared_address_legit,0,1
CUST-323ea252c6,2,2,1.0,1,2,0.5,0.0,0.0,88.21627489487268,0.1587008748293191,125.0,555.5531555135069,0,0,3,4,shared_address_legit,0,1
CUST-59062c6b8c,1,1,1.0,1,1,1.0,0.0,0.0,0.0,7.0,100.0,14.034027703958335,0,0,0,1,normal,0,0
CUST-8d75c10b8c,1,1,1.0,1,1,1.0,0.0,0.0,0.0,7.0,100.0,261.90702469149306,0,0,0,1,normal,0,0
CUST-2827c07cb1,1,1,1.0,1,1,1.0,0.0,0.0,0.0,7.0,60.0,78.01174493537036,0,0,0,1,normal,0,0
CUST-053cc7432c,1,1,1.0,1,1,1.0,0.0,0.0,0.0,7.0,25.0,509.4749276738078,0,0,0,1,normal,0,0
CUST-3ef6f251e4,3,2,1.5,2,2,0.5555555555555556,0.0,0.0,27.21174705784722,0.5144836886157492,250.0,58.33335030453704,0,0,0,1,normal,0,0
CUST-22e87bbc5c,1,1,1.0,1,1,1.0,0.0,0.0,0.0,7.0,90.0,275.4294593843403,0,0,0,1,normal,0,0
CUST-f2aa6933bd,1,1,1.0,1,1,1.0,0.0,0.0,0.0,7.0,60.0,405.6101005354514,0,0,0,1,normal,0,0
CUST-d8b64cfd02,24,5,4.8,6,5,0.2118055555555555,0.0,0.0,157.9952558562153,0.2215256389207787,1710.0,465.1080747978241,0,0,0,1,loyal_bulk,0,1
CUST-b458007b51,2,2,1.0,1,2,0.5,0.0,0.0,96.20222527172454,0.1455267792450414,155.0,437.739221250787,0,0,0,1,normal,0,0
CUST-d0de9fe881,1,1,1.0,1,1,1.0,0.0,0.0,0.0,7.0,90.0,31.267021087511573,0,0,0,1,normal,0,0
CUST-a17fbc352a,1,1,1.0,1,1,1.0,0.0,0.0,0.0,7.0,100.0,31.60849560297454,0,0,0,1,normal,0,0
CUST-b112857274,2,2,1.0,1,1,1.0,0.0,0.0,77.88774274747685,0.1797458689410218,170.0,181.93707298440967,0,0,0,1,normal,0,0
CUST-bb195ceabb,8,5,1.6,2,4,0.28125,0.0,0.0,69.06877207260418,0.5067413094185091,430.0,5.349801895543981,0,0,2,3,shared_address_legit,0,1
CUST-4e8bca9481,1,1,1.0,1,1,1.0,0.0,0.0,0.0,7.0,100.0,260.6841405560417,0,0,0,1,normal,0,0
CUST-73f5bf80cd,1,1,1.0,1,1,1.0,0.0,0.0,0.0,7.0,90.0,161.3445716220139,0,0,0,1,normal,0,0
CUST-b3c8c98fcb,23,6,3.8333333333333335,5,5,0.2173913043478261,0.0,0.0,58.72380900599537,0.7152124617071763,1935.0,37.73111589311343,0,0,0,1,loyal_bulk,0,1
CUST-1a58a42006,1,1,1.0,1,1,1.0,0.0,0.0,0.0,7.0,100.0,184.2707588134375,0,0,0,1,normal,0,0
CUST-2d372b1a88,2,2,1.0,1,2,0.5,0.0,0.0,84.64968578211806,0.165387501095219,160.0,24.42203685609953,0,0,0,1,normal,0,0
CUST-55dbfc4fbc,2,2,1.0,1,2,0.5,0.0,0.0,16.32016332465278,0.8578345523572055,125.0,250.1250220220486,0,0,0,1,normal,0,0
CUST-b02ee27196,1,1,1.0,1,1,1.0,0.0,0.0,0.0,7.0,25.0,44.061520119953705,0,0,0,1,normal,0,0
CUST-26e8884577,2,2,1.0,1,2,0.5,0.0,0.0,92.0396634517824,0.1521083354170922,130.0,250.9795429846875,0,0,0,1,normal,0,0
CUST-17d8245599,4,4,1.0,1,4,0.25,0.0,0.0,161.53392807233797,0.1733381979509658,315.0,110.95494963934028,0,0,0,1,normal,0,0
CUST-6f29878926,8,1,8.0,8,1,1.0,1.0,0.45,0.0,7.0,440.0,113.39291967761574,0,0,0,1,solo_reseller,1,0
CUST-6b3e750385,16,4,4.0,5,3,0.3515625,0.0,0.0,62.840425202280095,0.4455730512622956,1020.0,409.66277527640045,0,0,0,1,loyal_bulk,0,1
CUST-4aa4627d9c,3,2,1.5,2,2,0.5555555555555556,0.0,0.0,1.264350333159722,11.072880381984616,230.0,0.6097490823726852,0,0,0,1,normal,0,0
CUST-9006709d1d,10,1,10.0,10,1,1.0,1.0,0.4,0.0,7.0,600.0,0.0,0,0,0,1,solo_reseller,1,0
CUST-42abd0d98d,2,1,2.0,2,1,1.0,0.0,0.0,0.0,7.0,50.0,206.7893466615509,0,0,0,1,normal,0,0
CUST-fad9f95ef2,7,2,3.5,4,2,0.510204081632653,0.0,0.0,138.3394311728588,0.1012003582876282,510.0,585.5827905068056,0,0,0,1,loyal_bulk,0,1
CUST-75ce7e1ab9,43,3,14.333333333333334,20,2,0.5024337479718766,1.0,0.4000000000000001,60.00805041200231,0.3499530455633625,1665.0,460.4509807710648,0,0,0,1,solo_reseller,1,0
CUST-2880b9d1cd,1,1,1.0,1,1,1.0,0.0,0.0,0.0,7.0,90.0,21.249371669432872,0,0,0,1,normal,0,0
CUST-8735da1b9e,1,1,1.0,1,1,1.0,0.0,0.0,0.0,7.0,90.0,363.1421511165509,0,0,0,1,normal,0,0
CUST-8d51b12bd2,1,1,1.0,1,1,1.0,0.0,0.0,0.0,7.0,70.0,544.4858359670254,0,0,0,1,normal,0,0
CUST-e5f1551b9b,2,2,1.0,1,2,0.5,0.0,0.0,19.47303440747685,0.7189429087962054,120.0,112.94185355402776,0,0,1,2,shared_address_legit,0,1
CUST-90e81dbb3f,1,1,1.0,1,1,1.0,0.0,0.0,0.0,7.0,25.0,101.34115009045138,0,0,0,1,normal,0,0
CUST-eb0385c62d,1,1,1.0,1,1,1.0,0.0,0.0,0.0,7.0,60.0,461.1264127282871,0,0,0,1,normal,0,0
CUST-696ba2165c,1,1,1.0,1,1,1.0,0.0,0.0,0.0,7.0,70.0,498.55490221238426,0,0,0,1,normal,0,0
CUST-e5ed7f3b94,2,1,2.0,2,1,1.0,0.0,0.0,0.0,7.0,140.0,239.68088479604168,0,0,0,1,normal,0,0
CUST-5bb54dda7a,3,3,1.0,1,3,0.3333333333333333,0.0,0.0,157.92565844998842,0.1329739587987865,175.0,99.1575384891898,0,0,0,1,normal,0,0
CUST-45b78b61cc,2,2,1.0,1,2,0.5,0.0,0.0,87.98144715892361,0.1591244569404657,145.0,334.4618160682176,0,0,0,1,normal,0,0
CUST-44ee8a1a82,1,1,1.0,1,1,1.0,0.0,0.0,0.0,7.0,90.0,321.3590284042361,0,0,0,1,normal,0,0
CUST-2888b6fa02,2,2,1.0,1,2,0.5,0.0,0.0,27.404318737094904,0.51086838298408,95.0,208.52870192170136,0,0,1,2,shared_address_legit,0,1
CUST-abcd9091cc,31,8,3.875,8,4,0.2965660770031217,0.0,0.0,142.20266891568286,0.3938041418421228,2205.0,359.7065181414236,0,0,0,1,loyal_bulk,0,1
CUST-2bc4d0130e,7,2,3.5,4,1,1.0,1.0,0.425,90.00438689358796,0.155547973639909,405.0,0.0,0,5,5,6,ring_reseller,1,0
CUST-c67c596bb6,1,1,1.0,1,1,1.0,0.0,0.0,0.0,7.0,25.0,368.4347725108565,0,0,2,3,shared_address_legit,0,1
CUST-384fae8d28,2,2,1.0,1,2,0.5,0.0,0.0,11.747739808460649,1.1917185967906174,160.0,364.72539137868057,0,0,0,1,normal,0,0
CUST-f4642f086d,20,2,10.0,12,2,0.52,1.0,0.35,30.00045790315972,0.4666595438373454,1020.0,7.975492722928241,0,0,0,1,solo_reseller,1,0
CUST-07c8c7340d,2,2,1.0,1,2,0.5,0.0,0.0,122.4639644599074,0.1143193433410638,115.0,153.20414773899304,0,0,0,1,normal,0,0
CUST-6a3c81fc41,3,1,3.0,3,1,1.0,1.0,0.35,0.0,7.0,48.75,41.09824363716435,0,0,1,2,ring_reseller,1,0
CUST-1ba94095f7,25,4,6.25,8,4,0.2704,0.0,0.0,85.28598245457177,0.3283071753897472,1820.0,424.6443346644676,0,0,0,1,loyal_bulk,0,1
CUST-04db34db5c,11,3,3.6666666666666665,5,2,0.6033057851239669,0.0,0.0,92.12128055729168,0.227960356965943,755.0,286.41854675601854,0,0,0,1,loyal_bulk,0,1
CUST-d7a69a61f4,4,3,1.3333333333333333,2,3,0.375,0.0,0.0,95.1835013877662,0.2206264709095803,340.0,73.90215684989583,0,0,0,1,normal,0,0
CUST-d12da82140,1,1,1.0,1,1,1.0,0.0,0.0,0.0,7.0,30.0,265.7793260315625,0,0,0,1,normal,0,0
CUST-9b297eb138,16,4,4.0,6,2,0.53125,0.0,0.0,178.17681949798612,0.1571472657267657,1300.0,62.23918740515046,0,0,0,1,loyal_bulk,0,1
CUST-462d7ff1e1,1,1,1.0,1,1,1.0,0.0,0.0,0.0,7.0,90.0,10.854016406319444,0,0,0,1,normal,0,0
CUST-deb9b10329,1,1,1.0,1,1,1.0,0.0,0.0,0.0,7.0,70.0,2.4453666443171294,0,0,0,1,normal,0,0
CUST-9048a6d960,1,1,1.0,1,1,1.0,0.0,0.0,0.0,7.0,30.0,261.18177885295137,0,0,0,1,normal,0,0
CUST-81404edd1c,2,2,1.0,1,1,1.0,0.0,0.0,67.84347979608796,0.206357339601075,170.0,372.172324565463,0,0,0,1,normal,0,0
CUST-5a7eac750d,6,2,3.0,3,2,0.5,1.0,0.375,119.99115161104169,0.1166752699014158,210.75,0.0,0,3,3,4,ring_reseller,1,0
CUST-42c0791836,20,2,10.0,10,2,0.5,1.0,0.35,120.00100868667823,0.1166656860073059,1000.0,41.14080789862268,0,0,0,1,solo_reseller,1,0
CUST-077a925c90,1,1,1.0,1,1,1.0,0.0,0.0,0.0,7.0,30.0,170.38400274625002,0,0,0,1,normal,0,0
CUST-e0f9a0e7f0,3,3,1.0,1,1,1.0,0.0,0.0,41.19804329318287,0.5097329465517338,270.0,185.2119956225116,0,0,0,1,normal,0,0
CUST-5832009d1b,4,4,1.0,1,2,0.5,0.0,0.0,115.6558599323148,0.2420975471228731,300.0,72.8499747615625,0,0,3,4,shared_address_legit,0,1
CUST-4a0364182a,4,1,4.0,4,1,1.0,1.0,0.4,0.0,7.0,216.0,0.0,1,0,1,2,ring_reseller,1,0
CUST-3e7af6d44c,4,3,1.3333333333333333,2,3,0.375,0.0,0.0,135.0534628929514,0.1554939766086961,170.0,421.90534974478015,0,0,0,1,normal,0,0
CUST-adbd7294fb,1,1,1.0,1,1,1.0,0.0,0.0,0.0,7.0,90.0,24.43995878605324,1,0,1,2,ring_reseller,1,0
CUST-fd92f05788,19,4,4.75,8,4,0.2908587257617728,0.0,0.0,157.99118785686343,0.1772250742577326,1435.0,411.4501783713773,0,0,0,1,loyal_bulk,0,1
CUST-3d99dab5ad,1,1,1.0,1,1,1.0,0.0,0.0,0.0,7.0,60.0,14.923708670347224,0,0,0,1,normal,0,0
CUST-3963428b63,2,2,1.0,1,2,0.5,0.0,0.0,51.16110141671296,0.2736453987956282,125.0,27.43898829641204,0,0,0,1,normal,0,0
CUST-c56710277e,1,1,1.0,1,1,1.0,0.0,0.0,0.0,7.0,70.0,487.4435691013194,0,0,1,2,shared_address_legit,0,1
CUST-4207c91417,1,1,1.0,1,1,1.0,0.0,0.0,0.0,7.0,100.0,100.33500825539352,0,0,0,1,normal,0,0
CUST-d22b0ad757,2,2,1.0,1,2,0.5,0.0,0.0,7.238987291157407,1.933972175514292,125.0,363.19775876614585,0,0,0,1,normal,0,0
CUST-2418f5f37e,4,4,1.0,1,3,0.375,0.0,0.0,115.85364331570602,0.2416842422788451,310.0,197.5190570995023,0,0,0,1,normal,0,0
CUST-05ad850aad,9,2,4.5,5,2,0.5061728395061729,1.0,0.4,29.99546442429398,0.4667372307348272,403.5,0.0,0,4,4,5,ring_reseller,1,0
CUST-1a4f6222ec,1,1,1.0,1,1,1.0,0.0,0.0,0.0,7.0,85.0,97.56580083591436,0,0,0,1,normal,0,0
CUST-db5b50d94f,20,1,20.0,20,1,1.0,1.0,0.4,0.0,7.0,1200.0,119.69668283827546,0,0,0,1,solo_reseller,1,0
CUST-72a5d21e31,2,1,2.0,2,1,1.0,0.0,0.0,0.0,7.0,170.0,18.450830383923613,0,0,0,1,normal,0,0
CUST-b2d2eb47a9,3,3,1.0,1,3,0.3333333333333333,0.0,0.0,39.5537984733912,0.5309224603075027,250.0,295.6512030379051,0,0,0,1,normal,0,0
CUST-6b79fa4cb0,22,2,11.0,12,1,1.0,1.0,0.4,150.00774594864583,0.0933285138808285,1188.0,52.700004764375,0,0,0,1,solo_reseller,1,0
CUST-9dcf7cb401,12,3,4.0,6,3,0.375,0.0,0.0,37.62579454274305,0.5581277486683747,705.0,54.2243282025,0,0,0,1,loyal_bulk,0,1
CUST-cf163e928c,38,4,9.5,12,4,0.2576177285318559,1.0,0.3874999999999999,120.01628257353008,0.2333016770690702,1608.0,0.0,0,0,0,1,solo_reseller,1,0
CUST-5c40ffc1fc,3,1,3.0,3,1,1.0,0.0,0.0,0.0,7.0,210.0,562.1152993180671,0,0,0,1,loyal_bulk,0,1
CUST-f7db278531,3,3,1.0,1,3,0.3333333333333333,0.0,0.0,44.7086641069676,0.4697076152791438,140.0,16.92082256681713,3,0,3,4,ring_reseller,1,0
CUST-ea457301aa,7,2,3.5,4,2,0.510204081632653,1.0,0.4,29.999403300740735,0.4666759488397663,304.5,0.0,0,4,4,5,ring_reseller,1,0
CUST-7052f6f78c,18,3,6.0,8,3,0.3580246913580246,0.0,0.0,124.33884851379632,0.1688933125166419,1460.0,352.75901870729166,0,0,0,1,loyal_bulk,0,1
CUST-811766ba92,3,2,1.5,2,2,0.5555555555555556,0.0,0.0,51.11698356921296,0.2738815756028296,165.0,165.54830098179397,0,0,0,1,normal,0,0
CUST-261d2feebe,15,3,5.0,6,3,0.3422222222222222,0.0,0.0,93.20254253021992,0.2253157417158547,1085.0,466.3842808404282,0,0,0,1,loyal_bulk,0,1
CUST-034f208c73,4,4,1.0,1,3,0.375,0.0,0.0,98.91881486236112,0.2830604070515818,205.0,3.203170519097222,0,0,0,1,normal,0,0
CUST-c44018b68c,1,1,1.0,1,1,1.0,0.0,0.0,0.0,7.0,70.0,292.9305551247569,0,0,0,1,normal,0,0
CUST-db9e5c416d,2,1,2.0,2,1,1.0,0.0,0.0,0.0,7.0,120.0,51.49920311791667,0,0,0,1,normal,0,0
CUST-c1b252428b,25,5,5.0,8,4,0.3248,0.2,0.45,83.84808718506945,0.4174215676828503,1715.0,21.160901843217594,0,0,0,1,loyal_bulk,0,1
CUST-01d1d85133,2,2,1.0,1,2,0.5,0.0,0.0,120.55476725907408,0.1161297916150738,125.0,350.20535868087967,0,0,0,1,normal,0,0
CUST-2ad523a905,10,3,3.333333333333333,4,1,1.0,0.0,0.0,38.42922636072917,0.5464590882698567,1000.0,38.20991725116898,0,0,0,1,loyal_bulk,0,1
CUST-460309cd00,1,1,1.0,1,1,1.0,0.0,0.0,0.0,7.0,70.0,414.8861431099884,0,0,3,4,shared_address_legit,0,1
CUST-4dcbaaa59c,1,1,1.0,1,1,1.0,0.0,0.0,0.0,7.0,70.0,191.5525929428009,0,0,0,1,normal,0,0
CUST-49fa8c2812,35,3,11.666666666666666,15,3,0.353469387755102,1.0,0.3666666666666667,150.00764284273149,0.1399928670435577,1877.0,24.11079901690972,0,0,0,1,solo_reseller,1,0
CUST-04dcf162ca,1,1,1.0,1,1,1.0,0.0,0.0,0.0,7.0,90.0,290.32415750729166,0,0,0,1,normal,0,0
CUST-e226bd0e71,1,1,1.0,1,1,1.0,0.0,0.0,0.0,7.0,90.0,411.1110166337848,0,0,0,1,normal,0,0
CUST-4393f5cad6,2,2,1.0,1,2,0.5,0.0,0.0,35.09189706122685,0.3989524982241169,55.0,21.885759168101853,0,0,3,4,shared_address_legit,0,1
CUST-f595b84c4f,28,6,4.666666666666667,8,1,1.0,0.0,0.0,107.99256549784722,0.3889156610585128,2520.0,594.5962108662847,0,0,0,1,loyal_bulk,0,1
CUST-eccda7b220,4,3,1.3333333333333333,2,3,0.375,0.0,0.0,12.299071927488423,1.7074459051715114,330.0,21.141044663009257,0,0,0,1,normal,0,0
CUST-2e33a5db3f,2,2,1.0,1,2,0.5,0.0,0.0,64.33905168072917,0.2175972389128837,90.0,197.4610542909722,0,0,0,1,normal,0,0
CUST-2bbf0853bc,14,3,4.666666666666667,8,1,1.0,0.0,0.0,39.97753536185185,0.5252950140602973,980.0,553.0662523546758,0,0,0,1,loyal_bulk,0,1
CUST-dafb7ed125,10,3,3.333333333333333,4,2,0.52,0.0,0.0,141.1450297410301,0.1487831348969946,960.0,611.3520610503588,0,0,0,1,loyal_bulk,0,1
CUST-16783daa66,2,2,1.0,1,2,0.5,0.0,0.0,3.5911595130324074,3.8984623070052025,150.0,118.64768634945602,0,0,0,1,normal,0,0
CUST-769e6e1829,1,1,1.0,1,1,1.0,0.0,0.0,0.0,7.0,100.0,441.6743301929051,0,0,1,2,shared_address_legit,0,1
CUST-c294128c41,2,2,1.0,1,2,0.5,0.0,0.0,47.711963390891206,0.2934274551919356,150.0,14.694980040324076,0,0,0,1,normal,0,0
CUST-28574c49ed,10,1,10.0,10,1,1.0,1.0,0.4,0.0,7.0,540.0,0.0,0,0,0,1,solo_reseller,1,0
CUST-5609ce6c07,1,1,1.0,1,1,1.0,0.0,0.0,0.0,7.0,90.0,437.4102643365393,0,0,0,1,normal,0,0
CUST-6b6806f90c,2,2,1.0,1,1,1.0,0.0,0.0,151.71838220041667,0.0922762278173142,200.0,105.8580988390162,0,0,0,1,normal,0,0
CUST-b03b02b770,5,5,1.0,1,3,0.44,0.0,0.0,11.14851820232639,3.1394306727414643,415.0,1.1895527612037036,0,0,0,1,normal,0,0
CUST-88d781c505,2,1,2.0,2,1,1.0,0.0,0.0,0.0,7.0,180.0,48.04785790519676,0,0,0,1,normal,0,0
CUST-50a8f1460e,2,1,2.0,2,1,1.0,0.0,0.0,0.0,7.0,180.0,157.87015960413194,0,0,0,1,normal,0,0
CUST-3175a01d3d,3,1,3.0,3,1,1.0,1.0,0.4,0.0,7.0,153.0,91.8911643027662,2,0,2,3,ring_reseller,1,0
CUST-d0be6b50ff,1,1,1.0,1,1,1.0,0.0,0.0,0.0,7.0,70.0,81.15564823936342,0,0,1,2,shared_address_legit,0,1
CUST-d08a94c3cf,5,4,1.25,2,4,0.28,0.0,0.0,131.12506449690972,0.2135365965876027,400.0,148.2297751961111,0,0,1,2,shared_address_legit,0,1
CUST-ecda40cac2,8,2,4.0,5,2,0.53125,1.0,0.375,120.00212220954862,0.1166646034438715,243.25,0.0,0,3,3,4,ring_reseller,1,0
CUST-10a92caf1c,3,2,1.5,2,2,0.5555555555555556,0.0,0.0,62.225655814375,0.2249875845706362,120.0,117.5506994259838,0,0,0,1,normal,0,0
CUST-d9298c2a62,2,1,2.0,2,1,1.0,0.0,0.0,0.0,7.0,180.0,33.03816593027778,0,0,0,1,normal,0,0
CUST-27145c7921,2,2,1.0,1,2,0.5,0.0,0.0,15.352350941192128,0.9119124526027076,145.0,40.29872153513889,0,0,3,4,shared_address_legit,0,1
CUST-6b59900e71,3,1,3.0,3,1,1.0,1.0,0.3,0.0,7.0,147.0,0.0,0,2,2,3,ring_reseller,1,0
CUST-d00d8db259,28,2,14.0,20,2,0.5918367346938775,1.0,0.3249999999999999,89.99620032719908,0.1555621231685362,948.0,252.58343256170136,0,0,0,1,solo_reseller,1,0
CUST-cdcb1d1c15,25,7,3.571428571428572,4,2,0.7888,0.0,0.0,128.7131543220486,0.3806914705656179,2140.0,605.5340339770718,0,0,0,1,stealth_reseller,1,0
CUST-88def002a0,2,2,1.0,1,2,0.5,0.0,0.0,131.92882428862268,0.1061178258465488,55.0,87.80594042321759,0,0,0,1,normal,0,0
CUST-02a970f49a,1,1,1.0,1,1,1.0,0.0,0.0,0.0,7.0,100.0,52.67328082340278,0,1,1,2,ring_reseller,1,0
CUST-98f346d91e,15,4,3.75,4,3,0.3955555555555555,0.0,0.0,110.57884041262732,0.2532130007469548,1250.0,261.83734545094904,0,0,0,1,loyal_bulk,0,1
CUST-76af66ee81,2,2,1.0,1,2,0.5,0.0,0.0,61.871638784884254,0.2262749181200015,170.0,409.51163174724536,0,0,0,1,normal,0,0
CUST-4669af3765,3,3,1.0,1,3,0.3333333333333333,0.0,0.0,18.956287979594908,1.1078118259547969,265.0,75.34559478418981,2,0,2,3,ring_reseller,1,0
CUST-e3afd1d978,1,1,1.0,1,1,1.0,0.0,0.0,0.0,7.0,30.0,398.0760907711805,0,0,0,1,normal,0,0
CUST-9fb57e305a,15,4,3.75,4,1,1.0,0.0,0.0,152.37272415680556,0.1837599226170257,1350.0,481.2232639520486,0,0,0,1,loyal_bulk,0,1
CUST-01e484db42,1,1,1.0,1,1,1.0,0.0,0.0,0.0,7.0,70.0,41.50952640924769,0,0,3,4,shared_address_legit,0,1
CUST-ef65284c02,2,1,2.0,2,1,1.0,0.0,0.0,0.0,7.0,200.0,88.63094193784723,0,0,0,1,normal,0,0
CUST-95a0b13964,1,1,1.0,1,1,1.0,0.0,0.0,0.0,7.0,90.0,103.41286951449077,0,0,0,1,normal,0,0
CUST-1e1b582a3f,1,1,1.0,1,1,1.0,0.0,0.0,0.0,7.0,85.0,11.000287943877314,0,0,0,1,normal,0,0
CUST-8f5c1c36ca,11,3,3.6666666666666665,4,1,1.0,0.0,0.0,94.98001448298612,0.2210991450602669,1100.0,36.16981042822917,0,0,0,1,loyal_bulk,0,1
CUST-1ee7f8d683,8,1,8.0,8,1,1.0,1.0,0.35,0.0,7.0,312.0,739.6593999529977,0,0,0,1,solo_reseller,1,0
CUST-22a2a51ed7,1,1,1.0,1,1,1.0,0.0,0.0,0.0,7.0,70.0,35.793706630717594,0,0,0,1,normal,0,0
CUST-344e9da9db,3,1,3.0,3,1,1.0,1.0,0.3,0.0,7.0,147.0,0.0,2,0,2,3,ring_reseller,1,0
CUST-dee9c5ba0c,23,2,11.5,15,1,1.0,1.0,0.45,90.00339624849538,0.1555496857179324,1105.0,57.9696486053125,0,0,0,1,solo_reseller,1,0
CUST-d030eaaf71,2,2,1.0,1,2,0.5,0.0,0.0,23.584186379953703,0.5936181038621644,100.0,189.60664236815973,0,0,0,1,normal,0,0
CUST-bc0bba97cf,12,2,6.0,8,1,1.0,0.0,0.0,89.98049402238426,0.1555892768994716,840.0,399.35561195528936,0,0,0,1,loyal_bulk,0,1
CUST-a519b313d9,1,1,1.0,1,1,1.0,0.0,0.0,0.0,7.0,30.0,148.92712073631944,0,0,0,1,normal,0,0
CUST-0d5c71e943,3,3,1.0,1,3,0.3333333333333333,0.0,0.0,75.36230996245371,0.2786538789809179,200.0,124.17335401925926,3,0,3,4,ring_reseller,1,0
CUST-8639e00bcf,4,3,1.3333333333333333,2,3,0.375,0.0,0.0,103.13141881130788,0.2036236894832426,225.0,390.2882108118403,0,0,1,2,shared_address_legit,0,1
CUST-e115a4371a,4,1,4.0,4,1,1.0,1.0,0.3,0.0,7.0,196.0,0.0,2,0,2,3,ring_reseller,1,0
CUST-61a07f421d,2,2,1.0,1,2,0.5,0.0,0.0,112.49782630934028,0.1244468489684731,150.0,470.9219016146296,0,0,3,4,shared_address_legit,0,1
CUST-2cdf2fcaa5,1,1,1.0,1,1,1.0,0.0,0.0,0.0,7.0,85.0,255.0978979614121,0,0,0,1,normal,0,0
CUST-0b18848f79,2,2,1.0,1,2,0.5,0.0,0.0,160.8852318470139,0.0870185525375792,160.0,339.5926968346412,0,0,1,2,shared_address_legit,0,1
CUST-e2713d03d5,2,2,1.0,1,2,0.5,0.0,0.0,107.89097068623842,0.1297606269639922,160.0,418.74040453913193,0,0,0,1,normal,0,0
CUST-42b47dfc33,1,1,1.0,1,1,1.0,0.0,0.0,0.0,7.0,25.0,280.20011010263886,0,0,0,1,normal,0,0
CUST-ed09b04956,1,1,1.0,1,1,1.0,0.0,0.0,0.0,7.0,100.0,366.0469832121181,0,0,0,1,normal,0,0
CUST-f15ea30b4e,2,2,1.0,1,2,0.5,0.0,0.0,76.926280323125,0.1819924210711047,130.0,14.086439183020834,0,0,2,3,shared_address_legit,0,1
CUST-36e2cfa0e4,1,1,1.0,1,1,1.0,0.0,0.0,0.0,7.0,60.0,332.83963389408564,0,0,0,1,normal,0,0
CUST-a8f0a65cc3,17,5,3.4,4,3,0.370242214532872,0.0,0.0,35.54594206578704,0.9846412267038352,1385.0,24.251257084085648,0,0,0,1,loyal_bulk,0,1
CUST-e2a6471036,2,2,1.0,1,2,0.5,0.0,0.0,65.010636911875,0.2153493745796963,160.0,172.2447019631134,0,0,0,1,normal,0,0
CUST-e766761735,1,1,1.0,1,1,1.0,0.0,0.0,0.0,7.0,90.0,45.64974373232639,0,0,0,1,normal,0,0
CUST-d19f3df475,1,1,1.0,1,1,1.0,0.0,0.0,0.0,7.0,30.0,429.6020873544792,0,0,0,1,normal,0,0
CUST-3175efc667,3,2,1.5,2,2,0.5555555555555556,0.0,0.0,37.521510123969904,0.3731193108631405,205.0,24.11624040045139,0,0,0,1,normal,0,0
CUST-8b4244b158,12,3,4.0,5,2,0.513888888888889,1.0,0.3833333333333333,90.00055719406251,0.2333318887650776,605.0,0.0,0,0,4,5,ring_reseller,1,0
CUST-c1bd1991ce,3,2,1.5,2,2,0.5555555555555556,0.0,0.0,123.54576671569444,0.1133183303011671,240.0,342.5054755601968,0,0,0,1,normal,0,0
CUST-ef63ebd116,15,1,15.0,15,1,1.0,1.0,0.4,0.0,7.0,900.0,23.5920769447338,0,0,0,1,solo_reseller,1,0
CUST-79b3611c1c,42,3,14.0,15,2,0.5408163265306123,1.0,0.3666666666666667,149.99892455891205,0.1400010037522119,2355.0,448.7034597637616,0,0,0,1,solo_reseller,1,0
CUST-6253dc9178,2,2,1.0,1,2,0.5,0.0,0.0,113.4495884022801,0.1234028276097177,150.0,77.03890777228008,0,0,0,1,normal,0,0
CUST-ac03e48779,10,1,10.0,10,1,1.0,1.0,0.3,0.0,7.0,210.0,2.770488971828704,0,0,0,1,solo_reseller,1,0
CUST-e839ed30cb,2,2,1.0,1,2,0.5,0.0,0.0,31.61260148275463,0.4428613699393676,130.0,185.1958785944097,0,0,0,1,normal,0,0
CUST-3f30371edf,2,2,1.0,1,2,0.5,0.0,0.0,50.30776548643519,0.278287056970855,150.0,5.666578516006944,0,0,0,1,normal,0,0
CUST-fd8ae7d98b,2,2,1.0,1,2,0.5,0.0,0.0,24.01964658204861,0.5828562028245278,120.0,22.05049793055556,0,0,0,1,normal,0,0
CUST-533e16de52,2,2,1.0,1,2,0.5,0.0,0.0,61.70188992971065,0.2268974259289054,150.0,369.1710280003472,0,0,0,1,normal,0,0
CUST-3eeb1b75ca,3,1,3.0,3,1,1.0,1.0,0.5,0.0,7.0,127.5,0.0,5,0,5,6,ring_reseller,1,0
CUST-231c013f36,1,1,1.0,1,1,1.0,0.0,0.0,0.0,7.0,60.0,253.928046585,0,0,0,1,normal,0,0
CUST-3bbbf18c52,2,1,2.0,2,1,1.0,0.0,0.0,0.0,7.0,120.0,18.6203520978125,0,0,0,1,normal,0,0
CUST-6325473a62,1,1,1.0,1,1,1.0,0.0,0.0,0.0,7.0,85.0,512.2605402579513,0,0,0,1,normal,0,0
CUST-45b22257d6,31,3,10.333333333333334,15,2,0.5005202913631633,1.0,0.4000000000000001,119.98946622413196,0.1750153631050701,1063.0,0.0,0,0,0,1,solo_reseller,1,0
CUST-2fe2fc0266,2,2,1.0,1,1,1.0,0.0,0.0,89.22507903461806,0.1569065575673875,140.0,430.2492203214005,0,0,0,1,normal,0,0
CUST-bc14fb6cf1,3,1,3.0,3,1,1.0,0.0,0.0,0.0,7.0,300.0,67.42557421686342,0,0,0,1,loyal_bulk,0,1
CUST-1ab485cebb,1,1,1.0,1,1,1.0,0.0,0.0,0.0,7.0,30.0,170.82410604534724,0,0,0,1,normal,0,0
CUST-e01e310a9c,1,1,1.0,1,1,1.0,0.0,0.0,0.0,7.0,100.0,67.27375119849538,0,0,0,1,normal,0,0
CUST-b83fbe8d5c,1,1,1.0,1,1,1.0,0.0,0.0,0.0,7.0,90.0,414.1618383725232,0,0,0,1,normal,0,0
CUST-25c9b91da7,2,2,1.0,1,2,0.5,0.0,0.0,0.2909610019328704,14.0,120.0,196.36847396515049,0,0,0,1,normal,0,0
CUST-43c13b8317,27,6,4.5,6,4,0.3470507544581617,0.0,0.0,150.3515753855787,0.2793452605487532,1790.0,410.8974726403357,0,0,0,1,loyal_bulk,0,1
CUST-94b25b8362,14,3,4.666666666666667,5,2,0.5408163265306123,1.0,0.3833333333333333,89.99266233518519,0.2333523584598902,708.5,0.0,0,0,4,5,ring_reseller,1,0
CUST-663d415947,1,1,1.0,1,1,1.0,0.0,0.0,0.0,7.0,90.0,38.84175087913194,0,0,0,1,normal,0,0
CUST-906093d92d,1,1,1.0,1,1,1.0,0.0,0.0,0.0,7.0,60.0,263.0901666103704,5,0,5,6,ring_reseller,1,0
CUST-ab00a90257,5,4,1.25,2,4,0.28,0.0,0.0,13.707527405497684,2.04267328247471,380.0,5.977735999432871,0,0,0,1,normal,0,0
CUST-709f59fcf6,3,2,1.5,2,2,0.5555555555555556,0.0,0.0,34.67830044518519,0.4037106726763996,140.0,3.057811754918981,0,0,3,4,shared_address_legit,0,1
CUST-739075d2cc,3,2,1.5,2,1,1.0,0.0,0.0,112.87449678550924,0.1240315607041298,300.0,237.40781145233797,0,0,0,1,normal,0,0
CUST-d15a3838fb,3,3,1.0,1,2,0.5555555555555556,0.0,0.0,115.56987201059027,0.1817082569588349,130.0,225.5190004007986,0,0,0,1,normal,0,0
CUST-2a76452576,3,3,1.0,1,2,0.5555555555555556,0.0,0.0,74.99067698471065,0.2800348102509002,270.0,186.01961668371527,0,5,5,6,ring_reseller,1,0
CUST-34befafd0f,20,2,10.0,12,2,0.52,1.0,0.35,29.99777501224537,0.4667012801544471,684.0,0.0,0,0,0,1,solo_reseller,1,0
CUST-7be066a193,17,3,5.666666666666667,8,3,0.3633217993079585,0.0,0.0,94.30258235453704,0.2226874331081312,725.0,353.736108141875,0,0,0,1,loyal_bulk,0,1
CUST-1361fa1f01,1,1,1.0,1,1,1.0,0.0,0.0,0.0,7.0,25.0,168.75072505381942,0,0,0,1,normal,0,0
CUST-533dff669e,1,1,1.0,1,1,1.0,0.0,0.0,0.0,7.0,85.0,451.0374305896644,0,0,0,1,normal,0,0
CUST-ada42b7356,1,1,1.0,1,1,1.0,0.0,0.0,0.0,7.0,90.0,71.82591414677084,0,0,0,1,normal,0,0
CUST-7ea0b01aa3,1,1,1.0,1,1,1.0,0.0,0.0,0.0,7.0,30.0,427.8233018012616,0,0,0,1,normal,0,0
CUST-8898f6ef8e,1,1,1.0,1,1,1.0,0.0,0.0,0.0,7.0,70.0,28.7727264691088,0,0,0,1,normal,0,0
CUST-67ae40ae64,1,1,1.0,1,1,1.0,0.0,0.0,0.0,7.0,90.0,351.88436502754627,0,0,0,1,normal,0,0
CUST-c250e63a0f,25,7,3.571428571428572,5,1,1.0,0.0,0.0,110.92964466429396,0.4417214185467603,1500.0,5.688246245798611,0,0,0,1,stealth_reseller,1,0
CUST-10cec72d2e,5,1,5.0,5,1,1.0,1.0,0.45,0.0,7.0,247.5,85.02360375594907,0,0,4,5,ring_reseller,1,0
CUST-e3c4d2c1c6,4,4,1.0,1,3,0.375,0.0,0.0,156.3032939966551,0.1791388990215343,310.0,282.4059711690625,0,0,0,1,normal,0,0
CUST-e92e28738b,1,1,1.0,1,1,1.0,0.0,0.0,0.0,7.0,70.0,10.04400542943287,0,0,0,1,normal,0,0
CUST-acb5511333,3,3,1.0,1,3,0.3333333333333333,0.0,0.0,92.50664131949074,0.2270107280997499,230.0,101.54738138361112,0,0,0,1,normal,0,0
CUST-f83f700768,8,1,8.0,8,1,1.0,1.0,0.5,0.0,7.0,340.0,0.0,0,0,0,1,solo_reseller,1,0
CUST-10c0507f85,2,2,1.0,1,2,0.5,0.0,0.0,36.04380869107639,0.388416222047757,160.0,269.5662016733681,2,0,2,3,ring_reseller,1,0
CUST-e10305ead5,28,6,4.666666666666667,8,3,0.3903061224489796,0.0,0.0,111.04250723877314,0.3782335345660738,2115.0,276.2326469784953,0,0,0,1,loyal_bulk,0,1
CUST-479fb3ec3f,3,2,1.5,2,2,0.5555555555555556,0.0,0.0,35.17878281253473,0.3979671518086632,130.0,209.1129383040509,0,0,0,1,normal,0,0
CUST-15a97b8fa4,2,1,2.0,2,1,1.0,0.0,0.0,0.0,7.0,60.0,155.19908580733798,0,0,2,3,shared_address_legit,0,1
CUST-ac79a2178c,1,1,1.0,1,1,1.0,0.0,0.0,0.0,7.0,25.0,231.8818725492361,0,0,0,1,normal,0,0
CUST-baf9c63e4b,1,1,1.0,1,1,1.0,0.0,0.0,0.0,7.0,25.0,231.5140800889699,0,0,0,1,normal,0,0
CUST-a33f00d483,21,6,3.5,4,1,1.0,0.0,0.0,92.62157190702548,0.4534580782343022,1890.0,21.206085512141204,0,0,0,1,stealth_reseller,1,0
CUST-8418da0100,10,1,10.0,10,1,1.0,1.0,0.3,0.0,7.0,210.0,0.0,0,0,0,1,solo_reseller,1,0
CUST-6a6ccf99f7,20,2,10.0,12,1,1.0,1.0,0.4,149.99264754898147,0.0933379084159986,1080.0,11.132699667870371,0,0,0,1,solo_reseller,1,0
CUST-9688650e89,8,1,8.0,8,1,1.0,1.0,0.3,0.0,7.0,168.0,0.0,0,0,0,1,solo_reseller,1,0
CUST-c2d1e80c54,1,1,1.0,1,1,1.0,0.0,0.0,0.0,7.0,100.0,207.92917915837964,0,0,0,1,normal,0,0
CUST-65a633b7f4,2,2,1.0,1,2,0.5,0.0,0.0,144.0814655876042,0.0971672514775173,150.0,428.0771208723379,0,0,0,1,normal,0,0
CUST-35b8b95393,1,1,1.0,1,1,1.0,0.0,0.0,0.0,7.0,70.0,49.32771370083333,0,0,0,1,normal,0,0
CUST-1716ce6787,2,2,1.0,1,2,0.5,0.0,0.0,89.39609244631944,0.1566063976275777,115.0,194.92352380450237,0,0,0,1,normal,0,0
CUST-865d3e1a0f,3,3,1.0,1,2,0.5555555555555556,0.0,0.0,49.33607085672454,0.4256520560987821,225.0,71.26198282155093,0,0,0,1,normal,0,0
CUST-e477b78ce5,3,3,1.0,1,3,0.3333333333333333,0.0,0.0,31.409611000023148,0.6685851664952019,260.0,76.42249050719907,0,5,5,6,ring_reseller,1,0
CUST-ec3a015d66,2,2,1.0,1,2,0.5,0.0,0.0,15.268153493738424,0.9169412663909554,185.0,101.56531794275465,0,0,3,4,shared_address_legit,0,1
CUST-fff8eb4310,2,2,1.0,1,2,0.5,0.0,0.0,96.5668665060648,0.144977262973742,120.0,30.57611013667824,0,0,0,1,normal,0,0
CUST-c69b98f77a,8,2,4.0,4,2,0.5,0.0,0.0,46.33560024597222,0.3021434906568835,460.0,96.65723518368056,0,0,0,1,loyal_bulk,0,1
CUST-3207b2f41a,1,1,1.0,1,1,1.0,0.0,0.0,0.0,7.0,85.0,344.14792559684025,0,0,0,1,normal,0,0
CUST-f0feaf327c,3,2,1.5,2,2,0.5555555555555556,0.0,0.0,9.399808392777778,1.4893920615186922,170.0,429.4395335326042,0,0,0,1,normal,0,0
CUST-0f4e31e009,2,1,2.0,2,1,1.0,0.0,0.0,0.0,7.0,200.0,90.6416817218287,0,0,0,1,normal,0,0
CUST-fafc42e2f8,2,2,1.0,1,2,0.5,0.0,0.0,42.00305316971065,0.3333091035890628,145.0,397.42047080258106,0,0,0,1,normal,0,0
CUST-a5dd771c07,4,4,1.0,1,3,0.375,0.0,0.0,130.11030042753472,0.2152020240364802,225.0,409.94820545460647,0,0,0,1,normal,0,0
CUST-3d555d4fe7,1,1,1.0,1,1,1.0,0.0,0.0,0.0,7.0,25.0,56.76719840304398,0,0,0,1,normal,0,0
CUST-b69d3e59f5,35,3,11.666666666666666,15,2,0.5493877551020409,1.0,0.4000000000000001,119.98687085971063,0.175019148757978,1695.0,81.68211805346066,0,0,0,1,solo_reseller,1,0
CUST-043307be1a,10,2,5.0,6,2,0.52,0.0,0.0,43.81062313581019,0.3195571986410893,780.0,751.2220850896759,0,0,0,1,loyal_bulk,0,1
CUST-6e1885214b,1,1,1.0,1,1,1.0,0.0,0.0,0.0,7.0,90.0,47.46924785832176,0,0,0,1,normal,0,0
CUST-f42d90f970,10,1,10.0,10,1,1.0,1.0,0.4,0.0,7.0,600.0,130.09641833159722,0,0,0,1,solo_reseller,1,0
CUST-08e50c5711,38,3,12.666666666666666,20,2,0.6675900277008311,1.0,0.4166666666666667,120.00707737541669,0.1749896794362049,1842.0,0.0,0,0,0,1,solo_reseller,1,0
CUST-1e9c2d170c,2,2,1.0,1,2,0.5,0.0,0.0,37.11259805313657,0.3772303943786222,90.0,396.7542717151621,0,0,0,1,normal,0,0
CUST-bc31e436da,2,2,1.0,1,2,0.5,0.0,0.0,9.71852466085648,1.4405478700268275,175.0,184.60371434327547,0,0,0,1,normal,0,0
CUST-e5839b7881,25,7,3.571428571428572,5,5,0.248,0.0,0.0,112.36867892185184,0.436064573065575,1850.0,534.4989646833218,0,0,0,1,loyal_bulk,0,1
CUST-f7cd9a71d2,37,3,12.333333333333334,15,2,0.6055514974433893,1.0,0.45,89.99308705517362,0.2333512571596212,1845.0,354.0299094604051,0,0,0,1,solo_reseller,1,0
CUST-fc1a72a0f5,1,1,1.0,1,1,1.0,0.0,0.0,0.0,7.0,70.0,343.2877974510185,0,0,0,1,normal,0,0
CUST-f6b0a3949d,15,4,3.75,5,3,0.3688888888888889,0.0,0.0,40.67380260247685,0.6884037933127729,1215.0,9.21558004866898,0,0,0,1,loyal_bulk,0,1
CUST-1b3e0f2d81,4,3,1.3333333333333333,2,2,0.625,0.0,0.0,76.88311857501157,0.2731418858811145,160.0,369.8628555666204,0,0,0,1,normal,0,0
CUST-d2cbe9d4d9,1,1,1.0,1,1,1.0,0.0,0.0,0.0,7.0,90.0,35.25122084922454,0,0,0,1,normal,0,0
CUST-0c2e9d1fbe,2,2,1.0,1,2,0.5,0.0,0.0,106.89994745846064,0.1309635816747257,90.0,202.25542872930555,0,0,0,1,normal,0,0
CUST-f3e95eed38,2,2,1.0,1,1,1.0,0.0,0.0,32.48834075799768,0.4309238229272638,180.0,78.57901583234954,0,0,0,1,normal,0,0
CUST-ed422e6094,3,1,3.0,3,1,1.0,0.0,0.0,0.0,7.0,270.0,386.14513936172455,0,0,0,1,loyal_bulk,0,1
CUST-dd017900b9,12,3,4.0,5,2,0.513888888888889,0.0,0.0,69.63918652155093,0.3015543553700361,1150.0,775.6699872404398,0,0,0,1,loyal_bulk,0,1
CUST-54d75d1379,4,2,2.0,2,2,0.5,0.0,0.0,21.469540963530093,0.6520866013754806,320.0,158.2365779134838,0,0,0,1,normal,0,0
CUST-39febbb33d,23,6,3.8333333333333335,5,1,1.0,0.0,0.0,47.21320823260417,0.8895815720270399,575.0,13.08798656375,0,0,0,1,stealth_reseller,1,0
CUST-bba524b8a6,22,2,11.0,12,2,0.5041322314049586,1.0,0.4,150.01581853620368,0.0933234917264498,1248.0,202.2997461233912,0,0,0,1,solo_reseller,1,0
CUST-4cde5703ce,20,2,10.0,12,1,1.0,1.0,0.45,90.00913668803241,0.1555397653520815,1008.0,100.31902772533564,0,0,0,1,solo_reseller,1,0
CUST-15722455a6,2,2,1.0,1,2,0.5,0.0,0.0,66.04137853229166,0.2119883065910646,170.0,276.7421100995718,0,0,0,1,normal,0,0
CUST-790d9c6527,2,2,1.0,1,2,0.5,0.0,0.0,30.459155940266204,0.4596319092838803,170.0,197.91588882939817,0,0,3,4,shared_address_legit,0,1
CUST-de1225d2cc,3,2,1.5,2,2,0.5555555555555556,0.0,0.0,45.752634103171296,0.3059933110830356,290.0,183.26446076045136,0,0,0,1,normal,0,0
CUST-b78b32ff69,6,4,1.5,2,3,0.5,0.0,0.0,70.92117472723379,0.3948045151210387,415.0,177.12930191986112,0,0,0,1,normal,0,0
CUST-e46dcd3490,9,2,4.5,5,2,0.5061728395061729,1.0,0.4,149.9928551530324,0.0933377792276591,510.0,0.0,0,0,3,4,ring_reseller,1,0
CUST-cb484134ab,3,2,1.5,2,2,0.5555555555555556,0.0,0.0,48.40225608052084,0.2892427158087411,270.0,57.49009761273148,0,0,0,1,normal,0,0
CUST-95dbc3265d,1,1,1.0,1,1,1.0,0.0,0.0,0.0,7.0,25.0,195.59311620373845,0,0,0,1,normal,0,0
CUST-5322df03b2,15,3,5.0,8,3,0.3955555555555555,0.0,0.0,82.46802667881944,0.254644143260354,750.0,24.082264779363424,0,0,0,1,loyal_bulk,0,1
CUST-084ee2afe7,32,9,3.555555555555556,5,4,0.396484375,0.0,0.0,38.96990357880787,1.6166321754580852,2180.0,4.111483028819444,0,0,0,1,stealth_reseller,1,0
CUST-4a362b6d0f,15,1,15.0,15,1,1.0,1.0,0.3,0.0,7.0,315.0,70.7906426857986,0,0,0,1,solo_reseller,1,0
CUST-f399597f1e,3,3,1.0,1,2,0.5555555555555556,0.0,0.0,62.4748385100926,0.3361353226484534,280.0,181.06514787234957,0,0,2,3,shared_address_legit,0,1
CUST-d7901846c5,4,1,4.0,4,1,1.0,1.0,0.45,0.0,7.0,198.0,85.02834172032406,0,0,4,5,ring_reseller,1,0
CUST-e9fc088498,1,1,1.0,1,1,1.0,0.0,0.0,0.0,7.0,90.0,196.8914828218866,0,0,0,1,normal,0,0
CUST-40657b80cb,26,8,3.25,4,1,1.0,0.0,0.0,143.43912627168982,0.3904095169537613,650.0,3.630635735532408,0,0,0,1,stealth_reseller,1,0
CUST-b964b174d9,2,2,1.0,1,2,0.5,0.0,0.0,142.51244158800927,0.0982370370193554,160.0,166.63929179733796,0,0,0,1,normal,0,0
CUST-54e7fc40fe,2,2,1.0,1,2,0.5,0.0,0.0,19.138675306238422,0.7315030834676719,175.0,117.18802887716436,0,0,0,1,normal,0,0
CUST-bca431aa52,2,1,2.0,2,1,1.0,0.0,0.0,0.0,7.0,200.0,19.984238468402776,0,0,0,1,normal,0,0
CUST-310ecff7ca,3,1,3.0,3,1,1.0,1.0,0.45,0.0,7.0,148.5,84.62889031357639,3,0,3,4,ring_reseller,1,0
CUST-2806f61a26,35,10,3.5,5,1,1.0,0.0,0.0,147.949537451169,0.4731342943407553,3150.0,210.12021761942128,0,0,0,1,stealth_reseller,1,0
CUST-8f1816936e,26,3,8.666666666666666,10,1,1.0,1.0,0.4166666666666667,149.99885579719907,0.1400010679307604,1510.0,0.0,0,0,0,1,solo_reseller,1,0
CUST-35f88686cd,1,1,1.0,1,1,1.0,0.0,0.0,0.0,7.0,85.0,341.05066440311344,0,0,0,1,normal,0,0
CUST-8ef519e14c,1,1,1.0,1,1,1.0,0.0,0.0,0.0,7.0,25.0,39.113613261828704,0,0,0,1,normal,0,0
CUST-fc2ab13b14,3,1,3.0,3,1,1.0,1.0,0.35,0.0,7.0,117.0,75.63257196038194,0,4,4,5,ring_reseller,1,0
CUST-d81867e7ec,2,1,2.0,2,1,1.0,0.0,0.0,0.0,7.0,140.0,59.21807489055556,0,0,0,1,normal,0,0
CUST-bfd0ad940a,2,1,2.0,2,1,1.0,0.0,0.0,0.0,7.0,140.0,387.59922772119216,0,0,0,1,normal,0,0
CUST-5c2d3f9114,6,4,1.5,2,4,0.2777777777777778,0.0,0.0,113.41520963734952,0.2468804677038583,415.0,316.00613578765046,0,0,0,1,normal,0,0
CUST-4fcae083ba,21,6,3.5,4,1,1.0,0.0,0.0,153.05109110939816,0.2744181677867239,1260.0,40.97362843039352,0,0,0,1,stealth_reseller,1,0
CUST-b8fa17f4f9,2,2,1.0,1,2,0.5,0.0,0.0,88.24786775960648,0.1586440596858045,115.0,375.1401787158912,0,0,0,1,normal,0,0
CUST-74122c44f5,4,1,4.0,4,1,1.0,1.0,0.35,0.0,7.0,65.0,109.4184183995139,0,4,4,5,ring_reseller,1,0
CUST-c5f1698375,2,1,2.0,2,1,1.0,0.0,0.0,0.0,7.0,50.0,422.690965213044,0,0,0,1,normal,0,0
CUST-f3c0bdd21e,23,2,11.5,15,2,0.5463137996219282,1.0,0.425,59.9915335119213,0.2333662632114241,1233.0,158.59253138488427,0,0,0,1,solo_reseller,1,0
CUST-38c42d5a3e,40,11,3.636363636363636,5,2,0.50125,0.0,0.0,174.05642935877316,0.4423852671439332,3495.0,18.683279371238427,0,0,0,1,stealth_reseller,1,0
CUST-98a1123873,2,2,1.0,1,2,0.5,0.0,0.0,48.59651369650464,0.2880865094033888,160.0,201.64843206468748,0,0,0,1,normal,0,0
CUST-dd3295818c,4,2,2.0,2,1,1.0,0.0,0.0,5.557267559976852,2.5192236740277294,360.0,27.685696491099534,0,0,0,1,normal,0,0
CUST-3db6a46e88,3,2,1.5,2,1,1.0,0.0,0.0,50.062588268101855,0.2796499438867469,270.0,423.3560559342245,0,0,0,1,normal,0,0
CUST-febc15370d,1,1,1.0,1,1,1.0,0.0,0.0,0.0,7.0,30.0,33.97625957447917,0,0,0,1,normal,0,0
CUST-666fc99c39,38,4,9.5,12,3,0.3905817174515235,1.0,0.4125,150.00800690096065,0.1866567030550999,1512.5,18.018177720023147,0,0,0,1,solo_reseller,1,0
CUST-14ff3648ad,5,4,1.25,2,2,0.6800000000000002,0.0,0.0,129.33972010449074,0.2164841548859036,370.0,336.7082317791435,0,0,0,1,normal,0,0
CUST-1664ec8b0b,15,1,15.0,15,1,1.0,1.0,0.35,0.0,7.0,585.0,44.0065036506713,0,0,0,1,solo_reseller,1,0
CUST-655149ae0f,2,1,2.0,2,1,1.0,0.0,0.0,0.0,7.0,180.0,205.7965145065625,0,1,1,2,ring_reseller,1,0
CUST-c19744ff97,7,2,3.5,4,2,0.510204081632653,1.0,0.45,59.99672063203704,0.2333460871280401,332.0,0.0,0,0,3,4,ring_reseller,1,0
CUST-4a4123ea2d,23,5,4.6,8,3,0.3799621928166352,0.0,0.0,118.99857184728008,0.2941211768904098,1330.0,389.8795742965394,0,0,0,1,loyal_bulk,0,1
CUST-16de0e9f50,3,2,1.5,2,2,0.5555555555555556,0.0,0.0,15.643633847453705,0.894932733437683,150.0,176.24380470636575,0,0,0,1,normal,0,0
CUST-6785b9d674,1,1,1.0,1,1,1.0,0.0,0.0,0.0,7.0,85.0,251.8744241360532,0,0,0,1,normal,0,0
CUST-54181e4240,1,1,1.0,1,1,1.0,0.0,0.0,0.0,7.0,90.0,278.39448497719906,0,0,0,1,normal,0,0
CUST-b0014f2e3e,29,6,4.833333333333333,8,4,0.2818073721759809,0.0,0.0,78.54346488445601,0.5347357677915725,1820.0,3.578391469317129,0,0,0,1,loyal_bulk,0,1
CUST-8bd6db7615,2,1,2.0,2,1,1.0,0.0,0.0,0.0,7.0,50.0,108.21388477810184,0,0,0,1,normal,0,0
CUST-ccb7389022,2,2,1.0,1,2,0.5,0.0,0.0,74.59486225282407,0.1876804859904406,160.0,371.64493027689815,0,0,0,1,normal,0,0
CUST-c8ca5297df,8,1,8.0,8,1,1.0,1.0,0.35,0.0,7.0,312.0,478.4645286225115,0,0,0,1,solo_reseller,1,0
CUST-c577e21366,3,2,1.5,2,2,0.5555555555555556,0.0,0.0,42.43796106267361,0.3298933230869503,190.0,330.2948868002083,0,0,0,1,normal,0,0
CUST-427c4028df,3,3,1.0,1,2,0.5555555555555556,0.0,0.0,77.21640896833334,0.2719629192884657,210.0,309.4671545184375,0,0,0,1,normal,0,0
CUST-49cebd84c1,4,3,1.3333333333333333,2,2,0.625,0.0,0.0,88.44117209206019,0.2374459711834289,265.0,384.07785591115737,0,0,0,1,normal,0,0
CUST-53cf55285e,5,1,5.0,5,1,1.0,1.0,0.4,0.0,7.0,270.0,0.0,1,0,1,2,ring_reseller,1,0
CUST-26d09f3f43,28,6,4.666666666666667,8,1,1.0,0.0,0.0,129.8772188090741,0.3233823482295387,2380.0,445.949598454132,0,0,0,1,loyal_bulk,0,1
CUST-ac23fc113e,3,3,1.0,1,2,0.5555555555555556,0.0,0.0,81.19822177909722,0.2586263533840837,140.0,29.65462841398148,0,0,0,1,normal,0,0
CUST-c216b35e6f,1,1,1.0,1,1,1.0,0.0,0.0,0.0,7.0,70.0,175.16433445697916,0,0,1,2,shared_address_legit,0,1
CUST-c32873dbfa,2,1,2.0,2,1,1.0,0.0,0.0,0.0,7.0,180.0,38.70753751972222,0,0,0,1,normal,0,0
CUST-2ea16593f9,38,11,3.4545454545454546,5,2,0.8545706371191135,0.0,0.0,164.54898652701388,0.4679457566112627,2190.0,240.1651778192361,0,0,0,1,stealth_reseller,1,0
CUST-3a888d985d,39,11,3.5454545454545454,5,1,1.0,0.0909090909090909,0.4,36.13630243202547,2.1308212190453517,3402.0,0.2741372486689815,0,0,0,1,stealth_reseller,1,0
CUST-2a4459ecf3,2,2,1.0,1,2,0.5,0.0,0.0,16.786588509687498,0.8339991173263487,90.0,361.2441821987616,0,0,1,2,shared_address_legit,0,1
CUST-31acc5251b,3,2,1.5,2,2,0.5555555555555556,0.0,0.0,85.59060895515046,0.1635693468115878,270.0,467.6364839171991,0,0,0,1,normal,0,0
CUST-1f26699dbc,17,3,5.666666666666667,8,2,0.7093425605536332,0.0,0.0,114.9367509892361,0.1827091841317722,620.0,354.8256958179629,0,0,0,1,loyal_bulk,0,1
CUST-d417aa5bdc,4,3,1.3333333333333333,2,3,0.375,0.0,0.0,8.352210010613426,2.514304594031354,370.0,37.18012813131944,2,0,2,3,ring_reseller,1,0
CUST-50846890fc,1,1,1.0,1,1,1.0,0.0,0.0,0.0,7.0,30.0,465.3975289712153,0,0,0,1,normal,0,0
CUST-4cddd6be7b,25,8,3.125,4,2,0.5392,0.0,0.0,43.65324989278935,1.2828369053285558,1860.0,21.55927126425926,0,0,0,1,stealth_reseller,1,0
CUST-51d0153057,42,11,3.8181818181818175,5,1,1.0,0.0,0.0,151.76329194047457,0.5073690680761022,3780.0,388.06710775431714,0,0,0,1,stealth_reseller,1,0
CUST-0520160b46,7,2,3.5,4,2,0.510204081632653,1.0,0.375,120.0046962685648,0.1166621010286853,227.0,0.0,0,3,3,4,ring_reseller,1,0
CUST-373df27877,32,9,3.555555555555556,5,2,0.501953125,0.0,0.0,27.787051048935187,2.267243108635459,2345.0,0.7375028050810185,0,0,0,1,stealth_reseller,1,0
CUST-4374afea80,29,7,4.142857142857143,5,4,0.3032104637336504,0.0,0.0,25.454216034131942,1.9250249127411805,1135.0,5.322507902777778,0,0,0,1,stealth_reseller,1,0
CUST-cc1860a31a,10,1,10.0,10,1,1.0,1.0,0.45,0.0,7.0,495.0,55.902132845208335,0,0,0,1,solo_reseller,1,0
CUST-02e2b5a33e,1,1,1.0,1,1,1.0,0.0,0.0,0.0,7.0,90.0,11.447810057662036,0,0,0,1,normal,0,0
CUST-8c20c92c0e,17,5,3.4,5,3,0.3771626297577855,0.0,0.0,136.498866561794,0.2564123855501412,1070.0,449.4144328654282,0,0,0,1,loyal_bulk,0,1
CUST-a4a38076ae,3,3,1.0,1,3,0.3333333333333333,0.0,0.0,21.31950442829861,0.9850135152356304,265.0,9.57108757675926,0,0,0,1,normal,0,0
CUST-109976b33e,12,1,12.0,12,1,1.0,1.0,0.4,0.0,7.0,720.0,0.0,0,0,0,1,solo_reseller,1,0
CUST-cdfde4da9b,8,1,8.0,8,1,1.0,1.0,0.5,0.0,7.0,340.0,535.450481280243,0,0,0,1,solo_reseller,1,0
CUST-4949cd0e60,2,1,2.0,2,1,1.0,0.0,0.0,0.0,7.0,200.0,349.56147894475697,0,0,0,1,normal,0,0
CUST-e717a23f08,29,8,3.625,5,2,0.5005945303210464,0.0,0.0,130.21995788402776,0.4300416073692243,1625.0,494.7046275179745,0,0,0,1,stealth_reseller,1,0
CUST-1394b5c9b7,3,2,1.5,2,2,0.5555555555555556,0.0,0.0,24.09563534539352,0.58101808893271,150.0,35.00612644927084,0,0,2,3,shared_address_legit,0,1
CUST-85232e7439,4,4,1.0,1,3,0.375,0.0,0.0,57.84666270263889,0.4840382952415797,175.0,91.90154245271992,0,0,0,1,normal,0,0
CUST-c7f4e60e81,2,2,1.0,1,1,1.0,0.0,0.0,35.837590525046295,0.3906512629585305,60.0,359.2473338965278,0,0,2,3,shared_address_legit,0,1
CUST-7026e15e04,1,1,1.0,1,1,1.0,0.0,0.0,0.0,7.0,30.0,230.22558235167824,0,0,0,1,normal,0,0
CUST-1d26eb0a41,5,1,5.0,5,1,1.0,1.0,0.4,0.0,7.0,270.0,3.049394893680556,0,0,4,5,ring_reseller,1,0
CUST-b27653748f,6,2,3.0,3,1,1.0,1.0,0.4,149.99764502556712,0.0933347986737638,324.0,0.0,5,0,5,6,ring_reseller,1,0
CUST-b841310e7f,2,1,2.0,2,1,1.0,0.0,0.0,0.0,7.0,60.0,92.00271185336806,0,0,0,1,normal,0,0
CUST-ae6850d57f,2,1,2.0,2,1,1.0,0.0,0.0,0.0,7.0,120.0,185.54116383657407,0,0,0,1,normal,0,0
CUST-877b0740a5,17,4,4.25,8,2,0.7093425605536332,0.0,0.0,90.85212429512733,0.3081931239058735,1530.0,260.64119995131944,0,0,0,1,loyal_bulk,0,1
CUST-13af2aed8b,3,2,1.5,2,2,0.5555555555555556,0.0,0.0,31.163854202986112,0.4492384000005534,230.0,3.996198955937501,0,0,0,1,normal,0,0
CUST-67352446d7,4,4,1.0,1,2,0.5,0.0,0.0,117.76442190203704,0.2377628111085362,240.0,159.3493701765857,0,0,0,1,normal,0,0
CUST-2d79a718ce,20,4,5.0,6,3,0.355,0.0,0.0,125.61795559626157,0.2228980711164613,1730.0,465.65734986109953,0,0,0,1,loyal_bulk,0,1
CUST-571aae6a50,1,1,1.0,1,1,1.0,0.0,0.0,0.0,7.0,60.0,3.3109175472337964,0,0,0,1,normal,0,0
CUST-3b29bb4ae4,1,1,1.0,1,1,1.0,0.0,0.0,0.0,7.0,85.0,104.97133082568288,0,0,0,1,normal,0,0
CUST-b161b9951e,1,1,1.0,1,1,1.0,0.0,0.0,0.0,7.0,100.0,124.26429959417824,0,0,0,1,normal,0,0
CUST-d0d91ba1f7,4,3,1.3333333333333333,2,3,0.375,0.0,0.0,1.1144750397685186,18.84295228752884,290.0,2.107091153599537,0,0,0,1,normal,0,0
CUST-f8472d96bd,24,3,8.0,8,2,0.5555555555555556,1.0,0.4166666666666667,119.99837897957175,0.1750023640200589,1104.0,488.4568305038079,0,0,0,1,solo_reseller,1,0
CUST-520816940f,1,1,1.0,1,1,1.0,0.0,0.0,0.0,7.0,70.0,38.62955819079861,0,0,0,1,normal,0,0
CUST-4271943358,2,2,1.0,1,2,0.5,0.0,0.0,73.82562842714121,0.1896360423645652,160.0,395.07125199625,0,0,0,1,normal,0,0
CUST-282725f71e,38,10,3.8,5,1,1.0,0.0,0.0,93.685925955,0.7471773298544647,2280.0,5.550532173599537,0,0,0,1,stealth_reseller,1,0
CUST-32193fae95,10,1,10.0,10,1,1.0,1.0,0.3,0.0,7.0,490.0,0.0,0,0,0,1,solo_reseller,1,0
CUST-ef80a5fa39,28,3,9.333333333333334,10,2,0.5918367346938775,1.0,0.3666666666666667,150.0013776250463,0.1399987142284322,1592.0,463.4007468303819,0,0,0,1,solo_reseller,1,0
CUST-6869a4ec31,20,2,10.0,12,1,1.0,1.0,0.425,89.9970497242361,0.1555606549647795,1140.0,0.0,0,0,0,1,solo_reseller,1,0
CUST-c120a4f9b1,1,1,1.0,1,1,1.0,0.0,0.0,0.0,7.0,85.0,120.58681674085648,0,0,0,1,normal,0,0
CUST-e8a2061cae,1,1,1.0,1,1,1.0,0.0,0.0,0.0,7.0,90.0,457.5239981740047,0,0,0,1,normal,0,0
CUST-f4fe8aeaa5,2,1,2.0,2,1,1.0,0.0,0.0,0.0,7.0,120.0,553.2996520531944,0,0,0,1,normal,0,0
CUST-61e1df4a09,8,2,4.0,5,2,0.53125,1.0,0.4,29.99352654789352,0.4667673865440553,364.5,0.0,0,4,4,5,ring_reseller,1,0
CUST-a3269ccee5,31,7,4.428571428571429,8,1,1.0,0.0,0.0,163.89144862413195,0.2989783811867843,2170.0,555.7949665591319,0,0,0,1,loyal_bulk,0,1
CUST-b9a5bdb881,1,1,1.0,1,1,1.0,0.0,0.0,0.0,7.0,85.0,253.22392352630783,0,0,0,1,normal,0,0
CUST-34411d47d1,7,2,3.5,4,1,1.0,1.0,0.425,60.00087456927083,0.2333299322801877,405.0,0.0,0,0,4,5,ring_reseller,1,0
CUST-3e2d2e3747,1,1,1.0,1,1,1.0,0.0,0.0,0.0,7.0,70.0,22.16276180313657,0,0,0,1,normal,0,0
CUST-e4480bf017,10,3,3.333333333333333,4,2,0.58,0.0,0.0,23.54477698059028,0.8919175585019078,510.0,657.6892462566319,0,0,0,1,loyal_bulk,0,1
CUST-a390db1cbc,1,1,1.0,1,1,1.0,0.0,0.0,0.0,7.0,25.0,43.59333257849537,0,0,0,1,normal,0,0
CUST-920e490a34,2,1,2.0,2,1,1.0,0.0,0.0,0.0,7.0,180.0,7.402889144791667,0,0,0,1,normal,0,0
CUST-d320509fee,2,2,1.0,1,2,0.5,0.0,0.0,19.998822997372685,0.7000411975164353,95.0,54.31365003649306,0,0,0,1,normal,0,0
CUST-67a4d5ea29,1,1,1.0,1,1,1.0,0.0,0.0,0.0,7.0,90.0,68.13666144298611,0,0,0,1,normal,0,0
CUST-d354c305fc,2,2,1.0,1,2,0.5,0.0,0.0,9.82603953587963,1.4247856370696677,160.0,42.54710229302084,0,0,0,1,normal,0,0
CUST-b105b3b961,9,2,4.5,5,2,0.5061728395061729,0.0,0.0,26.612492214641204,0.5260687306954934,525.0,615.829734617419,0,0,0,1,loyal_bulk,0,1
CUST-cb7ffbfd01,1,1,1.0,1,1,1.0,0.0,0.0,0.0,7.0,70.0,70.30845051664352,0,0,4,5,ring_reseller,1,0
CUST-9e2a22b4b4,3,1,3.0,3,1,1.0,1.0,0.3,0.0,7.0,147.0,0.0,1,0,1,2,ring_reseller,1,0
CUST-1d42323cd5,10,2,5.0,5,2,0.5,1.0,0.45,60.01045218690973,0.2332926930194648,482.5,0.0,0,0,3,4,ring_reseller,1,0
CUST-6b39b60096,1,1,1.0,1,1,1.0,0.0,0.0,0.0,7.0,90.0,242.93362189599537,0,0,0,1,normal,0,0
CUST-76e8fc7e19,1,1,1.0,1,1,1.0,0.0,0.0,0.0,7.0,70.0,20.83870772394676,0,5,5,6,ring_reseller,1,0
CUST-f9a58ddbd3,1,1,1.0,1,1,1.0,0.0,0.0,0.0,7.0,60.0,18.985908187488427,5,0,5,6,ring_reseller,1,0
CUST-8925911f53,20,2,10.0,12,1,1.0,1.0,0.45,59.981680121631946,0.2334045990644234,972.0,0.0,0,0,0,1,solo_reseller,1,0
CUST-6fdd6c6d36,26,5,5.2,8,4,0.3106508875739645,0.0,0.0,72.44919625927083,0.4830971467888615,1620.0,234.25081493172453,0,0,0,1,loyal_bulk,0,1
CUST-8560994377,2,2,1.0,1,2,0.5,0.0,0.0,73.89055799423612,0.1894694042111859,150.0,265.1003051746528,0,0,0,1,normal,0,0
CUST-de063cb74f,2,2,1.0,1,2,0.5,0.0,0.0,48.50643215409722,0.2886215163284784,180.0,51.76238305149305,0,0,0,1,normal,0,0
CUST-83567cd236,22,2,11.0,12,1,1.0,1.0,0.45,59.99103690724537,0.2333681950129646,1080.0,446.30337385017367,0,0,0,1,solo_reseller,1,0
CUST-98e4fe0b47,1,1,1.0,1,1,1.0,0.0,0.0,0.0,7.0,60.0,50.966338195451385,0,0,0,1,normal,0,0
CUST-a62b8f007c,2,1,2.0,2,1,1.0,0.0,0.0,0.0,7.0,50.0,73.71536098358796,0,0,0,1,normal,0,0
CUST-34954e88b1,3,3,1.0,1,3,0.3333333333333333,0.0,0.0,150.25064209693286,0.1397664576132196,265.0,74.71988559179398,0,5,5,6,ring_reseller,1,0
CUST-266bd1da1f,25,7,3.571428571428572,5,2,0.5968,0.0,0.0,137.46140001796297,0.3564637054009115,1080.0,472.05835258871525,0,0,0,1,stealth_reseller,1,0
CUST-01e8dedce2,1,1,1.0,1,1,1.0,0.0,0.0,0.0,7.0,90.0,369.4428414594445,0,0,0,1,normal,0,0
CUST-f1719d1b6f,2,2,1.0,1,2,0.5,0.0,0.0,24.281243330497684,0.5765767349489779,130.0,10.897320267824076,0,0,1,2,shared_address_legit,0,1
CUST-62a6776a5e,2,1,2.0,2,1,1.0,0.0,0.0,0.0,7.0,60.0,141.50448259027775,0,0,3,4,shared_address_legit,0,1
CUST-addeb2e68f,2,1,2.0,2,1,1.0,0.0,0.0,0.0,7.0,50.0,440.32663155568287,0,0,0,1,normal,0,0
CUST-8393ce053e,1,1,1.0,1,1,1.0,0.0,0.0,0.0,7.0,25.0,197.38697699854168,0,0,0,1,normal,0,0
CUST-6bb6afaef2,2,2,1.0,1,2,0.5,0.0,0.0,33.78328132731482,0.4144061633433035,130.0,319.8929818978125,0,0,0,1,normal,0,0
CUST-fc6bd4d5e9,2,2,1.0,1,2,0.5,0.0,0.0,90.73468496417824,0.1542960115586134,120.0,208.9582924016204,0,0,0,1,normal,0,0
CUST-04e292f719,4,1,4.0,4,1,1.0,1.0,0.4,0.0,7.0,216.0,2.9195445562962963,0,0,4,5,ring_reseller,1,0
CUST-257f3fb044,2,2,1.0,1,2,0.5,0.0,0.0,1.2067852950462965,11.601069434197004,130.0,15.339039535868055,0,0,0,1,normal,0,0
CUST-6de7a9f7a1,7,2,3.5,4,2,0.510204081632653,0.0,0.0,13.218086834988426,1.0591547910656662,670.0,158.59050778516203,0,0,0,1,loyal_bulk,0,1
CUST-de0b6abdda,2,2,1.0,1,2,0.5,0.0,0.0,90.40870316747684,0.1548523483858165,120.0,436.7926925978009,0,0,0,1,normal,0,0
CUST-fdf2598253,2,2,1.0,1,2,0.5,0.0,0.0,71.64968534414352,0.1953951358300602,175.0,160.18976521686344,0,0,2,3,shared_address_legit,0,1
CUST-25acf1df88,30,9,3.333333333333333,5,3,0.3622222222222222,0.0,0.0,125.71164037120371,0.5011469090210932,2645.0,2.9444305712962966,0,0,0,1,stealth_reseller,1,0
CUST-98d14ec8fb,1,1,1.0,1,1,1.0,0.0,0.0,0.0,7.0,60.0,268.6072007521875,0,0,0,1,normal,0,0
CUST-530ddf10c7,2,2,1.0,1,2,0.5,0.0,0.0,17.87960980314815,0.7830148506672082,110.0,15.167425934583331,0,0,0,1,normal,0,0
CUST-077fa98fe1,3,3,1.0,1,3,0.3333333333333333,0.0,0.0,91.97810015636574,0.2283152181258291,155.0,312.6905925787384,0,0,0,1,normal,0,0
CUST-e2eea79418,3,3,1.0,1,2,0.5555555555555556,0.0,0.0,33.23208715002315,0.6319193827699556,260.0,7.788049557314816,0,0,0,1,normal,0,0
CUST-519d890b58,3,3,1.0,1,2,0.5555555555555556,0.0,0.0,83.33574266678241,0.2519927143862916,250.0,460.21461090765047,0,0,0,1,normal,0,0
CUST-d6c37913a9,1,1,1.0,1,1,1.0,0.0,0.0,0.0,7.0,30.0,124.22735887980323,0,0,3,4,shared_address_legit,0,1
CUST-940b5e25e5,2,2,1.0,1,1,1.0,0.0,0.0,10.07326902347222,1.389816946949189,180.0,403.2547314896528,0,0,0,1,normal,0,0
CUST-8c47575c1b,1,1,1.0,1,1,1.0,0.0,0.0,0.0,7.0,90.0,252.4247249395486,0,0,0,1,normal,0,0
CUST-3e1029a029,8,2,4.0,5,2,0.53125,1.0,0.45,59.99714955927083,0.2333444189072596,374.5,0.0,0,0,3,4,ring_reseller,1,0
CUST-c46602e567,1,1,1.0,1,1,1.0,0.0,0.0,0.0,7.0,90.0,318.66135221737267,0,0,0,1,normal,0,0
CUST-930b51729d,3,3,1.0,1,2,0.5555555555555556,0.0,0.0,37.98909864019676,0.5527901622224758,210.0,4.680405322002315,0,0,2,3,shared_address_legit,0,1
CUST-5c00340f77,1,1,1.0,1,1,1.0,0.0,0.0,0.0,7.0,90.0,5.309383566898148,0,0,1,2,shared_address_legit,0,1
CUST-9289cc6ba4,31,8,3.875,5,2,0.6170655567117587,0.0,0.0,161.18794484962964,0.3474205223736908,3020.0,65.06880579787037,0,0,0,1,stealth_reseller,1,0
CUST-48b530941d,8,1,8.0,8,1,1.0,1.0,0.3,0.0,7.0,392.0,0.0,0,0,0,1,solo_reseller,1,0
CUST-d9ceb1fe9f,2,2,1.0,1,2,0.5,0.0,0.0,109.2747039828588,0.1281174827267991,180.0,182.95962032967591,0,0,0,1,normal,0,0
CUST-d81f2e6fae,1,1,1.0,1,1,1.0,0.0,0.0,0.0,7.0,60.0,49.868850270439815,0,0,0,1,normal,0,0
CUST-2f81595c4e,3,3,1.0,1,2,0.5555555555555556,0.0,0.0,99.06438979061342,0.2119833377501892,130.0,81.30586801020834,0,0,0,1,normal,0,0
CUST-342f1c3046,1,1,1.0,1,1,1.0,0.0,0.0,0.0,7.0,25.0,71.80252340201389,2,0,2,3,ring_reseller,1,0
CUST-44060e5799,1,1,1.0,1,1,1.0,0.0,0.0,0.0,7.0,70.0,14.73645808925926,0,0,0,1,normal,0,0
CUST-8d07db1425,4,3,1.3333333333333333,2,3,0.375,0.0,0.0,86.98867137930556,0.2414107454111071,330.0,403.6478730393287,0,0,0,1,normal,0,0
CUST-0cfa62ba77,2,1,2.0,2,1,1.0,0.0,0.0,0.0,7.0,200.0,282.3576003043403,0,0,0,1,normal,0,0
CUST-69a8e455d5,20,2,10.0,10,2,0.5,1.0,0.35,119.99585901686342,0.1166706927614271,1000.0,0.0,0,0,0,1,solo_reseller,1,0
CUST-1ffce2f0e2,15,3,5.0,6,1,1.0,0.0,0.0,90.842364006794,0.2311696776014045,900.0,495.19345092690975,0,0,0,1,loyal_bulk,0,1
CUST-a265c5984e,32,3,10.666666666666666,12,3,0.3359375,1.0,0.4000000000000001,59.99968635806712,0.3500018295875057,1296.5,71.15796241527778,0,0,0,1,solo_reseller,1,0
CUST-b858c67a99,2,2,1.0,1,2,0.5,0.0,0.0,14.967842539351851,0.9353385408212772,130.0,245.4346698971644,0,0,2,3,shared_address_legit,0,1
CUST-e802d92f78,1,1,1.0,1,1,1.0,0.0,0.0,0.0,7.0,90.0,383.4270087704514,0,0,0,1,normal,0,0
CUST-ecdaa70da9,33,8,4.125,6,6,0.2194674012855831,0.0,0.0,129.22585091368057,0.4333498259369677,2740.0,628.8406491201389,0,0,0,1,loyal_bulk,0,1
CUST-0bf575bdfe,1,1,1.0,1,1,1.0,0.0,0.0,0.0,7.0,100.0,61.76289455083334,0,0,0,1,normal,0,0
CUST-c17524c268,1,1,1.0,1,1,1.0,0.0,0.0,0.0,7.0,70.0,49.9170036021875,0,0,0,1,normal,0,0
CUST-ee0e301d17,4,1,4.0,4,1,1.0,1.0,0.35,0.0,7.0,65.0,109.40410339725696,0,4,4,5,ring_reseller,1,0
CUST-b134431329,21,6,3.5,5,5,0.2426303854875283,0.0,0.0,143.2181709445486,0.2932588771592511,1195.0,289.36362393400464,0,0,0,1,loyal_bulk,0,1
CUST-303b779c2c,7,2,3.5,4,1,1.0,1.0,0.425,90.00440062440973,0.1555479499099415,405.0,0.0,0,5,5,6,ring_reseller,1,0
CUST-4ded794896,60,4,15.0,20,2,0.768888888888889,1.0,0.4125,149.9905811064236,0.1866783886925073,3012.0,0.0,0,0,0,1,solo_reseller,1,0
CUST-9271522d99,1,1,1.0,1,1,1.0,0.0,0.0,0.0,7.0,25.0,439.6620293869445,0,0,0,1,normal,0,0
CUST-5c799afc66,2,2,1.0,1,2,0.5,0.0,0.0,24.85031605559028,0.5633731164095431,160.0,16.509850455775464,0,0,0,1,normal,0,0
CUST-8ba2b1d534,2,1,2.0,2,1,1.0,0.0,0.0,0.0,7.0,200.0,15.953591202627315,0,0,0,1,normal,0,0
CUST-7b6a3f7da6,1,1,1.0,1,1,1.0,0.0,0.0,0.0,7.0,30.0,282.91705026712964,0,0,0,1,normal,0,0
CUST-4edab5e1bd,14,3,4.666666666666667,6,3,0.3571428571428571,0.0,0.0,33.59371366704861,0.6251169551581452,935.0,43.99867582787037,0,0,0,1,loyal_bulk,0,1
CUST-1dff883ad7,10,1,10.0,10,1,1.0,1.0,0.35,0.0,7.0,162.5,343.4429281422338,0,0,0,1,solo_reseller,1,0
CUST-fcb9ad7a7c,12,1,12.0,12,1,1.0,1.0,0.3,0.0,7.0,588.0,0.0,0,0,0,1,solo_reseller,1,0
CUST-a6b3681408,1,1,1.0,1,1,1.0,0.0,0.0,0.0,7.0,90.0,14.513949281354169,0,0,0,1,normal,0,0
CUST-012d26b39f,2,2,1.0,1,2,0.5,0.0,0.0,26.915596382569444,0.5201445214517486,90.0,423.6448063414121,0,0,0,1,normal,0,0
CUST-15fd098037,2,2,1.0,1,2,0.5,0.0,0.0,63.73172634936344,0.2196708107866881,150.0,124.90282617737267,0,0,3,4,shared_address_legit,0,1
CUST-8ff5ad1c7b,12,1,12.0,12,1,1.0,1.0,0.4,0.0,7.0,720.0,368.8864047374537,0,0,0,1,solo_reseller,1,0
CUST-1c58e7786b,3,2,1.5,2,2,0.5555555555555556,0.0,0.0,118.68032626055556,0.1179639493850382,260.0,407.2656322045949,0,0,0,1,normal,0,0
CUST-b9f46f71d0,17,4,4.25,6,3,0.3771626297577855,0.0,0.0,133.29240970993055,0.2100644744958343,855.0,321.6376118028125,0,0,0,1,loyal_bulk,0,1
CUST-da50ab1081,1,1,1.0,1,1,1.0,0.0,0.0,0.0,7.0,70.0,253.92536529403932,0,0,0,1,normal,0,0
CUST-69a0a018cf,1,1,1.0,1,1,1.0,0.0,0.0,0.0,7.0,70.0,350.9058084525,0,0,0,1,normal,0,0
CUST-395471dcc3,1,1,1.0,1,1,1.0,0.0,0.0,0.0,7.0,30.0,478.5523303695717,0,0,0,1,normal,0,0
CUST-b1055fe6ab,1,1,1.0,1,1,1.0,0.0,0.0,0.0,7.0,90.0,390.311620678669,0,0,0,1,normal,0,0
CUST-d4aad9ab19,42,12,3.5,5,2,0.5555555555555556,0.0,0.0,55.23075490127314,1.520891759494377,3500.0,9.450103697511574,0,0,0,1,stealth_reseller,1,0
CUST-64f789a552,4,4,1.0,1,3,0.375,0.0,0.0,109.32791946471065,0.2561102428098247,250.0,422.18722505568286,0,0,0,1,normal,0,0
CUST-4da6bfbf06,8,2,4.0,5,2,0.53125,1.0,0.35,120.00406362175926,0.1166627160570711,285.0,0.0,4,0,4,5,ring_reseller,1,0
CUST-1b4d5ad4b0,18,2,9.0,10,2,0.5061728395061729,1.0,0.425,59.99726359934028,0.2333439753768027,522.5,91.01217611475694,0,0,0,1,solo_reseller,1,0
CUST-24eb034e47,30,3,10.0,12,2,0.52,1.0,0.3833333333333333,90.0042836021412,0.2333222282267064,1179.0,228.01321941730325,0,0,0,1,solo_reseller,1,0
CUST-079c93268f,24,7,3.4285714285714284,5,1,1.0,0.0,0.0,121.8110295154398,0.4022624239768792,600.0,608.8338353416435,0,0,0,1,stealth_reseller,1,0
CUST-fe3a29d771,1,1,1.0,1,1,1.0,0.0,0.0,0.0,7.0,90.0,142.05866513668985,0,0,0,1,normal,0,0
CUST-56fea7fd4c,3,3,1.0,1,2,0.5555555555555556,0.0,0.0,114.4290645241551,0.183519808427404,150.0,293.8272458116898,0,0,0,1,normal,0,0
CUST-4e886192fe,1,1,1.0,1,1,1.0,0.0,0.0,0.0,7.0,100.0,199.9094686817477,0,0,3,4,shared_address_legit,0,1
CUST-002fc87a6c,10,2,5.0,5,2,0.5,0.0,0.0,70.394899828125,0.1988780442074946,950.0,334.2903461833102,0,0,0,1,loyal_bulk,0,1
CUST-65dd779676,9,2,4.5,5,1,1.0,1.0,0.425,60.00185899211805,0.2333261041435244,520.0,0.0,0,0,4,5,ring_reseller,1,0
CUST-ecb775739b,2,2,1.0,1,2,0.5,0.0,0.0,42.153051686435184,0.3321230477959722,115.0,336.2388781761805,0,0,0,1,normal,0,0
CUST-57f315e414,1,1,1.0,1,1,1.0,0.0,0.0,0.0,7.0,25.0,204.76826466153935,0,0,0,1,normal,0,0
CUST-bf1ae0fa16,3,1,3.0,3,1,1.0,1.0,0.3,0.0,7.0,147.0,0.0,0,2,2,3,ring_reseller,1,0
CUST-1bb3e86861,1,1,1.0,1,1,1.0,0.0,0.0,0.0,7.0,30.0,127.8626490178125,0,0,0,1,normal,0,0
CUST-eb2c82bc49,4,1,4.0,4,1,1.0,1.0,0.45,0.0,7.0,198.0,84.61993699674768,3,0,3,4,ring_reseller,1,0
CUST-fb63945497,8,1,8.0,8,1,1.0,1.0,0.4,0.0,7.0,480.0,47.67369156366898,0,0,0,1,solo_reseller,1,0
CUST-9542772351,40,4,10.0,12,3,0.38,1.0,0.3874999999999999,120.0033253820486,0.2333268674918615,1872.0,0.0,0,0,0,1,solo_reseller,1,0
CUST-672235115f,2,2,1.0,1,2,0.5,0.0,0.0,21.52911986726852,0.6502820406181441,175.0,419.87577913020834,0,0,0,1,normal,0,0
CUST-2f4939255c,25,5,5.0,8,3,0.4112,0.0,0.0,81.88944211081018,0.4274055250326302,2060.0,699.8213872053125,0,0,0,1,loyal_bulk,0,1
CUST-9d28e61a9e,1,1,1.0,1,1,1.0,0.0,0.0,0.0,7.0,60.0,421.9696108328704,0,0,0,1,normal,0,0
CUST-3a2cc9797b,27,6,4.5,8,1,1.0,0.0,0.0,72.31462249923611,0.5807953986131044,675.0,9.979464958645831,0,0,0,1,loyal_bulk,0,1
CUST-a461d4c7f6,30,3,10.0,12,2,0.6088888888888888,1.0,0.4000000000000001,120.00494559278935,0.1749927879744133,1273.0,2.9836801046064814,0,0,0,1,solo_reseller,1,0
CUST-9c0387ca72,3,3,1.0,1,3,0.3333333333333333,0.0,0.0,11.327260899189817,1.853934520171777,220.0,9.180281456608796,0,0,0,1,normal,0,0
CUST-0200528457,1,1,1.0,1,1,1.0,0.0,0.0,0.0,7.0,90.0,144.66037002528935,0,0,3,4,shared_address_legit,0,1
CUST-c886240ce3,1,1,1.0,1,1,1.0,0.0,0.0,0.0,7.0,85.0,478.35786480511575,0,0,1,2,shared_address_legit,0,1
CUST-a9a28113be,2,2,1.0,1,2,0.5,0.0,0.0,83.59200508137731,0.1674801314595925,115.0,6.378880692546296,0,0,0,1,normal,0,0
CUST-31d84ea675,3,2,1.5,2,2,0.5555555555555556,0.0,0.0,2.510557815914352,5.576449947200743,225.0,9.347209683657407,0,0,0,1,normal,0,0
CUST-9fa8af351d,1,1,1.0,1,1,1.0,0.0,0.0,0.0,7.0,90.0,147.98320503427084,0,0,0,1,normal,0,0
CUST-4625802935,2,2,1.0,1,2,0.5,0.0,0.0,92.63086186895832,0.1511375336203318,150.0,7.146761788576389,0,0,0,1,normal,0,0
CUST-1b4ebe84d2,3,3,1.0,1,2,0.5555555555555556,0.0,0.0,35.580831005613426,0.590205439459436,210.0,12.66541730585648,0,1,1,2,ring_reseller,1,0
CUST-a8fdda170d,23,4,5.75,8,3,0.3799621928166352,0.0,0.0,149.81469539564813,0.1868975531809769,1195.0,326.236547864919,0,0,0,1,loyal_bulk,0,1
CUST-b465ade508,22,6,3.6666666666666665,5,1,1.0,0.0,0.0,80.97312373607639,0.5186906230380182,550.0,13.805172760069444,0,0,0,1,stealth_reseller,1,0
CUST-f3fa1f1b85,2,2,1.0,1,2,0.5,0.0,0.0,0.9627517757291668,14.0,55.0,4.213303169131945,0,0,0,1,normal,0,0
CUST-89ebf11efe,1,1,1.0,1,1,1.0,0.0,0.0,0.0,7.0,30.0,8.270683829618056,0,0,0,1,normal,0,0
CUST-f94791b87b,1,1,1.0,1,1,1.0,0.0,0.0,0.0,7.0,90.0,62.75909563872685,0,0,0,1,normal,0,0
CUST-07f30ae6c3,3,2,1.5,2,2,0.5555555555555556,0.0,0.0,44.06143069131944,0.3177382073242153,150.0,75.33765581891204,0,0,0,1,normal,0,0
CUST-4c888862d8,1,1,1.0,1,1,1.0,0.0,0.0,0.0,7.0,90.0,7.06603305699074,2,0,2,3,ring_reseller,1,0
CUST-8131cd3761,1,1,1.0,1,1,1.0,0.0,0.0,0.0,7.0,90.0,281.0632846023032,0,0,0,1,normal,0,0
CUST-bdb768dc9c,9,2,4.5,5,1,1.0,1.0,0.425,60.00901900546297,0.2332982646946036,520.0,0.0,0,0,4,5,ring_reseller,1,0
CUST-755510bb6f,1,1,1.0,1,1,1.0,0.0,0.0,0.0,7.0,90.0,20.1419918209838,0,0,0,1,normal,0,0
CUST-fd20d00633,1,1,1.0,1,1,1.0,0.0,0.0,0.0,7.0,25.0,474.2835086724305,0,0,0,1,normal,0,0
CUST-5b9dd0e882,1,1,1.0,1,1,1.0,0.0,0.0,0.0,7.0,100.0,5.274141411064815,0,0,0,1,normal,0,0
CUST-58559a7e31,45,3,15.0,20,1,1.0,1.0,0.4166666666666667,150.0046330270023,0.13999567597502,2625.0,11.77532340917824,0,0,0,1,solo_reseller,1,0
CUST-dbc416a9e6,10,1,10.0,10,1,1.0,1.0,0.45,0.0,7.0,550.0,0.0,0,0,0,1,solo_reseller,1,0
CUST-fceaaae6ab,37,7,5.285714285714286,8,6,0.183345507669832,0.0,0.0,123.9796530963426,0.3952261421632055,2195.0,23.357834838240738,0,0,0,1,loyal_bulk,0,1
CUST-e4c5fc53f9,17,3,5.666666666666667,6,3,0.3356401384083045,0.0,0.0,70.48400142630787,0.2979399519755675,1460.0,4.530891940659722,0,0,0,1,loyal_bulk,0,1
CUST-1931b2d9c0,4,4,1.0,1,3,0.375,0.0,0.0,86.86938880734954,0.3223229768784913,290.0,299.7975997777431,0,0,0,1,normal,0,0
CUST-2259e0aa6c,8,1,8.0,8,1,1.0,1.0,0.5,0.0,7.0,340.0,582.4706209035648,0,0,0,1,solo_reseller,1,0
CUST-99f41462b4,5,5,1.0,1,3,0.44,0.0,0.0,71.35899362033565,0.4904777691543258,175.0,25.37570572230324,0,0,0,1,normal,0,0
CUST-6c5848aa10,27,7,3.857142857142857,6,1,1.0,0.0,0.0,147.2397273261921,0.3327906190117177,1620.0,347.61799620296296,0,0,0,1,loyal_bulk,0,1
CUST-e778a1f21c,29,9,3.2222222222222223,4,1,1.0,0.0,0.0,162.86967326033565,0.3868123435066942,2465.0,584.8491698524422,0,0,0,1,stealth_reseller,1,0
CUST-6f9edf71d0,3,3,1.0,1,2,0.5555555555555556,0.0,0.0,106.02680914822916,0.198063114119008,130.0,77.48474081966435,0,0,0,1,normal,0,0
CUST-58fd3865e3,2,2,1.0,1,2,0.5,0.0,0.0,94.61140445125,0.1479737044513879,185.0,308.1577384882639,0,0,0,1,normal,0,0
CUST-ccba97b606,25,6,4.166666666666667,5,2,0.5392,0.0,0.0,30.63703717703704,1.3708897422848607,1020.0,7.436462151944444,0,0,0,1,stealth_reseller,1,0
CUST-159c0e3f1a,1,1,1.0,1,1,1.0,0.0,0.0,0.0,7.0,90.0,389.686453344838,0,0,0,1,normal,0,0
CUST-50ea6dbc83,2,2,1.0,1,2,0.5,0.0,0.0,23.02310185965278,0.6080848742859681,170.0,459.38140390622686,0,0,0,1,normal,0,0
CUST-43d156b65f,37,10,3.7,5,2,0.7282688093498904,0.0,0.0,150.88923287520834,0.4639164681676982,1135.0,28.691337924270837,0,0,0,1,stealth_reseller,1,0
CUST-b6ff0c86d8,3,1,3.0,3,1,1.0,1.0,0.4,0.0,7.0,162.0,0.0,4,0,4,5,ring_reseller,1,0
CUST-c96d841d51,3,3,1.0,1,2,0.5555555555555556,0.0,0.0,119.8621864699074,0.1752012091425702,150.0,24.637741130034723,0,0,0,1,normal,0,0
CUST-dd05dddddb,2,2,1.0,1,1,1.0,0.0,0.0,53.05908105109954,0.2638568124939261,120.0,99.14889480592592,0,0,0,1,normal,0,0
CUST-b6704ccc66,4,3,1.3333333333333333,2,3,0.375,0.0,0.0,74.97054839305557,0.2801099958599903,360.0,46.17239254318287,0,0,0,1,normal,0,0
CUST-04f95e45df,25,5,5.0,8,3,0.5168000000000001,0.0,0.0,131.60308969674767,0.2659512028224438,1145.0,20.342305881099534,0,0,0,1,loyal_bulk,0,1
CUST-2deda9ce49,2,2,1.0,1,2,0.5,0.0,0.0,35.40373721484954,0.3954384791368274,110.0,73.30161054094907,0,0,0,1,normal,0,0
CUST-85db99956d,3,3,1.0,1,1,1.0,0.0,0.0,47.15520938891204,0.4453378592130244,300.0,442.3416316463079,0,0,0,1,normal,0,0
CUST-c202ce57ed,7,2,3.5,4,1,1.0,1.0,0.4,150.00063837652775,0.093332936122962,378.0,0.0,5,0,5,6,ring_reseller,1,0
CUST-d073ed92e2,3,3,1.0,1,2,0.5555555555555556,0.0,0.0,47.76943111290509,0.4396116828430634,150.0,61.33257525900463,0,0,0,1,normal,0,0
CUST-cb23fdc410,1,1,1.0,1,1,1.0,0.0,0.0,0.0,7.0,85.0,152.66079271341434,0,0,0,1,normal,0,0
CUST-6592be32fe,30,7,4.285714285714286,6,6,0.1933333333333333,0.0,0.0,123.1498596842361,0.3978892069031913,1790.0,249.07816614486117,0,0,0,1,loyal_bulk,0,1
CUST-edc332546d,2,2,1.0,1,2,0.5,0.0,0.0,69.7584737736574,0.2006924641933144,150.0,19.93852751982639,0,0,0,1,normal,0,0
CUST-0ab62a8ae7,1,1,1.0,1,1,1.0,0.0,0.0,0.0,7.0,25.0,30.136834262812503,0,0,0,1,normal,0,0
CUST-64dac55471,9,2,4.5,5,1,1.0,1.0,0.45,90.01026470391204,0.1555378161152272,450.0,40.58916201216435,0,1,1,2,ring_reseller,1,0
CUST-5d4faaebf4,20,4,5.0,6,2,0.58,0.0,0.0,110.99963516005786,0.2522530813693658,1940.0,694.3376389407755,0,0,0,1,loyal_bulk,0,1
CUST-9f03b1c8ae,1,1,1.0,1,1,1.0,0.0,0.0,0.0,7.0,100.0,266.3325681030093,0,0,0,1,normal,0,0
CUST-142db6c9c8,47,4,11.75,15,3,0.3481213218650973,1.0,0.3874999999999999,120.00119492422454,0.2333310098926995,1430.75,0.0,0,0,0,1,solo_reseller,1,0
CUST-c8adad2ab8,2,2,1.0,1,1,1.0,0.0,0.0,33.150156128958336,0.422320786229127,50.0,124.06587964348378,0,0,0,1,normal,0,0
CUST-305afaca40,20,1,20.0,20,1,1.0,1.0,0.4,0.0,7.0,1020.0,204.5717362910648,0,0,0,1,solo_reseller,1,0
CUST-77c651abfb,26,6,4.333333333333333,6,5,0.2366863905325444,0.0,0.0,140.6793435698264,0.2985512935604028,1905.0,87.87314454484954,0,0,0,1,loyal_bulk,0,1
CUST-0aa53618ee,27,7,3.857142857142857,5,1,1.0,0.0,0.0,86.36467579862268,0.5673615925364411,810.0,5.133443030833334,0,0,0,1,stealth_reseller,1,0
CUST-871eefc534,3,2,1.5,2,2,0.5555555555555556,0.0,0.0,28.46362995258102,0.4918557479605833,170.0,313.9135378127778,0,0,0,1,normal,0,0
CUST-a2c2c7afa1,7,2,3.5,4,2,0.510204081632653,1.0,0.4,149.99115769170135,0.0933388355384004,396.0,0.0,0,0,3,4,ring_reseller,1,0
CUST-a6eb4f6768,2,1,2.0,2,1,1.0,0.0,0.0,0.0,7.0,140.0,431.3489401765162,0,0,0,1,normal,0,0
CUST-693e587819,3,3,1.0,1,3,0.3333333333333333,0.0,0.0,18.201057241006943,1.153779130625832,160.0,15.560168223703704,0,0,0,1,normal,0,0
CUST-9d1263dd11,3,2,1.5,2,2,0.5555555555555556,0.0,0.0,26.95352712953704,0.5194125404336449,225.0,9.125291622337963,0,0,0,1,normal,0,0
CUST-1bdc2f2e14,3,2,1.5,2,2,0.5555555555555556,0.0,0.0,92.62564437075233,0.1511460470273465,200.0,284.4331112163426,0,0,3,4,shared_address_legit,0,1
CUST-99ed553308,40,3,13.333333333333334,20,1,1.0,1.0,0.4166666666666667,149.9990690343866,0.140000868906632,2340.0,405.2524364287037,0,0,0,1,solo_reseller,1,0
CUST-23d9f7934e,1,1,1.0,1,1,1.0,0.0,0.0,0.0,7.0,25.0,83.12337081322916,0,0,0,1,normal,0,0
CUST-a33bd458b0,1,1,1.0,1,1,1.0,0.0,0.0,0.0,7.0,70.0,112.5408357614352,0,0,0,1,normal,0,0
CUST-b50a116b58,8,2,4.0,5,1,1.0,1.0,0.45,90.0064540702662,0.1555444011722813,405.0,40.59424170042824,0,1,1,2,ring_reseller,1,0
CUST-c58790179e,10,2,5.0,6,1,1.0,0.0,0.0,38.21209190168982,0.3663761731762424,250.0,42.72208601886574,0,0,0,1,loyal_bulk,0,1
CUST-494a1f79e6,1,1,1.0,1,1,1.0,0.0,0.0,0.0,7.0,100.0,181.2234224600116,0,5,5,6,ring_reseller,1,0
CUST-9cb81824c1,6,5,1.2,2,4,0.2777777777777778,0.0,0.0,101.88895639546296,0.3435112227880128,390.0,400.7979045668634,0,0,0,1,normal,0,0
CUST-37de88e27d,4,3,1.3333333333333333,2,3,0.375,0.0,0.0,29.73733121601852,0.7061830749858277,310.0,17.363370781666667,0,0,0,1,normal,0,0
CUST-f2140596de,1,1,1.0,1,1,1.0,0.0,0.0,0.0,7.0,30.0,131.34511566761574,0,0,0,1,normal,0,0
CUST-9ea069119b,2,1,2.0,2,1,1.0,0.0,0.0,0.0,7.0,200.0,78.48373608096065,0,0,0,1,normal,0,0
CUST-98353cd396,1,1,1.0,1,1,1.0,0.0,0.0,0.0,7.0,90.0,82.29610526082176,0,0,0,1,normal,0,0
CUST-87e7c57fa5,13,3,4.333333333333333,5,3,0.3372781065088758,0.0,0.0,135.44822770849535,0.1550407883165153,810.0,372.2673915447106,0,0,0,1,loyal_bulk,0,1
CUST-d6d5a298de,2,2,1.0,1,2,0.5,0.0,0.0,129.06706197347222,0.1084707421547837,125.0,181.60375868113428,5,0,5,6,ring_reseller,1,0
CUST-1c554ff949,10,2,5.0,6,2,0.52,0.0,0.0,57.35911519623842,0.2440762893936361,960.0,658.3786405121875,0,0,0,1,loyal_bulk,0,1
CUST-e13df4b7e0,1,1,1.0,1,1,1.0,0.0,0.0,0.0,7.0,100.0,400.6847544915162,0,0,0,1,normal,0,0
CUST-37f43ebf58,3,2,1.5,2,2,0.5555555555555556,0.0,0.0,5.469661840393519,2.5595732256443773,260.0,79.00806318833334,0,0,0,1,normal,0,0
CUST-628c0739c9,1,1,1.0,1,1,1.0,0.0,0.0,0.0,7.0,30.0,242.92326765736112,0,0,0,1,normal,0,0
CUST-60a2290fd1,33,3,11.0,15,2,0.5041322314049586,1.0,0.4000000000000001,119.99863451952544,0.1750019913483516,1148.0,332.8037393015162,0,0,0,1,solo_reseller,1,0
CUST-27fc54b8d8,25,6,4.166666666666667,6,4,0.2704,0.0,0.0,68.57280529877315,0.6124877029167047,1980.0,7.803040742905092,0,0,0,1,loyal_bulk,0,1
CUST-4297d3a8ce,4,4,1.0,1,4,0.25,0.0,0.0,48.642648816388885,0.5756265475116586,285.0,98.09338948300925,0,0,0,1,normal,0,0
CUST-e00e7e79e0,13,2,6.5,8,2,0.5266272189349113,0.0,0.0,7.975534977673611,1.7553681400922987,550.0,732.4642147646528,0,0,0,1,loyal_bulk,0,1
CUST-7e24b7a508,2,2,1.0,1,2,0.5,0.0,0.0,12.644527502256944,1.1071983510258578,130.0,230.5395588748148,0,0,0,1,normal,0,0
CUST-ce5b5862ae,3,1,3.0,3,1,1.0,1.0,0.4,0.0,7.0,153.0,91.75189759337962,2,0,2,3,ring_reseller,1,0
CUST-fdfdba6c65,2,2,1.0,1,2,0.5,0.0,0.0,17.412126857488428,0.8040373306824964,115.0,25.273328113460646,0,0,3,4,shared_address_legit,0,1
CUST-760120c29f,1,1,1.0,1,1,1.0,0.0,0.0,0.0,7.0,85.0,43.94914917162037,0,0,0,1,normal,0,0
CUST-708a99a46c,1,1,1.0,1,1,1.0,0.0,0.0,0.0,7.0,90.0,96.22630716225694,0,0,0,1,normal,0,0
CUST-dc5b7e8920,5,3,1.6666666666666667,2,3,0.3600000000000001,0.0,0.0,66.3372915671875,0.316564024606444,330.0,226.4838171828125,0,0,0,1,normal,0,0
CUST-8679d3b5fe,2,2,1.0,1,2,0.5,0.0,0.0,37.49966201311343,0.3733366982108872,90.0,129.22458238767362,0,0,0,1,normal,0,0
CUST-aa42e1a968,4,1,4.0,4,1,1.0,1.0,0.5,0.0,7.0,170.0,0.0,0,0,5,6,ring_reseller,1,0
CUST-0da18b3d29,3,2,1.5,2,2,0.5555555555555556,0.0,0.0,24.996550017199077,0.5600772902807463,200.0,425.5807849788542,0,0,0,1,normal,0,0
CUST-0c64ad3713,4,3,1.3333333333333333,2,2,0.625,0.0,0.0,138.02683230739584,0.1521443305547392,370.0,338.9794494266435,0,0,0,1,normal,0,0
CUST-cf4fd11bdb,1,1,1.0,1,1,1.0,0.0,0.0,0.0,7.0,60.0,198.24646462795135,0,0,0,1,normal,0,0
CUST-de7042294d,2,2,1.0,1,2,0.5,0.0,0.0,89.6490912605787,0.1561644385140154,155.0,391.3702221971528,0,0,0,1,normal,0,0
CUST-02bad073e6,1,1,1.0,1,1,1.0,0.0,0.0,0.0,7.0,30.0,106.81861551922452,0,0,0,1,normal,0,0
CUST-7efe28dcb7,2,1,2.0,2,1,1.0,0.0,0.0,0.0,7.0,140.0,302.6462818293171,0,0,0,1,normal,0,0
CUST-4ada84ed19,20,2,10.0,12,2,0.52,1.0,0.475,29.999138952488423,0.4666800611235111,1020.0,32.98037297582176,0,0,0,1,solo_reseller,1,0
CUST-38d7881208,37,8,4.625,8,2,0.8509861212563916,0.0,0.0,150.66173347949075,0.3716935860665851,2560.0,245.2562736192014,0,0,0,1,loyal_bulk,0,1
CUST-f3dc03820d,20,1,20.0,20,1,1.0,1.0,0.35,0.0,7.0,780.0,705.7572072763194,0,0,0,1,solo_reseller,1,0
CUST-3267d3e233,40,11,3.636363636363636,5,1,1.0,0.0,0.0,132.67045791613424,0.580385424226654,3400.0,377.84416170881946,0,0,0,1,stealth_reseller,1,0
CUST-4d67acd100,2,2,1.0,1,2,0.5,0.0,0.0,50.47711029827546,0.2773534363847747,115.0,508.2996013552431,0,0,0,1,normal,0,0
CUST-7415ce58aa,19,4,4.75,8,4,0.2963988919667589,0.0,0.0,90.97469171247684,0.3077779047440278,1745.0,306.4728944114815,0,0,0,1,loyal_bulk,0,1
CUST-93282781d9,7,2,3.5,4,2,0.510204081632653,1.0,0.425,90.00437579305556,0.1555479928241465,378.0,0.0,0,0,2,3,ring_reseller,1,0
CUST-47c66e9538,3,1,3.0,3,1,1.0,1.0,0.4,0.0,7.0,162.0,0.0,4,0,4,5,ring_reseller,1,0
CUST-7762954172,1,1,1.0,1,1,1.0,0.0,0.0,0.0,7.0,70.0,91.4911854709838,0,3,3,4,ring_reseller,1,0
CUST-8ba72cfc1c,4,1,4.0,4,1,1.0,1.0,0.4,0.0,7.0,216.0,3.0001899428703704,0,0,4,5,ring_reseller,1,0
CUST-a4febaa5c2,16,4,4.0,5,2,0.625,0.0,0.0,126.14663204629628,0.2219639125182818,1380.0,86.16969806135417,0,0,0,1,loyal_bulk,0,1
CUST-99622ccf55,1,1,1.0,1,1,1.0,0.0,0.0,0.0,7.0,60.0,210.93309978574075,0,0,0,1,normal,0,0
CUST-cabc8835d6,1,1,1.0,1,1,1.0,0.0,0.0,0.0,7.0,60.0,11.809952898726852,0,0,0,1,normal,0,0
CUST-95f7630d50,1,1,1.0,1,1,1.0,0.0,0.0,0.0,7.0,60.0,610.1772328963194,0,0,2,3,shared_address_legit,0,1
CUST-05e9c02c8c,1,1,1.0,1,1,1.0,0.0,0.0,0.0,7.0,30.0,381.25851521971066,0,0,0,1,normal,0,0
CUST-f2610d0022,2,2,1.0,1,2,0.5,0.0,0.0,7.323600494282407,1.9116280319946333,175.0,316.22187682837966,0,0,0,1,normal,0,0
CUST-ae9309f3c8,2,1,2.0,2,1,1.0,0.0,0.0,0.0,7.0,120.0,26.3208223584375,0,0,0,1,normal,0,0
CUST-18ca9a658a,20,5,4.0,5,4,0.2699999999999999,0.0,0.0,81.9090768723264,0.4273030698973121,1695.0,351.89004453739585,0,0,0,1,loyal_bulk,0,1
CUST-b3216d74e8,39,11,3.5454545454545454,5,1,1.0,0.0,0.0,150.19591146216433,0.5126637552940113,2730.0,610.9213171957292,0,0,0,1,stealth_reseller,1,0
CUST-77e67cbde9,2,2,1.0,1,2,0.5,0.0,0.0,96.9927819035764,0.1443406377798076,160.0,302.17051881562503,0,0,0,1,normal,0,0
CUST-552a91e1c1,1,1,1.0,1,1,1.0,0.0,0.0,0.0,7.0,60.0,347.13471406453704,0,0,0,1,normal,0,0
CUST-b9f30f78f9,28,8,3.5,4,2,0.625,0.0,0.0,136.71579847406252,0.4096088427602185,2590.0,7.034852265474537,0,0,0,1,stealth_reseller,1,0
CUST-193f82a229,4,4,1.0,1,3,0.375,0.0,0.0,106.22092453730323,0.263601546700592,255.0,176.60104630241898,0,0,0,1,normal,0,0
CUST-c9ed419fc6,9,2,4.5,5,1,1.0,0.0,0.0,24.43413616712963,0.5729688950016453,630.0,533.0930655514468,0,0,0,1,loyal_bulk,0,1
CUST-a617949bbc,3,2,1.5,2,2,0.5555555555555556,0.0,0.0,0.8619803735648148,14.0,260.0,237.1364303337616,0,0,0,1,normal,0,0
CUST-531e8f88ab,3,3,1.0,1,2,0.5555555555555556,0.0,0.0,11.044801969398147,1.901346901301149,210.0,1.320970464270833,0,0,0,1,normal,0,0
CUST-a07226ee6c,29,6,4.833333333333333,8,5,0.2461355529131985,0.0,0.0,111.7382333138773,0.3758785042002612,1840.0,700.0815883978588,0,0,0,1,loyal_bulk,0,1
CUST-04f11a0857,25,7,3.571428571428572,5,2,0.6800000000000002,0.0,0.0,127.03875894170136,0.3857090576781083,1550.0,477.04886663743054,0,0,0,1,stealth_reseller,1,0
CUST-e4a7090a04,2,2,1.0,1,2,0.5,0.0,0.0,5.678614745578703,2.465389998661244,160.0,503.1585492127431,0,0,1,2,shared_address_legit,0,1
CUST-593025a88a,31,9,3.4444444444444446,5,2,0.5046826222684703,0.0,0.0,169.80858080291665,0.3710059862823958,2120.0,279.79124457665506,0,0,0,1,stealth_reseller,1,0
CUST-4a9f89e5b4,8,1,8.0,8,1,1.0,1.0,0.3,0.0,7.0,168.0,0.0,0,0,0,1,solo_reseller,1,0
CUST-ea3837e451,1,1,1.0,1,1,1.0,0.0,0.0,0.0,7.0,25.0,164.64397649983795,0,0,0,1,normal,0,0
CUST-4ca39c1ab3,1,1,1.0,1,1,1.0,0.0,0.0,0.0,7.0,60.0,401.13543031094906,0,0,0,1,normal,0,0
CUST-f15f76cecf,2,1,2.0,2,1,1.0,0.0,0.0,0.0,7.0,140.0,177.3839876439236,0,0,0,1,normal,0,0
CUST-03fd74e24a,1,1,1.0,1,1,1.0,0.0,0.0,0.0,7.0,60.0,474.7404941331944,0,0,1,2,shared_address_legit,0,1
CUST-89f743d6d3,2,2,1.0,1,2,0.5,0.0,0.0,105.40218282015046,0.1328245736987102,155.0,379.3180147628588,0,0,0,1,normal,0,0
CUST-096b328d7c,28,6,4.666666666666667,6,3,0.3392857142857143,0.0,0.0,109.47116644827544,0.3836626699309427,2060.0,682.8228403127894,0,0,0,1,loyal_bulk,0,1
CUST-b1e52938dd,1,1,1.0,1,1,1.0,0.0,0.0,0.0,7.0,90.0,461.1947392422454,0,0,0,1,normal,0,0
CUST-4c1075755c,2,2,1.0,1,2,0.5,0.0,0.0,72.05586855172453,0.1942936818525787,85.0,171.7383038313542,0,0,0,1,normal,0,0
CUST-69e32cc9d0,34,9,3.7777777777777777,5,1,1.0,0.0,0.0,33.987131848935185,1.8536427339623769,850.0,5.29531853880787,0,0,0,1,stealth_reseller,1,0
CUST-c2df54b801,5,4,1.25,2,4,0.28,0.0,0.0,107.91218715144674,0.2594702298147667,395.0,155.43770040520835,0,0,0,1,normal,0,0
CUST-7b490ae492,2,2,1.0,1,2,0.5,0.0,0.0,2.984472391423611,4.690946393148544,190.0,0.7613328526273149,0,0,0,1,normal,0,0
CUST-f85bcb261f,8,1,8.0,8,1,1.0,0.0,0.0,0.0,7.0,480.0,707.7679829220949,0,0,0,1,loyal_bulk,0,1
CUST-243288e38a,6,2,3.0,3,2,0.5,1.0,0.45,59.997408291597225,0.2333434126347209,289.5,0.0,0,0,3,4,ring_reseller,1,0
CUST-9b0af9bd3e,21,4,5.25,8,1,1.0,0.0,0.0,24.32181910276621,1.1512296790668697,1890.0,4.441272387627315,0,0,0,1,loyal_bulk,0,1
