tree
version=v4
num_class=1
num_tree_per_iteration=1
label_index=0
max_feature_idx=17
objective=binary sigmoid:1
feature_names=total_quantity n_orders avg_qty_per_order max_qty_single_order n_distinct_skus sku_concentration pct_orders_discount_window avg_discount_pct_when_used purchase_span_days order_frequency_per_week total_spend n_distinct_ips account_age_at_first_order_days shared_device_count shared_payment_count shared_address_count shared_ip_count identity_cluster_size
feature_infos=[1:68] [1:12] [1:20] [1:20] [1:6] [0.1747919143876337:1] [0:1] [0:0.5] [0:174.70943689643516] [0.083246564510345497:21] [25:4300] [1:12] [0:819.42402660650464] [0:5] [0:5] [0:5] [0:5] [1:6]
tree_sizes=1174 1071 1491 1282 1374 1374 1393 1386 1283 1289 1408 1609 1829 1723 1720 1723 1827 1824 1828 1811 1819 1925 1506 1185 1181 1194 1192 1194 982 1092 1300 1297 1087 1293 1092 1299 989 1410 988 991 1508 1506 1092 1096 992 1403 1509 1092 1305 1408 1202 1518 1192 1724 1611 1093 1516 1521 1626 1098 887 1512 994 1201 1513 1287 1732 1194 1742 1202 1298 1521 1406 1631 1097 1000 1091 1626 1634 1095 991 1098 1093 1631 1096 1309 1213 990 991 1091 1630 1097 1320 1634 1095 1634 995 1089 1095 1627 887 1002 1097 1630 1407 1645 1398 1421 1416 1501 1527 1421 1837 1405 1530 1608 1432 1858 1609 2066 1434 1606 1867 1431 1429 1727 1855 1642 1315 1871 1315 1964 1423 1747 2088 1443 1099 1550 1942 1433 1102 1442 2071 1009 1981 1013 1626 1967 1973 1632 1538 1443 1968 1951 1748 1228 1416 1877 1760 1228 2080 1744 1557 1109 1882 1444 1430 1009 1880 1213 1883 1545 1444 1988 1847 1425 1881 1449 1878 1877 1747 1317 1444 1996 1864 1760 1233 1637 1656 1997 1208 1334 1886 1205 1741 1435 1561 1341 1960 1768 1961 1108 1882 1344 1786 1754 1880 1528 1116 1777 1118 1526 1233 908 2104 995 1118 2109 911 2104 1533 1545 997 1125 1118 1109 2106 1966 1114 1344 1333 1349 1536 910 1221 2006 1533 1877 1222 1343 2008 1207 1124 1226 1216 1236 992 1243 1870 1122 1232 1214 2224 906 2230 1527 1117 1213 2228 1440 1121 2226 916 1870 1218 1984 1788 1793 1530 1021 1556 1790 1561 1797 1889 1773 918 1539 1244 1888 1235 1133 1128 1433 1247 1867 913 1886 1245 1976 1214 1449 1236 1214 1883 1800 1136 1257 1875 1441

Tree=0
num_leaves=10
num_cat=0
split_feature=6 1 15 14 5 15 12 0 0
split_gain=1283.78 471.756 456.095 119.063 70.1611 40.8906 5.43028 2.27374e-13 5.68434e-14
threshold=0.37500000000000006 5.5000000000000009 3.5000000000000004 1.0000000180025095e-35 0.34816732412886259 1.5000000000000002 87.615719586325241 38.500000000000007 32.500000000000007
decision_type=2 2 2 2 2 2 2 2 2
left_child=1 2 3 5 -3 -1 8 -2 -6
right_child=7 4 -4 -5 6 -7 -8 -9 -10
leaf_value=-1.0997677682028471 -0.84162526344353361 -1.0239571508047243 -0.84162526344353361 -0.84162526344353361 -0.84162526344353372 -1.0305924699218185 -0.88239045099177682 -0.84162526344353361 -0.84162526344353361
leaf_weight=174.51600751280785 117.96179991960526 7.4040805399417868 21.200507819652557 4.8924248814582816 13.046466350555422 24.34284770488739 12.2653671503067 11.959260821342466 11.415658056735991
leaf_count=901 217 31 39 9 24 104 29 22 21
internal_value=-0.970697 -1.03302 -1.06234 -1.0853 -0.883545 -1.0913 -0.855239 -0.841625 -0.841625
internal_weight=399.004 269.083 224.952 203.751 44.1316 198.859 36.7275 129.921 24.4621
internal_count=1397 1158 1053 1014 105 1005 74 239 45
is_linear=0
shrinkage=1


Tree=1
num_leaves=9
num_cat=0
split_feature=6 1 15 14 5 15 9 8
split_gain=1034.23 403.667 392.712 103.926 52.3211 39.3018 3.7361 0.286987
threshold=0.37500000000000006 5.5000000000000009 3.5000000000000004 1.0000000180025095e-35 0.35028340487181225 1.5000000000000002 0.411937153780356 79.325761384357648
decision_type=2 2 2 2 2 2 2 2
left_child=1 2 3 5 -3 -1 -6 -8
right_child=-2 4 -4 -5 6 -7 7 -9
leaf_value=-0.06664742178947379 0.16600673956085493 0.017134984042896133 0.16600673956085493 0.16600673956085493 0.12668243318612685 0.0012909234301525907 0.15869843746062426 0.16848337099552821
leaf_weight=168.83987994492054 141.17924463748932 8.2201636135578138 23.037617325782776 5.3163732290267935 8.508535370230673 24.358552694320679 13.409618049860002 16.985041320323944
leaf_count=901 239 33 39 9 19 104 24 29
internal_value=0.0564367 -0.00113828 -0.0294032 -0.0520805 0.13175 -0.0580817 0.155968 0.164166
internal_weight=409.855 268.676 221.552 198.515 47.1234 193.198 38.9032 30.3947
internal_count=1397 1158 1053 1014 105 1005 72 53
is_linear=0
shrinkage=0.05


Tree=2
num_leaves=13
num_cat=0
split_feature=6 1 15 15 5 12 1 15 5 0 0 10
split_gain=857.921 350.865 347.817 79.3996 42.0886 19.6264 3.07199 1.14367 0.056666 2.27374e-13 5.68434e-14 2.84217e-14
threshold=0.37500000000000006 5.5000000000000009 1.5000000000000002 3.5000000000000004 0.35028340487181225 433.39840564402783 7.5000000000000009 1.0000000180025095e-35 0.60539168213429873 29.500000000000004 21.500000000000004 1832.5000000000002
decision_type=2 2 2 2 2 2 2 2 2 2 2 2
left_child=1 2 7 5 -3 -4 -6 10 -8 -2 -1 -11
right_child=9 4 3 -5 6 -7 8 -9 -10 11 -12 -13
leaf_value=-0.0655740763566761 0.14826240334834204 0.016146310348690705 0.044053310323666828 0.14826240334834204 0.11875466134660247 -0.067862821575322418 0.15090210183094979 -0.043439844564140906 0.14646641557051637 0.14826240334834198 -0.0655740763566761 0.14826240334834204
leaf_weight=153.75018981099129 124.83016645908356 8.2855917364358884 24.73731362819672 24.464203476905823 12.329945862293242 4.6544401645660392 13.678732752799988 6.0601561665534964 15.202186852693558 12.545745372772219 3.9841038584709159 12.545745372772215
leaf_count=849 199 33 88 39 25 24 22 31 25 20 22 20
internal_value=0.0525358 -0.00118562 -0.0285114 0.0817183 0.118974 0.0263304 0.139648 -0.0647551 0.148567 0.148262 -0.0655741 0.148262
internal_weight=417.069 267.147 217.65 53.856 49.4965 29.3918 41.2109 163.794 28.8809 149.922 157.734 25.0915
internal_count=1397 1158 1053 151 105 112 72 902 47 239 871 40
is_linear=0
shrinkage=0.05


Tree=3
num_leaves=11
num_cat=0
split_feature=6 1 15 15 1 12 9 15 2 0
split_gain=727.225 308.557 292.414 66.5017 46.8836 17.7366 5.69134 1.14136 0.313482 2.27374e-13
threshold=0.37500000000000006 6.5000000000000009 1.5000000000000002 3.5000000000000004 5.5000000000000009 433.39840564402783 0.3865618489961144 1.0000000180025095e-35 3.7071428571428573 38.500000000000007
decision_type=2 2 2 2 2 2 2 2 2 2
left_child=1 2 4 5 7 -4 -3 -1 -8 -2
right_child=9 6 3 -5 -6 -7 8 -9 -10 -11
leaf_value=-0.064585584851524241 0.13472232294925351 0.084390402882126167 0.041035791020273639 0.13472232294925351 0.045277120528600015 -0.066690816882438247 0.1377126326943395 -0.042220870474309904 0.12789644387526719 0.13472232294925351
leaf_weight=152.2792831659317 142.14108580350876 7.0643592029809943 25.215646505355839 25.546093761920929 10.516198605298994 4.5032572746276847 20.103877127170563 5.9267903864383689 13.659362122416495 14.410616993904112
leaf_count=871 217 18 88 39 32 24 31 31 24 22
internal_value=0.0492911 -0.00121362 -0.0242562 0.0755641 -0.0569524 0.0247122 0.125202 -0.0637477 0.133741 0.134722
internal_weight=421.367 264.815 223.987 55.265 168.722 29.7189 40.8276 158.206 33.7632 156.552
internal_count=1397 1158 1085 151 934 112 73 902 55 239
is_linear=0
shrinkage=0.05


Tree=4
num_leaves=12
num_cat=0
split_feature=6 1 15 15 5 12 12 15 0 0 0
split_gain=626.8 273.363 291.923 57.0168 33.1976 16.0725 2.61739 1.14288 0.0455972 1.13687e-13 1.13687e-13
threshold=0.37500000000000006 5.5000000000000009 1.5000000000000002 3.5000000000000004 0.35028340487181225 433.39840564402783 65.272821960046301 1.0000000180025095e-35 32.500000000000007 35.500000000000007 6.5000000000000009
decision_type=2 2 2 2 2 2 2 2 2 2 2
left_child=1 2 7 5 -3 -4 8 -1 -6 10 -2
right_child=9 4 3 -5 6 -7 -8 -9 -10 -11 -12
leaf_value=-0.063673345277033583 0.1240438035838333 0.010747786114490761 0.038304184064062732 0.1240438035838333 0.128742186920869 -0.065613998066634399 0.10124652553375349 -0.041037189103088956 0.1247634618656917 0.1240438035838333 0.1240438035838333
leaf_weight=146.87489041686058 39.165865182876587 8.6424288600683195 25.651449084281925 26.335667967796326 14.659786701202394 4.3521351814270011 15.387222766876219 5.7962114810943595 14.152976751327513 18.232385516166687 103.9921247959137
leaf_count=871 58 33 88 39 22 24 29 31 21 27 154
internal_value=0.0465389 -0.00123048 -0.0269178 0.0703554 0.100372 0.0232305 0.117896 -0.062814 0.126788 0.124044 0.124044
internal_weight=423.243 261.853 209.01 56.3393 52.8424 30.0036 44.2 152.671 28.8128 161.39 143.158
internal_count=1397 1158 1053 151 105 112 72 902 43 239 212
is_linear=0
shrinkage=0.05


Tree=5
num_leaves=12
num_cat=0
split_feature=6 1 15 15 11 12 1 9 1 0 0
split_gain=547.298 244.652 245.657 49.8077 44.2199 14.6007 10.4665 4.3437 0.250899 2.27374e-13 5.68434e-14
threshold=0.37500000000000006 6.5000000000000009 1.5000000000000002 3.5000000000000004 4.5000000000000009 433.39840564402783 5.5000000000000009 0.3865618489961144 9.5000000000000018 23.500000000000004 29.500000000000004
decision_type=2 2 2 2 2 2 2 2 2 2 2
left_child=1 2 4 5 6 -4 -1 -3 -9 -2 -11
right_child=9 7 3 -5 -6 -7 -8 8 -10 10 -12
leaf_value=-0.061946332473903125 0.11540593576761077 0.072786313137554084 0.035819257749878944 0.11540593576761077 0.12386032802268232 -0.064622388136557601 -0.0014388428954789259 0.11020268090869945 0.11865270779505964 0.11540593576761077 0.11540593576761077
leaf_weight=147.20817707479 122.66538548469543 7.392534375190734 26.048782587051395 26.876123785972595 3.3779868483543387 4.2017823457717887 7.5117094963788977 15.783897474408148 19.81001228094101 14.471758961677549 27.565255165100098
leaf_count=902 178 18 88 39 5 24 27 26 29 21 40
internal_value=0.0441873 -0.00124014 -0.022991 0.0658743 -0.0551014 0.021868 -0.0590087 0.107662 0.114906 0.115406 0.115406
internal_weight=422.913 258.211 215.225 57.1267 158.098 30.2506 154.72 42.9864 35.5939 164.702 42.037
internal_count=1397 1158 1085 151 934 112 929 73 55 239 61
is_linear=0
shrinkage=0.05


Tree=6
num_leaves=12
num_cat=0
split_feature=6 1 15 15 5 12 9 15 5 0 0
split_gain=483.027 219.332 248.518 44.1787 27.1821 13.2939 2.08229 1.20453 0.152087 1.13687e-13 2.84217e-14
threshold=0.37500000000000006 5.5000000000000009 1.5000000000000002 3.5000000000000004 0.35028340487181225 433.39840564402783 0.411937153780356 1.0000000180025095e-35 0.54785077736198462 38.500000000000007 16.500000000000004
decision_type=2 2 2 2 2 2 2 2 2 2 2
left_child=1 2 7 5 -3 -4 -6 10 -8 -2 -1
right_child=9 4 3 -5 6 -7 8 -9 -10 -11 -12
leaf_value=-0.062059210266450483 0.10827697451544063 0.0073360836308678373 0.033548895180939904 0.10827697451544063 0.082746220201109832 -0.063707339572756413 0.10448157058097721 -0.038141503255535093 0.11118651405328145 0.10827697451544063 -0.062059210266450483
leaf_weight=127.28196255862713 151.36507737636566 8.8574334084987623 26.411291480064396 27.203861832618713 9.9164895415306074 4.0528028011322013 13.660930693149565 5.4753887951374045 22.204024493694305 15.345768213272093 9.0803860127925855
leaf_count=813 217 33 88 39 19 24 21 31 32 22 58
internal_value=0.0421395 -0.00124463 -0.0255529 0.0619656 0.0875134 0.0206104 0.103025 -0.0611359 0.108633 0.108277 -0.0620592
internal_weight=420.855 254.145 199.506 57.668 54.6389 30.4641 45.7814 141.838 35.865 166.711 136.362
internal_count=1397 1158 1053 151 105 112 72 902 53 239 871
is_linear=0
shrinkage=0.05


Tree=7
num_leaves=12
num_cat=0
split_feature=6 1 15 15 11 14 1 12 10 0 8
split_gain=430.019 199.285 208.981 39.6826 37.504 31.9052 9.12219 3.61736 0.077513 1.13687e-13 1.13687e-13
threshold=0.37500000000000006 6.5000000000000009 1.5000000000000002 3.5000000000000004 4.5000000000000009 1.0000000180025095e-35 5.5000000000000009 202.602632756632 2407.5000000000005 38.500000000000007 149.991082244757
decision_type=2 2 2 2 2 2 2 2 2 2 2
left_child=1 2 4 5 6 -4 -1 8 -3 10 -2
right_child=9 7 3 -5 -6 -7 -8 -9 -10 -11 -12
leaf_value=-0.060381576106176643 0.10229653580917233 0.10840261924280546 -0.0038770098015309729 0.10229653580917233 0.10854616434376724 0.13103491320523505 -0.0040760266374129574 0.075739013465986438 0.10320214446311478 0.10229653580917233 0.10229653580917233
leaf_weight=136.56370975077152 138.15240615606308 14.529787421226503 25.349745213985447 27.349968731403351 3.4864196777343741 5.2982110977172843 7.5934227257966986 15.315346121788023 14.136441469192503 15.428187489509581 14.025624990463255
leaf_count=902 197 21 104 39 5 8 27 31 21 22 20
internal_value=0.0403491 -0.00124476 -0.0219054 0.0585155 -0.0534967 0.0194456 -0.0574157 0.0953569 0.105838 0.102297 0.102297
internal_weight=417.229 249.623 205.641 57.9979 147.644 30.648 144.157 43.9816 28.6662 167.606 152.178
internal_count=1397 1158 1085 151 934 112 929 73 42 239 217
is_linear=0
shrinkage=0.05


Tree=8
num_leaves=11
num_cat=0
split_feature=6 1 15 15 11 14 1 9 2 0
split_gain=385.679 180.064 193.266 35.9622 34.6485 27.895 8.92919 3.58258 0.231886 1.13687e-13
threshold=0.37500000000000006 6.5000000000000009 1.5000000000000002 3.5000000000000004 4.5000000000000009 1.0000000180025095e-35 5.5000000000000009 0.3865618489961144 3.7071428571428573 35.500000000000007
decision_type=2 2 2 2 2 2 2 2 2 2
left_child=1 2 4 5 6 -4 -1 -3 -9 -2
right_child=9 7 3 -5 -6 -7 -8 8 -10 -11
leaf_value=-0.059673221914364895 0.097211309534184123 0.05913545175152455 -0.0036894124279249715 0.097211309534184123 0.10252398698783656 0.12108277994848703 -0.003877037826684119 0.099928762467245497 0.091814611827049267 0.097211309534184123
leaf_weight=131.40624575316906 148.62418866157532 7.7168557047843924 25.30787825584412 27.341242253780365 3.506039321422576 5.4429054260253897 7.5842438489198676 21.672109186649323 14.830232530832289 18.928552329540253
leaf_count=902 212 18 104 39 5 8 27 31 24 27
internal_value=0.0387618 -0.0012426 -0.0213763 0.0554904 -0.0527128 0.0183953 -0.0566286 0.0900884 0.0966321 0.0972113
internal_weight=412.36 244.808 200.589 58.092 142.497 30.7508 138.99 44.2192 36.5023 167.553
internal_count=1397 1158 1085 151 934 112 929 73 55 239
is_linear=0
shrinkage=0.05


Tree=9
num_leaves=11
num_cat=0
split_feature=6 1 15 15 11 14 1 12 10 0
split_gain=348.058 163.413 179.081 32.8548 32.1082 24.6587 8.74925 3.3804 0.0633617 1.13687e-13
threshold=0.37500000000000006 6.5000000000000009 1.5000000000000002 3.5000000000000004 4.5000000000000009 1.0000000180025095e-35 5.5000000000000009 202.602632756632 2407.5000000000005 33.500000000000007
decision_type=2 2 2 2 2 2 2 2 2 2
left_child=1 2 4 5 6 -4 -1 8 -3 -2
right_child=9 7 3 -5 -6 -7 -8 -9 -10 -11
leaf_value=-0.059008895584283128 0.092837860704085493 0.098007985618224214 -0.0035106227865845463 0.092837860704085493 0.097405889074660065 0.11297654762379264 -0.0036875593070958279 0.066735285370834868 0.09331048260523872 0.092837860704085493
leaf_weight=126.36897669732571 145.76892733573914 14.573368072509767 25.267959058284763 27.200900316238403 3.5056762695312491 5.5390257835388175 7.5754733383655539 15.524601727724074 14.146905124187468 20.923769474029541
leaf_count=902 209 21 104 39 5 8 27 31 21 30
internal_value=0.0373498 -0.0012374 -0.0208792 0.0527919 -0.0519705 0.0174335 -0.0558801 0.0855331 0.0956941 0.0928379
internal_weight=406.396 239.703 195.458 58.0079 137.45 30.807 133.944 44.2449 28.7203 166.693
internal_count=1397 1158 1085 151 934 112 929 73 42 239
is_linear=0
shrinkage=0.05


Tree=10
num_leaves=12
num_cat=0
split_feature=6 1 15 15 5 14 9 15 5 0 0
split_gain=315.806 148.771 185.197 30.2241 22.2934 21.995 1.77119 1.40487 0.122224 1.13687e-13 2.84217e-14
threshold=0.37500000000000006 5.5000000000000009 1.5000000000000002 3.5000000000000004 0.35028340487181225 1.0000000180025095e-35 0.411937153780356 1.0000000180025095e-35 0.54785077736198462 21.500000000000004 10.500000000000002
decision_type=2 2 2 2 2 2 2 2 2 2 2
left_child=1 2 7 5 -3 -4 -6 10 -8 -2 -1
right_child=9 4 3 -5 6 -7 8 -9 -10 -11 -12
leaf_value=-0.059475464607086595 0.089039907538287999 -0.00021350467190982007 -0.0033402580425897551 0.089039907538287999 0.066316498030862883 0.10624886090093721 0.086321762272730113 -0.031877681717025902 0.092333263710004082 0.089039907538287999 -0.059475464607086595
leaf_weight=102.1925675868988 115.39766436815262 9.2595185339450818 25.229905068874363 26.949155151844025 10.080281689763067 5.5936632156372061 13.668503910303114 4.8011167645454398 22.169036746025085 49.752286434173584 14.465003013610838
leaf_count=763 167 33 104 39 19 8 21 31 32 72 108
internal_value=0.0360812 -0.00123022 -0.0233314 0.0503628 0.0705605 0.0165473 0.0848324 -0.0583846 0.0900405 0.0890399 -0.0594755
internal_weight=399.559 234.409 179.231 57.7727 55.1773 30.8236 45.9178 121.459 35.8375 165.15 116.658
internal_count=1397 1158 1053 151 105 112 72 902 53 239 871
is_linear=0
shrinkage=0.05


Tree=11
num_leaves=14
num_cat=0
split_feature=2 15 6 1 15 5 14 8 9 15 10 4 0
split_gain=288.49 164.2 52.921 92.2677 27.0431 19.284 18.9748 20.2031 1.7046 1.40632 0.000707549 2.84217e-14 3.55271e-15
threshold=2.5000000000000004 1.5000000000000002 0.37500000000000006 5.5000000000000009 3.5000000000000004 0.35028340487181225 1.0000000180025095e-35 24.161344253900467 0.411937153780356 1.0000000180025095e-35 347.50000000000006 2.5000000000000004 20.500000000000004
decision_type=2 2 2 2 2 2 2 2 2 2 2 2 2
left_child=1 9 3 12 6 -5 7 -3 -7 10 11 -1 -2
right_child=2 4 -4 5 -6 8 -8 -9 -10 -11 -12 -13 -14
leaf_value=-0.058928337948944066 -0.05892833794894406 -0.040386113459572368 0.085714067268400626 0.0013427024922923849 0.085714067268400626 0.063066614152800779 0.10057902029463713 0.048516919256634289 0.086374018366610419 -0.030927319283757495 -0.059778434641253368 -0.058928337948944066 -0.058928337948944066
leaf_weight=80.090359032154083 16.198050141334537 14.364049613475805 162.35033965110779 9.0569382607936841 26.60362708568573 10.069919869303702 5.6128931045532218 11.511732041835783 35.499101221561432 4.7037290632724753 2.5159486979246131 10.155920326709746 3.2138988375663748
leaf_count=623 126 67 238 32 39 19 8 38 53 31 19 79 25
internal_value=0.0349398 -0.0179398 0.0697379 0.0347055 0.0485994 0.0679793 0.0172425 -0.00083454 0.0812235 -0.0575989 -0.0589514 -0.0589283 -0.0589283
internal_weight=391.947 155.558 236.388 74.0379 58.0923 54.626 31.4887 25.8758 45.569 97.466 92.7622 90.2463 19.4119
internal_count=1397 904 493 255 152 104 113 105 72 752 721 702 151
is_linear=0
shrinkage=0.05


Tree=12
num_leaves=16
num_cat=0
split_feature=2 15 6 3 1 15 14 8 15 1 9 10 9 0 0
split_gain=264.423 153.1 48.4887 87.496 56.7911 25.1807 17.167 18.208 1.4184 0.680625 0.454303 0.000608853 1.42109e-14 1.77636e-15 1.77636e-15
threshold=2.5000000000000004 1.5000000000000002 0.37500000000000006 5.5000000000000009 5.5000000000000009 3.5000000000000004 1.0000000180025095e-35 24.161344253900467 1.0000000180025095e-35 5.5000000000000009 0.40772169398706298 347.50000000000006 0.59576730743755679 10.500000000000002 21.500000000000004
decision_type=2 2 2 2 2 2 2 2 2 2 2 2 2 2 2
left_child=1 8 3 4 13 6 7 -3 11 14 -6 12 -1 -2 -5
right_child=2 5 -4 9 10 -7 -8 -9 -10 -11 -12 -13 -14 -15 -16
leaf_value=-0.058417406804603167 -0.058417406804603181 -0.03908325379871333 0.082780385437131662 -0.058417406804603146 0.075171267841296574 0.082780385437131662 0.095739309437745446 0.045232815792198205 -0.029995066875655226 -0.079122064455439081 0.087023450767658828 -0.059222282426483176 -0.058417406804603167 -0.058417406804603146 -0.058417406804603146
leaf_weight=30.09217569231987 4.0698434337973577 14.107349336147314 159.76339793205261 7.7697011008858698 10.311262384057043 26.179716467857361 5.6019620895385733 11.724424660205839 4.6098493635654441 6.3880703002214423 37.450389236211777 2.4151483178138724 56.484493717551231 4.0698434337973595 2.7132289558649063
leaf_count=244 33 67 238 63 19 39 8 38 31 29 56 19 458 33 22
internal_value=0.0339014 -0.0175672 0.0673708 0.0335409 0.0636599 0.0465597 0.0163931 -0.000814206 -0.0570384 -0.0662571 0.0844647 -0.0584393 -0.0584174 -0.0584174 -0.0584174
internal_weight=383.751 151.215 232.536 72.7723 55.9013 57.6135 31.4337 25.8318 93.6017 16.871 47.7617 88.9918 86.5767 8.13969 10.4829
internal_count=1397 904 493 255 141 152 113 105 752 114 75 721 702 66 85
is_linear=0
shrinkage=0.05


Tree=13
num_leaves=15
num_cat=0
split_feature=2 15 6 3 1 15 14 8 15 1 9 10 0 0
split_gain=243.19 142.926 44.5288 80.7206 51.8701 23.5409 15.6163 16.4349 1.43195 0.562144 0.499903 0.00052424 1.42109e-14 1.77636e-15
threshold=2.5000000000000004 1.5000000000000002 0.37500000000000006 5.5000000000000009 5.5000000000000009 3.5000000000000004 1.0000000180025095e-35 24.161344253900467 1.0000000180025095e-35 5.5000000000000009 0.40772169398706298 347.50000000000006 3.5000000000000004 20.500000000000004
decision_type=2 2 2 2 2 2 2 2 2 2 2 2 2 2
left_child=1 8 3 4 -2 6 7 -3 11 13 -6 12 -1 -5
right_child=2 5 -4 9 10 -7 -8 -9 -10 -11 -12 -13 -14 -15
leaf_value=-0.057939770525581503 -0.057939770525581503 -0.03782327231426804 0.080176093866058243 -0.057939770525581483 0.071467806495012984 0.080176093866058243 0.091563351269266735 0.042261351874626679 -0.029080435638888565 -0.077049529362617344 0.083924108069602821 -0.058702256491449306 -0.057939770525581503 -0.057939770525581483
leaf_weight=76.748358488082886 7.8049178123474112 13.854938447475439 156.78025805950165 7.0953798294067401 10.303402110934256 25.690882623195648 5.5654249191284171 11.916188344359396 4.5194293260574332 6.2357625216245642 36.905368208885193 2.3171951472759238 6.2675855159759513 2.9564082622528076
leaf_count=649 66 67 238 60 19 39 8 38 31 29 56 19 53 25
internal_value=0.0329637 -0.0172143 0.0652774 0.0325175 0.0614646 0.0446967 0.0156094 -0.000793325 -0.0565079 -0.065256 0.0812055 -0.0579605 -0.0579398 -0.0579398
internal_weight=374.961 146.88 228.081 71.3012 55.0137 57.0274 31.3366 25.7711 89.8526 16.2876 47.2088 85.3331 83.0159 10.0518
internal_count=1397 904 493 255 141 152 113 105 752 114 75 721 702 85
is_linear=0
shrinkage=0.05


Tree=14
num_leaves=15
num_cat=0
split_feature=2 15 6 3 0 15 14 8 15 9 1 10 2 5
split_gain=224.267 133.573 41.047 74.6284 46.6909 22.0861 14.2724 14.8535 1.44672 0.730947 0.465801 0.000451614 1.42109e-14 1.77636e-15
threshold=2.5000000000000004 1.5000000000000002 0.37500000000000006 5.5000000000000009 18.500000000000004 3.5000000000000004 1.0000000180025095e-35 24.161344253900467 1.0000000180025095e-35 0.40218960730244963 5.5000000000000009 347.50000000000006 1.2916666666666667 0.35768270578981559
decision_type=2 2 2 2 2 2 2 2 2 2 2 2 2 2
left_child=1 8 3 4 -2 6 7 -3 11 -6 13 12 -1 -5
right_child=2 5 -4 10 9 -7 -8 -9 -10 -11 -12 -13 -14 -15
leaf_value=-0.057492817866160645 -0.057492817866160645 -0.036602922211823714 0.077851141660138609 -0.057492817866160666 0.065756878104928695 0.077851141660138609 0.087926693511610032 0.039558727318190795 -0.028183078917634854 0.081166766797879764 -0.075171302183531116 -0.058215502599890404 -0.057492817866160645 -0.057492817866160645
leaf_weight=63.697765484452248 7.3671792820096007 13.607404679059988 153.472700715065 2.4935068339109403 9.7208778485655767 25.148887932300568 5.5072484016418448 12.089131861925123 4.4324099719524375 36.9307851344347 6.0760384798049918 2.2221462279558173 15.867770761251448 7.1404968425631523
leaf_count=562 65 67 238 22 19 39 8 38 31 57 29 19 140 63
internal_value=0.0321076 -0.0168789 0.0633983 0.0315877 0.0594831 0.042984 0.0148826 -0.000772093 -0.0560047 0.0779558 -0.0643302 -0.0575125 -0.0574928 -0.0574928
internal_weight=365.774 142.573 223.202 69.7289 54.0188 56.3527 31.2038 25.6965 86.2201 46.6517 15.71 81.7877 79.5655 9.634
internal_count=1397 904 493 255 141 152 113 105 752 76 114 721 702 85
is_linear=0
shrinkage=0.05


Tree=15
num_leaves=15
num_cat=0
split_feature=2 15 6 3 0 15 14 8 15 9 1 10 0 0
split_gain=207.302 124.95 37.9773 69.1162 42.8898 20.7862 13.0975 13.4389 1.46254 0.783058 0.387104 0.000389222 5.68434e-14 1.77636e-15
threshold=2.5000000000000004 1.5000000000000002 0.37500000000000006 5.5000000000000009 18.500000000000004 3.5000000000000004 1.0000000180025095e-35 24.161344253900467 1.0000000180025095e-35 0.40218960730244963 5.5000000000000009 347.50000000000006 37.500000000000007 21.500000000000004
decision_type=2 2 2 2 2 2 2 2 2 2 2 2 2 2
left_child=1 8 3 4 -2 6 7 -3 11 -6 13 -1 -4 -5
right_child=2 5 12 10 9 -7 -8 -9 -10 -11 -12 -13 -14 -15
leaf_value=-0.057074182662179479 -0.057074182662179479 -0.035419396261860851 0.075765150315025717 -0.057074182662179486 0.062694470457445681 0.075765150315025717 0.084734335205628328 0.037089318734153824 -0.027302721929620428 0.078699789705486731 -0.073462709606013907 -0.057759449321515867 0.075765150315025717 -0.057074182662179451
leaf_weight=76.226141765713692 7.0579760894179335 13.365232631564146 134.15734541416168 6.8408075943589193 9.6867376863956434 24.564020991325378 5.4308934211730948 12.245139688253401 4.3487256467342368 36.202398046851158 5.9106797426939002 2.1300373971462241 15.746167302131651 2.388853445649147
leaf_count=702 65 67 213 63 19 39 8 38 31 57 29 19 25 22
internal_value=0.0313213 -0.0165588 0.0617001 0.0307341 0.0576726 0.0413999 0.0142056 -0.000750656 -0.0555264 0.0753212 -0.0634721 -0.0570928 0.0757652 -0.0570742
internal_weight=356.301 138.31 217.991 68.0875 52.9471 55.6053 31.0413 25.6104 82.7049 45.8891 15.1403 78.3562 149.904 9.22966
internal_count=1397 904 493 255 141 152 113 105 752 76 114 721 238 85
is_linear=0
shrinkage=0.05


Tree=16
num_leaves=16
num_cat=0
split_feature=2 15 6 3 0 16 15 14 15 9 1 10 0 8 5
split_gain=192.032 116.983 35.2461 64.1171 39.4914 19.8195 30.6853 21.5092 1.47922 0.835524 0.322558 0.000335567 5.68434e-14 1.42109e-14 1.77636e-15
threshold=2.5000000000000004 1.5000000000000002 0.37500000000000006 5.5000000000000009 18.500000000000004 1.5000000000000002 3.5000000000000004 1.0000000180025095e-35 1.0000000180025095e-35 0.40218960730244963 5.5000000000000009 347.50000000000006 38.500000000000007 120.01403237745372 0.38437145557655955
decision_type=2 2 2 2 2 2 2 2 2 2 2 2 2 2 2
left_child=1 8 3 4 -2 6 7 -3 11 -6 14 13 -4 -1 -5
right_child=2 5 12 10 9 -7 -8 -9 -10 -11 -12 -13 -14 -15 -16
leaf_value=-0.056681735650604595 -0.056681735650604595 -0.030348651512654458 0.073885164508083384 -0.056681735650604609 0.059874259504087569 0.11288420451006503 0.073885164508083384 0.08191238707415395 -0.026439173106496756 0.076479539378833603 -0.071903127550877008 -0.057331772120864426 0.073885164508083384 -0.056681735650604595 -0.056681735650604581
leaf_weight=67.902557991445065 6.759060136973857 21.24149410426617 132.61989784240723 3.2235517576336843 9.6370823830366117 7.9571053385734549 20.261373281478882 5.3393855094909659 4.2683041989803305 35.410731911659241 5.7412361055612555 2.0408853739500037 13.507582187652586 5.0952914878725997 5.6152191907167435
leaf_count=653 65 98 216 31 19 13 33 8 31 57 29 19 22 49 54
internal_value=0.0305965 -0.0162524 0.0601603 0.02995 0.0560176 0.0399267 0.0275334 -0.00779842 -0.0550708 0.0729272 -0.0626755 -0.0566994 0.0738852 -0.0566817 -0.0566817
internal_weight=346.621 134.106 212.514 66.3869 51.8069 54.7994 46.8423 26.5809 79.307 45.0478 14.58 75.0387 146.127 72.9978 8.83877
internal_count=1397 904 493 255 141 152 139 106 752 76 114 721 238 702 85
is_linear=0
shrinkage=0.05


Tree=17
num_leaves=16
num_cat=0
split_feature=2 15 6 3 0 15 14 8 15 9 1 10 0 8 0
split_gain=178.201 109.663 32.8037 59.567 36.4377 18.2808 11.0635 11.809 1.49662 0.888197 0.269424 0.0002894 5.68434e-14 1.42109e-14 1.77636e-15
threshold=2.5000000000000004 1.5000000000000002 0.37500000000000006 5.5000000000000009 18.500000000000004 3.5000000000000004 1.0000000180025095e-35 24.161344253900467 1.0000000180025095e-35 0.40218960730244963 5.5000000000000009 347.50000000000006 32.500000000000007 102.95710226219329 19.500000000000004
decision_type=2 2 2 2 2 2 2 2 2 2 2 2 2 2 2
left_child=1 8 3 4 -2 6 7 -3 11 -6 14 13 -4 -1 -5
right_child=2 5 12 10 9 -7 -8 -9 -10 -11 -12 -13 -14 -15 -16
leaf_value=-0.05631353461625687 -0.05631353461625687 -0.033703080370200124 0.072184026411543437 -0.056313534616256877 0.057262138890695424 0.072055173508752721 0.079402561077075051 0.034572782551002545 -0.025592287838444701 0.074471239354324648 -0.070475167895790128 -0.056930372597114004 0.072184026411543437 -0.05631353461625687 -0.056313534616256856
leaf_weight=62.513915002346039 6.4703892916440955 12.997819840908056 123.07406520843506 5.2758558839559537 9.574434891343115 23.245823979377747 5.2353692054748526 12.351305738091467 4.1910678297281256 34.568714290857315 5.5690536946058264 1.9546911567449559 19.118301391601562 7.3662893474102011 3.185422420501709
leaf_count=628 65 67 206 53 19 39 8 38 31 57 29 19 32 74 32
internal_value=0.0299359 -0.0159723 0.0587581 0.0292262 0.0544964 0.0386332 0.0132307 -0.000435816 -0.0546358 0.0707387 -0.0619347 -0.0563303 0.072184 -0.0563135 -0.0563135
internal_weight=336.693 129.856 206.836 64.6439 50.6135 53.8303 30.5845 25.3491 76.026 44.1431 14.0303 71.8349 142.192 69.8802 8.46128
internal_count=1397 904 493 255 141 152 113 105 752 76 114 721 238 702 85
is_linear=0
shrinkage=0.05


Tree=18
num_leaves=16
num_cat=0
split_feature=2 15 6 3 0 16 15 14 15 9 1 10 0 0 0
split_gain=165.684 102.812 30.6093 55.4124 33.6816 17.8562 27.4267 18.5982 1.51457 0.940923 0.225536 0.000249644 5.68434e-14 1.42109e-14 8.88178e-16
threshold=2.5000000000000004 1.5000000000000002 0.37500000000000006 5.5000000000000009 18.500000000000004 1.5000000000000002 3.5000000000000004 1.0000000180025095e-35 1.0000000180025095e-35 0.40218960730244963 5.5000000000000009 347.50000000000006 26.500000000000004 2.5000000000000004 12.500000000000002
decision_type=2 2 2 2 2 2 2 2 2 2 2 2 2 2 2
left_child=1 8 3 4 14 6 7 -3 11 -6 -5 13 -4 -1 -2
right_child=2 5 12 10 9 -7 -8 -9 -10 -11 -12 -13 -14 -15 -16
leaf_value=-0.055967824273970769 -0.055967824273970769 -0.029182892957485652 0.070639123606631021 -0.055967824273970769 0.054830215689670662 0.10710763215962781 0.070641780771488694 0.077158211452272765 -0.024762009368305693 0.072646285694748722 -0.069164063939176013 -0.05655333639413155 0.070639123606631021 -0.055967824273970769 -0.055967824273970748
leaf_weight=51.249712571501732 4.191426306962966 20.856487914919857 108.53839832544327 8.0970735475420934 9.5010022073984128 7.8159415125846854 19.154861748218536 5.1211557388305655 4.116934970021247 33.68760159611702 5.3952994495630255 1.8714417964220036 29.601381361484528 15.622588962316511 2.0004534646868706
leaf_count=538 44 98 187 85 19 13 33 8 31 57 29 19 51 164 21
internal_value=0.0293117 -0.0156881 0.057476 0.0285551 0.0530913 0.0373338 0.0252505 -0.00821912 -0.0542196 0.068727 -0.0612447 -0.0559838 0.0706391 -0.0559678 -0.0559678
internal_weight=326.822 125.809 201.013 62.8729 49.3805 52.9484 45.1325 25.9776 72.8607 43.1886 13.4924 68.7437 138.14 66.8723 6.19188
internal_count=1397 904 493 255 141 152 139 106 752 76 114 721 238 702 65
is_linear=0
shrinkage=0.05


Tree=19
num_leaves=16
num_cat=0
split_feature=2 15 6 3 0 15 12 0 12 15 9 1 10 9 0
split_gain=154.256 96.5061 28.6296 51.608 21.955 16.2545 8.7909 7.32692 5.00022 1.53294 0.888253 0.189175 0.000215395 1.42109e-14 1.77636e-15
threshold=2.5000000000000004 1.5000000000000002 0.37500000000000006 5.5000000000000009 20.500000000000004 3.5000000000000004 433.39840564402783 16.500000000000004 87.615719586325241 1.0000000180025095e-35 0.411937153780356 5.5000000000000009 347.50000000000006 0.15144692463036813 14.500000000000002
decision_type=2 2 2 2 2 2 2 2 2 2 2 2 2 2 2
left_child=1 9 3 4 7 6 8 -2 -3 12 -6 14 13 -1 -5
right_child=2 5 -4 11 10 -7 -8 -9 -10 -11 -12 -13 -14 -15 -16
leaf_value=-0.055642991465828198 -0.055642991465828198 -0.0084527765033759524 0.069231495188435646 -0.055642991465828219 0.053649234424421113 0.06902506689560893 -0.061588688193714519 0.049468690575102475 0.037598850971150941 -0.023948287924347601 0.070986942314688148 -0.067957194312587135 -0.056198924092280972 -0.055642991465828198 -0.055642991465828184
leaf_weight=4.9209875911474219 5.5588933899998656 8.8444987386465126 134.00585079193115 2.1871055960655195 9.7544573098421079 21.845066070556641 3.545787811279296 2.3625073283910751 17.671612411737442 4.045820713043212 30.443449944257736 5.2209815680980682 1.7911125421524037 59.051851093769073 5.5588933899998665
leaf_count=54 61 34 238 24 19 39 24 8 55 31 53 29 19 648 61
internal_value=0.0287414 -0.0154296 0.0562994 0.0279302 0.0517872 0.0362022 0.0123509 -0.0242941 0.0222382 -0.0538204 0.0667798 -0.0606011 -0.0556581 -0.055643 -0.055643
internal_weight=316.809 121.717 195.092 61.0863 48.1193 51.907 30.0619 7.9214 26.5161 69.8098 40.1979 12.967 65.764 63.9728 7.746
internal_count=1397 904 493 255 141 152 113 69 89 752 72 114 721 702 85
is_linear=0
shrinkage=0.05


Tree=20
num_leaves=16
num_cat=0
split_feature=2 15 6 3 0 16 15 14 0 15 9 1 10 9 0
split_gain=143.874 90.472 26.8818 48.08 20.3025 16.0031 24.6331 17.0002 6.85771 1.55162 0.925881 0.158966 0.000185871 2.84217e-14 1.42109e-14
threshold=2.5000000000000004 1.5000000000000002 0.37500000000000006 5.5000000000000009 20.500000000000004 1.5000000000000002 3.5000000000000004 1.0000000180025095e-35 16.500000000000004 1.0000000180025095e-35 0.411937153780356 5.5000000000000009 347.50000000000006 0.14000610020858698 3.5000000000000004
decision_type=2 2 2 2 2 2 2 2 2 2 2 2 2 2 2
left_child=1 9 3 4 8 6 7 -3 -2 12 -6 -5 14 -4 -1
right_child=2 5 13 11 10 -7 -8 -9 -10 -11 -12 -13 -14 -15 -16
leaf_value=-0.055337576439994818 -0.055337576439994818 -0.028433399093632634 0.067945113511284363 -0.055337576439994818 0.051608578344925937 0.1015310650627356 0.067951082197400717 0.074645886276638942 0.047173723675713042 -0.023151135901019124 0.06945396613709888 -0.066843699516730568 -0.055865549371218064 0.067945113511284363 -0.055337576439994818
leaf_weight=56.561181716620922 5.316228173673152 20.588766992092136 15.273161649703978 7.4078589305281621 9.6361792236566526 7.6578066349029532 18.003336489200592 4.9643981456756583 2.3537934422492981 3.9776383340358725 29.581497713923454 5.0469691753387451 1.7136685252189625 114.54871237277985 4.6190179213881484
leaf_count=649 61 98 28 85 19 13 33 8 8 31 53 29 19 210 53
internal_value=0.0281686 -0.0151362 0.0552016 0.0273231 0.0505188 0.0348734 0.0231541 -0.00840744 -0.0238787 -0.0534366 0.0650692 -0.0600001 -0.055352 0.0679451 -0.0553376
internal_weight=307.25 118.086 189.164 59.3425 46.8877 51.2143 43.5565 25.5532 7.67002 66.8715 39.2177 12.4548 62.8939 129.822 61.1802
internal_count=1397 904 493 255 141 152 139 106 69 752 72 114 721 238 702
is_linear=0
shrinkage=0.05


Tree=21
num_leaves=17
num_cat=0
split_feature=2 15 6 3 0 15 0 12 12 15 9 1 10 0 12 0
split_gain=134.27 85.0128 25.2947 44.8337 18.8027 14.6821 7.30334 6.88025 5.63315 1.57049 0.963752 0.133804 0.000160413 2.84217e-14 1.42109e-14 1.77636e-15
threshold=2.5000000000000004 1.5000000000000002 0.37500000000000006 5.5000000000000009 20.500000000000004 3.5000000000000004 17.500000000000004 316.16757825230326 87.615719586325241 1.0000000180025095e-35 0.411937153780356 5.5000000000000009 347.50000000000006 31.500000000000004 2.258977139450232 21.500000000000004
decision_type=2 2 2 2 2 2 2 2 2 2 2 2 2 2 2 2
left_child=1 9 3 4 6 7 -2 8 -3 12 -6 15 14 -4 -1 -5
right_child=2 5 13 11 10 -7 -8 -9 -10 -11 -12 -13 -14 -15 -16 -17
leaf_value=-0.055050233949989869 -0.055093648489957819 -0.0083301369263508816 0.066766328910475417 -0.055050233949989869 0.04968059469279263 0.066517726354643106 0.054263595236246034 -0.036048588345543038 0.042259548093349086 -0.02237057266331011 0.068043812338658749 -0.065814179946089429 -0.055551758545171165 0.066766328910475417 -0.055050233949989869 -0.055050233949989841
leaf_weight=1.7497750595211972 5.2793632671236983 8.710078909993177 107.66990375518799 5.249325178563593 9.5127940922975522 20.413427531719208 2.1478987485170364 6.0687298327684394 14.942560985684393 3.9122990369796744 28.707019552588463 4.8740080296993256 1.6390665620565403 17.944983959197998 56.742705501616001 1.8330976814031599
leaf_count=21 63 34 204 63 19 39 6 34 45 31 53 29 19 34 681 22
internal_value=0.027664 -0.0148942 0.0541856 0.0267512 0.0493269 0.0338686 -0.0234685 0.0114443 0.0236299 -0.0530667 0.0634733 -0.0594381 -0.0550639 0.0667663 -0.0550502 -0.0550502
internal_weight=297.397 114.179 183.218 57.6035 45.6471 50.1348 7.42726 29.7214 23.6526 64.0438 38.2198 11.9564 60.1315 125.615 58.4925 7.08242
internal_count=1397 904 493 255 141 152 69 113 79 752 72 114 721 238 702 85
is_linear=0
shrinkage=0.05


Tree=22
num_leaves=13
num_cat=0
split_feature=6 1 15 15 1 12 12 15 0 16 0 5
split_gain=125.724 60.2576 74.5672 14.6117 14.4766 5.96176 2.25606 1.60787 0.0774045 9.84532e-05 2.84217e-14 1.42109e-14
threshold=0.37500000000000006 6.5000000000000009 1.5000000000000002 3.5000000000000004 5.5000000000000009 316.16757825230326 223.61334827805555 1.0000000180025095e-35 32.500000000000007 1.5000000000000002 21.500000000000004 0.58238754325259523
decision_type=2 2 2 2 2 2 2 2 2 2 2 2
left_child=1 2 4 5 7 -4 8 -1 -3 10 -2 -12
right_child=9 6 3 -5 -6 -7 -8 -9 -10 -11 11 -13
leaf_value=-0.054802753935515203 0.065683455229654825 0.063037031300645197 0.021216661475833655 0.065455279278284872 0.014258058233592842 -0.034767607067850335 0.038977751559861301 -0.021606648558640192 0.068789962830148585 0.06584538502162729 0.065683455229654825 0.065683455229654825
leaf_weight=69.507531188428402 74.987399697303772 10.923616141080858 23.220263957977298 19.724985837936401 8.9617239683866483 5.9800098389387122 11.358823031187056 3.849713370203971 12.58095997571945 10.247838437557219 19.89461624622345 16.833906054496765
leaf_count=871 147 21 78 39 32 34 28 31 24 20 39 33
internal_value=0.0271484 -0.00115575 -0.016677 0.0322093 -0.0457319 0.00975148 0.0572743 -0.0530607 0.0661163 0.0656971 0.0656835 0.0656835
internal_weight=288.071 166.108 131.244 48.9253 82.319 29.2003 34.8634 73.3572 23.5046 121.964 111.716 36.7285
internal_count=1397 1158 1085 151 934 112 73 902 45 239 219 72
is_linear=0
shrinkage=0.05


Tree=23
num_leaves=10
num_cat=0
split_feature=6 11 15 1 16 1 5 16 0
split_gain=118.086 55.9509 42.0109 41.9968 41.6319 3.2174 0.277511 8.14107e-05 2.84217e-14
threshold=0.37500000000000006 1.5000000000000002 3.5000000000000004 6.5000000000000009 1.5000000000000002 8.5000000000000018 0.53293801939058183 1.5000000000000002 4.5000000000000009
decision_type=2 2 2 2 2 2 2 2 2
left_child=1 2 3 4 -1 -5 -3 8 -2
right_child=7 6 -4 5 -6 -7 -8 -9 -10
leaf_value=-0.041472085261431174 0.06468641984033878 0.078198123610235787 0.064427470514731286 0.022122558483400022 0.12222365401774898 0.063461776982475279 0.067030591742205478 0.06483626534456946 0.06468641984033878
leaf_weight=100.4420004338026 13.790779590606688 10.776225328445436 15.591334283351896 8.3498476594686526 4.0403547883033744 10.787676334381102 11.499041259288786 9.8958916664123517 94.072817921638489
leaf_count=1033 28 20 32 23 6 22 22 20 191
internal_value=0.0266235 -0.00114195 -0.0129147 -0.0226694 -0.0351419 0.0454252 0.0724332 0.064699 0.0646864
internal_weight=279.246 161.486 139.211 123.62 104.482 19.1375 22.2753 117.759 107.864
internal_count=1397 1158 1116 1084 1039 45 42 239 219
is_linear=0
shrinkage=0.05


Tree=24
num_leaves=10
num_cat=0
split_feature=6 11 15 1 16 1 5 16 0
split_gain=111.08 52.1781 39.2068 38.8882 37.7149 3.15117 0.245377 6.75125e-05 2.84217e-14
threshold=0.37500000000000006 1.5000000000000002 3.5000000000000004 6.5000000000000009 1.5000000000000002 8.5000000000000018 0.53293801939058183 1.5000000000000002 37.500000000000007
decision_type=2 2 2 2 2 2 2 2 2
left_child=1 2 3 4 -1 -5 -3 8 -2
right_child=7 6 -4 5 -6 -7 -8 -9 -10
leaf_value=-0.040524616512516529 0.06376647861445868 0.076610504476526842 0.063527743216538174 0.021101727706598503 0.11409152277383852 0.0623555302247547 0.065940315865968685 0.063905408109245873 0.06376647861445868
leaf_weight=97.720683239400387 92.16815322637558 10.457653045654299 15.035625338554381 8.3169534206390399 4.1099361181259146 10.4389671087265 11.11446166038513 9.5468802750110608 11.87733933329582
leaf_count=1033 194 20 32 23 6 22 22 20 25
internal_value=0.0261061 -0.00111657 -0.0126054 -0.0220983 -0.0342842 0.0440623 0.071113 0.0637782 0.0637665
internal_weight=270.787 157.194 135.622 120.587 101.831 18.7559 21.5721 113.592 104.045
internal_count=1397 1158 1116 1084 1039 45 42 239 219
is_linear=0
shrinkage=0.05


Tree=25
num_leaves=10
num_cat=0
split_feature=6 11 14 1 16 1 5 16 0
split_gain=104.611 48.7047 38.5376 34.7641 42.6657 3.08748 0.217307 5.61315e-05 2.84217e-14
threshold=0.37500000000000006 1.5000000000000002 1.0000000180025095e-35 6.5000000000000009 1.5000000000000002 8.5000000000000018 0.53293801939058183 1.5000000000000002 37.500000000000007
decision_type=2 2 2 2 2 2 2 2 2
left_child=1 2 3 4 -1 -5 -3 8 -2
right_child=7 6 -4 5 -6 -7 -8 -9 -10
leaf_value=-0.040486918794401958 0.062916041358867261 0.075144159391238363 0.075872314530766233 0.020126865515226522 0.089824607719867736 0.061313594066667892 0.064935545981037276 0.063045073028565393 0.062916041358867261
leaf_weight=95.698937878012657 88.827931821346283 10.136780977249147 11.329473495483397 8.2846455127000826 6.7225987911224356 10.094301819801329 10.731817573308943 9.2020405828952772 11.446898430585859
leaf_count=1037 194 20 22 23 12 22 22 20 25
internal_value=0.0256107 -0.00109053 -0.0123019 -0.0205714 -0.0319337 0.0427479 0.0698943 0.0629269 0.062916
internal_weight=262.475 152.999 132.13 120.8 102.422 18.3789 20.8686 109.477 100.275
internal_count=1397 1158 1116 1094 1049 45 42 239 219
is_linear=0
shrinkage=0.05


Tree=26
num_leaves=10
num_cat=0
split_feature=6 11 14 1 16 12 5 16 8
split_gain=98.6329 45.4963 35.9302 32.1864 39.454 3.33854 0.192661 4.67752e-05 2.84217e-14
threshold=0.37500000000000006 1.5000000000000002 1.0000000180025095e-35 6.5000000000000009 1.5000000000000002 63.304889161608806 0.53293801939058183 1.5000000000000002 149.99565330791671
decision_type=2 2 2 2 2 2 2 2 2
left_child=1 2 3 4 -1 -5 -3 8 -2
right_child=7 6 -4 5 -6 -7 -8 -9 -10
leaf_value=-0.039506579999278868 0.062128452481147026 0.073784962209603649 0.074631228546861661 0.059877362703982563 0.087064370326007445 0.016287970957371469 0.0640076672508961 0.062248476835965121 0.062128452481147026
leaf_weight=93.233382701873779 86.421440601348877 9.8154918551445025 10.951558738946913 10.4063066393137 6.5922440290451041 7.6014903187751761 10.352631181478499 8.86241367459297 10.141291499137877
leaf_count=1037 196 20 22 23 12 22 22 20 23
internal_value=0.0251307 -0.00106245 -0.0119978 -0.0200492 -0.0311481 0.0414773 0.0687661 0.0621385 0.0621285
internal_weight=254.378 148.953 128.785 117.833 99.8256 18.0078 20.1681 105.425 96.5627
internal_count=1397 1158 1116 1094 1049 45 42 239 219
is_linear=0
shrinkage=0.05


Tree=27
num_leaves=10
num_cat=0
split_feature=6 11 15 1 14 12 5 16 0
split_gain=93.0921 42.5316 34.3037 31.3899 30.8135 3.69493 0.170933 3.90654e-05 2.84217e-14
threshold=0.37500000000000006 1.5000000000000002 3.5000000000000004 6.5000000000000009 1.0000000180025095e-35 67.855643031290526 0.53293801939058183 1.5000000000000002 38.500000000000007
decision_type=2 2 2 2 2 2 2 2 2
left_child=1 2 3 4 -1 -5 -3 8 -2
right_child=7 6 -4 5 -6 -7 -8 -9 -10
leaf_value=-0.039326043236669161 0.061397862362583572 0.07252097884154006 0.062182625048951917 0.059084245925841418 0.086564959060042274 0.012439747329443092 0.063149166413709254 0.06150967465016513 0.061397862362583572
leaf_weight=88.801708720624447 83.584202647209167 9.4953659474849719 13.963926672935484 10.519611939787866 5.142077922821044 7.1187420487403861 9.9781932830810529 8.5288674831390363 9.3342764377593976
leaf_count=1030 197 20 32 24 9 21 22 20 22
internal_value=0.0246672 -0.00103404 -0.0116984 -0.0209442 -0.0324353 0.0402588 0.0677189 0.0614073 0.0613979
internal_weight=246.467 145.02 125.546 111.582 93.9438 17.6384 19.4736 101.447 92.9185
internal_count=1397 1158 1116 1084 1039 45 42 239 219
is_linear=0
shrinkage=0.05


Tree=28
num_leaves=8
num_cat=0
split_feature=6 11 15 1 16 5 16
split_gain=87.8698 39.8057 32.0851 29.3707 29.4098 0.151712 3.2692e-05
threshold=0.37500000000000006 1.5000000000000002 3.5000000000000004 7.5000000000000009 1.5000000000000002 0.53293801939058183 1.5000000000000002
decision_type=2 2 2 2 2 2 2
left_child=1 2 3 4 -1 -3 -2
right_child=6 5 -4 -5 -6 -7 -8
leaf_value=-0.035762091205039981 0.060719105498195564 0.071342079106335013 0.06145249651878662 0.051280487947070463 0.10012631989880316 0.062353467324808669 0.060823408964099428
leaf_weight=91.864657811820507 89.349694401025772 9.1777224242687243 13.436697632074354 12.613830655813215 4.162089228630065 9.6095888018608075 8.2021178901195508
leaf_count=1047 219 20 32 31 6 22 20
internal_value=0.0242521 -0.00100825 -0.0114352 -0.0204499 -0.0298723 0.0667445 0.0607279
internal_weight=238.416 140.865 122.077 108.641 96.0267 18.7873 97.5518
internal_count=1397 1158 1116 1084 1053 42 239
is_linear=0
shrinkage=0.05


Tree=29
num_leaves=9
num_cat=0
split_feature=6 11 14 16 1 5 16 0
split_gain=83.1088 37.2581 30.9179 27.5637 34.71 0.134666 2.74064e-05 1.42109e-14
threshold=0.37500000000000006 1.5000000000000002 1.0000000180025095e-35 1.5000000000000002 5.5000000000000009 0.53293801939058183 1.5000000000000002 29.500000000000004
decision_type=2 2 2 2 2 2 2 2
left_child=1 2 3 4 -1 -3 7 -2
right_child=6 5 -4 -5 -6 -7 -8 -9
leaf_value=-0.040654447814301435 0.060087616880150387 0.070239602719685365 0.072699109418253124 0.083040290964465177 0.02909679216501735 0.061614781522430197 0.060185032759862769 0.060087616880150387
leaf_weight=79.850476060062647 70.179910361766815 8.8636573553085345 10.068063974380491 6.2539013028144828 22.965362928807735 9.2477227151393873 7.8827472925186148 15.682661533355711
leaf_count=1010 179 20 22 12 72 22 20 40
internal_value=0.023807 -0.000979367 -0.0111366 -0.0188754 -0.0250745 0.0658357 0.0600958 0.0600876
internal_weight=230.995 137.249 119.138 109.07 102.816 18.1114 93.7453 85.8626
internal_count=1397 1158 1116 1094 1082 42 239 219
is_linear=0
shrinkage=0.05


Tree=30
num_leaves=11
num_cat=0
split_feature=6 11 15 1 14 12 5 16 0 0
split_gain=78.6742 34.9019 29.2007 26.3605 28.7493 10.4865 0.119518 2.30147e-05 1.42109e-14 1.42109e-14
threshold=0.37500000000000006 1.5000000000000002 3.5000000000000004 5.5000000000000009 1.0000000180025095e-35 72.865957274959499 0.53293801939058183 1.5000000000000002 35.500000000000007 26.500000000000004
decision_type=2 2 2 2 2 2 2 2 2 2
left_child=1 2 3 4 -1 -5 -3 8 9 -2
right_child=7 6 -4 5 -6 -7 -8 -9 -10 -11
leaf_value=-0.040642812731227274 0.059499329220272984 0.06920613402232928 0.060705499868399848 0.057268601155448254 0.083931300580454185 -0.01123773639014447 0.060927994370663319 0.059590417847322774 0.059499329220272984 0.059499329220272984
leaf_weight=75.818037569522858 63.258540630340576 8.5540749430656451 12.69914874434471 13.008024521172048 4.9327173233032218 9.7904679179191572 8.8933408856391889 7.571220636367797 10.166551172733305 9.0369343757629377
leaf_count=1003 168 20 32 32 9 40 22 20 27 24
internal_value=0.0233758 -0.000955634 -0.0108527 -0.0196285 -0.0330331 0.0278496 0.0649866 0.059507 0.0594993 0.0594993
internal_weight=223.729 133.696 116.248 103.549 80.7508 22.7985 17.4474 90.0332 82.462 72.2955
internal_count=1397 1158 1116 1084 1012 72 42 239 219 192
is_linear=0
shrinkage=0.05


Tree=31
num_leaves=11
num_cat=0
split_feature=6 11 15 1 12 16 15 15 5 16
split_gain=74.4256 32.7324 28.1919 38.3364 9.80492 9.35396 13.3499 1.98989 0.106039 1.93569e-05
threshold=0.37500000000000006 1.5000000000000002 1.5000000000000002 5.5000000000000009 72.865957274959499 1.5000000000000002 3.5000000000000004 1.0000000180025095e-35 0.53293801939058183 1.5000000000000002
decision_type=2 2 2 2 2 2 2 2 2 2
left_child=1 2 3 7 -5 6 -4 -1 -3 -2
right_child=9 8 5 4 -6 -7 -8 -9 -10 -11
leaf_value=-0.053307728567286966 0.058950608630947726 0.068235282387558299 -0.0092084573110428024 0.055967336652793936 -0.0106811656945983 0.08223447502866299 0.060568791517821158 -0.012225007062411301 0.060288575844285187 0.059035871329118667
leaf_weight=50.581896126270294 79.151888430118561 8.2497154176235217 20.477090373635296 12.653997451066973 9.785718306899069 6.033510982990264 10.304018974304197 3.1298633813858023 8.5470486879348737 7.2678998112678519
leaf_count=871 219 20 104 32 40 12 26 31 22 20
internal_value=0.0230086 -0.000932992 -0.0106163 -0.0279834 0.0269026 0.0253079 0.0141496 -0.0509138 0.0641916 0.0589578
internal_weight=216.183 129.763 112.966 76.1515 22.4397 36.8146 30.7811 53.7118 16.7968 86.4198
internal_count=1397 1158 1116 974 72 142 130 902 42 239
is_linear=0
shrinkage=0.05


Tree=32
num_leaves=9
num_cat=0
split_feature=6 11 14 16 1 5 16 0
split_gain=70.449 30.7279 26.4531 23.9974 28.7126 0.0940335 1.6306e-05 1.42109e-14
threshold=0.37500000000000006 1.5000000000000002 1.0000000180025095e-35 1.5000000000000002 5.5000000000000009 0.53293801939058183 1.5000000000000002 4.5000000000000009
decision_type=2 2 2 2 2 2 2 2
left_child=1 2 3 4 -1 -3 7 -2
right_child=6 5 -4 -5 -6 -7 -8 -9
leaf_value=-0.039127877260563951 0.0584382160544374 0.067321515587064271 0.070862483771165274 0.080125501667965296 0.025985186521227097 0.059692488944785016 0.058518109082812568 0.0584382160544374
leaf_weight=72.502697762101889 9.70858585834503 7.951178818941119 9.1753395199775678 5.8864384889602652 22.088981479406357 8.2093288004398328 6.9730565547943106 66.226424962282181
leaf_count=1010 28 20 22 12 72 22 20 191
internal_value=0.0226609 -0.000919838 -0.010406 -0.0178271 -0.0239227 0.0634461 0.0584449 0.0584382
internal_weight=208.722 125.814 109.653 100.478 94.5917 16.1605 82.9081 75.935
internal_count=1397 1158 1116 1094 1082 42 239 219
is_linear=0
shrinkage=0.05


Tree=33
num_leaves=11
num_cat=0
split_feature=6 11 15 1 2 15 12 15 5 16
split_gain=66.8355 28.8302 25.691 34.5125 9.72288 8.24927 3.37 2.02128 0.0833359 1.3754e-05
threshold=0.37500000000000006 1.5000000000000002 1.5000000000000002 5.5000000000000009 3.8660714285714293 3.5000000000000004 316.16757825230326 1.0000000180025095e-35 0.53293801939058183 1.5000000000000002
decision_type=2 2 2 2 2 2 2 2 2 2
left_child=1 2 3 7 -5 6 -4 -1 -3 -2
right_child=9 8 5 4 -6 -7 -8 -9 -10 -11
leaf_value=-0.053015843991494754 0.057959232607460234 0.066460020599196062 0.017254412332648728 0.047487136603843239 -0.024101984815135966 0.059499416131010133 -0.029909934248055072 -0.010927818764673103 0.059136131902362638 0.058034161891631998
leaf_weight=46.625255711376667 72.81339704990387 7.6589460074901563 19.241656184196476 15.0046918168664 6.9349447563290587 11.493338316678999 4.7156077623367301 3.0385668575763694 7.8805563151836395 6.6868852376937857
leaf_count=871 219 20 76 39 33 32 34 31 22 20
internal_value=0.0222591 -0.000896067 -0.0101341 -0.0273688 0.0248584 0.0246768 0.00797086 -0.0504408 0.0627459 0.0579655
internal_weight=202.094 122.594 107.054 71.6035 21.9396 35.4506 23.9573 49.6638 15.5395 79.5003
internal_count=1397 1158 1116 974 72 142 110 902 42 239
is_linear=0
shrinkage=0.05


Tree=34
num_leaves=9
num_cat=0
split_feature=6 11 14 16 1 5 16 0
split_gain=63.3813 27.0876 24.1372 21.7009 25.2792 0.0738024 1.16136e-05 1.42109e-14
threshold=0.37500000000000006 1.5000000000000002 1.0000000180025095e-35 1.5000000000000002 5.5000000000000009 0.53293801939058183 1.5000000000000002 37.500000000000007
decision_type=2 2 2 2 2 2 2 2
left_child=1 2 3 4 -1 -3 7 -2
right_child=6 5 -4 -5 -6 -7 -8 -9
leaf_value=-0.038062943449791949 0.057511038575839717 0.065646602088651973 0.070159152053317297 0.077909196732286801 0.02400647699630588 0.058616274930697293 0.057581365441515681 0.057511038575839717
leaf_weight=68.215548373758793 61.821622431278229 7.3733956813812238 8.6298753321170789 5.6475797295570365 21.597488939762115 7.5610115826129913 6.4095111191272727 7.9667039215564719
leaf_count=1010 194 20 22 12 72 22 20 25
internal_value=0.0219102 -0.000884732 -0.00991966 -0.017159 -0.023137 0.0620873 0.057517 0.057511
internal_weight=195.223 119.025 104.09 95.4606 89.813 14.9344 76.1978 69.7883
internal_count=1397 1158 1116 1094 1082 42 239 219
is_linear=0
shrinkage=0.05


Tree=35
num_leaves=11
num_cat=0
split_feature=6 11 15 1 5 15 12 15 5 16
split_gain=60.2059 25.4369 23.4161 31.1315 9.65179 7.81104 3.02425 2.047 0.0653074 9.81775e-06
threshold=0.37500000000000006 1.5000000000000002 1.5000000000000002 5.5000000000000009 0.35028340487181225 3.5000000000000004 316.16757825230326 1.0000000180025095e-35 0.53293801939058183 1.5000000000000002
decision_type=2 2 2 2 2 2 2 2 2 2
left_child=1 2 3 7 -5 6 -4 -1 -3 -2
right_child=9 8 5 4 -6 -7 -8 -9 -10 -11
leaf_value=-0.052753440506179722 0.057091256855512078 0.064877567715292711 0.016526734775692487 -0.028595092409565509 0.044769463280284257 0.05904246117375022 -0.029004601507055635 -0.0097331201717351518 0.058130022460375796 0.057157316677786764
leaf_weight=42.99096442013979 66.860444873571396 7.0948200523853284 18.894799709320072 6.3798506557941463 15.078834265470503 10.860177040100096 4.519304931163787 2.9551744163036338 7.2508925199508667 6.1410010755062094
leaf_count=871 219 20 76 31 41 32 34 31 22 20
internal_value=0.0215224 -0.000860643 -0.00965435 -0.0267643 0.0229576 0.0239947 0.00773844 -0.0499864 0.0614671 0.0570968
internal_weight=189.026 116.025 101.679 67.4048 21.4587 34.2743 23.4141 45.9461 14.3457 73.0014
internal_count=1397 1158 1116 974 72 142 110 902 42 239
is_linear=0
shrinkage=0.05


Tree=36
num_leaves=8
num_cat=0
split_feature=6 11 14 16 1 5 16
split_gain=57.1548 23.9208 22.0696 19.6538 22.78 0.0577408 8.31073e-06
threshold=0.37500000000000006 1.5000000000000002 1.0000000180025095e-35 1.5000000000000002 7.5000000000000009 0.53293801939058183 1.5000000000000002
decision_type=2 2 2 2 2 2 2
left_child=1 2 3 4 -1 -3 -2
right_child=6 5 -4 -5 -6 -7 -8
leaf_value=-0.032138526721599343 0.056697746501327057 0.064149663063613666 0.069572753425875281 0.075898673530931229 0.04593525020022593 0.057674755013565004 0.056759852355561247
leaf_weight=74.670256916433573 64.029843986034393 6.823437571525572 8.1107567846775037 5.4106844365596762 10.679110020399092 6.9503259360790253 5.8813692331314078
leaf_count=1051 219 20 22 12 31 22 20
internal_value=0.0211906 -0.000849694 -0.00944963 -0.0165115 -0.0223698 0.0608824 0.056703
internal_weight=182.556 112.645 98.8708 90.7601 85.3494 13.7738 69.9112
internal_count=1397 1158 1116 1094 1082 42 239
is_linear=0
shrinkage=0.05


Tree=37
num_leaves=12
num_cat=0
split_feature=6 11 15 1 12 15 10 15 5 16 0
split_gain=54.3494 22.4748 21.1639 28.7901 9.15319 7.45411 3.17318 2.05893 0.0510052 7.04065e-06 1.42109e-14
threshold=0.37500000000000006 1.5000000000000002 1.5000000000000002 5.5000000000000009 72.865957274959499 3.5000000000000004 182.50000000000003 1.0000000180025095e-35 0.53293801939058183 1.5000000000000002 33.500000000000007
decision_type=2 2 2 2 2 2 2 2 2 2 2
left_child=1 2 3 7 -5 6 -4 -1 -3 10 -2
right_child=9 8 5 4 -6 -7 -8 -9 -10 -11 -12
leaf_value=-0.052529451509598285 0.056328563673909815 0.063460004453125926 -0.0019841266590178877 0.052623449130760197 -0.013947281394607495 0.058634540636043175 0.044467812092789286 -0.0088107709350922978 0.057248114110448445 0.056386986537104722 0.056328563673909815
leaf_weight=39.829592976719141 52.899412930011749 6.5594040751457197 18.315548181533817 11.28124960511923 9.5216566249728185 10.250990957021711 4.5997307375073424 2.8883618712425223 6.6593760251998901 5.6305886209011069 8.3967322111129743
leaf_count=871 189 20 92 32 40 32 18 31 22 20 30
internal_value=0.0208115 -0.000819429 -0.00917968 -0.0260831 0.0221535 0.0231941 0.00734006 -0.0495734 0.0603306 0.0563335 0.0563286
internal_weight=176.833 109.906 96.6871 63.5209 20.8029 33.1663 22.9153 42.718 13.2188 66.9267 61.2961
internal_count=1397 1158 1116 974 72 142 110 902 42 239 219
is_linear=0
shrinkage=0.05


Tree=38
num_leaves=8
num_cat=0
split_feature=6 11 14 16 1 5 16
split_gain=51.6627 21.148 20.2527 17.9547 20.2554 0.0450136 5.97009e-06
threshold=0.37500000000000006 1.5000000000000002 1.0000000180025095e-35 1.5000000000000002 5.5000000000000009 0.53293801939058183 1.5000000000000002
decision_type=2 2 2 2 2 2 2
left_child=1 2 3 4 -1 -3 -2
right_child=6 5 -4 -5 -6 -7 -8
leaf_value=-0.036089932029755314 0.055981942627871151 0.062806021487784636 0.069094823153279986 0.07435469701051925 0.021390714396942331 0.056847961399389857 0.05603693558003351
leaf_weight=60.8455705717206 58.658565133810043 6.3028216361999494 7.6343093812465659 5.1846864223480216 20.486609578132629 6.3780532479286194 5.388591617345809
leaf_count=1010 219 20 22 12 72 22 20
internal_value=0.0204795 -0.000807415 -0.00897166 -0.0158603 -0.0216112 0.0598093 0.0559866
internal_weight=170.879 106.832 94.1512 86.5169 81.3322 12.6809 64.0472
internal_count=1397 1158 1116 1094 1082 42 239
is_linear=0
shrinkage=0.05


Tree=39
num_leaves=8
num_cat=0
split_feature=6 11 15 1 14 5 16
split_gain=49.1751 19.8891 19.4941 16.6918 19.2031 0.0396885 5.06828e-06
threshold=0.37500000000000006 1.5000000000000002 3.5000000000000004 7.5000000000000009 1.0000000180025095e-35 0.53293801939058183 1.5000000000000002
decision_type=2 2 2 2 2 2 2
left_child=1 2 3 4 -1 -3 -2
right_child=6 5 -4 -5 -6 -7 -8
leaf_value=-0.031429735634263406 0.055656258428656014 0.062185403037833202 0.05832780010517033 0.043833355353929612 0.078145943306502846 0.056472351894722307 0.055708061955213696
leaf_weight=68.095641475170851 56.115994423627853 6.0537481456994993 9.6988878697156888 10.029590383172033 4.2477880120277396 6.1063220202922821 5.1552803516387931
leaf_count=1044 219 20 32 31 9 22 20
internal_value=0.0201129 -0.000783273 -0.00872074 -0.0166153 -0.0249958 0.0593165 0.0556606
internal_weight=165.503 104.232 92.0719 82.373 72.3434 12.1601 61.2713
internal_count=1397 1158 1116 1084 1053 42 239
is_linear=0
shrinkage=0.05


Tree=40
num_leaves=13
num_cat=0
split_feature=6 11 15 1 4 15 10 15 5 16 0 0
split_gain=46.794 18.7129 18.7697 25.4809 12.0949 6.51773 3.22554 2.0646 0.0349602 4.30431e-06 1.42109e-14 7.10543e-15
threshold=0.37500000000000006 1.5000000000000002 1.5000000000000002 5.5000000000000009 3.5000000000000004 3.5000000000000004 182.50000000000003 1.0000000180025095e-35 0.53293801939058183 1.5000000000000002 38.500000000000007 4.5000000000000009
decision_type=2 2 2 2 2 2 2 2 2 2 2 2
left_child=1 2 3 7 -5 6 -4 -1 -3 10 11 -2
right_child=9 8 5 4 -6 -7 -8 -9 -10 -11 -12 -13
leaf_value=-0.052243437590378687 0.055350056073597942 0.06159608538160774 -0.0018018578461562941 0.044399045432234385 -0.042350637360083224 0.057871290425775823 0.045524992442911041 -0.0074941673531351838 0.056119520302152073 0.055398871948142192 0.055350056073597942 0.055350056073597942
leaf_weight=35.711865425109863 6.861535131931304 5.8122020959854108 17.483330346643932 14.549781545996668 5.5508776232600203 9.29679888486862 4.53381273895502 2.7780417352914801 5.8441069424152374 4.9305305778980246 5.3912061750888816 41.414265617728233
leaf_count=871 28 20 92 42 30 32 18 31 22 20 22 169
internal_value=0.0197735 -0.00075543 -0.00848344 -0.0251852 0.0204428 0.0227668 0.00794378 -0.0490136 0.0588503 0.0553542 0.0553501 0.0553501
internal_weight=160.158 101.561 89.9045 58.5906 20.1007 31.3139 22.0171 38.4899 11.6563 58.5975 53.667 48.2758
internal_count=1397 1158 1116 974 72 142 110 902 42 239 219 197
is_linear=0
shrinkage=0.05


Tree=41
num_leaves=13
num_cat=0
split_feature=6 11 15 1 4 16 15 15 5 16 0 0
split_gain=44.5297 17.6291 17.4608 24.1452 11.1346 6.3481 9.4258 2.06683 0.0307662 3.65949e-06 7.10543e-15 7.10543e-15
threshold=0.37500000000000006 1.5000000000000002 1.5000000000000002 5.5000000000000009 3.5000000000000004 1.5000000000000002 3.5000000000000004 1.0000000180025095e-35 0.53293801939058183 1.5000000000000002 35.500000000000007 19.500000000000004
decision_type=2 2 2 2 2 2 2 2 2 2 2 2
left_child=1 2 3 7 -5 6 -4 -1 -3 10 11 -2
right_child=9 8 5 4 -6 -7 -8 -9 -10 -11 -12 -13
leaf_value=-0.052129291857642639 0.055061974522284896 0.061036179037890416 -0.0076707249448684737 0.043115679536477367 -0.04072171875207941 0.073820100192272461 0.05795878368293042 -0.0071604833481041484 0.055787853329021364 0.055108006867363869 0.055061974522284896 0.055061974522284896
leaf_weight=34.042682588100433 30.692259877920151 5.5781702697277051 18.244383886456497 14.241659089922907 5.4859577044844618 4.9416477978229514 7.8141180723905554 2.7625316679477683 5.59129898250103 4.7141937762498847 6.3258856236934653 14.291815668344496
leaf_count=871 131 20 104 42 30 12 26 31 22 20 27 61
internal_value=0.0194627 -0.000745898 -0.00829423 -0.0248309 0.0198017 0.0218625 0.0120095 -0.048754 0.0584089 0.0550658 0.055062 0.055062
internal_weight=154.727 98.7025 87.533 56.5328 19.7276 31.0001 26.0585 36.8052 11.1695 56.0242 51.31 44.9841
internal_count=1397 1158 1116 974 72 142 130 902 42 239 219 192
is_linear=0
shrinkage=0.05


Tree=42
num_leaves=9
num_cat=0
split_feature=6 11 14 16 1 5 16 0
split_gain=42.3561 16.6167 17.171 15.4904 16.4937 0.02705 3.11337e-06 7.10543e-15
threshold=0.37500000000000006 1.5000000000000002 1.0000000180025095e-35 1.5000000000000002 5.5000000000000009 0.53293801939058183 1.5000000000000002 23.500000000000004
decision_type=2 2 2 2 2 2 2 2
left_child=1 2 3 4 -1 -3 7 -2
right_child=6 5 -4 -5 -6 -7 -8 -9
leaf_value=-0.034596127254138326 0.054790784836500274 0.060503981093351172 0.068205490575971084 0.072340662242658227 0.019175787746343632 0.05547587542184565 0.054834213109966813 0.054790784836500274
leaf_weight=54.095141988247633 35.382625937461853 5.3516110181808454 6.7805443555116645 4.7943159639835349 19.366418793797493 5.3477607816457748 4.5061034560203543 13.660380899906157
leaf_count=1010 158 20 22 12 72 22 20 61
internal_value=0.0191837 -0.0007349 -0.00812383 -0.0147375 -0.0204204 0.0579908 0.0547944 0.0547908
internal_weight=149.285 95.7358 85.0364 78.2559 73.4616 10.6994 53.5491 49.043
internal_count=1397 1158 1116 1094 1082 42 239 219
is_linear=0
shrinkage=0.05


Tree=43
num_leaves=9
num_cat=0
split_feature=6 11 14 16 1 5 16 0
split_gain=40.3771 15.6477 16.0972 14.3807 15.7254 0.0237608 2.64996e-06 7.10543e-15
threshold=0.37500000000000006 1.5000000000000002 1.0000000180025095e-35 1.5000000000000002 7.5000000000000009 0.53293801939058183 1.5000000000000002 30.500000000000004
decision_type=2 2 2 2 2 2 2 2
left_child=1 2 3 4 -1 -3 7 -2
right_child=6 5 -4 -5 -6 -7 -8 -9
leaf_value=-0.028702782422159678 0.054535356927040306 0.059997927611901813 0.067652662316311105 0.070968236301194129 0.041377628580583442 0.055182239027942719 0.054576343077923611 0.054535356927040306
leaf_weight=62.909561537206173 39.374423742294312 5.1324599236249906 6.5012254714965811 4.646434783935546 9.1718172132968885 5.1133308112621307 4.306078389286994 7.4897001683711997
leaf_count=1051 184 20 22 12 31 22 20 35
internal_value=0.0188342 -0.000711367 -0.00788904 -0.0142898 -0.0197856 0.0575946 0.0545388 0.0545354
internal_weight=144.645 93.4748 83.229 76.7278 72.0814 10.2458 51.1702 46.8641
internal_count=1397 1158 1116 1094 1082 42 239 219
is_linear=0
shrinkage=0.05


Tree=44
num_leaves=8
num_cat=0
split_feature=6 11 15 14 1 5 16
split_gain=38.5038 14.7355 15.6675 13.3051 15.4473 0.0208527 2.25691e-06
threshold=0.37500000000000006 1.5000000000000002 3.5000000000000004 1.0000000180025095e-35 5.5000000000000009 0.53293801939058183 1.5000000000000002
decision_type=2 2 2 2 2 2 2
left_child=1 2 3 4 -1 -3 -2
right_child=6 5 -4 -5 -6 -7 -8
leaf_value=-0.034563710692169278 0.054294646598594065 0.05951657920789484 0.057400516869730626 0.075348606454528053 0.018317831485907904 0.054905706733160531 0.054333344518465776
leaf_weight=50.341818321496248 44.771168366074562 4.9206326603889448 8.3133629411458951 3.8575446903705588 19.029917925596237 4.8878279477357864 4.1139240860939017
leaf_count=1003 219 20 32 9 72 22 20
internal_value=0.0184833 -0.000682339 -0.00764706 -0.0150316 -0.0200574 0.0572189 0.0542979
internal_weight=140.236 91.3511 81.5426 73.2293 69.3717 9.80846 48.8851
internal_count=1397 1158 1116 1084 1075 42 239
is_linear=0
shrinkage=0.05


Tree=45
num_leaves=12
num_cat=0
split_feature=6 11 15 1 4 15 10 15 5 16 0
split_gain=36.7037 13.8888 15.3984 20.5266 10.2243 5.40544 3.55158 2.04381 0.0226942 1.92412e-06 7.10543e-15
threshold=0.37500000000000006 1.5000000000000002 1.5000000000000002 5.5000000000000009 3.5000000000000004 3.5000000000000004 182.50000000000003 1.0000000180025095e-35 0.52713749785821873 1.5000000000000002 33.500000000000007
decision_type=2 2 2 2 2 2 2 2 2 2 2
left_child=1 2 3 7 -5 6 -4 -1 -3 10 -2
right_child=9 8 5 4 -6 -7 -8 -9 -10 -11 -12
leaf_value=-0.051832822321726084 0.054067682591091883 0.059489928588819047 -0.0023399257788572271 0.040804706689629204 -0.040412995981646174 0.057003648530457973 0.048533894435632913 -0.0057708463611246923 0.054562148426310547 0.0541042429349788 0.054067682591091883
leaf_weight=29.637257687747478 36.904106810688972 4.3819143623113614 16.155685782432563 13.49968206882477 5.4351204559206954 7.9615767896175376 4.3555013611912718 2.6212036609649649 5.0051685571670532 3.9294370710849753 5.8577947318553916
leaf_count=871 189 18 92 42 30 32 18 31 24 20 30
internal_value=0.0181645 -0.00066152 -0.00743959 -0.0238334 0.0174917 0.022036 0.00846301 -0.04809 0.0568624 0.0540708 0.0540677
internal_weight=135.744 89.0531 79.666 51.1933 18.9348 28.4728 20.5112 32.2585 9.38708 46.6913 42.7619
internal_count=1397 1158 1116 974 72 142 110 902 42 239 219
is_linear=0
shrinkage=0.05


Tree=46
num_leaves=13
num_cat=0
split_feature=6 11 15 1 4 15 12 15 5 16 7 9
split_gain=34.9879 13.1029 14.3015 19.4639 9.4024 5.26123 3.2832 2.04306 0.0198175 1.64021e-06 7.10543e-15 1.77636e-15
threshold=0.37500000000000006 1.5000000000000002 1.5000000000000002 5.5000000000000009 3.5000000000000004 3.5000000000000004 87.615719586325241 1.0000000180025095e-35 0.52713749785821873 1.5000000000000002 0.4291666666666667 0.23334060899983253
decision_type=2 2 2 2 2 2 2 2 2 2 2 2
left_child=1 2 3 7 -5 6 -4 -1 -3 10 -2 -12
right_child=9 8 5 4 -6 -7 -8 -9 -10 -11 11 -13
leaf_value=-0.051740282763787199 0.053853594173688096 0.059028520829458059 -0.023589483434309378 0.03958684579791432 -0.038848930872041887 0.056629868664622163 0.020621825314079651 -0.0055058919444756884 0.054321347950367076 0.053888136807702207 0.053853594173688103 0.053853594173688082
leaf_weight=28.240982681512836 32.256990224123001 4.1999629288911802 5.8763470500707689 13.226292684674265 5.3728584796190253 7.6220068335533133 14.713553816080092 2.6102606505155554 4.7816350162029266 3.7524065375328055 4.6614147722721082 3.9155884087085724
leaf_count=871 173 18 33 42 30 32 77 31 24 20 25 21
internal_value=0.0178667 -0.000653419 -0.00726578 -0.0234722 0.0169286 0.0211412 0.00800394 -0.0478285 0.0565225 0.0538565 0.0538536 0.0538536
internal_weight=131.23 86.6439 77.6623 49.4504 18.5992 28.2119 20.5899 30.8512 8.9816 44.5864 40.834 8.577
internal_count=1397 1158 1116 974 72 142 110 902 42 239 219 46
is_linear=0
shrinkage=0.05


Tree=47
num_leaves=9
num_cat=0
split_feature=6 11 14 16 1 5 16 0
split_gain=33.3583 12.3647 13.6567 13.1063 12.9497 0.0172938 1.39955e-06 7.10543e-15
threshold=0.37500000000000006 1.5000000000000002 1.0000000180025095e-35 1.5000000000000002 7.5000000000000009 0.52713749785821873 1.5000000000000002 35.500000000000007
decision_type=2 2 2 2 2 2 2 2
left_child=1 2 3 4 -1 -3 7 -2
right_child=6 5 -4 -5 -6 -7 -8 -9
leaf_value=-0.027316608439936316 0.053651551578356486 0.058589735116494492 0.066934421197553093 0.070469481598534098 0.039098445071897837 0.054094175858122089 0.053684207023750187 0.053651551578356486
leaf_weight=57.143314450979233 34.178692817687988 4.0242914408445341 5.7561001181602469 4.3881662786006919 8.4210863411426526 4.5670501291751862 3.5826156288385382 4.8063786774873725
leaf_count=1051 192 18 22 12 31 24 20 27
internal_value=0.017574 -0.000644889 -0.00709558 -0.0131872 -0.0187863 0.0562 0.0536543 0.0536516
internal_weight=126.868 84.3 75.7087 69.9526 65.5644 8.59134 42.5677 38.9851
internal_count=1397 1158 1116 1094 1082 42 239 219
is_linear=0
shrinkage=0.05


Tree=48
num_leaves=11
num_cat=0
split_feature=6 15 1 15 14 1 2 8 16 0
split_gain=31.8436 11.7325 15.6577 13.5982 7.06879 6.33696 6.23192 0.252622 1.19513e-06 7.10543e-15
threshold=0.37500000000000006 3.5000000000000004 6.5000000000000009 1.0000000180025095e-35 1.0000000180025095e-35 5.5000000000000009 3.8660714285714293 130.55206554088545 1.5000000000000002 37.500000000000007
decision_type=2 2 2 2 2 2 2 2 2 2
left_child=1 2 3 5 -5 -1 7 -4 9 -2
right_child=8 -3 6 4 -6 -7 -8 -9 -10 -11
leaf_value=-0.051608041877162142 0.053460801523360392 0.056014413499396676 0.059138220208928997 -0.002466382530656135 0.073694902925402331 0.0035493717980779843 -0.014591549545375003 0.045140669707380829 0.053491687833086589 0.053460801523360392
leaf_weight=26.228231927379966 32.964690536260605 8.2326347380876523 6.5505921989679354 20.238082557916645 3.5865152180194846 6.4972588121891013 4.7793698459863654 6.3460509181022644 3.4198446273803702 4.2480271309614173
leaf_count=871 194 39 27 134 9 32 21 25 20 25
internal_value=0.017235 -0.000616919 -0.00689807 -0.0197371 0.00899881 -0.0406572 0.0341772 0.0522504 0.0534634 0.0534608
internal_weight=123.091 82.4587 74.2261 56.5501 23.8246 32.7255 17.676 12.8966 40.6326 37.2127
internal_count=1397 1158 1119 1046 143 903 73 52 239 219
is_linear=0
shrinkage=0.05


Tree=49
num_leaves=12
num_cat=0
split_feature=6 11 15 1 4 16 15 15 5 16 0
split_gain=30.3687 11.3322 12.1576 17.0298 8.50209 4.9221 7.24313 1.94085 0.0159877 1.02042e-06 7.10543e-15
threshold=0.37500000000000006 1.5000000000000002 1.5000000000000002 5.5000000000000009 3.5000000000000004 1.5000000000000002 3.5000000000000004 1.0000000180025095e-35 0.52713749785821873 1.5000000000000002 37.500000000000007
decision_type=2 2 2 2 2 2 2 2 2 2 2
left_child=1 2 3 7 -5 6 -4 -1 -3 10 -2
right_child=9 8 5 4 -6 -7 -8 -9 -10 -11 -12
leaf_value=-0.051527187480575748 0.053280643252392304 0.058231954125133302 -0.0068001373555670562 0.037841359876842208 -0.037990354694794344 0.069392577116230564 0.056544443443677733 -0.0059414868332551274 0.053753669914566295 0.053309856905302523 0.053280643252392304
leaf_weight=24.987227277830247 31.460331082344055 3.7642102390527716 16.472628414630897 12.541757538914682 5.2408344224095336 4.2146150320768347 6.215641349554061 2.5756058990955344 4.2354846745729446 3.2638719826936713 4.0541663765907279
leaf_count=871 194 18 104 42 30 12 26 31 24 20 25
internal_value=0.0169515 -0.000605018 -0.00685721 -0.0226556 0.0154925 0.0197714 0.0105536 -0.0472674 0.0558609 0.0532831 0.0532806
internal_weight=119.026 80.248 72.2483 45.3454 17.7826 26.9029 22.6883 27.5628 7.99969 38.7784 35.5145
internal_count=1397 1158 1116 974 72 142 130 902 42 239 219
is_linear=0
shrinkage=0.05


Tree=50
num_leaves=10
num_cat=0
split_feature=6 11 14 16 1 5 16 0 0
split_gain=28.9511 10.7013 11.9279 11.3417 10.8618 0.0139341 8.71396e-07 7.10543e-15 7.10543e-15
threshold=0.37500000000000006 1.5000000000000002 1.0000000180025095e-35 1.5000000000000002 7.5000000000000009 0.52713749785821873 1.5000000000000002 37.500000000000007 11.500000000000002
decision_type=2 2 2 2 2 2 2 2 2
left_child=1 2 3 4 -1 -3 7 8 -2
right_child=6 5 -4 -5 -6 -7 -8 -9 -10
leaf_value=-0.026009958744631863 0.053110430667237508 0.057833674281169846 0.066107905690981655 0.068216506124092413 0.037118834475446158 0.053558212233573203 0.053138066836858205 0.053110430667237522 0.053110430667237522
leaf_weight=53.203988986089826 15.009740084409716 3.6046623513102523 5.2078582048416129 4.0764195173978797 7.8145847469568244 4.0432492196559906 3.1144743710756293 3.8684897124767295 15.009740084409712
leaf_count=1051 97 18 22 12 31 24 20 25 97
internal_value=0.016693 -0.000595062 -0.00670536 -0.0125307 -0.0179251 0.0555734 0.0531128 0.0531104 0.0531104
internal_weight=114.953 77.9508 70.3029 65.095 61.0186 7.64791 37.0024 33.888 30.0195
internal_count=1397 1158 1116 1094 1082 42 239 219 194
is_linear=0
shrinkage=0.05


Tree=51
num_leaves=13
num_cat=0
split_feature=6 3 0 15 13 9 1 2 1 5 16 0
split_gain=27.6535 10.5178 16.0856 25.193 5.86965 2.22959 0.198944 0.171411 0.0391918 0.000216946 7.45217e-07 4.44089e-16
threshold=0.37500000000000006 5.5000000000000009 18.500000000000004 1.0000000180025095e-35 1.0000000180025095e-35 0.411937153780356 6.5000000000000009 3.7071428571428573 5.5000000000000009 0.25876625480124021 1.5000000000000002 18.500000000000004
decision_type=2 2 2 2 2 2 2 2 2 2 2 2
left_child=1 2 3 9 -5 -4 8 -7 11 -1 -2 -3
right_child=10 6 5 4 -6 7 -8 -9 -10 -11 -12 -13
leaf_value=-0.052401075425679379 0.052949536402864955 -0.05140562337594029 0.019697775649672566 0.012053023945162014 0.082302776694722135 0.051187384458564793 -0.075241950588037967 0.062856458640649218 -0.060748017069500886 -0.051407364261300971 0.052975701454488822 -0.051405623375940269
leaf_weight=0.56441615335643547 32.330706998705864 1.2500144708901637 5.9085411652922657 27.037891276180748 3.3408751860260955 6.3977132588624936 1.9294400960206983 6.1938789039850235 2.2298794984817505 20.443611390888691 2.9714301526546469 1.0106499977409837
leaf_count=18 219 47 21 173 9 33 10 22 19 768 20 38
internal_value=0.0163605 -0.000567843 0.0050584 -0.00933463 0.0197787 0.0450371 -0.0618142 0.0569275 -0.0560448 -0.0514341 0.0529517 -0.0514056
internal_weight=111.609 76.3069 69.8869 51.3868 30.3788 18.5001 6.41998 12.5916 4.49054 21.008 35.3021 2.26066
internal_count=1397 1158 1044 968 182 76 114 55 104 786 239 85
is_linear=0
shrinkage=0.05


Tree=52
num_leaves=10
num_cat=0
split_feature=6 15 1 14 16 2 8 16 5
split_gain=26.4058 10.0402 12.2198 11.6239 12.676 5.79077 0.284293 6.36874e-07 7.10543e-15
threshold=0.37500000000000006 3.5000000000000004 6.5000000000000009 1.0000000180025095e-35 1.5000000000000002 3.8660714285714293 130.55206554088545 1.5000000000000002 0.56171129578331802
decision_type=2 2 2 2 2 2 2 2 2
left_child=1 2 3 4 -1 6 -4 8 -2
right_child=7 -3 5 -5 -6 -7 -8 -9 -10
leaf_value=-0.03171305368652777 0.052797427560868283 0.055347254570753693 0.05855140405343006 0.071970045153405576 0.069668117003987867 -0.016406335901968779 0.042745181538106525 0.0528221932504713 0.052797427560868297
leaf_weight=44.671920981258154 8.7310393452644366 7.2477875649929038 5.7408648803830129 3.3239524662494651 3.3118227720260611 4.4769406467676154 5.6392117738723755 2.8345184177160254 22.109244793653488
leaf_count=1031 62 39 27 9 6 21 25 20 157
internal_value=0.0160626 -0.000562403 -0.00659565 -0.018452 -0.0247158 0.0317673 0.0507189 0.0527995 0.0527974
internal_weight=108.087 74.4125 67.1647 51.3077 47.9837 15.857 11.3801 33.6748 30.8403
internal_count=1397 1158 1119 1046 1037 73 52 239 219
is_linear=0
shrinkage=0.05


Tree=53
num_leaves=15
num_cat=0
split_feature=6 3 0 15 13 9 1 2 1 5 16 0 0 0
split_gain=25.193 9.66073 14.4951 23.0286 5.68795 2.22566 0.161565 0.158755 0.0308878 0.000173218 5.44592e-07 7.10543e-15 3.55271e-15 1.77636e-15
threshold=0.37500000000000006 5.5000000000000009 18.500000000000004 1.0000000180025095e-35 1.0000000180025095e-35 0.411937153780356 6.5000000000000009 3.7071428571428573 5.5000000000000009 0.25876625480124021 1.5000000000000002 37.500000000000007 15.500000000000002 22.500000000000004
decision_type=2 2 2 2 2 2 2 2 2 2 2 2 2 2
left_child=1 2 3 9 -5 -4 8 -7 -3 -1 11 12 -2 -14
right_child=10 6 5 4 -6 7 -8 -9 -10 -11 -12 -13 13 -15
leaf_value=-0.052217875510639923 0.05265356316875909 -0.051293509715729213 0.018405815118971977 0.011219625616724809 0.082299276824970194 0.050520830849571388 -0.073299385071477971 0.062101160320640308 -0.059885001952119592 -0.051295112415899347 0.052677012717160722 0.052653563168759125 0.052653563168759125 0.052653563168759111
leaf_weight=0.52263940125704067 15.848809421062475 2.0894621219485989 5.7773641161620644 26.264518819749359 3.1523297801613799 5.9697474017739278 1.8620426058769224 5.869295135140419 2.0950993075966835 18.895463773980737 2.703520640730857 3.357798606157302 4.9695419371128065 5.2381658256053925
leaf_count=18 118 85 21 173 9 33 10 22 19 768 20 25 37 39
internal_value=0.0157916 -0.000539701 0.00496604 -0.00905957 0.0188366 0.0438468 -0.0610471 0.0562619 -0.055595 -0.0513199 0.0526555 0.0526536 0.0526536 0.0526536
internal_weight=104.616 72.498 66.4514 48.835 29.4168 17.6164 6.0466 11.839 4.18456 19.4181 32.1178 29.4143 26.0565 10.2077
internal_count=1397 1158 1044 968 182 76 114 55 104 786 239 219 194 76
is_linear=0
shrinkage=0.05


Tree=54
num_leaves=14
num_cat=0
split_feature=6 12 1 15 1 12 10 10 1 8 16 2 2
split_gain=24.0634 9.24557 6.81842 15.2737 6.03458 4.91034 3.62972 1.95035 2.15063 0.337885 4.66309e-07 3.55271e-15 3.55271e-15
threshold=0.37500000000000006 314.30222468058452 6.5000000000000009 1.0000000180025095e-35 5.5000000000000009 87.615719586325241 2440.0000000000005 2212.5000000000005 6.5000000000000009 121.81167570919561 1.5000000000000002 10.875000000000002 3.892045454545455
decision_type=2 2 2 2 2 2 2 2 2 2 2 2 2
left_child=1 2 3 4 -1 -5 7 8 -3 -4 11 12 -2
right_child=10 6 9 5 -6 -7 -8 -9 -10 -11 -12 -13 -14
leaf_value=-0.051230764760204439 0.052517454596178126 -0.040348420147822431 0.057580154659668509 -0.0041430740973497299 0.018587243584545301 0.043062724368419375 0.035171837383174372 -0.10448095335875301 0.010657979526396773 0.038833871412161144 0.052539674450954178 0.052517454596178251 0.052517454596178251
leaf_weight=12.960013592615725 4.4829479604959586 14.128776045516142 4.9828738123178464 8.3354161754250544 4.0659071058034888 16.245317690074444 1.9338210523128498 1.0092972498387087 2.4206617251038542 4.643837958574295 2.5782210677862158 9.990569740533827 13.576928108930586
leaf_count=553 35 378 26 55 20 78 10 6 9 23 20 78 106
internal_value=0.015498 -0.000534484 0.0106163 0.0018424 -0.0345577 0.0270551 -0.0298427 -0.0370031 -0.0328878 0.0485371 0.0525193 0.0525175 0.0525175
internal_weight=101.355 70.7259 51.2334 41.6067 17.0259 24.5807 19.4926 17.5587 16.5494 9.62671 30.6287 28.0504 18.0599
internal_count=1397 1158 755 706 573 133 403 393 387 49 239 219 141
is_linear=0
shrinkage=0.05


Tree=55
num_leaves=9
num_cat=0
split_feature=6 15 1 14 16 12 16 0
split_gain=23.0104 8.99818 10.1998 9.91823 10.4213 1.54367 3.99072e-07 3.55271e-15
threshold=0.37500000000000006 3.5000000000000004 7.5000000000000009 1.0000000180025095e-35 1.5000000000000002 223.61334827805555 1.5000000000000002 19.500000000000004
decision_type=2 2 2 2 2 2 2 2
left_child=1 2 3 4 -1 -4 7 -2
right_child=6 -3 5 -5 -6 -7 -8 -9
leaf_value=-0.026588411538556119 0.052388655935619061 0.054790846081049727 0.054557559724778139 0.070505454879261395 0.067552068995935965 0.012963914680841527 0.052409706477350285 0.052388655935619088
leaf_weight=46.414665272459388 15.998958632349973 6.645529404282569 6.4747666493058187 3.1770743727684012 3.1385335326194754 3.4031475558876991 2.4584079533815375 10.747392058372496
leaf_count=1050 131 39 37 9 6 17 20 88
internal_value=0.0151684 -0.000528447 -0.0064003 -0.0151351 -0.0206259 0.0402277 0.0523904 0.0523887
internal_weight=98.4585 69.2537 62.6082 52.7303 49.5532 9.87791 29.2048 26.7464
internal_count=1397 1158 1119 1065 1056 54 239 219
is_linear=0
shrinkage=0.05


Tree=56
num_leaves=13
num_cat=0
split_feature=6 3 0 15 12 9 2 1 1 5 16 12
split_gain=21.9779 8.78612 12.7376 19.9851 4.99982 2.42672 0.145786 0.129355 0.0246846 0.000158707 3.41517e-07 2.01028e-08
threshold=0.37500000000000006 5.5000000000000009 18.500000000000004 1.0000000180025095e-35 341.23800179139471 0.40218960730244963 3.7071428571428573 6.5000000000000009 5.5000000000000009 0.25876625480124021 1.5000000000000002 322.0563618245834
decision_type=2 2 2 2 2 2 2 2 2 2 2 2
left_child=1 2 3 9 -5 -4 -7 8 11 -1 -2 -3
right_child=10 7 5 4 -6 6 -8 -9 -10 -11 -12 -13
leaf_value=-0.052074441334699829 0.05226674061965661 -0.051136832497155719 0.014344367210968651 0.025717361531710472 -0.033878530764973228 0.049955400932354566 0.061328967646982015 -0.071583449083455097 -0.059183875261330912 -0.051142402029515747 0.052286684228781022 -0.051148134969717346
leaf_weight=0.46952834166586654 25.499762400984768 0.56516228988766593 5.1994329057633903 24.285624831914905 4.1157831326127043 5.6395141333341581 5.6304586380720139 1.7822960838675497 1.9624845162034035 16.76654932834208 2.3438729643821707 1.2945789303630588
leaf_count=18 219 26 19 135 47 34 23 10 19 768 20 59
internal_value=0.0148742 -0.00050266 0.00490784 -0.00869475 0.017081 0.0426012 0.0556376 -0.0604594 -0.0552723 -0.0511678 0.0522684 -0.0511447
internal_weight=95.555 67.7114 62.1069 45.6375 28.4014 16.4694 11.27 5.60452 3.82223 17.2361 27.8436 1.85974
internal_count=1397 1158 1044 968 182 76 57 114 104 786 239 85
is_linear=0
shrinkage=0.05


Tree=57
num_leaves=13
num_cat=0
split_feature=6 15 1 15 2 10 9 12 16 3 3 5
split_gain=21.0014 8.28877 9.35365 12.7803 7.67983 3.64945 2.5254 1.62181e-05 2.92403e-07 3.55271e-15 3.55271e-15 1.77636e-15
threshold=0.37500000000000006 3.5000000000000004 5.5000000000000009 1.0000000180025095e-35 4.2250000000000005 182.50000000000003 0.40218960730244963 648.39062142987859 1.5000000000000002 4.5000000000000009 9.0000000000000018 0.89062500000000011
decision_type=2 2 2 2 2 2 2 2 2 2 2 2
left_child=1 2 3 7 6 -5 -4 -1 9 -2 -11 -12
right_child=8 -3 4 5 -6 -7 -8 -9 -10 10 11 -13
leaf_value=-0.051086029154392421 0.052151309233858405 0.054433707016083278 0.0093198987137830779 -0.0054227615244835997 -0.039378435069052413 0.043236805552610266 0.052112927020768023 -0.051402736576651092 0.052170209796719241 0.052151309233858446 0.052151309233858481 0.052151309233858467
leaf_weight=17.740245282649997 4.9948884174227777 6.2201728299260131 5.145025126636031 17.110832456499342 4.0372564271092406 4.9732355102896681 10.450480230152605 0.41364987567067046 2.2344129234552375 5.2168834581971195 7.103841304779051 6.99284378439188
leaf_count=853 45 39 21 120 27 23 57 18 20 47 64 63
internal_value=0.0145859 -0.000501432 -0.00620883 -0.0200135 0.0220843 0.00553516 0.0379953 -0.0510932 0.0521529 0.0521513 0.0521513 0.0521513
internal_weight=92.6338 66.0909 59.8707 40.238 19.6328 22.0841 15.5955 18.1539 26.5429 24.3085 19.3136 14.0967
internal_count=1397 1158 1119 1014 105 143 78 871 239 219 174 127
is_linear=0
shrinkage=0.05


Tree=58
num_leaves=14
num_cat=0
split_feature=6 3 0 15 14 9 2 1 1 5 16 12 0
split_gain=20.0664 8.00697 11.1968 17.85 4.97302 2.59433 0.136416 0.097803 0.0206371 0.000151334 2.5054e-07 1.46594e-08 3.55271e-15
threshold=0.37500000000000006 5.5000000000000009 18.500000000000004 1.0000000180025095e-35 1.0000000180025095e-35 0.39910761765888519 3.7071428571428573 6.5000000000000009 5.5000000000000009 0.25876625480124021 1.5000000000000002 322.0563618245834 27.500000000000004
decision_type=2 2 2 2 2 2 2 2 2 2 2 2 2
left_child=1 2 3 9 -5 -4 -7 8 11 -1 12 -3 -2
right_child=10 7 5 4 -6 6 -8 -9 -10 -11 -12 -13 -14
leaf_value=-0.051981487410166831 0.05204198862345974 -0.051026366689419879 0.010685940116893493 0.0064350212472316405 0.063899219327358175 0.049293050063896351 0.060555315244939761 -0.069629223733474646 -0.058682245880123322 -0.051031388754226741 0.052059908375614028 -0.051036502622253004 0.05204198862345976
leaf_weight=0.43100167065858563 17.880249582231052 0.51245618984103125 4.8362881429493418 23.593000203371052 4.4799152016639701 5.5256738811731321 5.2371716126799583 1.6995436176657674 1.8486126586794853 15.203125769272447 2.1298289075493804 1.1738248616456983 5.2900146692991248
leaf_count=18 169 26 18 159 23 35 23 10 19 768 20 59 50
internal_value=0.0143016 -0.000493261 0.0047388 -0.00824023 0.0156052 0.0411046 0.0547732 -0.0597725 -0.0550335 -0.0510576 0.0520435 -0.0510334 0.052042
internal_weight=89.8407 64.5406 59.3062 43.707 28.0729 15.5991 10.7628 5.23444 3.53489 15.6341 25.3001 1.68628 23.1703
internal_count=1397 1158 1044 968 182 76 58 114 104 786 239 85 219
is_linear=0
shrinkage=0.05


Tree=59
num_leaves=9
num_cat=0
split_feature=6 13 14 1 16 4 16 0
split_gain=19.1695 7.90111 8.49375 10.4664 12.0303 6.78307 2.1463e-07 3.55271e-15
threshold=0.37500000000000006 1.0000000180025095e-35 1.0000000180025095e-35 5.5000000000000009 1.5000000000000002 3.5000000000000004 1.5000000000000002 33.500000000000007
decision_type=2 2 2 2 2 2 2 2
left_child=1 2 3 4 -1 -5 7 -2
right_child=6 -3 -4 5 -6 -7 -8 -9
leaf_value=-0.033930558250971653 0.051938440827044824 0.08106998176478887 0.063469944436329528 0.039020993734325854 0.063949224359721987 -0.029763076853632549 0.051955429965656878 0.051938440827044845
leaf_weight=33.786453314125538 19.057991579175003 2.8359559997916213 4.2895238399505606 13.750691443681719 3.4608555957674971 4.8477880284190169 2.0299270898103705 3.0250780284404746
leaf_count=1009 189 9 23 73 12 32 20 30
internal_value=0.0140301 -0.000486363 -0.00433253 -0.00954044 -0.024836 0.0210921 0.0519399 0.0519384
internal_weight=87.0843 62.9713 60.1353 55.8458 37.2473 18.5985 24.113 22.0831
internal_count=1397 1158 1149 1126 1021 105 239 219
is_linear=0
shrinkage=0.05


Tree=60
num_leaves=7
num_cat=0
split_feature=6 15 11 14 16 16
split_gain=18.3032 7.54127 8.0098 7.71336 8.18882 1.83884e-07
threshold=0.37500000000000006 3.5000000000000004 2.5000000000000004 1.0000000180025095e-35 1.5000000000000002 1.5000000000000002
decision_type=2 2 2 2 2 2
left_child=1 2 3 4 -1 -2
right_child=5 -3 -4 -5 -6 -7
leaf_value=-0.021972054668017701 0.051840329951324496 0.054203950104978874 0.054657385277579178 0.068118151669625232 0.064986347572252273 0.05185643833190804
leaf_weight=45.034258397296071 21.044817119836811 5.7200072780251494 4.9456541314721099 2.8361280113458625 2.8804771006107321 1.9345193207263935
leaf_count=1069 219 39 35 9 6 20
internal_value=0.0137748 -0.000468086 -0.00608288 -0.012002 -0.0167444 0.0518417
internal_weight=84.3959 61.4165 55.6965 50.7509 47.9147 22.9793
internal_count=1397 1158 1119 1084 1075 239
is_linear=0
shrinkage=0.05


Tree=61
num_leaves=13
num_cat=0
split_feature=6 3 0 15 12 9 2 1 1 5 16 12
split_gain=17.4978 7.36325 10.032 15.8833 4.36081 2.56888 0.136993 0.0804683 0.0177417 0.000114716 1.57768e-07 1.06564e-08
threshold=0.37500000000000006 5.5000000000000009 18.500000000000004 1.0000000180025095e-35 341.23800179139471 0.39910761765888519 3.7071428571428573 6.5000000000000009 5.5000000000000009 0.25876625480124021 1.5000000000000002 322.0563618245834
decision_type=2 2 2 2 2 2 2 2 2 2 2 2
left_child=1 2 3 9 -5 -4 -7 8 11 -1 -2 -3
right_child=10 7 5 4 -6 6 -8 -9 -10 -11 -12 -13
leaf_value=-0.051796249046686407 0.05174735478579541 -0.050922281271042862 0.00958741442367219 0.023024259382987727 -0.034787256770201717 0.048579175962813852 0.06025523006324579 -0.068521381535652681 -0.05832870787491138 -0.050926788738303419 0.051762639699990225 -0.050931379142398731
leaf_weight=0.39016222581267257 20.053507983684543 0.4623721204698078 4.7159087248146525 22.703095979988579 3.8092698603868476 5.1119743287563306 4.9396046847105026 1.6147598996758459 1.7319205179810524 13.717475598677991 1.8434221670031536 1.059134569019079
leaf_count=18 219 26 18 135 47 35 23 10 19 768 20 59
internal_value=0.0134698 -0.000440732 0.0047411 -0.00808931 0.014718 0.0400329 0.0543171 -0.0593968 -0.054868 -0.0509508 0.0517486 -0.0509286
internal_weight=82.1526 60.2557 55.3875 40.62 26.5124 14.7675 10.0516 4.86819 3.25343 14.1076 21.8969 1.52151
internal_count=1397 1158 1044 968 182 76 58 114 104 786 239 85
is_linear=0
shrinkage=0.05


Tree=62
num_leaves=8
num_cat=0
split_feature=6 13 14 1 16 2 16
split_gain=16.7268 7.19528 7.44617 9.28336 10.3501 7.14699 1.35192e-07
threshold=0.37500000000000006 1.0000000180025095e-35 1.0000000180025095e-35 5.5000000000000009 1.5000000000000002 4.2678571428571432 1.5000000000000002
decision_type=2 2 2 2 2 2 2
left_child=1 2 3 4 -1 -5 -2
right_child=6 -3 -4 5 -6 -7 -8
leaf_value=-0.032769676053607755 0.051659238360664862 0.080733943037655395 0.062426390929736987 0.035924277484819071 0.062095320182052507 -0.045082114734702257 0.051673733532674584
leaf_weight=31.61391399987042 19.107203766703609 2.6090069264173499 3.9023895636200896 14.230659514665605 3.1628972068428984 3.3671116679906836 1.7564582154154766
leaf_count=1009 219 9 23 79 12 26 20
internal_value=0.0131904 -0.000439824 -0.00420305 -0.00916756 -0.0241419 0.0204247 0.0516605
internal_weight=79.7496 58.886 56.277 52.3746 34.7768 17.5978 20.8637
internal_count=1397 1158 1149 1126 1021 105 239
is_linear=0
shrinkage=0.05


Tree=63
num_leaves=10
num_cat=0
split_feature=6 15 1 13 14 8 16 0 0
split_gain=15.9714 6.85202 7.16722 7.34437 7.49028 0.029548 1.15943e-07 3.55271e-15 8.88178e-16
threshold=0.37500000000000006 3.5000000000000004 8.5000000000000018 1.0000000180025095e-35 1.0000000180025095e-35 148.59214699457178 1.5000000000000002 9.5000000000000018 3.5000000000000004
decision_type=2 2 2 2 2 2 2 2 2
left_child=1 2 3 4 -1 -4 7 8 -2
right_child=6 -3 5 -5 -6 -7 -8 -9 -10
leaf_value=-0.020633946264220326 0.051575694218992996 0.053946301120815755 0.045996085124249929 0.099054944905338796 0.066514780800758608 0.053516968733733607 0.051589446762521363 0.051575694218993218 0.051575694218993211
leaf_weight=42.868536118417978 1.6624686121940673 5.2636681199073783 2.7464035227894774 1.4404057562351216 2.6160217672586432 2.4899968504905701 1.6734555140137661 11.637280285358427 4.9042824059724808
leaf_count=1065 20 39 25 3 9 17 20 140 59
internal_value=0.0129477 -0.000423636 -0.00591017 -0.0121015 -0.0156216 0.0495724 0.0515769 0.0515757 0.0515757
internal_weight=77.3025 57.425 52.1614 46.925 45.4846 5.2364 19.8775 18.204 6.56675
internal_count=1397 1158 1119 1077 1074 42 239 219 79
is_linear=0
shrinkage=0.05


Tree=64
num_leaves=13
num_cat=0
split_feature=6 3 0 15 15 9 2 1 1 5 16 12
split_gain=15.2746 6.63486 8.7585 14.2636 3.96521 2.88864 0.136846 0.0580901 0.0142528 0.00011199 9.94529e-08 7.8032e-09
threshold=0.37500000000000006 5.5000000000000009 18.500000000000004 1.0000000180025095e-35 3.5000000000000004 0.3865618489961144 3.7071428571428573 6.5000000000000009 5.5000000000000009 0.25876625480124021 1.5000000000000002 322.0563618245834
decision_type=2 2 2 2 2 2 2 2 2 2 2 2
left_child=1 2 3 9 -5 -4 -7 8 11 -1 -2 -3
right_child=10 7 5 4 -6 6 -8 -9 -10 -11 -12 -13
leaf_value=-0.051731957586122201 0.051496490592733646 -0.050830911689525443 0.0042122973586403789 0.0041217084101170549 0.053746457428911903 0.048015940220081633 0.059925828407099951 -0.06657924952489834 -0.057772268623065615 -0.050834971216095197 0.051509540222516109 -0.050839099058251416
leaf_weight=0.35801852121949096 17.34217127412558 0.41806458681821734 4.2467879690229884 20.234304770827297 5.0251028239727011 5.0695125758647901 4.6007487252354622 1.5210948809981344 1.6048314198851585 12.40313648432493 1.5942472666501988 0.95766622666269541
leaf_count=18 219 26 16 143 39 37 23 10 19 768 20 59
internal_value=0.0126395 -0.0003981 0.00464898 -0.0077735 0.013994 0.0385865 0.0536822 -0.0586285 -0.054571 -0.0508601 0.0514976 -0.0508366
internal_weight=75.3757 56.4393 51.9376 38.0206 25.2594 13.917 9.67026 4.50166 2.98056 12.7612 18.9364 1.37573
internal_count=1397 1158 1044 968 182 76 60 114 104 786 239 85
is_linear=0
shrinkage=0.05


Tree=65
num_leaves=11
num_cat=0
split_feature=6 12 13 1 15 10 10 1 9 16
split_gain=14.5904 6.4394 4.78003 5.51818 10.0057 2.60915 1.7777 1.79907 1.3485 8.53309e-08
threshold=0.37500000000000006 314.30222468058452 1.0000000180025095e-35 5.5000000000000009 2.5000000000000004 2440.0000000000005 2212.5000000000005 6.5000000000000009 0.40772169398706298 1.5000000000000002
decision_type=2 2 2 2 2 2 2 2 2 2
left_child=1 2 3 4 -1 6 7 -3 -5 -2
right_child=9 5 -4 8 -6 -7 -8 -9 -10 -11
leaf_value=-0.03467611730717015 0.051421377545144559 -0.039022780094451655 0.078779202521244429 0.010144072388622097 0.02603936961232698 0.034855091894304753 -0.1040898450123994 0.011371402016895691 0.048742386324889884 0.051433762328553914
leaf_weight=14.439979497343304 16.519872888922695 10.473156812600786 2.3797418400645247 3.306769557297228 12.801062818616627 1.4701579511165608 0.87783844675868827 2.1314682960510263 7.1678586937487125 1.5186727568507183
leaf_count=596 219 378 9 19 81 10 6 9 50 20
internal_value=0.0123963 -0.000392012 0.0100512 0.00571465 -0.0061448 -0.0283954 -0.0352924 -0.030501 0.0365572 0.0514224
internal_weight=73.0866 55.048 40.0954 37.7157 27.241 14.9526 13.4825 12.6046 10.4746 18.0385
internal_count=1397 1158 755 746 677 403 393 387 69 239
is_linear=0
shrinkage=0.05


Tree=66
num_leaves=15
num_cat=0
split_feature=6 3 0 15 14 9 2 1 1 5 16 12 0 7
split_gain=13.9564 6.18028 7.77111 13.0577 3.8859 2.7492 0.131477 0.046336 0.012797 0.000105044 7.32328e-08 2.71486e-09 3.55271e-15 1.77636e-15
threshold=0.37500000000000006 5.5000000000000009 18.500000000000004 1.0000000180025095e-35 1.0000000180025095e-35 0.3865618489961144 3.7071428571428573 6.5000000000000009 5.5000000000000009 0.25876625480124021 1.5000000000000002 423.79913421158568 12.500000000000002 0.40625000000000006
decision_type=2 2 2 2 2 2 2 2 2 2 2 2 2 2
left_child=1 2 3 9 -5 -4 -7 8 11 -1 12 -3 -2 -14
right_child=10 7 5 4 -6 6 -8 -9 -10 -11 -12 -13 13 -15
leaf_value=-0.051666668387980619 0.051350132241472723 -0.050763082098370327 0.0041004072246945506 0.0052024999177499743 0.062046111489964639 0.04723113916312794 0.059323086902468639 -0.065506579366569548 -0.057559878373688846 -0.050765419737085031 0.051361887975571174 -0.050767727780304056 0.051350132241472737 0.051350132241472737
leaf_weight=0.33274777326732774 7.7599434256553668 0.66607791837304742 4.2245907709002486 21.327110644429926 3.4999473318457595 4.7265876792371255 4.2869121134281158 1.4510949701070783 1.537190280854702 11.40132442396134 1.4465767219662655 0.59574768878519535 4.0955256968736649 3.8799717128276825
leaf_count=18 108 45 16 159 23 37 23 10 19 768 20 40 57 54
internal_value=0.0120976 -0.000380925 0.0045584 -0.0073267 0.0132159 0.0373828 0.0529822 -0.0582558 -0.0544968 -0.050791 0.0513511 -0.0507653 0.0513501 0.0513501
internal_weight=71.2313 54.0493 49.7992 36.5611 24.8271 13.2381 9.0135 4.25011 2.79902 11.7341 17.182 1.26183 15.7354 7.9755
internal_count=1397 1158 1044 968 182 76 60 114 104 786 239 85 219 111
is_linear=0
shrinkage=0.05


Tree=67
num_leaves=10
num_cat=0
split_feature=6 13 12 12 1 15 10 16 0
split_gain=13.3368 5.83809 6.62165 7.85377 6.75353 3.96964 3.7059 6.28137e-08 1.77636e-15
threshold=0.37500000000000006 1.0000000180025095e-35 205.44407638378473 190.69497060004053 5.5000000000000009 3.5000000000000004 2422.5000000000005 1.5000000000000002 4.5000000000000009
decision_type=2 2 2 2 2 2 2 2 2
left_child=1 2 3 4 -1 6 -4 8 -2
right_child=7 -3 5 -5 -6 -7 -8 -9 -10
leaf_value=-0.013091114157262966 0.051282555857672732 0.0778376475669003 -0.036143707033583682 0.10280274369477985 0.041712366739820629 0.053980290367526246 0.037992758036669634 0.051293711651535935 0.051282555857672829
leaf_weight=17.412513828836389 1.9161768257617975 2.2827800400555125 19.241960830986507 2.2111226534470907 8.3016718290746194 1.5213303267955769 1.84750720206648 1.3778091147541989 13.071063347160814
leaf_count=466 28 9 575 25 57 12 14 20 191
internal_value=0.0118441 -0.000375494 -0.00390848 0.0123774 0.00460186 -0.0240222 -0.0296491 0.0512835 0.0512826
internal_weight=69.1839 52.8189 50.5361 27.9253 25.7142 22.6108 21.0895 16.365 14.9872
internal_count=1397 1158 1149 548 523 601 589 239 219
is_linear=0
shrinkage=0.05


Tree=68
num_leaves=15
num_cat=0
split_feature=6 3 0 15 14 9 2 1 1 5 16 12 0 10
split_gain=12.7627 5.76987 6.87444 12.2026 3.75547 2.69528 0.128506 0.0402051 0.0107449 0.000109493 5.39588e-08 1.60102e-08 1.77636e-15 8.88178e-16
threshold=0.37500000000000006 5.5000000000000009 18.500000000000004 1.0000000180025095e-35 1.0000000180025095e-35 0.3865618489961144 3.5634920634920646 6.5000000000000009 5.5000000000000009 0.25876625480124021 1.5000000000000002 252.19309534928243 8.5000000000000018 246.25000000000003
decision_type=2 2 2 2 2 2 2 2 2 2 2 2 2 2
left_child=1 2 3 9 -5 -4 -7 8 11 -1 12 -3 13 -2
right_child=10 7 5 4 -6 6 -8 -9 -10 -11 -12 -13 -14 -15
leaf_value=-0.051656443774945493 0.051218439460120002 -0.050716008482648012 0.0032018677380360352 0.0049599511021666126 0.061797809054949228 0.044782100324921359 0.057373449088997365 -0.064791468871154848 -0.057146233871389777 -0.050711886221761704 0.051229034315138804 -0.050702264291049542 0.051218439460120002 0.051218439460119981
leaf_weight=0.31593454070389171 2.8025985509157172 0.27832186874002129 4.1610004976391783 21.077556800097231 3.3710298538207999 3.3679605685174447 5.0870890356600285 1.393931485712528 1.4564535990357399 10.621962371282278 1.3122255131602276 0.88763519655913115 9.3202695995569211 2.1508314460515976
leaf_count=18 43 20 16 159 23 26 34 10 19 768 20 65 143 33
internal_value=0.0115307 -0.00036081 0.00445596 -0.00684199 0.0127969 0.0361453 0.0523578 -0.0579299 -0.0542826 -0.0507392 0.0512193 -0.0507055 0.0512184 0.0512184
internal_weight=67.6048 52.0189 48.0025 35.3865 24.4486 12.6161 8.45505 4.01634 2.62241 10.9379 15.5859 1.16596 14.2737 4.95343
internal_count=1397 1158 1044 968 182 76 60 114 104 786 239 85 219 76
is_linear=0
shrinkage=0.05


Tree=69
num_leaves=10
num_cat=0
split_feature=6 15 11 16 14 16 0 10 0
split_gain=12.1962 5.57559 5.52897 6.18403 6.50574 4.63534e-08 1.77636e-15 1.77636e-15 8.88178e-16
threshold=0.37500000000000006 3.5000000000000004 2.5000000000000004 1.5000000000000002 1.0000000180025095e-35 1.5000000000000002 15.500000000000002 457.50000000000006 4.5000000000000009
decision_type=2 2 2 2 2 2 2 2 2
left_child=1 2 3 4 -1 6 7 8 -2
right_child=5 -3 -4 -5 -6 -7 -8 -9 -10
leaf_value=-0.020450803743594387 0.051157600144762685 0.05334899747015516 0.053384027322388644 0.063208311249652108 0.06517297620737679 0.051167662698660826 0.051157600144762651 0.051157600144762644 0.051157600144762651
leaf_weight=37.747906441800296 1.7379564791917781 4.4135425724089137 3.6761430390179148 2.667040914297103 2.3569578677415839 1.2496869079768647 6.2690572999417782 1.6758866049349306 3.9104020781815052
leaf_count=1069 28 39 35 6 9 20 101 27 63
internal_value=0.0112818 -0.000355485 -0.00545854 -0.0105159 -0.0154187 0.0511584 0.0511576 0.0511576 0.0511576
internal_weight=65.7046 50.8616 46.448 42.7719 40.1049 14.843 13.5933 7.32425 5.64836
internal_count=1397 1158 1119 1084 1078 239 219 118 91
is_linear=0
shrinkage=0.05


Tree=70
num_leaves=11
num_cat=0
split_feature=6 13 12 12 1 15 10 16 0 0
split_gain=11.6569 5.41279 5.92508 7.22444 6.09617 3.47383 3.30704 3.97449e-08 1.77636e-15 1.77636e-15
threshold=0.37500000000000006 1.0000000180025095e-35 205.44407638378473 190.69497060004053 5.5000000000000009 3.5000000000000004 2422.5000000000005 1.5000000000000002 19.500000000000004 5.5000000000000009
decision_type=2 2 2 2 2 2 2 2 2 2
left_child=1 2 3 4 -1 6 -4 8 9 -2
right_child=7 -3 5 -5 -6 -7 -8 -9 -10 -11
leaf_value=-0.012996429620935255 0.051099872972195398 0.077789943739644776 -0.035085886570804477 0.099021163643693191 0.040603082166179694 0.053582849042088682 0.0373610844356475 0.051109421249304246 0.05109987297219537 0.05109987297219537
leaf_weight=16.602406713180251 2.1869852580130082 2.123033244162797 18.144390827044852 2.1854923674836746 7.7958442233502856 1.3678099699318398 1.7249679621309031 1.19005937129259 5.2014784514904022 5.556124709546566
leaf_count=466 37 9 575 25 57 12 14 20 88 94
internal_value=0.0110137 -0.000331377 -0.00379961 0.0119311 0.00412994 -0.0234906 -0.0287964 0.0511007 0.0510999 0.0510999
internal_weight=64.0786 49.9439 47.8209 26.5837 24.3983 21.2372 19.8694 14.1346 12.9446 7.74311
internal_count=1397 1158 1149 548 523 601 589 239 219 131
is_linear=0
shrinkage=0.05


Tree=71
num_leaves=13
num_cat=0
split_feature=6 3 0 15 14 9 2 1 1 1 12 16
split_gain=11.1539 5.29645 6.19478 11.0548 3.44484 2.62379 0.129523 0.033606 0.00860856 0.000131477 5.86963e-08 3.41344e-08
threshold=0.37500000000000006 5.5000000000000009 18.500000000000004 1.0000000180025095e-35 1.0000000180025095e-35 0.3865618489961144 3.5634920634920646 6.5000000000000009 5.5000000000000009 4.5000000000000009 252.19309534928243 1.5000000000000002
decision_type=2 2 2 2 2 2 2 2 2 2 2 2
left_child=1 2 3 9 -5 -4 -7 8 10 -1 -3 -2
right_child=11 7 5 4 -6 6 -8 -9 -10 -11 -12 -13
leaf_value=-0.050649531075187194 0.051045082083855164 -0.050658964142920052 0.0025744554428578995 0.00460434197399388 0.061093168589068193 0.044122894082731456 0.057168527519804682 -0.063937553330330285 -0.056654755066057785 -0.051808446367947625 -0.050631482518820298 0.051054150020551137
leaf_weight=9.7524854959920013 12.326157487928866 0.25658195372670844 4.0708084627985937 20.368740588426594 3.1111029349267474 3.1689526438713074 4.7613451220095158 1.3223458752036092 1.358812253922224 0.25102985370904285 0.80040343198925257 1.133214097470044
leaf_count=772 219 20 16 159 23 26 34 10 19 14 65 20
internal_value=0.0107109 -0.000318237 0.0043837 -0.00666338 0.0120892 0.0352053 0.0519555 -0.0575298 -0.0540223 -0.0506786 -0.0506382 0.0510458
internal_weight=62.682 49.2226 45.4845 33.4834 23.4798 12.0011 7.9303 3.73814 2.4158 10.0035 1.05699 13.4594
internal_count=1397 1158 1044 968 182 76 60 114 104 786 85 239
is_linear=0
shrinkage=0.05


Tree=72
num_leaves=12
num_cat=0
split_feature=6 13 12 12 1 16 15 16 0 0 0
split_gain=10.6581 5.06539 5.32741 6.49737 5.39325 3.2846 3.21246 2.93049e-08 1.77636e-15 1.77636e-15 8.88178e-16
threshold=0.37500000000000006 1.0000000180025095e-35 205.44407638378473 190.69497060004053 5.5000000000000009 1.5000000000000002 3.5000000000000004 1.5000000000000002 21.500000000000004 6.5000000000000009 38.500000000000007
decision_type=2 2 2 2 2 2 2 2 2 2 2
left_child=1 2 3 4 -1 6 -4 8 9 -2 -10
right_child=7 -3 5 -5 -6 -7 -8 -9 10 -11 -12
leaf_value=-0.012423767179897727 0.050993072574407043 0.076823277181308811 -0.032739311380199115 0.093309772669892752 0.039202845177943806 0.06211746412557987 0.053718259840558141 0.05100168295283667 0.050993072574406995 0.050993072574407022 0.050993072574406988
leaf_weight=16.217278395779438 2.2508663535118085 2.0381864234805098 18.114627312868841 2.2117221029475322 7.3521470539271823 1.076940681785344 1.1421563550829876 1.0790274813771237 2.6796028017997746 5.6271658837795258 1.1790252327919004
leaf_count=466 42 9 587 25 57 5 9 20 50 105 22
internal_value=0.0104711 -0.000313752 -0.00372306 0.0113696 0.00368042 -0.022859 -0.0276113 0.0509938 0.0509931 0.0509931 0.0509931
internal_weight=60.9687 48.1531 46.1149 25.7811 23.5694 20.3337 19.2568 12.8157 11.7367 7.87803 3.85863
internal_count=1397 1158 1149 548 523 601 596 239 219 147 72
is_linear=0
shrinkage=0.05


Tree=73
num_leaves=14
num_cat=0
split_feature=6 3 0 15 14 9 2 1 1 1 12 16 0
split_gain=10.1983 4.94032 5.61479 10.2825 3.3525 2.53275 0.130538 0.0292921 0.00735257 0.00013278 9.31426e-08 2.51856e-08 1.77636e-15
threshold=0.37500000000000006 5.5000000000000009 18.500000000000004 1.0000000180025095e-35 1.0000000180025095e-35 0.3865618489961144 3.5634920634920646 6.5000000000000009 5.5000000000000009 4.5000000000000009 252.19309534928243 1.5000000000000002 33.500000000000007
decision_type=2 2 2 2 2 2 2 2 2 2 2 2 2
left_child=1 2 3 9 -5 -4 -7 8 10 -1 -3 12 -2
right_child=11 7 5 4 -6 6 -8 -9 -10 -11 -12 -13 -14
leaf_value=-0.050607515318952995 0.050943702786844229 -0.050616799305950581 0.0023080271783263071 0.0041568264296423128 0.060834088479851535 0.043333429347851303 0.056789956308201321 -0.063372252130496756 -0.056338230727417407 -0.051804543071538117 -0.050580972774062219 0.050951883284519356 0.050943702786844229
leaf_weight=9.1102379728108609 9.6440079398453218 0.24056581407785382 4.0439592599868757 20.100756987929348 2.9982850551605216 3.0081050544977188 4.4957193285226822 1.2576427608728407 1.2892224937677383 0.23771163914352733 0.73785060085356236 1.0273806266486634 1.5307949110865582
leaf_count=772 189 20 16 159 23 26 34 10 19 14 65 20 30
internal_value=0.0101703 -0.000299684 0.00426389 -0.0063922 0.0115136 0.0342054 0.0513956 -0.0572522 -0.053858 -0.050638 -0.0505898 0.0509444 0.0509437
internal_weight=59.7222 47.5201 43.9948 32.447 23.099 11.5478 7.50382 3.52528 2.26764 9.34795 0.978416 12.2022 11.1748
internal_count=1397 1158 1044 968 182 76 60 114 104 786 85 239 219
is_linear=0
shrinkage=0.05


Tree=74
num_leaves=9
num_cat=0
split_feature=6 15 16 10 14 3 16 0
split_gain=9.74444 4.85055 4.87952 6.96677 8.88042 7.11665 2.15929e-08 1.77636e-15
threshold=0.37500000000000006 3.5000000000000004 1.5000000000000002 182.50000000000003 1.0000000180025095e-35 5.5000000000000009 1.5000000000000002 32.500000000000007
decision_type=2 2 2 2 2 2 2 2
left_child=1 2 3 4 -1 -5 7 -2
right_child=6 -3 -4 5 -6 -7 -8 -9
leaf_value=-0.044441843411338861 0.05089683368388187 0.053030278768022236 0.062317710247009689 0.022262170080974475 0.063613858536307188 -0.056909429537084721 0.050904596503679136 0.050896833683881794
leaf_weight=16.384512234479192 9.0847362466156429 3.9062597863376132 2.5189057886600486 18.186371770687405 2.1510504484176627 3.3633532170206299 0.97815954685211259 1.554607272148133
leaf_count=668 187 39 6 323 9 113 20 32
internal_value=0.00993609 -0.000295358 -0.00518464 -0.00942639 -0.031902 0.00990554 0.0508975 0.0508968
internal_weight=58.128 46.5105 42.6042 40.0853 18.5356 21.5497 11.6175 10.6393
internal_count=1397 1158 1119 1113 677 436 239 219
is_linear=0
shrinkage=0.05


Tree=75
num_leaves=8
num_cat=0
split_feature=6 13 16 14 1 16 8
split_gain=9.30492 4.66068 4.76328 5.44529 7.25272 1.85697e-08 3.55271e-15
threshold=0.37500000000000006 1.0000000180025095e-35 1.5000000000000002 1.0000000180025095e-35 5.5000000000000009 1.5000000000000002 119.99151415052664
decision_type=2 2 2 2 2 2 2
left_child=1 2 3 4 -1 6 -2
right_child=5 -3 -4 -5 -6 -7 -8
leaf_value=-0.029068924723741004 0.050852325836045875 0.075698197773328701 0.060440109459281688 0.060022880573183918 0.016610826402300629 0.05085970381738715 0.05085232583604582
leaf_weight=24.503153734840453 8.0477704033255524 1.9317425861954678 2.7157687433063975 2.7474955841898909 13.464264411479233 0.9312547408044346 2.0813199318945417
leaf_count=1009 174 9 12 23 105 20 45
internal_value=0.00973201 -0.000294173 -0.00367422 -0.00795078 -0.0128697 0.0508529 0.0508523
internal_weight=56.4228 45.3624 43.4307 40.7149 37.9674 11.0603 10.1291
internal_count=1397 1158 1149 1137 1114 239 219
is_linear=0
shrinkage=0.05


Tree=76
num_leaves=9
num_cat=0
split_feature=6 15 1 16 13 2 16 0
split_gain=8.8907 4.5473 4.33318 5.00686 5.23118 0.0191561 1.59439e-08 1.77636e-15
threshold=0.37500000000000006 3.5000000000000004 8.5000000000000018 1.5000000000000002 1.0000000180025095e-35 3.6306818181818183 1.5000000000000002 31.500000000000004
decision_type=2 2 2 2 2 2 2 2
left_child=1 2 3 4 -1 -4 7 -2
right_child=6 -3 5 -5 -6 -7 -8 -9
leaf_value=-0.0184405958407436 0.050810068481062613 0.052956407984442691 0.052177974649081874 0.060921917630942818 0.085939164630421325 0.044692419491037055 0.050817075150877182 0.050810068481062523
leaf_weight=33.812544380314648 8.1458290293812698 3.6794199384748927 1.8283474072813981 2.3322691768407813 1.2445288002490986 1.6048842705786226 0.8865612521767624 1.4970712810754783
leaf_count=1068 185 39 22 6 3 20 20 34
internal_value=0.00949457 -0.000281086 -0.00507949 -0.0100158 -0.0147351 0.0486788 0.0508107 0.0508101
internal_weight=55.0315 44.502 40.8226 37.3893 35.0571 3.43323 10.5295 9.6429
internal_count=1397 1158 1119 1077 1071 42 239 219
is_linear=0
shrinkage=0.05


Tree=77
num_leaves=14
num_cat=0
split_feature=6 3 0 15 15 9 2 1 1 1 12 16 0
split_gain=8.49674 4.37448 4.75424 9.06429 2.93584 2.47578 0.142063 0.0212973 0.00530924 0.000131889 5.82616e-08 1.36978e-08 1.77636e-15
threshold=0.37500000000000006 5.5000000000000009 18.500000000000004 1.0000000180025095e-35 3.5000000000000004 0.3865618489961144 3.5634920634920646 6.5000000000000009 5.5000000000000009 4.5000000000000009 252.19309534928243 1.5000000000000002 35.500000000000007
decision_type=2 2 2 2 2 2 2 2 2 2 2 2 2
left_child=1 2 3 9 -5 -4 -7 8 10 -1 -3 12 -2
right_child=11 7 5 4 -6 6 -8 -9 -10 -11 -12 -13 -14
leaf_value=-0.05053712800054886 0.050769936910712604 -0.050528216072639888 0.0011389333572348951 0.0027975312753432801 0.052809096764766077 0.041782177777994894 0.056431665266278352 -0.06201591431716124 -0.055707730429872405 -0.051767306229418379 -0.050497650998852339 0.050776593148002473 0.0507699369107125
leaf_weight=8.0708207935094833 8.0479366779327339 0.20673982705920901 4.0034746974706632 17.91024607047439 3.5094891525804988 2.7581688649952412 4.1373395547270775 1.171181336045265 1.1765398979187012 0.22392200399190265 0.63411617837846279 0.84397853538394052 1.1317410953342921
leaf_count=772 192 20 16 143 39 26 34 10 19 14 65 20 27
internal_value=0.00924303 -0.000260111 0.0041673 -0.00619329 0.0109916 0.0324139 0.0505719 -0.0566528 -0.0535393 -0.0505703 -0.0505052 0.0507705 0.0507699
internal_weight=53.8257 43.802 40.6135 29.7145 21.4197 10.899 6.89551 3.18858 2.0174 8.29474 0.840856 10.0237 9.17968
internal_count=1397 1158 1044 968 182 76 60 114 104 786 85 239 219
is_linear=0
shrinkage=0.05


Tree=78
num_leaves=14
num_cat=0
split_feature=6 3 0 15 14 9 2 1 1 1 12 16 0
split_gain=8.11542 4.12932 4.4085 8.58853 2.88096 2.39266 0.161039 0.0181777 0.00457051 0.000114142 5.00781e-08 1.17823e-08 1.77636e-15
threshold=0.37500000000000006 5.5000000000000009 18.500000000000004 1.0000000180025095e-35 1.0000000180025095e-35 0.3865618489961144 3.5227272727272729 6.5000000000000009 5.5000000000000009 4.5000000000000009 252.19309534928243 1.5000000000000002 33.500000000000007
decision_type=2 2 2 2 2 2 2 2 2 2 2 2 2
left_child=1 2 3 9 -5 -4 -7 8 10 -1 -3 12 -2
right_child=11 7 5 4 -6 6 -8 -9 -10 -11 -12 -13 -14
leaf_value=-0.050510662829973574 0.050731823838327118 -0.050502192678190241 0.0010824472720642217 0.0036774114039729122 0.059973856234014244 0.039431718113403333 0.05576978477194186 -0.061367656173879105 -0.055423735443388945 -0.051683144466766001 -0.050473145229192287 0.050738151104378709 0.050731823838327063
leaf_weight=7.6811235304921892 7.5413367860019171 0.19675579667091292 4.0018153861165029 18.685816910117868 2.5872119069099417 2.3216127678751945 4.3049729205667973 1.1255318187177179 1.1247490532696247 0.21333930548280466 0.60347545798867941 0.80341015011072237 1.1970375850796697
leaf_count=772 189 20 16 159 23 21 39 10 19 14 65 20 30
internal_value=0.0090309 -0.000255909 0.00404163 -0.00600409 0.0105241 0.0316101 0.0500458 -0.05632 -0.0533687 -0.0505423 -0.0504803 0.0507324 0.0507318
internal_weight=52.3882 42.8464 39.7959 29.1675 21.273 10.6284 6.62659 3.05051 1.92498 7.89446 0.800231 9.54178 8.73837
internal_count=1397 1158 1044 968 182 76 60 114 104 786 85 239 219
is_linear=0
shrinkage=0.05


Tree=79
num_leaves=9
num_cat=0
split_feature=6 13 12 12 10 16 10 16
split_gain=7.75305 4.03338 4.62823 6.62187 4.46122 2.59048 2.70499 1.01227e-08
threshold=0.37500000000000006 1.0000000180025095e-35 205.44407638378473 190.69497060004053 244.75000000000003 1.5000000000000002 2422.5000000000005 1.5000000000000002
decision_type=2 2 2 2 2 2 2 2
left_child=1 2 3 4 -1 6 -4 -2
right_child=7 -3 5 -5 -6 -7 -8 -9
leaf_value=-0.016372935020977242 0.050695621828419385 0.073693522151598731 -0.033432826528358751 0.096197396389811174 0.031092851849343031 0.059543252570104871 0.038332001743644484 0.050701632935886844
leaf_weight=12.246492646634584 8.3179849907755816 1.7664888314902771 15.220827437005942 2.0915243318304411 8.3090028781443817 0.90666278824210067 1.4370182203128923 0.7647639140486725
leaf_count=384 219 9 582 25 139 5 14 20
internal_value=0.00881052 -0.000252234 -0.00350066 0.0114381 0.00281382 -0.0227621 -0.0272419 0.0506961
internal_weight=51.0608 41.978 40.2115 22.647 20.5555 17.5645 16.6578 9.08275
internal_count=1397 1158 1149 548 523 601 596 239
is_linear=0
shrinkage=0.05


Tree=80
num_leaves=8
num_cat=0
split_feature=6 15 16 10 14 3 16
split_gain=7.41744 4.03387 3.93073 5.67437 7.6513 5.79584 8.70448e-09
threshold=0.37500000000000006 3.5000000000000004 1.5000000000000002 182.50000000000003 1.0000000180025095e-35 5.5000000000000009 1.5000000000000002
decision_type=2 2 2 2 2 2 2
left_child=1 2 3 4 -1 -5 -2
right_child=6 -3 -4 5 -6 -7 -8
leaf_value=-0.043121532469984819 0.05066123491931207 0.052719371011800464 0.060104853651530545 0.020579067716715013 0.062250000942461171 -0.056171082682615496 0.050666948255327693
leaf_weight=14.415876099839808 7.917546942830084 3.3087239600718013 2.1967270076274863 16.772410997189585 1.9565991312265385 2.8825347861275068 0.72795138880610455
leaf_count=668 219 39 6 323 9 113 20
internal_value=0.00852703 -0.000243737 -0.00482828 -0.0087875 -0.0305291 0.00932312 0.0506617
internal_weight=50.1784 41.5329 38.2241 36.0274 16.3725 19.6549 8.6455
internal_count=1397 1158 1119 1113 677 436 239
is_linear=0
shrinkage=0.05


Tree=81
num_leaves=9
num_cat=0
split_feature=6 15 11 16 14 16 0 4
split_gain=7.08111 3.81944 3.71308 4.22474 4.50507 7.46933e-09 8.88178e-16 4.44089e-16
threshold=0.37500000000000006 3.5000000000000004 2.5000000000000004 1.5000000000000002 1.0000000180025095e-35 1.5000000000000002 19.500000000000004 1.5000000000000002
decision_type=2 2 2 2 2 2 2 2
left_child=1 2 3 4 -1 6 -2 -8
right_child=5 -3 -4 -5 -6 -7 7 -9
leaf_value=-0.018076285278694881 0.05062857159559625 0.052584251797951301 0.052378223030804354 0.059526241009559867 0.061719706693034719 0.050633996336431612 0.050628571595596174 0.050628571595596222
leaf_weight=30.748819977976382 4.5079193376004678 3.1552387904375783 2.6473212428390971 2.109386906027793 1.8767620176076878 0.6928880214691161 0.89470154792070422 2.1335190758109093
leaf_count=1069 131 39 35 6 9 20 26 62
internal_value=0.00834133 -0.000242973 -0.00470184 -0.00905219 -0.0134861 0.050629 0.0506286 0.0506286
internal_weight=48.7666 40.5375 37.3823 34.735 32.6256 8.22903 7.53614 3.02822
internal_count=1397 1158 1119 1084 1078 239 219 88
is_linear=0
shrinkage=0.05


Tree=82
num_leaves=9
num_cat=0
split_feature=6 13 12 12 10 15 10 16
split_gain=6.76269 3.69946 4.21796 8.40709 4.13768 2.35288 2.74721 6.41453e-09
threshold=0.37500000000000006 1.0000000180025095e-35 202.602632756632 190.69497060004053 244.75000000000003 3.5000000000000004 2307.5000000000005 1.5000000000000002
decision_type=2 2 2 2 2 2 2 2
left_child=1 2 3 4 -1 6 -4 -2
right_child=7 -3 5 -5 -6 -7 -8 -9
leaf_value=-0.01681889172933583 0.050597540638473132 0.073383652414425821 -0.033805197024352661 0.12091378392545456 0.029826883689978392 0.052639533169140343 0.032880987357164548 0.050602693483290641
leaf_weight=11.516177449375396 7.1728837564587584 1.6369692385196675 14.263041768223045 1.6211151499301184 8.0966174164786917 0.99551913700997907 1.7319355811923749 0.65949291735887516
leaf_count=384 219 9 575 20 139 13 18 20
internal_value=0.00812346 -0.000222372 -0.00337457 0.0114827 0.00243757 -0.0219425 -0.0265844 0.050598
internal_weight=47.6938 39.8614 38.2244 21.2339 19.6128 16.9905 15.995 7.83238
internal_count=1397 1158 1149 543 523 606 593 239
is_linear=0
shrinkage=0.05


Tree=83
num_leaves=14
num_cat=0
split_feature=6 3 0 15 12 9 2 1 2 1 1 16 0
split_gain=6.46881 3.56292 3.73034 7.53759 2.67112 2.34988 0.164448 0.0126935 0.00328766 0.00100091 0.000128869 5.51775e-09 1.77636e-15
threshold=0.37500000000000006 5.5000000000000009 18.500000000000004 1.0000000180025095e-35 87.615719586325241 0.3865618489961144 3.5227272727272729 6.5000000000000009 4.0555555555555562 5.5000000000000009 4.5000000000000009 1.5000000000000002 4.5000000000000009
decision_type=2 2 2 2 2 2 2 2 2 2 2 2 2
left_child=1 2 3 10 -5 -4 -7 8 -3 -10 -1 12 -2
right_child=11 7 5 4 -6 6 -8 -9 9 -11 -12 -13 -14
leaf_value=-0.050457664080626678 0.050568059972764104 -0.057100758513336652 -0.00040333590699335352 -0.019316934639684546 0.021413790656759652 0.038389884906221902 0.05559342036341839 -0.060107776342507371 -0.050411466766185409 -0.053197427289241365 -0.051727086455510454 0.050572958652458977 0.05056805997276409
leaf_weight=6.7825327394530204 0.87285026162862678 0.38318977272137944 3.8703410290181619 5.6135738156735924 14.225822474807499 2.1567382775247097 3.9027813207358122 1.0214312858879564 0.63488538423553087 0.65500254184007645 0.20600153040140856 0.62768860720098008 5.9540857132524252
leaf_count=772 28 10 16 55 127 21 39 10 79 15 14 20 191
internal_value=0.00785284 -0.0002184 0.0038498 -0.00584074 0.009889 0.0300311 0.0494702 -0.0557157 -0.0530342 -0.0518262 -0.0504951 0.0505685 0.0505681
internal_weight=46.9069 39.4523 36.7578 26.8279 19.8394 9.92986 6.05952 2.69451 1.67308 1.28989 6.98853 7.45462 6.82694
internal_count=1397 1158 1044 968 182 76 60 114 104 94 786 239 219
is_linear=0
shrinkage=0.05


Tree=84
num_leaves=9
num_cat=0
split_feature=6 15 16 10 14 3 16 0
split_gain=6.1812 3.50917 3.45652 5.04812 6.82712 4.95373 4.74791e-09 8.88178e-16
threshold=0.37500000000000006 3.5000000000000004 1.5000000000000002 182.50000000000003 1.0000000180025095e-35 5.5000000000000009 1.5000000000000002 21.500000000000004
decision_type=2 2 2 2 2 2 2 2
left_child=1 2 3 4 -1 -5 7 -2
right_child=6 -3 -4 5 -6 -7 -8 -9
leaf_value=-0.042212570465422483 0.050540048880070798 0.052409022050803826 0.059087110461085557 0.019313461903690696 0.061112657344637548 -0.055445244269330944 0.050544706757631799 0.050540048880070777
leaf_weight=13.302404748275874 4.3613292854279271 2.9282183442264786 2.0158415436744681 16.144493069499735 1.8170696049928654 2.5684157381765536 0.59740122593939293 2.136161282658577
leaf_count=668 147 39 6 323 9 113 20 72
internal_value=0.00763159 -0.000219407 -0.0045183 -0.00830811 -0.0297949 0.00905255 0.0505404 0.05054
internal_weight=45.8713 38.7764 35.8482 33.8324 15.1195 18.7129 7.09489 6.49749
internal_count=1397 1158 1119 1113 677 436 239 219
is_linear=0
shrinkage=0.05


Tree=85
num_leaves=11
num_cat=0
split_feature=6 13 12 12 10 10 15 16 0 0
split_gain=5.8998 3.36741 3.84628 7.28887 3.54666 2.13481 2.42917 4.08083e-09 1.77636e-15 2.22045e-16
threshold=0.37500000000000006 1.0000000180025095e-35 202.602632756632 190.69497060004053 244.75000000000003 2307.5000000000005 3.5000000000000004 1.5000000000000002 24.500000000000004 38.500000000000007
decision_type=2 2 2 2 2 2 2 2 2 2
left_child=1 2 3 4 -1 6 -4 8 -2 -10
right_child=7 -3 5 -5 -6 -7 -8 -9 9 -11
leaf_value=-0.016141729142838755 0.050513433354097241 0.071844028786370681 -0.033058529956785092 0.11128419814141169 0.028109339143835385 0.032795197337047902 0.052332927292528725 0.050517859810752075 0.050513433354097192 0.050513433354097165
leaf_weight=10.937906004488473 4.6025384161621323 1.5545775555074204 13.481917617842551 1.6674719396978606 7.7267859773710361 1.6180831352248777 0.88769364543259222 0.56855999678373326 0.96003868803381898 0.62120150402188301
leaf_count=384 163 9 575 20 139 18 13 20 34 22
internal_value=0.00745748 -0.000218693 -0.00330315 0.0111253 0.00217727 -0.0216524 -0.0277834 0.0505138 0.0505134 0.0505134
internal_weight=44.6268 37.8744 36.3199 20.3322 18.6647 15.9877 14.3696 6.75234 6.18378 1.58124
internal_count=1397 1158 1149 543 523 606 588 239 219 56
is_linear=0
shrinkage=0.05


Tree=86
num_leaves=10
num_cat=0
split_feature=6 14 11 16 13 5 16 0 0
split_gain=5.64144 3.29863 3.53945 4.06496 3.62981 0.000342515 3.50992e-09 1.77636e-15 8.88178e-16
threshold=0.37500000000000006 1.0000000180025095e-35 1.5000000000000002 1.5000000000000002 1.0000000180025095e-35 0.51657452962802786 1.5000000000000002 29.500000000000004 22.500000000000004
decision_type=2 2 2 2 2 2 2 2 2
left_child=1 2 3 4 -1 -4 7 8 -2
right_child=6 -3 5 -5 -6 -7 -8 -9 -10
leaf_value=-0.016397287680336936 0.050488139209783414 0.058611738084959335 0.052523767053853046 0.058021041273808749 0.077847902795750476 0.051379712773183553 0.050492347262145347 0.050488139209783373 0.050488139209783345
leaf_weight=29.435540385544304 4.1652283817529669 2.2407156191766253 1.2461525890976184 2.1491017621010533 1.0583924055099476 1.377302026376128 0.54109735786914814 1.0748976469039915 0.64493858814239491
leaf_count=1076 155 23 16 12 6 25 20 40 24
internal_value=0.0072023 -0.000213986 -0.00395158 -0.00844212 -0.0131262 0.0519231 0.0504885 0.0504881 0.0504881
internal_weight=43.9334 37.5072 35.2665 32.643 30.4939 2.62345 6.42616 5.88506 4.81017
internal_count=1397 1158 1135 1094 1082 41 239 219 179
is_linear=0
shrinkage=0.05


Tree=87
num_leaves=8
num_cat=0
split_feature=6 15 16 10 14 3 16
split_gain=5.38709 3.19041 3.09792 4.54175 6.1733 4.46757 3.01235e-09
threshold=0.37500000000000006 3.5000000000000004 1.5000000000000002 182.50000000000003 1.0000000180025095e-35 5.5000000000000009 1.5000000000000002
decision_type=2 2 2 2 2 2 2
left_child=1 2 3 4 -1 -5 -2
right_child=6 -3 -4 5 -6 -7 -8
leaf_value=-0.04133350537063768 0.050464107675952469 0.05232180410203853 0.05829847137562303 0.018180735244384957 0.06027830881390546 -0.055064981684331916 0.050468103817651933
leaf_weight=12.469325645826755 5.6006453409790984 2.6822233293205491 1.8686777800321568 15.868060265667738 1.6983369812369336 2.3962134588509789 0.51494874246418465
leaf_count=668 219 39 6 323 9 113 20
internal_value=0.0069937 -0.000194757 -0.00430142 -0.00790833 -0.0291529 0.00857113 0.0504644
internal_weight=43.0984 36.9828 34.3006 32.4319 14.1677 18.2643 6.11559
internal_count=1397 1158 1119 1113 677 436 239
is_linear=0
shrinkage=0.05


Tree=88
num_leaves=8
num_cat=0
split_feature=6 15 1 16 14 8 16
split_gain=5.14111 3.02215 2.97544 3.33769 3.60235 0.0145088 2.60017e-09
threshold=0.37500000000000006 3.5000000000000004 8.5000000000000018 1.5000000000000002 1.0000000180025095e-35 150.61441598248265 1.5000000000000002
decision_type=2 2 2 2 2 2 2
left_child=1 2 3 4 -1 -4 -2
right_child=6 -3 5 -5 -6 -7 -8
leaf_value=-0.016723990226142123 0.050441265509883218 0.052207218441919737 0.044524959214741533 0.057836201531658707 0.059819697611241202 0.052130960052674605 0.050445071347944265
leaf_weight=27.655980085954077 5.3298501614481202 2.5568682663142672 1.3251596130430692 1.7913883179426182 1.627580702304839 1.1900499928742645 0.49005243182182301
leaf_count=1062 219 39 27 6 9 15 20
internal_value=0.00682784 -0.000194255 -0.00418303 -0.00841674 -0.0124697 0.0481237 0.0504416
internal_weight=41.9669 36.147 33.5902 31.0749 29.2836 2.51521 5.8199
internal_count=1397 1158 1119 1077 1071 42 239
is_linear=0
shrinkage=0.05


Tree=89
num_leaves=9
num_cat=0
split_feature=6 13 12 12 10 10 15 16
split_gain=4.90728 2.92988 3.45908 6.73449 3.40108 1.91579 2.03695 2.22963e-09
threshold=0.37500000000000006 1.0000000180025095e-35 202.602632756632 190.69497060004053 244.75000000000003 2307.5000000000005 3.5000000000000004 1.5000000000000002
decision_type=2 2 2 2 2 2 2 2
left_child=1 2 3 4 -1 6 -4 -2
right_child=7 -3 5 -5 -6 -7 -8 -9
leaf_value=-0.01716925274335562 0.050419561803694328 0.07012942768441692 -0.032030069311398589 0.10676013429953823 0.027296549963662597 0.032078985860743356 0.05205586118893793 0.050423174493931536
leaf_weight=10.095563847571617 5.0720378290861836 1.422630002722143 12.617814574856308 1.6727054771035899 7.4914740817621341 1.5158028304576863 0.76383437775075513 0.46634959429502476
leaf_count=384 219 9 575 20 139 18 13 20
internal_value=0.00663909 -0.000175869 -0.00310405 0.0108899 0.00177165 -0.0211957 -0.0272304 0.0504199
internal_weight=41.1182 35.5798 34.1572 19.2597 17.587 14.8975 13.3816 5.53839
internal_count=1397 1158 1149 543 523 606 588 239
is_linear=0
shrinkage=0.05


Tree=90
num_leaves=14
num_cat=0
split_feature=6 3 0 15 12 9 2 1 2 1 1 16 0
split_gain=4.69042 2.85477 3.0992 6.35019 2.44636 2.25353 0.173504 0.00632917 0.00309194 0.000530146 0.000143036 1.92009e-09 8.88178e-16
threshold=0.37500000000000006 5.5000000000000009 18.500000000000004 1.0000000180025095e-35 87.615719586325241 0.3865618489961144 3.5227272727272729 6.5000000000000009 3.892045454545455 5.5000000000000009 4.5000000000000009 1.5000000000000002 15.500000000000002
decision_type=2 2 2 2 2 2 2 2 2 2 2 2 2
left_child=1 2 3 10 -5 -4 -7 8 -3 -10 -1 12 -2
right_child=11 7 5 4 -6 6 -8 -9 9 -11 -12 -13 -14
leaf_value=-0.050407030423328905 0.050398931393773029 -0.057528174182594607 -0.0015484567473646777 -0.020574495875818055 0.02061353885442839 0.036930898425923765 0.055542051927665481 -0.058026598947046697 -0.050331376229331939 -0.05251681819880534 -0.051768987618325782 0.050402368121075028 0.050398931393773008
leaf_weight=5.8034552638418999 2.600632105022668 0.25716653093695585 3.7585680484771711 5.0191149488091495 12.796588210389016 1.9603548329323528 3.4670636691153049 0.87867614999413479 0.54515332030132391 0.56519392877817154 0.1994023760780691 0.44378397986292828 2.225964767858386
leaf_count=772 118 3 16 55 127 21 39 10 85 16 14 20 101
internal_value=0.00640472 -0.000172947 0.00353906 -0.00597604 0.00900987 0.028211 0.0488198 -0.0547155 -0.052588 -0.0514438 -0.0504523 0.0503992 0.0503989
internal_weight=40.5211 35.2507 33.0045 23.8186 17.8157 9.18599 5.42742 2.24619 1.36751 1.11035 6.00286 5.27038 4.8266
internal_count=1397 1158 1044 968 182 76 60 114 104 101 786 239 219
is_linear=0
shrinkage=0.05


Tree=91
num_leaves=9
num_cat=0
split_feature=6 15 16 10 14 4 16 2
split_gain=4.4791 2.79632 2.74528 4.01547 5.50087 4.10619 1.65232e-09 8.88178e-16
threshold=0.37500000000000006 3.5000000000000004 1.5000000000000002 182.50000000000003 1.0000000180025095e-35 3.5000000000000004 1.5000000000000002 8.8333333333333339
decision_type=2 2 2 2 2 2 2 2
left_child=1 2 3 4 -1 -5 7 -2
right_child=6 -3 -4 5 -6 -7 -8 -9
leaf_value=-0.040309972243621983 0.050379321706941017 0.052085824162114686 0.057505746372127145 0.020116808460245175 0.059304951891286178 -0.041343958833343825 0.050382589888140344 0.05037932170694101
leaf_weight=11.559238453395666 1.9923724234104145 2.3836308550089589 1.7159341871738423 14.064825655426832 1.5746613666415203 3.3684318745508781 0.42230192944407452 2.6005703210830688
leaf_count=668 95 39 6 359 9 77 20 124
internal_value=0.00621449 -0.000174889 -0.00403357 -0.00748818 -0.0283668 0.00824144 0.0503796 0.0503793
internal_weight=39.682 34.6667 32.2831 30.5672 13.1339 17.4333 5.01524 4.59294
internal_count=1397 1158 1119 1113 677 436 239 219
is_linear=0
shrinkage=0.05


Tree=92
num_leaves=11
num_cat=0
split_feature=6 11 14 16 10 9 16 8 10 12
split_gain=4.27444 2.69035 2.96406 3.17604 3.03147 0.000397894 1.42277e-09 8.88178e-16 4.44089e-16 2.22045e-16
threshold=0.37500000000000006 1.5000000000000002 1.0000000180025095e-35 1.5000000000000002 182.50000000000003 0.42584314773319315 1.5000000000000002 90.001317927754641 396.00000000000006 37.016170412054407
decision_type=2 2 2 2 2 2 2 2 2 2
left_child=1 2 3 4 -1 -3 7 8 9 -2
right_child=6 5 -4 -5 -6 -7 -8 -9 -10 -11
leaf_value=-0.030348482134806738 0.05036068576075018 0.052501013196244721 0.057312320772317626 0.056508669516487947 0.0027560800341556637 0.051185740388820677 0.050363794647280913 0.050360685760750173 0.050360685760750173 0.050360685760750118
leaf_weight=12.433903793338695 0.99783521145582132 1.0482565276324742 1.8569182194769371 1.8040180802345265 15.581322029698638 1.2736652418971059 0.40185214765369881 1.3969692960381506 1.3969692960381506 0.57874442264437675
leaf_count=680 50 11 22 12 402 31 20 70 70 29
internal_value=0.00604918 -0.000170944 -0.00397901 -0.00779577 -0.0119366 0.0517795 0.0503609 0.0503607 0.0503607 0.0503607
internal_weight=38.7705 33.9981 31.6762 29.8192 28.0152 2.32192 4.77237 4.37052 2.97355 1.57658
internal_count=1397 1158 1116 1094 1082 42 239 219 149 79
is_linear=0
shrinkage=0.05


Tree=93
num_leaves=14
num_cat=0
split_feature=6 3 0 15 5 12 10 1 2 1 1 16 0
split_gain=4.07975 2.6966 2.71888 5.81787 3.93891 2.29283 0.990523 0.00555465 0.00284657 0.000455361 0.000110199 1.21652e-09 8.88178e-16
threshold=0.37500000000000006 5.5000000000000009 18.500000000000004 1.0000000180025095e-35 0.34816732412886259 101.41299434534723 1932.5000000000002 6.5000000000000009 3.892045454545455 5.5000000000000009 4.5000000000000009 1.5000000000000002 33.500000000000007
decision_type=2 2 2 2 2 2 2 2 2 2 2 2 2
left_child=1 2 3 10 -4 -5 -6 8 -3 -10 -1 12 -2
right_child=11 7 4 5 6 -7 -8 -9 9 -11 -12 -13 -14
leaf_value=-0.050376836147255827 0.050342977379500588 -0.057309229575651301 -0.032757875274642974 -0.018056500718081955 0.063536806101961774 0.021293598073222605 0.025035948051812269 -0.05772995818379837 -0.050318455771441645 -0.052399815725140887 -0.051616720068784067 0.050345924374703227 0.050342977379500511
leaf_weight=5.3071518610231641 3.589093940332531 0.24895639158785288 2.0962026193737966 5.4336858540773418 3.6152326259762049 11.614844333380459 3.1056653689593077 0.83390385285019863 0.52352233277633764 0.52763614803552628 0.18546972144395102 0.38238584250211705 0.56969745084643353
leaf_count=772 189 3 10 59 23 123 43 10 85 16 14 20 30
internal_value=0.00587067 -0.000159306 0.00354178 -0.00566619 0.0270822 0.00875198 0.0457459 -0.0545448 -0.0525018 -0.0513632 -0.0504187 0.0503432 0.050343
internal_weight=38.0334 33.4923 31.3583 22.5412 8.8171 17.0485 6.7209 2.13402 1.30011 1.05116 5.49262 4.54118 4.15879
internal_count=1397 1158 1044 968 76 182 66 114 104 101 786 239 219
is_linear=0
shrinkage=0.05


Tree=94
num_leaves=9
num_cat=0
split_feature=6 15 13 12 12 0 16 9
split_gain=3.89506 2.63672 2.56809 3.21878 5.12755 2.0122 1.04844e-09 8.88178e-16
threshold=0.37500000000000006 3.5000000000000004 1.0000000180025095e-35 205.44407638378473 190.69497060004053 22.500000000000004 1.5000000000000002 6.8971661158813058
decision_type=2 2 2 2 2 2 2 2
left_child=1 2 3 4 -1 -5 7 -2
right_child=6 -3 -4 5 -6 -7 -8 -9
leaf_value=-0.0026140430674543597 0.050326133992999122 0.052056381759924823 0.073071340691434436 -0.041152363255390241 0.081945426477808309 1.740690972964079e-05 0.050328938638876101 0.050326133992999095
leaf_weight=14.949040582403549 2.2044983282685271 2.2524015922099343 1.0443603396415699 7.940885800868271 2.0370698347687712 4.7392283258959651 0.36385633051395405 1.7527568675577643
leaf_count=503 122 39 3 531 24 58 20 97
internal_value=0.00569084 -0.00016042 -0.00399015 -0.006703 0.0075268 -0.025765 0.0503264 0.0503261
internal_weight=37.2841 32.963 30.7106 29.6662 16.9861 12.6801 4.32111 3.95726
internal_count=1397 1158 1119 1116 527 589 239 219
is_linear=0
shrinkage=0.05


Tree=95
num_leaves=14
num_cat=0
split_feature=6 3 0 15 5 12 10 1 2 1 1 16 0
split_gain=3.72045 2.55728 2.52832 5.40596 3.83029 2.1267 0.950003 0.00534082 0.00170568 0.000384122 9.45803e-05 9.04255e-10 4.44089e-16
threshold=0.37500000000000006 5.5000000000000009 18.500000000000004 1.0000000180025095e-35 0.3411111111111112 87.615719586325241 1932.5000000000002 6.5000000000000009 4.0555555555555562 5.5000000000000009 4.5000000000000009 1.5000000000000002 34.500000000000007
decision_type=2 2 2 2 2 2 2 2 2 2 2 2 2
left_child=1 2 3 10 -4 -5 -6 8 -3 -10 -1 12 -2
right_child=11 7 4 5 6 -7 -8 -9 9 -11 -12 -13 -14
leaf_value=-0.050358674765342865 0.050310124497213615 -0.055704604028080099 -0.033513174236341668 -0.020433718977696275 0.062879848957046111 0.019189268957542378 0.024841097556179845 -0.057629500938216505 -0.050297438815854717 -0.052329425402293066 -0.051544323990121189 0.050312794678939024 0.050310124497213539
leaf_weight=4.972583619412041 3.2668071053922172 0.29486891673877769 2.0377692021429521 4.6943254526704576 3.4779817871749401 12.155665728263555 3.1083368230611086 0.80655359476804722 0.45289842272177339 0.47809387184679508 0.17408956075087179 0.3462191019207238 0.49861792661249627
leaf_count=772 190 10 9 55 23 127 44 10 79 15 14 20 29
internal_value=0.00548678 -0.000157342 0.00344757 -0.00554858 0.0263932 0.0081505 0.0449279 -0.0544696 -0.0523906 -0.0513409 -0.0503988 0.0503103 0.0503101
internal_weight=36.7648 32.6532 30.6208 21.9967 8.62409 16.85 6.58632 2.03241 1.22586 0.930992 5.14667 4.11164 3.76543
internal_count=1397 1158 1044 968 76 182 67 114 104 94 786 239 219
is_linear=0
shrinkage=0.05


Tree=96
num_leaves=8
num_cat=0
split_feature=6 15 16 10 14 3 16
split_gain=3.55123 2.48491 2.43182 3.35706 4.80488 3.33738 7.76184e-10
threshold=0.37500000000000006 3.5000000000000004 1.5000000000000002 182.50000000000003 1.0000000180025095e-35 5.5000000000000009 1.5000000000000002
decision_type=2 2 2 2 2 2 2
left_child=1 2 3 4 -1 -5 -2
right_child=6 -3 -4 5 -6 -7 -8
leaf_value=-0.039147275789739137 0.050294909365110031 0.05195444895967713 0.056772758183735894 0.015617471348565698 0.058150661821972996 -0.054258256357455972 0.050297445488149434
leaf_weight=10.503070865292107 3.5828395429998632 2.1355248009786001 1.5669571012258519 14.554298199247569 1.4432166814804066 1.9361288533546037 0.32943174801766861
leaf_count=668 219 39 6 323 9 113 20
internal_value=0.00531702 -0.000158117 -0.00386725 -0.00720872 -0.0273928 0.00741341 0.0502951
internal_weight=36.0515 32.1392 30.0037 28.4367 11.9463 16.4904 3.91227
internal_count=1397 1158 1119 1113 677 436 239
is_linear=0
shrinkage=0.05


Tree=97
num_leaves=9
num_cat=0
split_feature=6 13 12 12 10 10 16 16
split_gain=3.38721 2.37618 3.09346 5.38675 2.75144 1.73067 1.75173 6.6952e-10
threshold=0.37500000000000006 1.0000000180025095e-35 202.602632756632 190.69497060004053 244.75000000000003 2307.5000000000005 1.5000000000000002 1.5000000000000002
decision_type=2 2 2 2 2 2 2 2
left_child=1 2 3 4 -1 6 -4 -2
right_child=7 -3 5 -5 -6 -7 -8 -9
leaf_value=-0.016829110063208804 0.050280444228396205 0.066817356997127264 -0.03212798377921685 0.095283251526023738 0.02558022344376808 0.03301576544940004 0.055899992823932446 0.050282858944757439
leaf_weight=8.7858945783227771 3.4090579720214005 1.270840810611843 11.021902237087485 1.703579457476734 6.7726858337409785 1.3096899320371438 0.5956982262432583 0.31345380656421173
leaf_count=384 219 9 583 20 139 18 5 20
internal_value=0.00517934 -0.000157237 -0.00297657 0.0108741 0.00163177 -0.0214718 -0.0276143 0.0502806
internal_weight=35.1828 31.4603 30.1895 17.2622 15.5586 12.9273 11.6176 3.72251
internal_count=1397 1158 1149 543 523 606 588 239
is_linear=0
shrinkage=0.05


Tree=98
num_leaves=9
num_cat=0
split_feature=6 15 16 10 14 4 16 0
split_gain=3.23445 2.37729 2.26044 2.96925 4.5679 3.14406 5.74194e-10 4.44089e-16
threshold=0.37500000000000006 3.5000000000000004 1.5000000000000002 182.50000000000003 1.0000000180025095e-35 3.5000000000000004 1.5000000000000002 35.500000000000007
decision_type=2 2 2 2 2 2 2 2
left_child=1 2 3 4 -1 -5 7 -2
right_child=6 -3 -4 5 -6 -7 -8 -9
leaf_value=-0.038411255148866841 0.050266690627930558 0.051900305733245479 0.05637046181414325 0.01752796332846884 0.057874536779667231 -0.038015921214571174 0.050268983146737271 0.050266690627930467
leaf_weight=10.016568358056256 2.8437577486038208 2.0492491926997891 1.4808265939354885 13.072583295870574 1.4044922217726696 3.1644997373223296 0.29824669659137715 0.39990343339741219
leaf_count=668 192 39 6 359 9 77 20 27
internal_value=0.00498823 -0.000153863 -0.00381466 -0.007037 -0.0265706 0.00670283 0.0502669 0.0502667
internal_weight=34.7301 31.1882 29.139 27.6581 11.4211 16.2371 3.54191 3.24366
internal_count=1397 1158 1119 1113 677 436 239 219
is_linear=0
shrinkage=0.05


Tree=99
num_leaves=14
num_cat=0
split_feature=6 3 0 15 5 12 10 1 2 1 5 16 0
split_gain=3.08506 2.25303 2.18332 4.8688 3.40084 2.00428 0.956445 0.00368234 0.00198867 0.000271327 0.000123175 4.92588e-10 4.44089e-16
threshold=0.37500000000000006 5.5000000000000009 18.500000000000004 1.0000000180025095e-35 0.3411111111111112 101.41299434534723 1932.5000000000002 6.5000000000000009 3.892045454545455 5.5000000000000009 0.22848427492509657 1.5000000000000002 30.500000000000004
decision_type=2 2 2 2 2 2 2 2 2 2 2 2 2
left_child=1 2 3 10 -4 -5 -6 8 -3 -10 -1 12 -2
right_child=11 7 4 5 6 -7 -8 -9 9 -11 -12 -13 -14
leaf_value=-0.052066783087578783 0.050253620520997612 -0.056479891513318774 -0.030919494121933469 -0.018312482421583568 0.06216257624385433 0.019808994118339928 0.022749667787395067 -0.056809977082680319 -0.050267716427737544 -0.052029205441384063 -0.050340687356163698 0.050255797364369054 0.050253620520997536
leaf_weight=0.10575518431142761 2.593012347817421 0.21930883824825176 2.0399428308010084 5.0487177995964894 3.2580680474638939 10.874459332786499 2.9178712163120508 0.72902964800596226 0.43402152229100466 0.4404707495123148 4.5553527129814029 0.2837735991925 0.49323604442179192
leaf_count=7 184 3 9 59 23 123 44 10 85 16 779 20 35
internal_value=0.00484768 -0.000149208 0.00326276 -0.00543465 0.0250535 0.00772192 0.0435416 -0.0540573 -0.0522226 -0.051155 -0.0503799 0.0502538 0.0502536
internal_weight=33.993 30.623 28.8002 20.5843 8.21588 15.9232 6.17594 1.82283 1.0938 0.874492 4.66111 3.37002 3.08625
internal_count=1397 1158 1044 968 76 182 67 114 104 101 786 239 219
is_linear=0
shrinkage=0.05


Tree=100
num_leaves=7
num_cat=0
split_feature=6 15 11 16 9 16
split_gain=2.94384 2.24003 2.18896 2.38944 2.64918 4.24948e-10
threshold=0.37500000000000006 3.5000000000000004 2.5000000000000004 1.5000000000000002 0.226368529703219 1.5000000000000002
decision_type=2 2 2 2 2 2
left_child=1 2 3 4 -1 -2
right_child=5 -3 -4 -5 -6 -7
leaf_value=-0.056032019157160731 0.050241186556731966 0.051805563559160495 0.051655771063046634 0.05604674919565409 -0.004957921565372829 0.050243259356554264
leaf_weight=2.86575615871699 2.9364384021610017 1.9410622417926777 1.6782303676009167 1.4127159044146527 22.262002356350422 0.26999945938587178
leaf_count=193 219 39 35 6 885 20
internal_value=0.00469261 -0.000149906 -0.00372373 -0.00722554 -0.0107828 0.0502414
internal_weight=33.3662 30.1598 28.2187 26.5405 25.1278 3.20644
internal_count=1397 1158 1119 1084 1078 239
is_linear=0
shrinkage=0.05


Tree=101
num_leaves=8
num_cat=0
split_feature=6 14 13 12 12 1 16
split_gain=2.80825 2.19337 2.3646 2.65245 4.30486 1.66153 3.64594e-10
threshold=0.37500000000000006 1.0000000180025095e-35 1.0000000180025095e-35 205.44407638378473 190.69497060004053 6.5000000000000009 1.5000000000000002
decision_type=2 2 2 2 2 2 2
left_child=1 2 3 4 -1 -5 -2
right_child=6 -3 -4 5 -6 -7 -8
leaf_value=-0.0032592715589193065 0.050229370607112481 0.056127384496093613 0.065863043009668623 -0.036832869789260529 0.074577936875330417 0.0055453985840572791 0.050231338952679838
leaf_weight=13.533716555684814 2.7938671438023444 1.6367434225976456 1.1800983203575004 8.1462772947270405 2.0447044740431002 3.2300152257084838 0.25689083896577347
leaf_count=508 219 23 9 565 24 29 20
internal_value=0.00454172 -0.000140009 -0.00341337 -0.00644634 0.00695705 -0.0248006 0.0502295
internal_weight=32.8223 29.7716 28.1348 26.9547 15.5784 11.3763 3.05076
internal_count=1397 1158 1135 1126 532 594 239
is_linear=0
shrinkage=0.05


Tree=102
num_leaves=9
num_cat=0
split_feature=6 15 1 16 14 2 16 0
split_gain=2.68028 2.11163 2.11653 2.29433 2.49777 0.0122418 3.15498e-10 4.44089e-16
threshold=0.37500000000000006 3.5000000000000004 8.5000000000000018 1.5000000000000002 1.0000000180025095e-35 3.5634920634920646 1.5000000000000002 33.500000000000007
decision_type=2 2 2 2 2 2 2 2
left_child=1 2 3 4 -1 -4 7 -2
right_child=6 -3 5 -5 -6 -7 -8 -9
leaf_value=-0.014604290838641967 0.050218132354600986 0.051748469311961247 0.051584102283211634 0.055812055513796754 0.057059167802161914 0.043519937803007565 0.050220009528060917 0.050218132354600875
leaf_weight=23.149271124275415 2.2940529109910131 1.83887921553105 0.95177843421697506 1.3631538972258557 1.2833030819892872 0.9309195950627327 0.24441587086766947 0.36413538269698609
leaf_count=1062 189 39 20 6 9 22 20 30
internal_value=0.0043726 -0.000135672 -0.00358271 -0.00731804 -0.0108402 0.0475967 0.0502183 0.0502181
internal_weight=32.4199 29.5173 27.6784 25.7957 24.4326 1.8827 2.9026 2.65819
internal_count=1397 1158 1119 1077 1071 42 239 219
is_linear=0
shrinkage=0.05


Tree=103
num_leaves=14
num_cat=0
split_feature=6 3 0 15 5 12 10 1 2 1 5 16 0
split_gain=2.55541 2.0837 2.0461 4.37166 3.10405 1.9314 0.968359 0.0034179 0.00157571 0.000203089 0.000100188 2.70784e-10 4.44089e-16
threshold=0.37500000000000006 5.5000000000000009 18.500000000000004 1.0000000180025095e-35 0.3411111111111112 101.41299434534723 1932.5000000000002 6.5000000000000009 3.892045454545455 5.5000000000000009 0.22848427492509657 1.5000000000000002 5.5000000000000009
decision_type=2 2 2 2 2 2 2 2 2 2 2 2 2
left_child=1 2 3 10 -4 -5 -6 8 -3 -10 -1 12 -2
right_child=11 7 4 5 6 -7 -8 -9 9 -11 -12 -13 -14
leaf_value=-0.051934827982038814 0.050207449889361572 -0.055991688473058424 -0.028628105129398968 -0.019269197192152379 0.06193765448788794 0.019093686505012201 0.021423299405235966 -0.056631956725717594 -0.05023969321034906 -0.051844210986190346 -0.050315830931258625 0.050209232800702032 0.050207449889361655
leaf_weight=0.097807263489824048 0.42728604190051545 0.2035831045359362 2.0402278266847125 4.7909027906134733 3.1364437583833933 10.409241469576953 2.784075366333127 0.70000463165342808 0.38669665949419141 0.40247510187327862 4.1537780691869557 0.2325442126020788 2.1017853952944279
leaf_count=7 37 3 9 59 23 123 44 10 85 16 779 20 182
internal_value=0.0042418 -0.000119614 0.00320488 -0.00553403 0.024558 0.00700217 0.0428861 -0.0539563 -0.0520697 -0.051058 -0.0503531 0.0502076 0.0502074
internal_weight=31.8669 29.1052 27.4125 19.4517 7.96075 15.2001 5.92052 1.69276 0.992755 0.789172 4.25159 2.76162 2.52907
internal_count=1397 1158 1044 968 76 182 67 114 104 101 786 239 219
is_linear=0
shrinkage=0.05


Tree=104
num_leaves=12
num_cat=0
split_feature=12 12 2 5 14 13 5 10 10 9 12
split_gain=2.56829 3.68406 3.25057 2.54958 2.90498 2.48143 1.84191 1.53715 1.70023 1.44644 0.301155
threshold=202.602632756632 190.69497060004053 2.5000000000000004 0.35768270578981559 1.0000000180025095e-35 1.0000000180025095e-35 0.3116666666666667 2307.5000000000005 2245.0000000000005 0.30782869229533877 95.104130756331031
decision_type=2 2 2 2 2 2 2 2 2 2 2
left_child=1 2 3 -1 -5 7 -4 8 9 -2 -8
right_child=5 -3 6 4 -6 -7 10 -9 -10 -11 -12
leaf_value=0.054280880969483886 -0.055036642657654115 0.085402599269020496 -0.024273422770497603 -0.030363350228943639 0.056781342285793568 0.069357489011479326 0.050512880250625274 0.033757806582365955 -0.11338487618943555 -0.010289363968458911 0.0055074478963490232
leaf_weight=1.3649451853707528 2.3366420678794313 1.7365298066288222 1.0699886819347728 7.5139638786204141 1.0957793593406675 0.85413015633821565 5.2156596342101693 1.2457362320274121 0.51689068181440312 7.9518454566132277 0.40023028617724765
leaf_count=40 189 20 12 391 15 4 239 24 4 429 30
internal_value=0.0041026 0.0160979 0.00887431 -0.00920719 -0.0192723 -0.0129974 0.0358502 -0.0188343 -0.0248976 -0.020452 0.0473055
internal_weight=31.3023 18.3971 16.6606 9.97469 8.60974 12.9052 6.68588 12.0511 10.8054 10.2885 5.61589
internal_count=1397 747 727 446 406 650 281 646 622 618 269
is_linear=0
shrinkage=0.05


Tree=105
num_leaves=14
num_cat=0
split_feature=6 15 16 10 14 3 12 8 0 12 15 13 0
split_gain=2.36745 2.0203 1.9527 2.66233 3.66377 2.59924 3.01128e-08 2.55262e-09 4.18756e-10 3.93342e-10 1.16196e-12 1.71041e-12 1.11022e-16
threshold=0.37500000000000006 3.5000000000000004 1.5000000000000002 182.50000000000003 1.0000000180025095e-35 5.5000000000000009 95.104130756331031 59.989811630781254 33.500000000000007 311.72230168703135 1.5000000000000002 1.0000000180025095e-35 23.500000000000004
decision_type=2 2 2 2 2 2 2 2 2 2 2 2 2
left_child=1 2 3 4 -1 -5 8 9 10 -8 12 -12 -2
right_child=6 -3 -4 5 -6 -7 7 -9 -10 -11 11 -13 -14
leaf_value=-0.037216190869524428 0.050187569130273293 0.051716440597690254 0.055677474284577123 0.013849502148330056 0.056260208145813485 -0.053757312968718142 0.050196345563507189 0.050204277226460398 0.050189896140850891 0.050199333203898328 0.050187413349219105 0.050187569130273169 0.050187569130273113
leaf_weight=9.0497744372114663 0.68970374576747351 1.7581192534416903 1.3190657198429097 13.414984129834918 1.1855764091014851 1.5902231845539052 0.21869546640664328 0.23793089110404253 0.21141599211841811 0.22199910134077072 0.38632946368306875 0.32395175937563181 0.25080136209726334
leaf_count=668 66 39 6 323 9 113 20 21 20 20 37 31 24
internal_value=0.00395677 -0.000191637 -0.0036277 -0.00672698 -0.0263887 0.00668466 0.0501911 0.0502001 0.0501878 0.0501979 0.0501875 0.0501875 0.0501876
internal_weight=30.8586 28.3177 26.5596 25.2406 10.2354 15.0052 2.54083 0.678625 1.8622 0.440695 1.65079 0.710281 0.940505
internal_count=1397 1158 1119 1113 677 436 239 61 178 40 158 68 90
is_linear=0
shrinkage=0.05


Tree=106
num_leaves=12
num_cat=0
split_feature=12 12 2 13 5 14 5 10 10 9 12
split_gain=2.30994 3.32357 2.99072 2.2926 2.27874 2.60211 1.75297 1.41856 1.5565 1.38117 0.294687
threshold=202.602632756632 190.69497060004053 2.5000000000000004 1.0000000180025095e-35 0.35768270578981559 1.0000000180025095e-35 0.3116666666666667 2307.5000000000005 2245.0000000000005 0.30782869229533877 98.691104212592606
decision_type=2 2 2 2 2 2 2 2 2 2 2
left_child=1 2 4 7 -1 -6 -4 8 9 -2 -8
right_child=3 -3 6 -5 5 -7 10 -9 -10 -11 -12
leaf_value=0.049761757354340075 -0.054567625904892329 0.080729491805193718 -0.023570524438943724 0.067957352786505512 -0.029776612737698705 0.056170172620050599 0.049945809550624082 0.033227990597466346 -0.1093584957959602 -0.009856416154507653 0.0011498686087216569
leaf_weight=1.397415358107543 2.2245445929001946 1.757101522758602 1.0617140289396036 0.8244250565767296 7.223172265570609 1.0029329042881725 4.918131688144058 1.197570467367769 0.51063061156310219 7.7265187960583717 0.33018232462927688
leaf_count=40 189 20 12 4 391 15 245 24 4 429 24
internal_value=0.0038466 0.0154678 0.00827096 -0.0126218 -0.00926988 -0.0192979 0.0350228 -0.0183196 -0.0242203 -0.0198515 0.046876
internal_weight=30.1743 17.6907 15.9335 12.4837 9.62352 8.22611 6.31003 11.6593 10.4617 9.95106 5.24831
internal_count=1397 747 727 650 446 406 281 646 622 618 269
is_linear=0
shrinkage=0.05


Tree=107
num_leaves=12
num_cat=0
split_feature=6 15 16 10 14 3 12 9 0 10 2
split_gain=2.19306 1.94437 1.88673 2.42266 3.31986 2.37416 9.65964e-08 8.04934e-09 1.36189e-09 1.56901e-10 8.7641e-13
threshold=0.37500000000000006 3.5000000000000004 1.5000000000000002 182.50000000000003 1.0000000180025095e-35 5.5000000000000009 98.691104212592606 0.34991810890856601 33.500000000000007 146.00000000000003 4.8452380952380958
decision_type=2 2 2 2 2 2 2 2 2 2 2
left_child=1 2 3 4 -1 -5 8 -8 9 -2 -11
right_child=6 -3 -4 5 -6 -7 7 -9 -10 10 -12
leaf_value=-0.036488056838647927 0.050171199064964193 0.051683683765110656 0.05551800236823054 0.012832725994977992 0.055660124226522223 -0.05357554735860625 0.050201377925948101 0.050189313198429668 0.050174306593063094 0.050169611220728508 0.050169696189272167
leaf_weight=8.6547837704420214 0.19082479458302204 1.6907379329204548 1.279496919363736 13.194324243813751 1.1018711403012265 1.4987578543368716 0.21107891108840693 0.40068872924894094 0.19372299592941988 0.46334927622228839 0.87985588982701302
leaf_count=668 20 39 6 323 9 113 19 38 20 49 93
internal_value=0.00370852 -0.000256197 -0.00366931 -0.00676668 -0.0260813 0.0060588 0.0501764 0.0501935 0.0501704 0.0501699 0.0501697
internal_weight=29.7595 27.42 25.7292 24.4497 9.75665 14.6931 2.33952 0.611768 1.72775 1.53403 1.34321
internal_count=1397 1158 1119 1113 677 436 239 57 182 162 142
is_linear=0
shrinkage=0.05


Tree=108
num_leaves=12
num_cat=0
split_feature=6 15 16 10 14 3 12 9 0 10 2
split_gain=2.09021 1.8427 1.7767 2.25992 3.1091 2.22176 8.30947e-08 6.92957e-09 1.17019e-09 1.34687e-10 7.81597e-13
threshold=0.37500000000000006 3.5000000000000004 1.5000000000000002 182.50000000000003 1.0000000180025095e-35 5.5000000000000009 98.691104212592606 0.34991810890856601 33.500000000000007 146.00000000000003 4.8452380952380958
decision_type=2 2 2 2 2 2 2 2 2 2 2
left_child=1 2 3 4 -1 -5 8 -8 9 -2 -11
right_child=6 -3 -4 5 -6 -7 7 -9 -10 10 -12
leaf_value=-0.035747346134722462 0.050162821402424909 0.051601191041790645 0.055223902902765798 0.012209449162763536 0.055392845965874973 -0.053409254979490818 0.050191521702070287 0.050180045269228306 0.050165775218750756 0.050161312112279227 0.050161394375486647
leaf_weight=8.3989694546908265 0.18154770880937521 1.6107859043404449 1.2234128154814232 13.174993966706095 1.0530619546771038 1.4299894550349552 0.20082291215658177 0.38121552765369415 0.18430555891245592 0.440822555683553 0.8370798584073782
leaf_count=668 20 39 6 323 9 113 19 38 20 49 93
internal_value=0.00360337 -0.000250785 -0.00355462 -0.00654379 -0.0255933 0.00578465 0.0501678 0.050184 0.050162 0.0501615 0.0501614
internal_weight=29.117 26.8912 25.2804 24.057 9.45203 14.605 2.22579 0.582038 1.64376 1.45945 1.2779
internal_count=1397 1158 1119 1113 677 436 239 57 182 162 142
is_linear=0
shrinkage=0.05


Tree=109
num_leaves=13
num_cat=0
split_feature=12 12 2 13 5 12 15 5 10 10 0 12
split_gain=2.0399 3.13909 2.7146 2.1166 2.04588 3.00914 2.35428 1.67298 1.32661 1.43821 1.33698 0.274728
threshold=202.602632756632 190.69497060004053 2.5000000000000004 1.0000000180025095e-35 0.35768270578981559 104.39906590315395 3.5000000000000004 0.3116666666666667 2307.5000000000005 2245.0000000000005 21.500000000000004 98.691104212592606
decision_type=2 2 2 2 2 2 2 2 2 2 2 2
left_child=1 2 4 8 5 -1 -6 -4 9 10 -2 -9
right_child=3 -3 7 -5 6 -7 -8 11 -10 -11 -12 -13
leaf_value=-0.035423789300816529 -0.03168342122182146 0.078052381445239599 -0.023389593596695374 0.066459320263287325 -0.030747200757303323 0.11042095376979713 0.051714269552329141 0.049582949593641151 0.03328237431798086 -0.1063851177082526 0.0096395903042735161 0.00044751885359783981
leaf_weight=0.64037054963410411 6.636343641206615 1.753616590052842 1.044094681739806 0.79439023882150728 6.6559326485730708 0.78996431780979037 0.99494238477200259 4.4826922491192818 1.1302553117275245 0.50161645049229342 2.7762847323901951 0.30375772714614857
leaf_count=22 569 20 12 4 383 18 23 245 24 4 49 24
internal_value=0.00349939 0.0147731 0.00733152 -0.0123704 -0.00976239 0.0451253 -0.0200237 0.0339557 -0.0180404 -0.0238913 -0.0194951 0.0464647
internal_weight=28.5043 16.6654 14.9118 11.8389 9.08121 1.43033 7.65088 5.83054 11.0445 9.91424 9.41263 4.78645
internal_count=1397 747 727 650 446 40 406 281 646 622 618 269
is_linear=0
shrinkage=0.05


Tree=110
num_leaves=13
num_cat=0
split_feature=6 11 16 9 12 12 5 12 2 0 10 2
split_gain=1.93543 1.71346 1.85526 2.29087 1.96088 0.0318522 0.000174212 1.45839e-07 3.61587e-09 2.44561e-09 1.00285e-10 5.58442e-13
threshold=0.37500000000000006 1.5000000000000002 1.5000000000000002 0.226368529703219 202.602632756632 11.05051039539352 0.50114152892561992 98.691104212592606 12.125000000000002 33.500000000000007 146.00000000000003 4.8452380952380958
decision_type=2 2 2 2 2 2 2 2 2 2 2 2
left_child=1 2 3 5 -5 -1 -3 9 -9 10 -2 -12
right_child=7 6 -4 4 -6 -7 -8 8 -10 -11 11 -13
leaf_value=-0.036094938011663046 0.050147365070775787 0.051821573190668879 0.054745219117844982 0.01252631164560644 -0.018330510550940957 -0.05474819131397423 0.050748591579059248 0.050179995338736329 0.050171687564984017 0.050152596606382951 0.050145997536271136 0.050146070613929054
leaf_weight=0.25590626802296812 0.16441423632204477 0.72020792961120494 1.2949543390423048 11.416933196131142 9.3774828547611815 2.1654382303822786 0.79685582406818867 0.34945499058812846 0.20948816929012537 0.16904277354478825 0.39921847730874993 0.75807789620012045
leaf_count=8 20 14 12 429 480 187 28 35 22 20 49 93
internal_value=0.00337581 -0.000308077 -0.0034997 -0.00674855 -0.00138893 -0.0527768 0.051258 0.0501551 0.0501769 0.0501469 0.0501462 0.050146
internal_weight=28.0775 26.0278 24.5107 23.2158 20.7944 2.42134 1.51706 2.0497 0.558943 1.49075 1.32171 1.1573
internal_count=1397 1158 1116 1104 909 195 42 239 57 182 162 142
is_linear=0
shrinkage=0.05


Tree=111
num_leaves=12
num_cat=0
split_feature=6 15 16 9 8 5 12 2 0 10 2
split_gain=1.8451 1.68692 1.63044 1.93363 2.34865 0.290936 1.25467e-07 3.11017e-09 2.10282e-09 8.61891e-11 4.81615e-13
threshold=0.37500000000000006 3.5000000000000004 1.5000000000000002 0.226368529703219 29.020304263478014 0.33503401360544222 98.691104212592606 12.125000000000002 33.500000000000007 146.00000000000003 4.8452380952380958
decision_type=2 2 2 2 2 2 2 2 2 2 2
left_child=1 2 3 5 -5 -1 8 -8 9 -2 -11
right_child=6 -3 -4 4 -6 -7 7 -9 -10 10 -12
leaf_value=-0.0028950802541891454 0.050140157077050378 0.05147431352060592 0.054844256117215398 -0.022310079872965238 0.01212826124782726 -0.055413159809444834 0.050171186308606813 0.050163286954518084 0.05014513083174104 0.05013885721193502 0.050138926779862175
leaf_weight=0.30159207084217543 0.15641757939010759 1.4830332351848472 1.1428198404610146 8.1609220989048499 12.585982689633964 2.0992190560791641 0.33246876392513502 0.19930383935570717 0.16082179592922319 0.37980108568444826 0.72120615746825933
leaf_count=25 20 39 6 605 314 169 35 22 20 49 93
internal_value=0.00325288 -0.000295148 -0.00345588 -0.0063342 -0.00141827 -0.0488158 0.0501475 0.0501682 0.0501397 0.0501391 0.0501389
internal_weight=27.7236 25.7736 24.2905 23.1477 20.7469 2.40081 1.95002 0.531773 1.41825 1.25742 1.10101
internal_count=1397 1158 1119 1113 919 194 239 57 182 162 142
is_linear=0
shrinkage=0.05


Tree=112
num_leaves=16
num_cat=0
split_feature=11 4 2 15 12 9 2 9 10 5 8 5 6 10 12
split_gain=1.79129 1.79782 1.83802 3.02176 1.95062 1.62874 1.25655 2.36652 0.164041 0.108602 0.0282536 0.000455503 3.03317e-05 1.35113e-05 8.4644e-09
threshold=1.5000000000000002 3.5000000000000004 2.5000000000000004 1.0000000180025095e-35 101.41299434534723 0.43356037722939084 3.5634920634920646 0.37575075260126561 970.00000000000011 0.28980048896586241 156.58439851008103 0.33503401360544222 0.37500000000000006 244.75000000000003 9.6974813817939829
decision_type=2 2 2 2 2 2 2 2 2 2 2 2 2 2 2
left_child=1 2 3 13 -5 9 8 -8 -4 10 -3 -2 -13 -1 -14
right_child=11 5 6 4 -6 -7 7 -9 -10 -11 -12 12 14 -15 -16
leaf_value=-0.050246426825265922 0.052372148132198197 -0.049106352163552754 0.03249584858899205 -0.024145827749617654 0.018167089914877275 0.0077973306736552192 -0.041605853533411896 0.036376586895641112 0.061758213658360567 -0.083347538386065512 -0.069198423962618855 0.050660755520576285 0.050132135909470549 -0.050528552863159097 0.050147170162374646
leaf_weight=2.4808538537472589 0.4339047521352758 0.43854494579136305 0.64557037805207018 3.8943366687744847 9.061343774199484 1.101394450291991 1.4795108828693626 2.8410324361175299 1.8554270598106084 0.86015619640238583 0.29112204979173839 1.0101057868450878 0.22133551351726044 0.51195232057943929 0.16224925592541695
leaf_count=635 6 39 63 54 120 17 134 141 15 11 9 38 30 65 20
internal_value=0.0031429 -0.000289205 0.00427847 -0.00501214 0.00544829 -0.0389357 0.0259995 0.00967257 0.0542049 -0.0713113 -0.0571227 0.0509575 0.050517 -0.0502947 0.0501385
internal_weight=27.2888 25.4612 22.77 15.9485 12.9557 2.69122 6.82154 4.32054 2.501 1.58982 0.729667 1.8276 1.39369 2.99281 0.383585
internal_count=1397 1303 1227 874 174 76 353 275 78 59 48 94 88 700 50
is_linear=0
shrinkage=0.05


Tree=113
num_leaves=12
num_cat=0
split_feature=12 12 2 13 5 14 5 10 10 9 12
split_gain=1.81125 2.78679 2.24411 1.94161 1.80609 2.26213 1.50587 1.13997 1.22082 1.26113 0.296268
threshold=202.602632756632 190.69497060004053 2.5000000000000004 1.0000000180025095e-35 0.35768270578981559 1.0000000180025095e-35 0.3116666666666667 2307.5000000000005 2245.0000000000005 0.30782869229533877 69.125225853396998
decision_type=2 2 2 2 2 2 2 2 2 2 2
left_child=1 2 4 7 -1 -6 -4 8 9 -2 -8
right_child=3 -3 6 -5 5 -7 10 -9 -10 -11 -12
leaf_value=0.042221073489165852 -0.054887865922245607 0.073289570696552161 -0.021934623149194674 0.065523277069854932 -0.029931730153192622 0.055534054588317699 0.049769762296122344 0.031672316038690682 -0.099987408369229827 -0.0092587632074401013 0.0054612980591588244
leaf_weight=1.4237565989606098 1.9313341653905736 1.7608081633225072 1.032810074277221 0.7483461908996113 6.2976458922494203 0.88276408333331335 3.8203943716362119 1.0465087392367429 0.49228520295582789 7.0132652260363102 0.41860795021057118
leaf_count=40 189 20 12 4 391 15 227 24 4 429 42
internal_value=0.0030323 0.0140347 0.00651547 -0.0122852 -0.00922384 -0.0194245 0.0322037 -0.0178394 -0.0233301 -0.0191111 0.0453942
internal_weight=26.8685 15.6368 13.876 11.2317 8.60417 7.18041 5.27181 10.4834 9.43688 8.9446 4.239
internal_count=1397 747 727 650 446 406 281 646 622 618 269
is_linear=0
shrinkage=0.05


Tree=114
num_leaves=13
num_cat=0
split_feature=15 11 16 10 14 4 5 10 0 2 12 10
split_gain=1.75192 1.62348 1.71735 1.64291 2.89922 2.21124 0.000338903 0.000270263 3.85842e-05 2.21046e-05 7.04899e-07 5.19077e-07
threshold=3.5000000000000004 1.5000000000000002 1.0000000180025095e-35 182.50000000000003 1.0000000180025095e-35 3.5000000000000004 0.33503401360544222 97.500000000000014 2.5000000000000004 3.892045454545455 8.5128943729571791 1892.5000000000002
decision_type=2 2 2 2 2 2 2 2 2 2 2 2
left_child=1 2 3 4 -1 -5 -3 -2 -9 -8 -10 -11
right_child=7 6 -4 5 -6 -7 9 8 10 11 -12 -13
leaf_value=-0.034645119996362488 0.051782814920128928 0.052237539489559684 0.054389572514803565 0.01395117739512841 0.054880686490902747 -0.037148716242190356 0.050660915089441809 0.05086261710960846 0.050121711779468017 0.050131575291337195 0.050257224611452017 0.05025011970489044
leaf_weight=7.5680103288032239 0.92519094701856264 0.37702593952417274 1.2070516273379315 10.885695307049899 1.0270517803728578 2.6282075031194827 0.69255378656089284 0.43790300004184246 0.22421659156680107 0.20869914116337895 0.16776657849550247 0.16563268704339862
leaf_count=682 22 5 19 445 11 76 27 17 33 29 16 15
internal_value=0.00292184 -0.000499952 -0.00368607 -0.00685675 -0.0239474 0.00401318 0.050949 0.0511952 0.0505401 0.0504936 0.0501797 0.050184
internal_weight=26.515 24.7599 23.316 22.109 8.59506 13.5139 1.44391 1.75508 0.829886 1.06689 0.391983 0.374332
internal_count=1397 1309 1233 1214 693 521 76 88 66 71 49 44
is_linear=0
shrinkage=0.05


Tree=115
num_leaves=14
num_cat=0
split_feature=12 12 2 13 5 14 5 0 2 9 15 16 12
split_gain=1.67056 2.54076 2.09998 1.78359 1.64535 2.03075 1.33505 1.10338 2.24001 1.95591 1.25689 1.3191 0.302195
threshold=202.602632756632 190.69497060004053 2.5000000000000004 1.0000000180025095e-35 0.35768270578981559 1.0000000180025095e-35 0.3116666666666667 21.500000000000004 3.5634920634920646 0.37575075260126561 3.5000000000000004 1.5000000000000002 69.125225853396998
decision_type=2 2 2 2 2 2 2 2 2 2 2 2 2
left_child=1 2 4 7 -1 -6 -4 10 -9 -10 11 -2 -8
right_child=3 -3 6 -5 5 -7 12 8 9 -11 -12 -13 -14
leaf_value=0.039328588434232592 -0.043885092108751009 0.069876841795989922 -0.018938726845869364 0.064534224566697371 -0.029419611280032811 0.055025635443377088 0.049336740920679294 0.065588739253887085 -0.056739820910994568 0.022686379696640797 0.051216709534362984 0.05372885674325957 0.0042134937814672984
leaf_weight=1.4369990704581157 5.2288977170828694 1.7701335232704867 1.0386824719607819 0.70994553342461664 6.0630353812593967 0.80666489247232664 3.591338328551501 1.0483998544514177 1.6282814762089404 1.4792875424027441 0.43067384045571078 0.37062426656484593 0.41379653057083476
leaf_count=40 553 20 12 4 391 15 227 5 48 24 13 3 42
internal_value=0.00283391 0.0135893 0.00612616 -0.0120914 -0.00932618 -0.0195037 0.0315747 -0.017432 0.00239042 -0.0189308 -0.0310935 -0.0374242 0.0446748
internal_weight=26.0168 15.1207 13.3505 10.8961 8.3067 6.8697 5.04382 10.1862 4.15597 3.10757 6.0302 5.59952 4.00513
internal_count=1397 747 727 650 446 406 281 646 77 72 569 556 269
is_linear=0
shrinkage=0.05


Tree=116
num_leaves=12
num_cat=0
split_feature=15 11 16 14 10 5 10 0 2 12 10
split_gain=1.65191 1.50785 1.6202 1.50907 2.56032 0.000276385 0.000229531 3.60716e-05 1.84996e-05 6.30326e-07 4.09811e-07
threshold=3.5000000000000004 1.5000000000000002 1.0000000180025095e-35 1.0000000180025095e-35 182.50000000000003 0.33503401360544222 97.500000000000014 2.5000000000000004 3.892045454545455 8.5128943729571791 1892.5000000000002
decision_type=2 2 2 2 2 2 2 2 2 2 2
left_child=1 2 3 4 -1 -3 -2 -8 -7 -9 -10
right_child=6 5 -4 -5 -6 8 7 9 10 -11 -12
leaf_value=-0.033676225373129302 0.051718303870005825 0.052091479478518492 0.054228181139601039 0.054411875140142188 0.0033934332816076638 0.050624972644716562 0.050852334622408915 0.050110189455629998 0.050123774110240764 0.050244034805044746 0.05023267355221616
leaf_weight=7.1863486948423256 0.87305197212844976 0.35497751645743736 1.1471721003763367 0.96264603454619546 13.239217600901609 0.63737313635647297 0.41677019186317921 0.20308282552286983 0.193600800819695 0.15517475688830018 0.15600875951349735
leaf_count=682 22 5 19 11 521 27 17 33 29 16 15
internal_value=0.00274724 -0.000594506 -0.00366065 -0.00676556 -0.00964882 0.050895 0.0511623 0.0505361 0.0504647 0.0501682 0.0501724
internal_weight=25.5254 23.8773 22.5354 21.3882 20.4256 1.34196 1.64808 0.775028 0.986983 0.358258 0.34961
internal_count=1397 1309 1233 1214 1203 76 88 66 71 49 44
is_linear=0
shrinkage=0.05


Tree=117
num_leaves=16
num_cat=0
split_feature=6 3 1 15 16 8 10 1 12 12 12 15 11 0 7
split_gain=1.59423 1.52644 1.42041 1.53485 1.52673 0.164554 0.00223579 0.000700545 5.35606e-07 2.74496e-07 1.33874e-08 9.39341e-09 8.85359e-09 5.07691e-09 5.25108e-10
threshold=0.37500000000000006 5.5000000000000009 7.5000000000000009 3.5000000000000004 1.5000000000000002 153.77488019161461 767.50000000000011 5.5000000000000009 252.19309534928243 106.9505820273727 344.59256233134846 3.5000000000000004 1.5000000000000002 15.500000000000002 0.40625000000000006
decision_type=2 2 2 2 2 2 2 2 2 2 2 2 2 2 2
left_child=1 2 3 4 -1 -4 -3 8 -8 11 -11 12 13 -2 -13
right_child=9 6 5 -5 -6 -7 7 -9 -10 10 -12 14 -14 -15 -16
leaf_value=-0.0088096907640636928 0.050116181347476176 -0.058558687501249762 0.052244316126689186 0.051336975810567988 0.054330827972127342 0.02423831371878938 -0.050287595234558002 -0.053251672014242052 -0.050133956276159387 0.050149716012008565 0.050166636417795632 0.050108615573576223 0.050107333698098645 0.050124688439479148 0.050104186626915549
leaf_weight=17.68637060979383 0.41360607556998619 0.18311007088050146 1.2846465175971382 1.2735486896708597 1.0121740531176318 0.88640412036329497 0.093017019098624365 0.87393282074481249 0.14539431675802916 0.19892776384949673 0.28349696379154921 0.15740653173997998 0.17806841572746634 0.30449023703113198 0.11642601853236556
leaf_count=949 64 13 35 39 6 15 17 28 56 24 31 26 30 44 20
internal_value=0.00266095 -0.000685472 0.0024008 -0.00177443 -0.00539182 0.0408099 -0.0534391 -0.0525963 -0.0501939 0.0501279 0.0501597 0.0501148 0.0501173 0.0501198 0.0501067
internal_weight=25.091 23.4386 22.1431 19.9721 18.6985 2.17105 1.29545 1.11234 0.238411 1.65242 0.482425 1.17 0.896165 0.718096 0.273833
internal_count=1397 1158 1044 994 955 50 114 101 73 239 55 184 138 108 46
is_linear=0
shrinkage=0.05


Tree=118
num_leaves=14
num_cat=0
split_feature=12 12 2 13 5 14 5 0 2 9 15 16 12
split_gain=1.51844 2.39333 1.90763 1.67459 1.5521 1.85161 1.23385 1.05797 2.10959 1.81239 1.08292 1.12183 0.293006
threshold=202.602632756632 190.69497060004053 2.5000000000000004 1.0000000180025095e-35 0.35768270578981559 1.0000000180025095e-35 0.3116666666666667 21.500000000000004 3.5634920634920646 0.37575075260126561 3.5000000000000004 1.5000000000000002 69.125225853396998
decision_type=2 2 2 2 2 2 2 2 2 2 2 2 2
left_child=1 2 4 7 -1 -6 -4 10 -9 -10 11 -2 -8
right_child=3 -3 6 -5 5 -7 12 8 9 -11 -12 -13 -14
leaf_value=0.037240215240813036 -0.043187589710356751 0.067431251801683412 -0.017680616195623413 0.063915044616549524 -0.029630939842655676 0.054634093146225055 0.048947616498767957 0.064897994350831698 -0.055585993036398412 0.022165063886687115 0.051044243157990422 0.053174115144557492 0.0031897876784558418
leaf_weight=1.4463875615037993 4.9235718706622684 1.7743630176410068 1.0350508466362951 0.67725537717342454 5.7349187810905278 0.73553398717194785 3.2984750331379478 1.0050522657111285 1.5832143557490783 1.423332944512367 0.37165880436077703 0.32177631184458722 0.39136243704706419
leaf_count=40 553 20 12 4 391 15 227 5 48 24 13 3 42
internal_value=0.0025753 0.0130525 0.00542003 -0.0120805 -0.00958489 -0.020052 0.0305617 -0.0174258 0.00218606 -0.0187778 -0.0314324 -0.0372763 0.0440943
internal_weight=24.722 14.4161 12.6417 10.3059 7.91684 6.47045 4.72489 9.62861 4.0116 3.00655 5.61701 5.24535 3.68984
internal_count=1397 747 727 650 446 406 281 646 77 72 569 556 269
is_linear=0
shrinkage=0.05


Tree=119
num_leaves=18
num_cat=0
split_feature=6 3 0 9 15 12 14 2 10 9 10 12 12 15 11 1 7
split_gain=1.49131 1.42623 1.29832 2.96351 2.48604 1.34428 1.21188 0.0127431 0.00209825 0.000596266 5.79271e-05 3.61185e-07 2.20794e-08 7.41136e-09 5.9675e-09 4.3315e-09 6.01577e-10
threshold=0.37500000000000006 5.5000000000000009 21.500000000000004 0.37575075260126561 1.5000000000000002 101.41299434534723 1.0000000180025095e-35 3.8257575757575757 767.50000000000011 0.36931255364148013 1924.5000000000002 106.9505820273727 344.59256233134846 3.5000000000000004 1.5000000000000002 2.5000000000000004 0.40625000000000006
decision_type=2 2 2 2 2 2 2 2 2 2 2 2 2 2 2 2 2
left_child=1 2 4 -4 6 -6 -1 -5 -3 10 -10 13 -13 14 15 -2 -15
right_child=11 8 3 7 5 -7 -8 -9 9 -11 -12 12 -14 16 -16 -17 -18
leaf_value=-0.03916868518725973 0.050107257619067737 -0.058340915868646773 -0.02206856580167775 0.051745210323222025 -0.017192456039228733 0.020559544777445357 0.058252084982796527 0.058139594362839934 -0.050305782133892002 -0.053386341704434119 -0.051515376063516451 0.050144124559323981 0.050166123599907103 0.050099334929763477 0.050098510323322014 0.050117682476242258 0.050094363050380612
leaf_weight=4.9444667184725537 0.53107317630201467 0.1768813761882474 2.0912978854030362 1.5981927821412685 3.4201201936230046 7.593369584530592 0.34125727415084828 1.5203347774222491 0.19376863492652752 0.64769778633490205 0.20233223401010036 0.1912259068340062 0.28263194393366575 0.14374475087970495 0.16262355213984847 0.1226535439491272 0.10548792034387589
leaf_count=824 89 13 12 43 49 102 1 13 53 35 13 24 31 26 30 19 20
internal_value=0.00249513 -0.00073047 0.00225325 0.0239813 -0.00469184 0.00883607 -0.032879 0.0548626 -0.0533052 -0.0524518 -0.0509237 0.0501209 0.0501572 0.0501048 0.0501071 0.0501092 0.0500972
internal_weight=24.2692 22.7297 21.509 5.20983 16.2992 11.0135 5.28572 3.11853 1.22068 1.0438 0.396101 1.53944 0.473858 1.06558 0.81635 0.653727 0.249233
internal_count=1397 1158 1044 68 976 151 825 56 114 101 66 239 55 184 138 108 46
is_linear=0
shrinkage=0.05


Tree=120
num_leaves=12
num_cat=0
split_feature=15 11 16 14 10 5 10 0 2 12 10
split_gain=1.46958 1.35374 1.44669 1.36021 2.21855 0.00022735 0.000172027 2.73084e-05 1.65645e-05 5.2932e-07 2.53277e-07
threshold=3.5000000000000004 1.5000000000000002 1.0000000180025095e-35 1.0000000180025095e-35 182.50000000000003 0.33503401360544222 97.500000000000014 2.5000000000000004 3.892045454545455 8.5128943729571791 1717.5000000000002
decision_type=2 2 2 2 2 2 2 2 2 2 2
left_child=1 2 3 4 -1 -3 -2 -8 -7 -9 -10
right_child=6 5 -4 -5 -6 8 7 9 10 -11 -12
leaf_value=-0.032607115362046496 0.051594826322539748 0.051985209943735261 0.053922748147883698 0.053791486807398092 0.0029809868904986949 0.050608192162611303 0.050789666751537621 0.050090282214772935 0.050103165855811843 0.050223823023657924 0.050195629793697953
leaf_weight=6.7218311080942099 0.78087046090513357 0.33441582135856041 1.036993300076573 0.89028395805507798 12.565819106297566 0.57063491176813841 0.37479389412328601 0.16652527311816812 0.15412057843059301 0.13384782895445824 0.14257336361333728
leaf_count=682 22 5 19 11 521 27 17 33 28 16 16
internal_value=0.00241348 -0.000748184 -0.00367259 -0.00663256 -0.00942162 0.0508777 0.0510895 0.050505 0.0504506 0.0501498 0.0501476
internal_weight=23.8727 22.4167 21.2149 20.1779 19.2877 1.20174 1.45604 0.675167 0.867329 0.300373 0.296694
internal_count=1397 1309 1233 1214 1203 76 88 66 71 49 44
is_linear=0
shrinkage=0.05


Tree=121
num_leaves=14
num_cat=0
split_feature=12 12 2 13 5 15 5 0 2 9 15 16 12
split_gain=1.41764 2.1774 1.67717 1.54143 1.4269 1.78006 1.17274 0.990172 1.99658 1.5918 0.960148 0.986415 0.282749
threshold=202.602632756632 190.69497060004053 2.5000000000000004 1.0000000180025095e-35 0.35768270578981559 3.5000000000000004 0.3116666666666667 21.500000000000004 3.5634920634920646 0.37575075260126561 3.5000000000000004 1.5000000000000002 76.980540936776634
decision_type=2 2 2 2 2 2 2 2 2 2 2 2 2
left_child=1 2 4 7 -1 -6 -4 10 -9 -10 11 -2 -8
right_child=3 -3 6 -5 5 -7 12 8 9 -11 -12 -13 -14
leaf_value=0.035376282592684265 -0.042712814791378742 0.064381046581707277 -0.017732457163905587 0.062929570597460405 -0.030044725071770001 0.051431506797636431 0.048308421713811278 0.064520620919479729 -0.053631042930141426 0.020795405975041401 0.050924094113855768 0.052798432263941264 -0.00059978239413818833
leaf_weight=1.447138474322857 4.6414383467053959 1.7734815878793586 1.0114289312623439 0.63701523467898447 5.3497144347056746 0.76640499848872412 3.0701293698512022 0.95318428520113263 1.5412633876549082 1.3456361070275304 0.33017429802566756 0.28704582341015328 0.32698813453316677
leaf_count=40 553 20 12 4 383 23 234 5 48 24 13 3 35
internal_value=0.00233689 0.0126765 0.00501703 -0.0122609 -0.009271 -0.019835 0.0295294 -0.0175251 0.00177692 -0.0189395 -0.0316201 -0.03715 0.0436008
internal_weight=23.481 13.7453 11.9718 9.73576 7.56326 6.11612 4.40855 9.09874 3.84008 2.8869 5.25866 4.92848 3.39712
internal_count=1397 747 727 650 446 406 281 646 77 72 569 556 269
is_linear=0
shrinkage=0.05


Tree=122
num_leaves=16
num_cat=0
split_feature=6 3 1 16 14 8 10 9 10 12 12 15 12 11 7
split_gain=1.3743 1.33591 1.15144 1.29075 1.42338 0.160653 0.00197171 0.000513504 4.31042e-05 4.43191e-07 2.53705e-08 9.93151e-09 9.41152e-09 9.08999e-09 6.09288e-11
threshold=0.37500000000000006 5.5000000000000009 7.5000000000000009 1.5000000000000002 1.0000000180025095e-35 154.09765324260997 767.50000000000011 0.36931255364148013 1924.5000000000002 155.16843774880212 67.855643031290526 3.5000000000000004 471.83981681679978 1.5000000000000002 0.40625000000000006
decision_type=2 2 2 2 2 2 2 2 2 2 2 2 2 2 2
left_child=1 2 3 4 -1 -4 -3 8 -8 10 11 13 -11 -2 -13
right_child=9 6 5 -5 -6 -7 7 -9 -10 12 -12 14 -14 -15 -16
leaf_value=-0.0082542380829668058 0.050098021730696364 -0.058138736044873608 0.05190614903541671 0.053805292988515191 0.05328394081874608 0.02212656034970864 -0.050282327759713141 -0.053199632128614761 -0.051370391673783738 0.050149988619986367 0.05011481221150578 0.050083117165848706 0.050165238623645095 0.050083225783738708 0.050081338155854332
leaf_weight=16.63392610021403 0.53637228393927106 0.17111729364842065 1.0914008850231756 0.99320602091029186 0.99592342507094045 0.77411723230034102 0.17971799662336707 0.61907085031270981 0.18443498248234391 0.20512601034715761 0.14590195938944817 0.10219126287847757 0.19963604491204023 0.12871545692905784 0.090975469909608364
leaf_count=959 99 13 36 12 23 14 53 35 13 25 23 22 22 28 20
internal_value=0.00226432 -0.000850577 0.002098 -0.00165354 -0.0047779 0.0395488 -0.0531853 -0.0523233 -0.0508334 0.0501133 0.0500955 0.0500923 0.0501575 0.0500952 0.0500823
internal_weight=23.0518 21.6429 20.4886 18.6231 17.6298 1.86552 1.15434 0.983224 0.364153 1.40892 1.00416 0.858254 0.404762 0.665088 0.193167
internal_count=1397 1158 1044 994 982 50 114 101 66 239 192 169 47 127 42
is_linear=0
shrinkage=0.05


Tree=123
num_leaves=12
num_cat=0
split_feature=15 11 16 14 10 5 10 0 2 12 10
split_gain=1.32237 1.23511 1.29558 1.25263 1.9457 0.000186657 0.000129055 2.05643e-05 1.44391e-05 4.08803e-07 1.9103e-07
threshold=3.5000000000000004 1.5000000000000002 1.0000000180025095e-35 1.0000000180025095e-35 182.50000000000003 0.33503401360544222 97.500000000000014 2.5000000000000004 3.892045454545455 8.5128943729571791 1717.5000000000002
decision_type=2 2 2 2 2 2 2 2 2 2 2
left_child=1 2 3 4 -1 -3 -2 -8 -7 -9 -10
right_child=6 5 -4 -5 -6 8 7 9 10 -11 -12
leaf_value=-0.031505116286894133 0.051463741317189109 0.051875796842582859 0.053615282733216578 0.053535862473160639 0.0026215305531067682 0.050587520642610101 0.05072457051718713 0.050077824729260534 0.050092829880824023 0.050203273372177316 0.050177635498068231
leaf_weight=6.3508220501244237 0.70715790288522729 0.31445212848484405 0.9441510271280994 0.83517169114202161 12.200098558561875 0.51852435665205121 0.33817941602319479 0.14361893711611629 0.13593309000134468 0.11854522116482258 0.12982249539345503
leaf_count=682 22 5 19 11 521 27 17 33 28 16 16
internal_value=0.00218984 -0.000788704 -0.00357929 -0.00636481 -0.00906157 0.0508466 0.051006 0.0504669 0.0504339 0.0501346 0.0501343
internal_weight=22.7365 21.429 20.3302 19.3861 18.5509 1.09873 1.3075 0.600344 0.78428 0.262164 0.265756
internal_count=1397 1309 1233 1214 1203 76 88 66 71 49 44
is_linear=0
shrinkage=0.05


Tree=124
num_leaves=12
num_cat=0
split_feature=5 6 1 13 15 0 12 12 12 11 12
split_gain=1.31441 1.13969 1.26931 1.25655 1.48086 0.103655 0.00738498 3.91663e-07 1.94675e-08 1.23037e-08 1.03071e-08
threshold=0.27473146121193576 0.37500000000000006 7.5000000000000009 1.0000000180025095e-35 2.5000000000000004 34.500000000000007 450.52379456138902 155.16843774880212 70.378920888645851 1.5000000000000002 471.83981681679978
decision_type=2 2 2 2 2 2 2 2 2 2 2
left_child=6 2 3 4 -2 -4 -1 8 9 -3 -9
right_child=1 7 5 -5 -6 -7 -8 10 -10 -11 -12
leaf_value=-0.052959839833959292 -0.017207972249709744 0.050088442573975316 0.052257715613065872 0.059859217331751452 0.0121382451736079 0.027186691275266978 -0.062118652789783284 0.050140435949455366 0.050106712644161069 0.050072715223765163 0.050156884828146314
leaf_weight=0.53943459165748464 10.249600347131503 0.63481149170547613 1.0648601418361057 0.78225512057542701 7.4042815654538563 0.67273244261741627 0.37179014959838241 0.1917776414193213 0.12345740245655179 0.15465011075139046 0.18918599467724562
leaf_count=34 942 130 23 9 110 28 15 25 21 38 22
internal_value=0.0021194 0.00461594 0.00169834 -0.00215201 -0.00489976 0.0425511 -0.0566967 0.050106 0.0500882 0.0500854 0.0501486
internal_weight=22.3788 21.4676 20.1737 18.4361 17.6539 1.73759 0.911225 1.29388 0.912919 0.789462 0.380964
internal_count=1397 1348 1112 1061 1052 51 49 236 189 168 47
is_linear=0
shrinkage=0.05


Tree=125
num_leaves=15
num_cat=0
split_feature=12 12 10 10 2 15 16 13 0 2 9 14 15 0
split_gain=1.28002 2.05017 1.53005 2.46585 2.23422 1.52388 1.78895 1.37397 0.962246 1.88712 1.47813 0.881682 0.857638 0.000101178
threshold=202.602632756632 190.69497060004053 241.87500000000003 246.25000000000003 2.5000000000000004 3.5000000000000004 1.0000000180025095e-35 1.0000000180025095e-35 21.500000000000004 3.5634920634920646 0.37575075260126561 1.0000000180025095e-35 3.5000000000000004 1.5000000000000002
decision_type=2 2 2 2 2 2 2 2 2 2 2 2 2 2
left_child=1 2 5 -4 -5 6 -1 8 11 -10 -11 12 -2 -7
right_child=7 -3 3 4 -6 13 -8 -9 9 10 -12 -13 -14 -15
leaf_value=-0.036593332274445022 -0.042662173983813799 0.062106989365614401 0.10160080645118341 -0.055207113856943761 0.026812309118068957 0.05172235509453274 0.054006238325627898 0.061673157130712135 0.064173399790113883 -0.052712608533494326 0.020684522990752768 0.051528983329145163 0.050934192670542479 0.050572320215950366
leaf_weight=4.1845216900110263 4.3206363177159766 1.7710650414228428 0.83958783000707615 1.0643067564815281 3.7762635420076549 0.39118793047964562 0.62642677477560926 0.58724945224821645 0.91472882404923472 1.4801918097073214 1.2783775194548068 0.29706133482977737 0.25944897020235647 0.37419147649779916
leaf_count=387 553 20 14 52 216 10 13 4 5 48 24 8 8 35
internal_value=0.00203853 0.0121016 0.00423383 0.0224986 0.00877852 -0.0143711 -0.0247965 -0.0123082 -0.0173893 0.00193807 -0.0186989 -0.0319461 -0.0373602 0.0511601
internal_weight=22.1652 13.0276 11.2565 5.68016 4.84057 5.57633 4.81095 9.13769 8.55044 3.6733 2.75857 4.87715 4.58009 0.765379
internal_count=1397 747 727 282 268 445 400 650 646 77 72 569 561 45
is_linear=0
shrinkage=0.05


Tree=126
num_leaves=16
num_cat=0
split_feature=6 2 0 4 5 12 8 12 2 12 15 12 12 11 12
split_gain=1.22569 1.23696 1.67816 1.43338 1.42271 0.683897 0.206474 0.137833 0.00205805 4.26108e-07 1.57594e-08 1.12043e-08 9.96852e-09 9.60973e-09 1.60467e-09
threshold=0.37500000000000006 4.2678571428571432 26.500000000000004 3.5000000000000004 0.35448595041322312 20.32000557251158 150.61441598248265 27.762608799901621 4.3095238095238102 157.90145875129051 3.5000000000000004 46.746245916909729 471.83981681679978 1.5000000000000002 6.0804022984606485
decision_type=2 2 2 2 2 2 2 2 2 2 2 2 2 2 2
left_child=1 2 3 4 -1 -3 -4 -7 -9 10 11 13 -11 -2 -12
right_child=9 5 6 -5 -6 7 -8 8 -10 12 14 -13 -14 -15 -16
leaf_value=0.037987803193250624 0.050087409024477197 0.034183629843679522 0.054756988505894402 -0.06444977450255078 -0.0055614456959219771 -0.094395063596806883 0.023697987356589109 -0.057777188375947301 -0.05173930713520343 0.050139574776454511 0.050067336565420888 0.0500989282858341 0.050155985985783517 0.050070683083882739 0.050076522359094489
leaf_weight=2.1713678020751219 0.41134956013411172 0.21892614290118118 1.389348053839057 0.90099026181269515 13.759431348764336 0.25823750509880461 0.87027163337916125 0.17563151940703392 0.71849861065857112 0.18211630918085575 0.10912755597382784 0.16337260697036982 0.18810644745826721 0.10853377543389797 0.084248351631686091
leaf_count=53 86 3 36 38 902 3 19 2 102 24 29 30 22 28 20
internal_value=0.00197383 -0.000958819 0.00233585 -0.00309566 0.000374317 -0.0468279 0.0427949 -0.0622184 -0.0529253 0.0501029 0.0500839 0.0500875 0.0501479 0.0500839 0.0500713
internal_weight=21.7096 20.4627 19.0914 16.8318 15.9308 1.37129 2.25962 1.15237 0.89413 1.24685 0.876632 0.683256 0.370223 0.519883 0.193376
internal_count=1397 1158 1048 993 955 110 55 107 104 239 193 144 46 114 49
is_linear=0
shrinkage=0.05


Tree=127
num_leaves=14
num_cat=0
split_feature=15 6 16 9 12 5 10 0 12 12 12 2 11
split_gain=1.17599 1.09668 1.13133 1.55363 1.32807 0.110434 9.0785e-05 1.39966e-05 3.97731e-07 3.01741e-07 1.22217e-08 8.33553e-09 8.26877e-09
threshold=3.5000000000000004 0.37500000000000006 1.5000000000000002 0.226368529703219 202.602632756632 0.33503401360544222 97.500000000000014 2.5000000000000004 8.5128943729571791 161.86606991744793 46.746245916909729 11.875000000000002 1.5000000000000002
decision_type=2 2 2 2 2 2 2 2 2 2 2 2 2
left_child=1 2 3 5 -5 -1 -2 -8 -9 10 12 -11 -3
right_child=6 9 -4 4 -6 -7 7 8 -10 11 -12 -13 -14
leaf_value=-0.017306923895465638 0.051317218391702335 0.050083138979775427 0.053543659952312896 0.011180160930204009 -0.017255602033231818 -0.054548557851540502 0.050650519793540176 0.050063994334762045 0.050197977929923504 0.050149417103447093 0.050095430124437228 0.050133749961118905 0.050067231644603132
leaf_weight=0.2274026160594208 0.63584010256454238 0.39132032985798904 0.83068699575960536 9.3490553745068627 7.3218586649745694 1.5971397631801663 0.29935633623972535 0.1180548588745296 0.10434739338234067 0.17311937501654029 0.16792134987190366 0.16659503057599068 0.10324745788238943
leaf_count=25 22 86 6 439 480 169 17 33 16 21 32 23 28
internal_value=0.00189686 -0.000894544 -0.00353917 -0.00610293 -0.00130881 -0.0499069 0.0509161 0.0504273 0.0501269 0.0501034 0.0500838 0.0501417 0.0500798
internal_weight=21.4859 20.3283 19.3261 18.4955 16.6709 1.82454 1.1576 0.521759 0.222402 1.0022 0.662489 0.339714 0.494568
internal_count=1397 1309 1119 1113 919 194 88 66 49 190 146 44 114
is_linear=0
shrinkage=0.05


Tree=128
num_leaves=11
num_cat=0
split_feature=5 15 1 13 12 0 12 10 0 12
split_gain=1.13964 1.01678 1.12739 1.093 1.20333 0.10586 0.00485751 7.805e-05 1.20568e-05 3.42425e-07
threshold=0.27473146121193576 3.5000000000000004 7.5000000000000009 1.0000000180025095e-35 202.602632756632 35.500000000000007 450.52379456138902 97.500000000000014 2.5000000000000004 8.5128943729571791
decision_type=2 2 2 2 2 2 2 2 2 2
left_child=6 2 3 4 -2 -4 -1 -3 -9 -10
right_child=1 7 5 -5 -6 -7 -8 8 9 -11
leaf_value=-0.052432120365497617 0.0058113571660508715 0.051252296438551427 0.051984272548791136 0.059428086760234144 -0.021539434115061783 0.025195154410114551 -0.060218622675973714 0.050618917737605879 0.050060868068625378 0.05018832674095039
leaf_weight=0.49303302040789532 10.556131947087136 0.60557661950588115 0.98967650532722362 0.69345337129197915 6.4963270002044728 0.58779150852933526 0.33733777597080916 0.28492985526099801 0.11230409028939903 0.099276918917894363
leaf_count=34 602 22 25 20 587 26 15 17 33 16
internal_value=0.00182471 0.00415905 0.00149487 -0.0021059 -0.00460824 0.0420022 -0.0555954 0.0508713 0.0504066 0.0501207
internal_weight=21.2558 20.4255 19.3234 17.7459 17.0525 1.57747 0.830371 1.10209 0.496511 0.211581
internal_count=1397 1348 1260 1209 1189 51 49 88 66 49
is_linear=0
shrinkage=0.05


Tree=129
num_leaves=16
num_cat=0
split_feature=6 3 14 0 9 15 10 9 10 12 15 12 2 11 12
split_gain=1.10544 1.1449 0.998773 1.28373 2.52042 2.08573 0.00125105 0.000422428 2.36592e-05 3.59799e-07 1.65305e-08 1.24892e-08 7.74497e-09 6.76224e-09 1.00914e-09
threshold=0.37500000000000006 5.5000000000000009 1.0000000180025095e-35 21.500000000000004 0.37575075260126561 1.5000000000000002 767.50000000000011 0.36931255364148013 1924.5000000000002 161.86606991744793 3.5000000000000004 67.855643031290526 11.875000000000002 1.5000000000000002 6.0804022984606485
decision_type=2 2 2 2 2 2 2 2 2 2 2 2 2 2 2
left_child=1 2 3 5 -5 -1 -3 8 -8 10 11 13 -11 -2 -12
right_child=9 6 -4 4 -6 -7 7 -9 -10 12 14 -13 -14 -15 -16
leaf_value=-0.03730221972361341 0.050078741272320662 -0.057116349083447475 0.053167683025694502 -0.020193018848411213 0.054695816652666408 0.0049294300959274919 -0.050231061414426174 -0.053013594900386929 -0.051120637993809462 0.050145071628332621 0.050057945109308048 0.05009533901159946 0.050129737398041753 0.05006417651013112 0.050065797686189344
leaf_weight=4.2930429877014964 0.42635956965386757 0.15228479751385637 0.90130174765363236 1.9882213156670321 2.5832991548813879 9.1654330100864154 0.14743182726670057 0.55451907287351787 0.1516007436439395 0.1680699959397316 0.093944144668057561 0.099524043500423431 0.16144223464652896 0.098014043178409338 0.072479048045352101
leaf_count=824 99 13 23 12 56 129 53 35 13 21 29 19 23 28 20
internal_value=0.00175495 -0.000960151 0.00180167 -0.000766068 0.0221256 -0.0085418 -0.0529416 -0.0521968 -0.0506821 0.0500937 0.0500754 0.0500791 0.0501376 0.050076 0.0500614
internal_weight=21.057 19.9371 18.9313 18.03 4.57152 13.4585 1.00584 0.853552 0.299033 1.11983 0.790321 0.623898 0.329512 0.524374 0.166423
internal_count=1397 1158 1044 1021 68 953 114 101 66 239 195 146 44 127 49
is_linear=0
shrinkage=0.05


Tree=130
num_leaves=11
num_cat=0
split_feature=11 16 14 13 12 8 0 2 1 1
split_gain=1.08348 1.14861 1.17392 1.1476 1.23315 9.75097e-05 3.14996e-05 4.00389e-06 5.56159e-07 1.49494e-07
threshold=1.5000000000000002 1.0000000180025095e-35 1.0000000180025095e-35 1.0000000180025095e-35 202.602632756632 169.07267063741321 3.5000000000000004 3.892045454545455 1.5000000000000002 3.5000000000000004
decision_type=2 2 2 2 2 2 2 2 2 2
left_child=1 2 3 4 -1 6 -2 -8 -3 -9
right_child=5 8 -4 -5 -6 -7 7 9 -10 -11
leaf_value=0.0021555099114596759 0.050965598749759172 0.052776487018304889 0.052977390723079366 0.058871488878837419 -0.025126857418223705 0.051614916474672902 0.050367634178041 0.05007279614654591 0.05285322037420756 0.05015287333680353
leaf_weight=10.200670650228874 0.21851620636880287 0.48215536843053897 0.87141229724511404 0.64778725733049114 6.9731754998210809 0.22784498799592257 0.38533385097980499 0.13678804761730134 0.46280395472422242 0.10155493998900056
leaf_count=588 7 30 28 37 610 5 31 37 10 14
internal_value=0.00170128 -0.00096842 -0.0036872 -0.00645789 -0.00892207 0.0506973 0.050449 0.050268 0.0528141 0.0501069
internal_weight=20.708 19.638 18.693 17.8216 17.1738 1.07004 0.842193 0.623677 0.944959 0.238343
internal_count=1397 1303 1263 1235 1198 94 89 82 40 51
is_linear=0
shrinkage=0.05


Tree=131
num_leaves=17
num_cat=0
split_feature=6 2 0 4 5 12 8 12 2 12 2 11 12 12 12 15
split_gain=1.0367 1.08297 1.45345 1.25212 1.35154 0.609449 0.195942 0.111086 0.00123673 3.44052e-07 1.77654e-08 1.04947e-08 8.69034e-09 5.08369e-09 4.78755e-09 8.9013e-10
threshold=0.37500000000000006 4.2678571428571432 26.500000000000004 3.5000000000000004 0.35448595041322312 20.32000557251158 153.77488019161461 27.762608799901621 4.3095238095238102 161.86606991744793 6.166666666666667 1.5000000000000002 471.83981681679978 8.5128943729571791 32.558052124166672 3.5000000000000004
decision_type=2 2 2 2 2 2 2 2 2 2 2 2 2 2 2 2
left_child=1 2 3 4 -1 -3 -4 -7 -9 10 14 13 -11 -12 15 -2
right_child=9 5 6 -5 -6 7 -8 8 -10 12 11 -13 -14 -15 -16 -17
leaf_value=0.036913590151609062 0.050059760612086196 0.033275796791116551 0.054218627069428343 -0.062956145684538917 -0.0056916984946697256 -0.090577942697246644 0.022212388719375146 -0.056543162432910479 -0.051530614271550902 0.050123775216221092 0.050074803954261893 0.050061940970995478 0.050140403199576425 0.050086797465953431 0.050069323017724376 0.050052617453357845
leaf_weight=2.1670902634505298 0.072774415137245141 0.2007325254380693 1.2538068597204977 0.82379521429538805 13.196358921355566 0.25518369628116466 0.77300019655376662 0.15359936282038689 0.6187927087303251 0.14694216754287481 0.19219278125092387 0.099402541760355234 0.16889289300888777 0.1635322233196348 0.095194602850824594 0.10883744293823838
leaf_count=53 22 3 38 38 902 3 17 2 102 22 46 30 22 35 25 37
internal_value=0.00164215 -0.000968708 0.00209576 -0.00290214 0.000317988 -0.0464104 0.0420118 -0.0619767 -0.0525274 0.0500891 0.0500702 0.0500763 0.0501327 0.0500803 0.0500602 0.0500555
internal_weight=20.4901 19.4424 18.2141 16.1872 15.3634 1.22831 2.02681 1.02758 0.772392 1.04777 0.731934 0.455128 0.315835 0.355725 0.276806 0.181612
internal_count=1397 1158 1048 993 955 110 55 107 104 239 195 111 44 81 84 59
is_linear=0
shrinkage=0.05


Tree=132
num_leaves=12
num_cat=0
split_feature=15 16 10 14 4 9 9 10 10 0 12
split_gain=1.0308 0.97623 1.11181 1.77679 1.30879 1.01568 0.96412 0.941177 6.58141e-05 9.76557e-06 3.32297e-07
threshold=3.5000000000000004 1.0000000180025095e-35 182.50000000000003 1.0000000180025095e-35 3.5000000000000004 0.226368529703219 0.43356037722939084 92.500000000000014 97.500000000000014 2.5000000000000004 15.010749094473383
decision_type=2 2 2 2 2 2 2 2 2 2 2
left_child=1 2 3 7 5 -4 -6 -1 -2 -10 -11
right_child=8 -3 4 -5 6 -7 -8 -9 9 10 -12
leaf_value=-0.0091588785260928642 0.051209502103732908 0.053022357682263016 -0.03097486444021404 0.053205404772496356 -0.055514540112478097 0.019587279800894156 0.012115897321219227 -0.049257279940069953 0.050589621778794475 0.050050048851241362 0.050189153951704729
leaf_weight=2.9521099129924648 0.57234271522611269 0.80150430533103545 1.1236893538152788 0.73973260074853886 1.3408898073248559 8.5546259429538605 0.86815754428971548 2.9018446351401508 0.25918795540928841 0.10353455762378871 0.073345782700926065
leaf_count=366 22 19 157 11 62 359 18 317 17 37 12
internal_value=0.00157708 -0.00100009 -0.00334298 -0.0198094 0.00579063 0.0137168 -0.0289357 -0.0290359 0.0508569 0.0503942 0.0501077
internal_weight=20.291 19.2826 18.481 6.59369 11.8874 9.67832 2.20905 5.85395 1.00841 0.436068 0.17688
internal_count=1397 1309 1290 694 596 516 80 683 88 66 49
is_linear=0
shrinkage=0.05


Tree=133
num_leaves=15
num_cat=0
split_feature=11 16 9 15 12 0 6 12 5 12 2 1 10 12
split_gain=0.999208 1.03341 1.06897 1.2313 2.04017 1.82663 0.789527 0.0137442 8.92075e-05 1.62847e-05 2.75835e-06 2.21355e-07 8.46717e-08 6.13038e-08
threshold=1.5000000000000002 1.0000000180025095e-35 0.226368529703219 2.5000000000000004 104.39906590315395 3.5000000000000004 0.37500000000000006 11.05051039539352 0.33503401360544222 430.87445763402212 3.892045454545455 1.5000000000000002 1660.0000000000002 8.5128943729571791
decision_type=2 2 2 2 2 2 2 2 2 2 2 2 2 2
left_child=1 2 6 5 -5 -4 7 -1 -2 10 -10 -3 -12 -8
right_child=8 11 3 4 -6 -7 13 -9 9 -11 12 -13 -14 -15
leaf_value=-0.0392561103226561 0.051467585475968261 0.052541503065498443 -0.038709081799361673 -0.027758414736794093 0.038710058265514991 0.0051442779080676099 0.050071240044429921 -0.053609096420434425 0.050333553102210687 0.050843143099880451 0.050062210300702729 0.052592277771433882 0.050133654453287262 0.050124641644770797
leaf_weight=0.18902179761790705 0.25794704956933756 0.43697245209477742 3.5601760499412212 1.6250199656933535 3.9866645922884345 7.1304279973264784 0.10594588401727367 1.4182060953462494 0.40314151532948017 0.15301526477560401 0.096297143492847681 0.42189870332367718 0.072840116219595075 0.1090698353946209
leaf_count=8 6 30 618 54 59 292 27 187 35 10 30 10 13 18
internal_value=0.00152135 -0.00102424 -0.00356375 0.000495992 0.0194623 -0.00945973 -0.0398833 -0.0519211 0.050669 0.050385 0.0502625 0.0525664 0.050093 0.0500983
internal_weight=19.9666 18.9834 18.1245 16.3023 5.61168 10.6906 1.82224 1.60723 0.983241 0.725294 0.572279 0.858871 0.169137 0.215016
internal_count=1397 1303 1263 1023 113 910 240 195 94 88 78 40 43 45
is_linear=0
shrinkage=0.05


Tree=134
num_leaves=18
num_cat=0
split_feature=6 3 0 15 9 12 2 2 1 4 1 12 15 12 12 11 12
split_gain=0.963886 1.01788 0.884695 2.43258 1.54682 1.50202 0.157387 0.000945747 0.000359303 4.53766e-05 3.29403e-05 2.75707e-07 1.80031e-08 7.69414e-09 7.66932e-09 7.60837e-09 8.23492e-10
threshold=0.37500000000000006 5.5000000000000009 18.500000000000004 1.0000000180025095e-35 0.3865618489961144 101.41299434534723 3.5227272727272729 4.3095238095238102 7.5000000000000009 4.5000000000000009 5.5000000000000009 161.86606991744793 3.5000000000000004 67.855643031290526 471.83981681679978 1.5000000000000002 6.0804022984606485
decision_type=2 2 2 2 2 2 2 2 2 2 2 2 2 2 2 2 2
left_child=1 2 3 9 -4 -5 -6 -3 10 -1 -9 12 13 15 -13 -2 -14
right_child=11 7 4 5 6 -7 -8 8 -10 -11 -12 14 16 -15 -16 -17 -18
leaf_value=-0.050305076020810351 0.050070058816529234 -0.054898918839783019 -0.0077932045238943166 -0.024263726958768904 0.029091291976325442 0.017799588625937651 0.055174019187532258 -0.05014446618484069 -0.053438203644998496 -0.051571211052362488 -0.051069275936026053 0.050114938320310193 0.050045641063321301 0.050083342326971605 0.050131143591537752 0.050053130418587159 0.050053538741478304
leaf_weight=2.3771484425524352 0.37491817167028685 0.32316627784166385 2.6894647656008592 3.0310877766460163 0.87325735017657313 7.0785923663061112 1.712722413241863 0.15415836020838469 0.17308143898844719 0.072935127187520155 0.25648265052586794 0.13603563117794693 0.074027604889124632 0.086322610033676028 0.15758744440972805 0.08065285487100482 0.059564558090642095
leaf_count=779 99 19 16 59 21 123 39 73 3 7 19 22 29 19 22 28 20
internal_value=0.00145936 -0.00105486 0.00157267 -0.00564449 0.0187553 0.00518815 0.0463662 -0.0527289 -0.0515275 -0.0503428 -0.0507221 0.0500832 0.0500656 0.0500697 0.0501236 0.0500671 0.0500492
internal_weight=19.7112 18.7421 17.8352 12.5598 5.27544 10.1097 2.58598 0.906889 0.583722 2.45008 0.410641 0.969109 0.675486 0.541894 0.293623 0.455571 0.133592
internal_count=1397 1158 1044 968 76 182 60 114 95 786 92 239 195 146 44 127 49
is_linear=0
shrinkage=0.05


Tree=135
num_leaves=12
num_cat=0
split_feature=15 11 16 14 10 5 10 12 0 2 12
split_gain=0.958983 0.896196 0.961745 1.03503 1.41618 7.49911e-05 6.24287e-05 1.24909e-05 7.20421e-06 2.30708e-06 2.6864e-07
threshold=3.5000000000000004 1.5000000000000002 1.0000000180025095e-35 1.0000000180025095e-35 182.50000000000003 0.33503401360544222 97.500000000000014 409.75011381027787 2.5000000000000004 3.892045454545455 15.010749094473383
decision_type=2 2 2 2 2 2 2 2 2 2 2
left_child=1 2 3 4 -1 -3 -2 9 -8 -7 -10
right_child=6 5 -4 -5 -6 7 8 -9 10 -11 -12
leaf_value=-0.029013467316903886 0.051187180018949112 0.051454866420484524 0.052773773746524734 0.053115524503388203 0.0021567652897447813 0.050336775850433405 0.050534349364769575 0.050783946041673272 0.050044430053638359 0.050087327442948852 0.050175846421139605
leaf_weight=5.5213859315263276 0.53615786647424002 0.23661849461495776 0.72963902889750798 0.71283769747242232 10.716947047796564 0.27103769080713391 0.23859596392139792 0.15033296728506684 0.091795322485268116 0.14086639741435647 0.067470291629433632
leaf_count=682 22 5 19 11 521 22 17 11 37 38 12
internal_value=0.00140506 -0.00109329 -0.00343378 -0.00585316 -0.00844179 0.0507081 0.050835 0.0503938 0.0503605 0.0502515 0.0501001
internal_weight=19.4137 18.4797 17.6808 16.9512 16.2383 0.798856 0.934019 0.562237 0.397862 0.411904 0.159266
internal_count=1397 1309 1233 1214 1203 76 88 71 66 60 49
is_linear=0
shrinkage=0.05


Tree=136
num_leaves=9
num_cat=0
split_feature=5 13 12 12 10 8 12 12
split_gain=0.941212 0.850943 1.00121 2.03927 1.45766 1.31866 1.12798 0.00345818
threshold=0.27473146121193576 1.0000000180025095e-35 202.602632756632 190.69497060004053 241.87500000000003 154.09765324260997 609.11832219211817 423.79913421158568
decision_type=2 2 2 2 2 2 2 2
left_child=7 2 3 4 -2 6 -4 -1
right_child=1 -3 5 -5 -6 -7 -8 -9
leaf_value=-0.052040918448009225 -0.018414244928272677 0.057050288482770564 -0.031437376866538656 0.060982117414149994 0.021433801769178334 0.033384146016580227 0.042972794656098399 -0.059083829578773277
leaf_weight=0.40682644199114548 4.6008497944567406 0.71413568546995421 5.033697123406454 1.7066682744771231 4.5791752708610147 1.2237836918793616 0.56663511099759478 0.30493595451116562
leaf_count=33 428 40 554 19 245 24 38 16
internal_value=0.00135949 0.00353892 0.00138124 0.0107934 0.00146274 -0.0136342 -0.0239086 -0.0550583
internal_weight=19.1367 18.4249 17.7108 10.8867 9.18003 6.82412 5.60033 0.711762
internal_count=1397 1348 1308 692 673 616 592 49
is_linear=0
shrinkage=0.05


Tree=137
num_leaves=13
num_cat=0
split_feature=15 6 14 16 10 10 0 12 12 2 11 12
split_gain=0.923945 0.8582 0.915793 0.96648 1.29896 5.62898e-05 6.40578e-06 2.23975e-07 1.99966e-07 7.96487e-09 7.85102e-09 6.69598e-09
threshold=3.5000000000000004 0.37500000000000006 1.0000000180025095e-35 1.5000000000000002 182.50000000000003 97.500000000000014 2.5000000000000004 15.010749094473383 161.86606991744793 11.875000000000002 1.5000000000000002 8.5128943729571791
decision_type=2 2 2 2 2 2 2 2 2 2 2 2
left_child=1 2 3 4 -1 -2 -7 -8 10 -10 11 -3
right_child=5 8 -4 -5 -6 6 7 -9 9 -11 -12 -13
leaf_value=-0.028497799342224212 0.051151083770280749 0.050062196346506986 0.053040291407568711 0.052826742713490776 0.0017956042494823342 0.050516327419442134 0.050041145193461214 0.050164747489239082 0.050126282708154425 0.050109382777098456 0.050051370128040062 0.050074856445927421
leaf_weight=5.307762995245878 0.52212098799645801 0.22127004852518339 0.68825315684080024 0.6739907171577223 10.616855738160664 0.22599917929619551 0.085047436645254493 0.064407307887449861 0.14500771649181843 0.13427886529825628 0.083353797206655145 0.19781544525176287
leaf_count=668 22 65 9 6 436 17 37 12 21 23 31 50
internal_value=0.00130109 -0.00115858 -0.00347582 -0.00581923 -0.00830135 0.0508153 0.0503484 0.0500944 0.0500842 0.0501182 0.0500654 0.0500682
internal_weight=18.9662 18.0686 17.2869 16.5986 15.9246 0.897575 0.375454 0.149455 0.781726 0.279287 0.502439 0.419085
internal_count=1397 1309 1119 1110 1104 88 66 49 190 44 146 115
is_linear=0
shrinkage=0.05


Tree=138
num_leaves=17
num_cat=0
split_feature=4 0 15 10 10 2 9 2 6 9 12 5 2 12 5 12
split_gain=0.893881 1.17824 1.602 1.30715 1.50502 1.08104 1.11263 1.15863 0.960198 0.870744 0.1921 0.185156 0.179086 0.0353136 1.9207e-05 6.19129e-08
threshold=3.5000000000000004 17.500000000000004 1.0000000180025095e-35 246.25000000000003 222.50000000000003 3.5634920634920646 0.37575075260126561 3.8452380952380958 0.37500000000000006 0.43356037722939084 320.30120770576394 0.28980048896586241 3.892045454545455 55.945444098188666 0.36047337278106523 171.54074674460071
decision_type=2 2 2 2 2 2 2 2 2 2 2 2 2 2 2 2
left_child=1 2 8 4 -4 -3 7 -7 14 11 -8 12 -2 -5 -1 -10
right_child=9 5 3 13 -6 6 10 -9 15 -11 -12 -13 -14 -15 -16 -17
leaf_value=-0.050634898841591162 -0.057225692412516529 0.058998441575630771 0.0031981544971619244 -0.039219010407589953 0.05920329778186656 -0.081435574080796574 0.019884735495748297 0.020827585533934746 0.050067736643471306 0.010597704354353721 0.055529074990318839 -0.072430566373631086 0.00084193738997338753 -0.058251034599574827 -0.050227466661304489 0.050115864552634039
leaf_weight=0.34423833270557924 0.33006062090862476 1.6759692640043784 7.4631083400454337 0.48485942697152573 1.4293070160783825 0.55645739287138007 0.8837255628313867 0.55147860548458993 0.13985190913081158 0.81771570269484062 0.66051552898716182 0.71323047066107392 0.22214822092792019 0.49009666638448834 1.8111678941641001 0.12796802585944533
leaf_count=55 23 27 211 33 12 5 43 106 38 18 14 11 28 11 742 20
internal_value=0.0012589 0.00512906 -0.00277139 0.00617424 0.0122 0.0275639 0.00769971 -0.0305338 -0.039198 -0.029616 0.0351308 -0.0556017 -0.0338657 -0.0487861 -0.0502925 0.0500907
internal_weight=18.7019 16.6187 12.2906 9.86737 8.89242 4.32815 2.65218 1.10794 2.42323 2.08316 1.54424 1.26544 0.552209 0.974956 2.15541 0.26782
internal_count=1397 1317 1122 267 223 195 168 111 855 80 57 62 51 44 797 58
is_linear=0
shrinkage=0.05


Tree=139
num_leaves=12
num_cat=0
split_feature=15 16 11 9 12 6 5 10 8 0 12
split_gain=0.879644 0.810014 0.879188 0.958567 1.12503 0.658947 5.56825e-05 4.81592e-05 9.67244e-06 5.44697e-06 2.07484e-07
threshold=3.5000000000000004 1.0000000180025095e-35 1.5000000000000002 0.226368529703219 202.602632756632 0.37500000000000006 0.33503401360544222 97.500000000000014 150.61441598248265 2.5000000000000004 15.010749094473383
decision_type=2 2 2 2 2 2 2 2 2 2 2
left_child=1 2 3 5 -5 -1 -4 -2 -8 -9 -11
right_child=7 -3 6 4 -6 -7 8 9 -10 10 -12
leaf_value=-0.053855312892591614 0.051090988844398381 0.052544929843387794 0.051319601160997687 0.010291465048686945 -0.017787835423970597 0.050085756766605864 0.050224177470022724 0.050489687041007474 0.050713420108829149 0.050039753663903092 0.050161103632836462
leaf_weight=1.4158886608784218 0.49567335983738203 0.67417528084479172 0.21424970170482893 8.3267220004927349 6.2408287837170056 0.17088420782238234 0.36836818978190422 0.21440767939202487 0.13920027669519186 0.081990123726427555 0.061756393639370799
leaf_count=193 22 19 5 489 491 41 63 17 8 37 12
internal_value=0.00121274 -0.00119832 -0.00334528 -0.00575765 -0.00173788 -0.0426616 0.0506437 0.0507718 0.0503584 0.05033 0.0500919
internal_weight=18.4041 17.5503 16.8761 16.1543 14.5676 1.58677 0.721818 0.853828 0.507568 0.358154 0.143747
internal_count=1397 1309 1290 1214 980 234 76 88 71 66 49
is_linear=0
shrinkage=0.05


Tree=140
num_leaves=9
num_cat=0
split_feature=5 13 1 12 12 12 0 12
split_gain=0.85552 0.768653 0.851506 0.97758 2.15691 1.82585 0.0833812 0.00411064
threshold=0.27473146121193576 1.0000000180025095e-35 7.5000000000000009 202.602632756632 190.69497060004053 471.83981681679978 34.500000000000007 454.20023016748848
decision_type=2 2 2 2 2 2 2 2
left_child=7 2 3 4 -2 -5 -4 -1
right_child=1 -3 6 5 -6 -7 -8 -9
leaf_value=-0.051168390958805043 -0.0029892592503394555 0.056528421298617321 0.051717349516527428 -0.038865910744412521 0.058985571073077329 0.019963239326849926 0.024933808982868816 -0.059156476641049463
leaf_weight=0.39439905196195724 8.179460558923898 0.65250961249694128 0.75162142189219483 3.7594587989733546 1.6948173865675915 2.0316977794282138 0.47373536601662636 0.27220450015738606
leaf_count=35 638 40 23 462 19 138 28 14
internal_value=0.00116692 0.00327948 0.00122242 -0.00191736 0.00764808 -0.018227 0.0413626 -0.0544303
internal_weight=18.2099 17.5433 16.8908 15.6654 9.87428 5.79116 1.22536 0.666604
internal_count=1397 1348 1308 1257 657 600 51 49
is_linear=0
shrinkage=0.05


Tree=141
num_leaves=12
num_cat=0
split_feature=15 14 10 10 15 8 16 15 10 0 12
split_gain=0.842953 0.813501 0.906898 0.945914 1.98989 1.62616 0.471715 0.000349492 4.22946e-05 4.63942e-06 1.8102e-07
threshold=3.5000000000000004 1.0000000180025095e-35 87.500000000000014 92.500000000000014 2.5000000000000004 29.020304263478014 1.0000000180025095e-35 1.5000000000000002 97.500000000000014 2.5000000000000004 15.010749094473383
decision_type=2 2 2 2 2 2 2 2 2 2 2
left_child=1 2 6 4 -4 -5 7 -1 -2 -10 -11
right_child=8 -3 3 5 -6 -7 -8 -9 9 10 -12
leaf_value=-0.050253527870477058 0.051044924209661613 0.052841822779239801 -0.051324241064407229 -0.038691355342686078 0.072447309749051766 0.0045038523995864213 0.052036831779933568 -0.051946690627602404 0.050466122343417241 0.050037105662435723 0.050153702523411461
leaf_weight=0.51588631008054153 0.47968093259259958 0.66850331425666709 0.45653722202405211 2.7240837967256075 1.1248039454221725 10.886574965494217 0.12115744152106334 0.74476983863860369 0.20185359264723957 0.076506607932969928 0.058928286656737328
leaf_count=242 22 11 89 329 11 597 5 25 17 37 12
internal_value=0.00111646 -0.00123494 -0.00341612 0.000111284 0.0367141 -0.00414138 -0.0421973 -0.0512538 0.0507433 0.0503142 0.0500878
internal_weight=18.0593 17.2423 16.5738 15.192 1.58134 13.6107 1.38181 1.26066 0.816969 0.337288 0.135435
internal_count=1397 1309 1298 1026 100 926 272 267 88 66 49
is_linear=0
shrinkage=0.05


Tree=142
num_leaves=18
num_cat=0
split_feature=6 2 0 4 5 12 9 12 4 1 12 15 12 2 2 12 2
split_gain=0.82636 0.925124 1.17336 1.04172 1.10965 0.505979 0.17243 0.0724524 0.00420584 0.000697119 2.06306e-07 1.66492e-08 7.46493e-09 7.17245e-09 1.85711e-09 5.55033e-10 2.91126e-10
threshold=0.37500000000000006 4.2678571428571432 26.500000000000004 3.5000000000000004 0.35448595041322312 20.32000557251158 0.39910761765888519 27.762608799901621 3.5000000000000004 6.5000000000000009 161.86606991744793 3.5000000000000004 8.5128943729571791 11.875000000000002 8.8333333333333339 6.0804022984606485 8.8333333333333339
decision_type=2 2 2 2 2 2 2 2 2 2 2 2 2 2 2 2 2
left_child=1 2 3 4 -1 -3 -4 -7 -8 -9 11 12 16 -12 -14 -13 -2
right_child=10 5 6 -5 -6 7 8 9 -10 -11 13 15 14 -15 -16 -17 -18
leaf_value=0.034227325114550657 0.050051841500699738 0.032157658451482073 0.019947564417703015 -0.061528917284924024 -0.0058047535788364121 -0.083947802270505814 0.050538341610032705 -0.050518092619093485 0.056842548886426571 -0.053765229156832642 0.050117932287357607 0.050034484509416735 0.050072608571027466 0.050101300885129978 0.050063098041736566 0.050041882105341433 0.050055479529261863
leaf_weight=2.0369605546584397 0.082471939502282932 0.17412124946713337 0.60568313300609489 0.71955151244765225 11.5268147746101 0.24752107867971063 0.6012913833837954 0.30888118466828018 0.47243214212357998 0.35555620491504669 0.13567822659388185 0.055769083206541836 0.088075591949746013 0.12413856037892401 0.12303046020679176 0.046495131915435195 0.16502851224504411
leaf_count=53 30 3 10 38 902 3 42 95 3 9 21 29 24 23 37 20 55
internal_value=0.00106633 -0.00129273 0.00174535 -0.00290295 0.000207125 -0.0459452 0.0412791 -0.0608575 0.0533122 -0.0522557 0.0500732 0.0500561 0.0500602 0.05011 0.0500671 0.0500378 0.0500543
internal_weight=17.8695 17.0488 15.9627 14.2833 13.5638 1.08608 1.67941 0.911958 1.07372 0.664437 0.820688 0.560871 0.458607 0.259817 0.211106 0.102264 0.2475
internal_count=1397 1158 1048 993 955 110 55 107 45 104 239 195 146 44 61 49 85
is_linear=0
shrinkage=0.05


Tree=143
num_leaves=8
num_cat=0
split_feature=14 16 13 0 15 2 10
split_gain=0.802055 0.842714 0.913349 1.02919 2.83794 1.49541 7.04738e-06
threshold=1.0000000180025095e-35 1.0000000180025095e-35 1.0000000180025095e-35 7.5000000000000009 2.5000000000000004 3.477272727272728 97.500000000000014
decision_type=2 2 2 2 2 2 2
left_child=1 2 3 4 -1 -5 -3
right_child=-2 6 -4 5 -6 -7 -8
leaf_value=-0.051760519885918635 0.052402860317159655 0.052316560239137826 0.056311953746304759 0.056188481890981558 0.0051433465220568119 -0.0029991690391964494 0.051999193598158348
leaf_weight=3.5300806775922009 0.72832456068135698 0.31216013582888891 0.61397167935501862 1.3581277019111446 5.7765281598549336 4.9815227483632043 0.3978773265844211
leaf_count=797 33 14 40 33 93 361 26
internal_value=0.00102399 -0.00118107 -0.00350939 -0.00585683 -0.0164408 0.00968046 0.0521387
internal_weight=17.6986 16.9703 16.2602 15.6463 9.30661 6.33965 0.710037
internal_count=1397 1364 1324 1284 890 394 40
is_linear=0
shrinkage=0.05


Tree=144
num_leaves=17
num_cat=0
split_feature=15 6 3 0 15 9 2 1 10 0 12 12 12 2 0 2
split_gain=0.787201 0.748834 0.804473 0.867657 1.65154 1.38519 0.000740212 0.000229218 3.55505e-05 3.85758e-06 1.55205e-07 1.44585e-07 6.39646e-09 6.17465e-09 1.41843e-09 4.67988e-10
threshold=3.5000000000000004 0.37500000000000006 5.5000000000000009 18.500000000000004 1.0000000180025095e-35 0.3865618489961144 4.3095238095238102 7.5000000000000009 97.500000000000014 2.5000000000000004 15.010749094473383 161.86606991744793 8.5128943729571791 11.875000000000002 23.500000000000004 8.8333333333333339
decision_type=2 2 2 2 2 2 2 2 2 2 2 2 2 2 2 2
left_child=1 2 3 4 -1 -5 -4 -8 -2 -10 -11 12 15 -13 -14 -3
right_child=8 11 6 5 -6 -7 7 -9 9 10 -12 13 14 -15 -16 -17
leaf_value=-0.050308256917746964 0.051001048506931816 0.050048154932553802 -0.054508886074017396 -0.0087007475446338241 0.00061130304360285787 0.04556280589130221 -0.050649935539726632 -0.052984384462357897 0.050446258370459074 0.050032126492957123 0.050146440384407992 0.050112445216542602 0.050060655053507153 0.050096641179867243 0.050069674185426627 0.050052930189746631
leaf_weight=1.9603478779899912 0.4531198563054194 0.076106668566354396 0.29065473336959335 2.4941186951473346 8.484835372772066 2.2254382465034723 0.35514013044303283 0.14938293397426605 0.18775637890212238 0.066245121299289167 0.053812769707292318 0.12923654681071639 0.13503282540477812 0.11844897549599409 0.064375794027000666 0.1574588012881577
leaf_count=786 22 30 19 16 143 60 92 3 17 37 12 21 42 23 19 55
internal_value=0.000988036 -0.00128606 -0.00347649 -0.000905941 -0.00894526 0.0168864 -0.052499 -0.0513411 0.0507194 0.0503047 0.0500834 0.0500744 0.050057 0.0501049 0.0500636 0.0500514
internal_weight=17.4015 16.6406 15.9599 15.1647 10.4452 4.71956 0.795178 0.504523 0.760934 0.307814 0.120058 0.68066 0.432974 0.247686 0.199409 0.233565
internal_count=1397 1309 1119 1005 929 76 114 95 88 66 49 190 146 44 61 85
is_linear=0
shrinkage=0.05


Tree=145
num_leaves=8
num_cat=0
split_feature=5 14 1 16 13 0 10
split_gain=0.770376 0.703204 0.753143 0.828926 0.897527 0.0793461 6.08987e-06
threshold=0.25129757785467138 1.0000000180025095e-35 7.5000000000000009 1.0000000180025095e-35 1.0000000180025095e-35 34.500000000000007 97.500000000000014
decision_type=2 2 2 2 2 2 2
left_child=-1 2 3 4 -2 -4 -5
right_child=1 -3 5 6 -6 -7 -8
leaf_value=-0.057679587665282653 -0.0074132549928115276 0.052300314528698738 0.051583539182120081 0.052214074412879799 0.05605882597792803 0.023917032141278934 0.051910738684076502
leaf_weight=0.54246927239001053 13.55435593973379 0.68963370239362198 0.66659338609315522 0.29520091775339175 0.58082394045777697 0.42398873087950051 0.37648902402725071
leaf_count=34 1199 33 23 14 40 28 26
internal_value=0.000953926 0.0028715 0.000727266 -0.00222627 -0.00480514 0.0408276 0.0520441
internal_weight=17.1296 16.5871 15.8975 14.8069 14.1352 1.09058 0.67169
internal_count=1397 1363 1330 1279 1239 51 40
is_linear=0
shrinkage=0.05


Tree=146
num_leaves=14
num_cat=0
split_feature=12 12 10 10 2 14 16 13 12 0 10 14 2
split_gain=0.753429 1.73952 1.20698 1.76166 1.5424 1.02822 1.2582 0.852531 0.899481 1.54527 0.90246 0.70281 0.268624
threshold=202.602632756632 190.69497060004053 241.87500000000003 246.25000000000003 2.5000000000000004 1.0000000180025095e-35 1.0000000180025095e-35 1.0000000180025095e-35 471.83981681679978 22.500000000000004 2307.5000000000005 1.0000000180025095e-35 4.3095238095238102
decision_type=2 2 2 2 2 2 2 2 2 2 2 2 2
left_child=1 2 5 -4 -5 6 -1 8 10 12 11 -2 -10
right_child=7 -3 3 4 -6 -7 -8 -9 9 -11 -12 -13 -14
leaf_value=-0.038770962881711148 -0.043414921518216583 0.055821127729633019 0.086241038131380773 -0.055487160096890469 0.021939504942428086 0.052729068456106171 0.052205639805044349 0.0576341078648204 -0.053669060134427342 0.041805868741637144 0.041682059720390789 0.051114918330725172 0.019070042810649196
leaf_weight=3.2079332170542352 3.498617014905903 1.6934493957087386 0.78838861652184267 0.84218466770835254 2.7225374176632613 0.44245763705112029 0.43111466011032451 0.41387631371617306 0.76978947041789103 1.390563813911285 0.39190286328084756 0.2083342031110077 0.15198551159119233
leaf_count=398 467 20 14 52 216 21 26 4 79 29 16 8 47
internal_value=0.000923043 0.00957584 0.000291 0.0186056 0.00364704 -0.0192423 -0.027993 -0.0119173 -0.0164072 0.00852739 -0.0304739 -0.0381023 -0.0416756
internal_weight=16.9531 10.1281 8.43462 4.35311 3.56472 4.08151 3.63905 6.82507 6.41119 2.31234 4.09885 3.70695 0.921775
internal_count=1397 747 727 282 268 445 424 650 646 155 491 475 126
is_linear=0
shrinkage=0.05


Tree=147
num_leaves=17
num_cat=0
split_feature=15 6 2 0 5 12 9 12 10 0 12 12 2 12 2 2
split_gain=0.759895 0.709535 0.766048 1.13471 0.846195 0.456832 0.176297 0.0597248 3.43897e-05 3.68987e-06 1.56692e-07 1.3145e-07 6.50481e-09 5.72506e-09 1.44252e-09 4.50305e-10
threshold=3.5000000000000004 0.37500000000000006 4.2678571428571432 26.500000000000004 0.32726270981765487 20.32000557251158 0.3865618489961144 27.762608799901621 97.500000000000014 2.5000000000000004 15.010749094473383 161.86606991744793 11.875000000000002 8.5128943729571791 8.8333333333333339 8.8333333333333339
decision_type=2 2 2 2 2 2 2 2 2 2 2 2 2 2 2 2
left_child=1 2 3 4 -1 -4 -5 -7 -2 -10 -11 13 -13 15 -15 -3
right_child=8 11 5 6 -6 7 -8 -9 9 10 -12 12 -14 14 -16 -17
leaf_value=-0.060938965554400676 0.051014020432917188 0.05004508634210969 0.031110850696104361 0.016756995608283632 -0.002442233680907192 -0.081385551708054338 0.052928533199296961 -0.05201710656830219 0.050452546664135782 0.050028521125462945 0.050148238562665093 0.05010864977348526 0.050092071015508159 0.050065586441626092 0.050056660760910879 0.050049960348981959
leaf_weight=0.6515920574311157 0.44235747237689871 0.069618860376068237 0.16237998194992431 0.51163215283304342 12.073123324720653 0.24289688561111689 0.98613492609001696 0.60256837663473561 0.17867927276529372 0.05866863951086998 0.05117140687070787 0.12457161862403154 0.11268694256432354 0.076834731036797166 0.1101767054060474 0.14840810967143625
leaf_count=38 22 30 3 8 916 3 47 104 17 37 12 21 23 24 37 55
internal_value=0.000888854 -0.00140647 -0.0035774 -0.000592347 -0.00543766 -0.0457018 0.0405725 -0.0604545 0.050737 0.0503124 0.0500843 0.0500712 0.0501008 0.0500539 0.0500603 0.0500484
internal_weight=16.6035 15.8726 15.2303 14.2225 12.7247 1.00785 1.49777 0.845465 0.730877 0.288519 0.10984 0.642297 0.237259 0.405038 0.187011 0.218027
internal_count=1397 1309 1119 1009 954 110 55 107 88 66 49 190 44 146 61 85
is_linear=0
shrinkage=0.05


Tree=148
num_leaves=17
num_cat=0
split_feature=15 6 3 0 12 5 2 1 10 0 12 12 2 12 2 2
split_gain=0.72195 0.672223 0.732422 0.766636 1.54803 1.2627 0.000539702 0.000201281 2.95681e-05 3.17791e-06 1.34884e-07 1.13116e-07 5.59742e-09 4.92689e-09 1.24173e-09 3.87279e-10
threshold=3.5000000000000004 0.37500000000000006 5.5000000000000009 18.500000000000004 104.39906590315395 0.3411111111111112 4.3095238095238102 7.5000000000000009 97.500000000000014 2.5000000000000004 15.010749094473383 161.86606991744793 11.875000000000002 8.5128943729571791 8.8333333333333339 8.8333333333333339
decision_type=2 2 2 2 2 2 2 2 2 2 2 2 2 2 2 2
left_child=1 2 3 4 -1 -5 -4 -8 -2 -10 -11 13 -13 15 -15 -3
right_child=8 11 6 5 -6 -7 7 -9 9 10 -12 12 -14 14 -16 -17
leaf_value=-0.039020780490846653 0.050964106190059769 0.050042886550439605 -0.054111090092078401 -0.024032179066262642 0.0041640138164632844 0.033893369616381105 -0.050592991283412672 -0.052855023666145452 0.050430553492944952 0.050027130168537097 0.050141011206076051 0.050103340375798493 0.050087572784526128 0.05006238456512091 0.050053893958861929 0.050047520942960735
leaf_weight=2.9530358996707893 0.42118516494520086 0.06622634606901634 0.26605553412810046 1.3511549383401877 6.9807990641565993 3.097761549288407 0.3213328713318333 0.14171552285552025 0.17003723792731762 0.055808849632740021 0.048682587221264839 0.11850842903368175 0.10720051918178797 0.073092014412395656 0.10480897093657404 0.14117686683312058
leaf_count=300 22 30 19 9 629 67 92 3 17 37 12 21 23 24 37 55
internal_value=0.000857689 -0.0013478 -0.00342667 -0.000948305 -0.00867355 0.0163011 -0.0523164 -0.0512853 0.0507009 0.0502972 0.0500802 0.0500677 0.0500959 0.0500513 0.0500574 0.050046
internal_weight=16.4186 15.7229 15.1119 14.3828 9.93383 4.44892 0.729104 0.463048 0.695714 0.274529 0.104491 0.611013 0.225709 0.385304 0.177901 0.207403
internal_count=1397 1309 1119 1005 929 76 114 95 88 66 49 190 44 146 61 85
is_linear=0
shrinkage=0.05


Tree=149
num_leaves=14
num_cat=0
split_feature=12 12 10 10 2 14 16 13 12 0 10 9 2
split_gain=0.737438 1.53419 1.11542 1.58679 1.38478 0.967903 1.20708 0.810716 0.852252 1.44639 0.822536 0.671153 0.19053
threshold=202.602632756632 190.69497060004053 241.87500000000003 246.25000000000003 2.5000000000000004 1.0000000180025095e-35 1.0000000180025095e-35 1.0000000180025095e-35 471.83981681679978 22.500000000000004 2307.5000000000005 0.39910761765888519 3.892045454545455
decision_type=2 2 2 2 2 2 2 2 2 2 2 2 2
left_child=1 2 5 -4 -5 6 -1 8 10 12 11 -2 -10
right_child=7 -3 3 4 -6 -7 -8 -9 9 -11 -12 -13 -14
leaf_value=-0.038665306315644549 -0.061996923978635869 0.052646459308060584 0.082564973266567462 -0.054856380807469289 0.021207551746884823 0.05260789227928362 0.052212534677031477 0.057226681845157126 -0.053355356027701285 0.041354962426804587 0.041340418895085253 -0.018366781187578254 0.0063477511853518454
leaf_weight=3.0254233175655854 1.5954518971266221 1.7033922355622051 0.78220934164710332 0.7804465044755492 2.5646644490770996 0.42123170208651561 0.41558418341446657 0.39492494892328966 0.69793242937885258 1.3166210783529093 0.36069265892729152 1.9695241405279376 0.16527742822654545
leaf_count=398 181 20 14 52 216 21 26 4 68 29 16 294 58
internal_value=0.000827645 0.00956554 0.000380593 0.0184529 0.00346111 -0.018932 -0.0276896 -0.0122017 -0.0166925 0.00837658 -0.0306128 -0.0378928 -0.0419241
internal_weight=16.1934 9.69295 7.98956 4.12732 3.34511 3.86224 3.44101 6.50042 6.1055 2.17983 3.92567 3.56498 0.86321
internal_count=1397 747 727 282 268 445 424 650 646 155 491 475 126
is_linear=0
shrinkage=0.05


Tree=150
num_leaves=13
num_cat=0
split_feature=15 16 9 12 12 8 6 5 10 0 12 12
split_gain=0.701023 0.665362 0.715189 0.880696 1.79742 0.970693 0.62653 0.0548872 2.7799e-05 3.00059e-06 1.45571e-07 3.15807e-08
threshold=3.5000000000000004 1.0000000180025095e-35 0.226368529703219 202.602632756632 104.39906590315395 79.325761384357648 0.37500000000000006 0.33503401360544222 97.500000000000014 2.5000000000000004 29.626520114994218 211.59665445532411
decision_type=2 2 2 2 2 2 2 2 2 2 2 2
left_child=1 2 6 4 -4 -5 7 -1 -2 -10 -11 -8
right_child=8 -3 3 5 -6 -7 11 -9 9 10 -12 -13
leaf_value=-0.020055298521447031 0.050957062242765597 0.052065084683679652 -0.0098271773694186115 -0.039055098388772171 0.039020284761057816 0.0032029758663701378 0.05004744450446668 -0.05363490609161501 0.050429248875441639 0.050032320370076114 0.050156813543835402 0.050090837874685962
leaf_weight=0.13684118574019244 0.40935376705601889 0.56011199532076794 4.3959271236089972 2.3923526226426475 3.2947034490061924 3.1459899206529371 0.11265315138734866 1.0991893830941988 0.16586722224019468 0.060071707353927195 0.038550150580704212 0.066786843817681074
leaf_count=25 22 19 407 417 124 88 46 169 17 39 10 14
internal_value=0.00079436 -0.00141733 -0.0034629 0.000151461 0.0110993 -0.0150509 -0.0372427 -0.0499173 0.0506989 0.0502994 0.050081 0.0500636
internal_weight=15.8784 15.2046 14.6444 13.229 7.69063 5.53834 1.41547 1.23603 0.673843 0.264489 0.0986219 0.17944
internal_count=1397 1309 1290 1036 531 505 254 194 88 66 49 60
is_linear=0
shrinkage=0.05


Tree=151
num_leaves=12
num_cat=0
split_feature=15 14 10 10 15 8 16 15 10 0 12
split_gain=0.66618 0.646799 0.719393 0.858569 1.57698 1.37276 0.399274 0.000199024 2.39024e-05 2.58412e-06 1.25309e-07
threshold=3.5000000000000004 1.0000000180025095e-35 87.500000000000014 92.500000000000014 2.5000000000000004 29.020304263478014 1.0000000180025095e-35 1.5000000000000002 97.500000000000014 2.5000000000000004 29.626520114994218
decision_type=2 2 2 2 2 2 2 2 2 2 2
left_child=1 2 6 4 -4 -5 7 -1 -2 -10 -11
right_child=8 -3 3 5 -6 -7 -8 -9 9 10 -12
leaf_value=-0.050227478202015279 0.050909969589403893 0.052139531510403486 -0.051156631330685036 -0.038837383330176188 0.066085453710471406 0.0038098472160476614 0.051803450532107609 -0.05165016022837509 0.050408379549595816 0.050030743433644193 0.050149166276929127
leaf_weight=0.40685602230950901 0.3897404479794212 0.54443014878779727 0.38748335267882672 2.3516279881587243 1.1039615701884031 9.5484529215609637 0.10381067066919047 0.62110539898276329 0.15784145402722061 0.057143731508404016 0.036675487761385739
leaf_count=242 22 11 89 329 11 597 5 25 17 39 10
internal_value=0.000759142 -0.00136523 -0.00337095 -0.000135867 0.0356255 -0.00461786 -0.0416495 -0.0510871 0.0506647 0.0502849 0.050077
internal_weight=15.7091 15.0677 14.5233 13.3915 1.49144 11.9001 1.13177 1.02796 0.641401 0.251661 0.0938192
internal_count=1397 1309 1298 1026 100 926 272 267 88 66 49
is_linear=0
shrinkage=0.05


Tree=152
num_leaves=17
num_cat=0
split_feature=6 2 0 10 0 12 9 12 5 1 12 15 2 10 11 12
split_gain=0.660628 0.775961 0.93064 0.875756 0.983206 0.413054 0.170248 0.0479173 0.00287215 0.00037992 1.47484e-07 1.30479e-08 7.77414e-09 5.58554e-09 2.45794e-09 1.78089e-10
threshold=0.37500000000000006 4.2678571428571432 26.500000000000004 1932.5000000000002 22.500000000000004 20.32000557251158 0.3865618489961144 27.762608799901621 0.3411111111111112 6.5000000000000009 161.86606991744793 3.5000000000000004 11.875000000000002 241.87500000000003 1.5000000000000002 2.0834142615509261
decision_type=2 2 2 2 2 2 2 2 2 2 2 2 2 2 2 2
left_child=1 2 3 4 -1 -3 -4 -7 -8 -9 11 13 -12 -2 -15 -13
right_child=10 5 6 -5 -6 7 8 9 -10 -11 12 15 -14 14 -16 -17
leaf_value=-0.0044645272079444987 0.050059465164689537 0.029770566935074707 0.016120214366396525 -0.062224886302836714 0.044537818295769215 -0.078744087879010105 0.056054272794520944 -0.05040451463715561 0.050414197572720101 -0.053044529504528815 0.050104121953868069 0.050022171543191198 0.050085356650064639 0.050047792945066311 0.050036156802553626 0.050027347409645165
leaf_weight=10.842409933509762 0.093626809772104802 0.15320703200996 0.47952366713434524 0.59025249071419317 1.1303685645107187 0.23713234043680131 0.40211459994316101 0.24598727922420949 0.51457681017927825 0.30554902460426092 0.11914021451957524 0.031900277361273766 0.10282906866632402 0.21000039670616388 0.057894537574611604 0.034693987690843642
leaf_count=980 33 3 8 6 7 3 2 95 45 9 21 26 23 82 31 23
internal_value=0.000723306 -0.00142919 0.00153459 -0.00276927 0.00016186 -0.0453545 0.0402604 -0.0599483 0.0528883 -0.0518671 0.0500624 0.0500452 0.0500954 0.050049 0.0500453 0.0500249
internal_weight=15.5512 14.9011 13.9592 12.563 11.9728 0.941876 1.39622 0.788669 0.916691 0.551536 0.650085 0.428116 0.221969 0.361522 0.267895 0.0665943
internal_count=1397 1158 1048 993 987 110 55 107 47 104 239 195 44 146 113 49
is_linear=0
shrinkage=0.05


Tree=153
num_leaves=17
num_cat=0
split_feature=4 0 15 12 12 2 9 6 2 9 10 12 5 12 5 12
split_gain=0.660187 0.804357 1.12555 1.05913 2.05376 0.922354 0.942718 0.771021 0.768598 0.671763 0.413477 0.153652 0.120451 0.125059 2.00921e-05 3.76381e-08
threshold=3.5000000000000004 17.500000000000004 1.0000000180025095e-35 95.104130756331031 209.73792440088542 3.5634920634920646 0.37575075260126561 0.37500000000000006 3.8452380952380958 0.43356037722939084 122.50000000000001 320.30120770576394 0.276184854106932 246.89188814116901 0.36047337278106523 171.54074674460071
decision_type=2 2 2 2 2 2 2 2 2 2 2 2 2 2 2 2
left_child=1 2 7 10 -5 -3 8 14 -7 12 -4 -8 13 -2 -1 -9
right_child=9 5 3 4 -6 6 11 15 -10 -11 -12 -13 -14 -15 -16 -17
leaf_value=-0.0506716270269882 0.00044485514636607033 0.057249813027408739 0.0033754760421500006 0.042727928310168438 -0.016518915897640558 -0.073388610993285405 0.018314817370971837 0.050055021939460757 0.017436587623181499 0.010943980341505901 -0.039016029352619483 0.054192714231733413 -0.066557606375303155 -0.057067360977570619 -0.050210494927945715 0.050096659453691544
leaf_weight=0.28769369272049417 0.17128540191333808 1.3577018813230091 0.93240342941135024 3.2915943084517494 2.6325723656918854 0.52224708907306228 0.69518087885808177 0.1107895424356683 0.42046497180126607 0.655980925541371 1.5015696125919928 0.52286846365313977 0.66075660206843168 0.21091197500936687 1.3202469999087041 0.10639813542366028
leaf_count=55 16 27 36 43 90 5 43 38 106 18 98 14 20 26 742 20
internal_value=0.000699093 0.0043444 -0.00277658 0.00499128 0.0163999 0.0249542 0.00466144 -0.0383493 -0.0328791 -0.0286999 -0.0227767 0.033716 -0.0536346 -0.0312927 -0.050293 0.0500754
internal_weight=15.4007 13.7017 10.1833 8.35814 5.92417 3.51846 2.16076 1.82513 0.942712 1.69893 2.43397 1.21805 1.04295 0.382197 1.60794 0.217188
internal_count=1397 1317 1122 267 133 195 168 855 111 80 134 57 62 42 797 58
is_linear=0
shrinkage=0.05


Tree=154
num_leaves=15
num_cat=0
split_feature=11 4 9 5 9 13 2 9 5 10 8 0 2 1
split_gain=0.638698 0.673019 0.78052 0.741669 0.941201 1.0923 0.663047 0.289956 0.0159815 0.00453773 2.72465e-05 5.10093e-06 1.03133e-06 2.17841e-08
threshold=1.5000000000000002 3.5000000000000004 0.43356037722939084 0.35448595041322312 0.39252326235476548 1.0000000180025095e-35 2.5000000000000004 0.28385702332327239 0.28980048896586241 2245.0000000000005 169.07267063741321 3.5000000000000004 3.892045454545455 3.5000000000000004
decision_type=2 2 2 2 2 2 2 2 2 2 2 2 2 2
left_child=1 3 8 7 5 -5 -6 -1 9 -3 11 -2 -13 -14
right_child=10 2 -4 4 6 -7 -8 -9 -10 -11 -12 12 13 -15
leaf_value=0.051731308547140045 0.050545061654304439 -0.047372306501437707 0.0099045032307894486 -0.033670439995688639 -0.0008775679941778518 0.05706645306596321 0.034173701373006189 0.012578531658723755 -0.066418890741552439 -0.059269766161249231 0.051053420537033205 0.050240175104636214 0.050041259463630028 0.050083635634307483
leaf_weight=0.90181254892377072 0.1277714616153397 0.18007053848123067 0.64655811537522823 3.1326493284432204 5.7853873861022294 0.37095024273730803 1.7595410159556193 0.99419216206297278 0.60560306580737233 0.14442144613713026 0.14802950667217374 0.21826899971347302 0.070528399897739291 0.053206277312710881
leaf_count=29 7 46 17 340 622 15 188 33 11 2 5 31 37 14
internal_value=0.000671596 -0.00144674 -0.0322898 0.00230997 -0.00264795 -0.0240635 0.00729668 0.0312011 -0.0616213 -0.0526675 0.0504619 0.0502755 0.0501748 0.0500595
internal_weight=15.139 14.5212 1.57665 12.9445 11.0485 3.5036 7.54493 1.896 0.930095 0.324492 0.617805 0.469775 0.342004 0.123735
internal_count=1397 1303 76 1227 1165 355 810 62 59 48 94 89 82 51
is_linear=0
shrinkage=0.05


Tree=155
num_leaves=10
num_cat=0
split_feature=15 16 14 10 10 4 10 0 12
split_gain=0.629138 0.627876 0.660622 0.956273 1.00122 0.754732 2.09812e-05 1.93869e-06 9.76262e-08
threshold=3.5000000000000004 1.0000000180025095e-35 1.0000000180025095e-35 182.50000000000003 92.500000000000014 3.5000000000000004 97.500000000000014 2.5000000000000004 15.010749094473383
decision_type=2 2 2 2 2 2 2 2 2
left_child=1 2 3 4 -1 -5 -2 -8 -9
right_child=6 -3 -4 5 -6 -7 7 8 -10
leaf_value=-0.0022949464559038684 0.050868000358627756 0.051943315800605572 0.051964949448121148 0.010523489133350467 -0.050264856629920113 -0.027131103860645784 0.05037251859146305 0.050021639703352584 0.05012854113691019
leaf_weight=2.3148052975302518 0.37147676618769843 0.53019994194619435 0.51682696025818664 7.3395670879399386 2.0520451900083572 1.6254681675927711 0.14699608762748539 0.044335935963317752 0.041206393740139902
leaf_count=366 22 19 11 516 317 80 17 37 12
internal_value=0.000644763 -0.00145517 -0.00349954 -0.00564969 -0.0248367 0.00369626 0.0506348 0.0502624 0.0500731
internal_weight=14.9829 14.3789 13.8487 13.3319 4.36685 8.96504 0.604015 0.232538 0.0855423
internal_count=1397 1309 1290 1279 683 596 88 66 49
is_linear=0
shrinkage=0.05


Tree=156
num_leaves=12
num_cat=0
split_feature=12 12 10 10 2 14 16 13 8 12 14
split_gain=0.612161 1.20515 1.03819 1.21545 1.21524 0.81268 1.01797 0.730591 0.677593 0.74915 0.548141
threshold=202.602632756632 190.69497060004053 241.87500000000003 246.25000000000003 2.5000000000000004 1.0000000180025095e-35 1.0000000180025095e-35 1.0000000180025095e-35 154.09765324260997 609.11832219211817 1.0000000180025095e-35
decision_type=2 2 2 2 2 2 2 2 2 2 2
left_child=1 2 5 -4 -5 6 -1 8 9 10 -2
right_child=7 -3 3 4 -6 -7 -8 -9 -10 -11 -12
leaf_value=-0.038481265237156739 -0.035888261258212553 0.046961625628128972 0.07472505199009076 -0.054082597212656715 0.020939361253462005 0.052059332671045039 0.051889307207608676 0.056452204904587827 0.019580901146876103 0.038093480395109069 0.051046662740324392
leaf_weight=2.7312175270053549 3.8196477403107574 1.6832833979278801 0.75539990694960613 0.69776033330708775 2.3842818220146 0.35163820709567506 0.35174935532268126 0.36587262153625477 1.0507391788414677 0.42443215037928883 0.19035538122989226
leaf_count=398 566 20 14 52 216 21 26 4 29 43 8
internal_value=0.000619758 0.00883753 1.28326e-05 0.0178859 0.00395473 -0.0199565 -0.0281705 -0.011958 -0.0165211 -0.0250754 -0.0317614
internal_weight=14.8064 8.95533 7.27205 3.83744 3.08204 3.43461 3.08297 5.85105 5.48517 4.43444 4.01
internal_count=1397 747 727 282 268 445 424 650 646 617 574
is_linear=0
shrinkage=0.05


Tree=157
num_leaves=16
num_cat=0
split_feature=15 6 3 0 15 9 2 1 10 0 12 12 10 2 11
split_gain=0.612583 0.585582 0.662581 0.617842 1.31453 1.06237 0.000621193 0.000129202 1.99549e-05 1.83225e-06 1.07165e-07 8.52012e-08 7.76788e-09 6.99029e-09 2.56042e-09
threshold=3.5000000000000004 0.37500000000000006 5.5000000000000009 18.500000000000004 1.0000000180025095e-35 0.3865618489961144 4.3095238095238102 7.5000000000000009 97.500000000000014 2.5000000000000004 29.626520114994218 161.86606991744793 176.50000000000003 11.875000000000002 1.5000000000000002
decision_type=2 2 2 2 2 2 2 2 2 2 2 2 2 2 2
left_child=1 2 3 4 -1 -5 -4 -8 -2 -10 -11 12 -3 -13 -14
right_child=8 11 6 5 -6 -7 7 -9 9 10 -12 13 14 -15 -16
leaf_value=-0.050316391406528806 0.050864433542949818 0.050061735545203635 -0.054310888823709561 -0.0077257237739441903 0.00050684688806235318 0.044383412360728056 -0.050568246213142182 -0.052502920839952442 0.050371871728847731 0.050026848874364829 0.050144116040907176 0.050095653909705329 0.050044386485266705 0.050076941237788081 0.050031866078293741
leaf_weight=1.5422926269820836 0.36302011786028821 0.061521093244665148 0.25316772525548081 2.2058404944837089 7.2673502224497497 1.7573559305164961 0.28343223186675459 0.1240726113319397 0.14298483345191926 0.048279913258738816 0.032662697252817452 0.10851058852858841 0.21687185135670006 0.092408886877819896 0.050304951379075646
leaf_count=786 22 23 19 16 143 60 92 3 17 39 10 21 92 23 31
internal_value=0.000596128 -0.0015073 -0.0035404 -0.00101492 -0.00839071 0.0153804 -0.0523657 -0.0511573 0.0506355 0.0502643 0.0500742 0.0500614 0.0500457 0.050087 0.050042
internal_weight=14.5501 13.9631 13.4335 12.7728 8.80964 3.9632 0.660673 0.407505 0.586948 0.223927 0.0809426 0.529617 0.328698 0.200919 0.267177
internal_count=1397 1309 1119 1005 929 76 114 95 88 66 49 190 146 44 123
is_linear=0
shrinkage=0.05


Tree=158
num_leaves=15
num_cat=0
split_feature=11 16 9 12 12 13 6 12 8 5 5 2 10 12
split_gain=0.582788 0.627463 0.739036 0.799781 1.45982 0.688343 0.420558 0.017753 2.41366e-05 4.48286e-06 4.05157e-06 8.22976e-07 1.48292e-08 1.26868e-08
threshold=1.5000000000000002 1.0000000180025095e-35 0.226368529703219 202.602632756632 104.39906590315395 1.0000000180025095e-35 0.37500000000000006 1.6614739013657411 169.07267063741321 0.50483619880497244 0.36361356237587278 3.892045454545455 2131.0000000000005 60.460987056921304
decision_type=2 2 2 2 2 2 2 2 2 2 2 2 2 2
left_child=1 2 6 4 -4 -5 7 -1 10 -3 -2 -12 -13 -8
right_child=8 9 3 5 -6 -7 13 -9 -10 -11 11 12 -14 -15
leaf_value=0.050076691892836971 0.050543601050282341 0.051812438361827556 -0.0099553865928641936 -0.020258546195813975 0.035429030194998733 0.056814888932328091 0.050042112008274325 -0.051825314744166219 0.051011365168450507 0.051522734956322397 0.050224468576810448 0.050038032450240369 0.05007686628560909 0.050076240385964768
leaf_weight=0.0042915800586315047 0.093960796250031176 0.26512657105922777 3.8819098718231526 4.6195612178416923 3.2596796265570447 0.30907325819134701 0.067359749111346789 1.0504984993021933 0.14006068557500839 0.26903298316756263 0.22653864079620689 0.061256899614818394 0.041061442461796105 0.045709349913522601
leaf_count=1 7 3 390 499 131 3 32 194 5 37 34 36 12 13
internal_value=0.000574754 -0.00146337 -0.00360717 6.75831e-05 0.0107597 -0.0154253 -0.041587 -0.0514107 0.0504425 0.0516665 0.050254 0.0501713 0.0500536 0.0500559
internal_weight=14.3351 13.7722 13.2381 12.0702 7.14159 4.92863 1.16786 1.05479 0.562878 0.53416 0.422818 0.328857 0.102318 0.113069
internal_count=1397 1303 1263 1023 521 502 240 195 94 40 89 82 48 45
is_linear=0
shrinkage=0.05


Tree=159
num_leaves=10
num_cat=0
split_feature=15 16 14 10 10 4 10 0 12
split_gain=0.577651 0.552199 0.588121 0.836863 0.959453 0.697379 1.79262e-05 1.4473e-06 7.79443e-08
threshold=3.5000000000000004 1.0000000180025095e-35 1.0000000180025095e-35 182.50000000000003 92.500000000000014 3.5000000000000004 97.500000000000014 2.5000000000000004 29.626520114994218
decision_type=2 2 2 2 2 2 2 2 2
left_child=1 2 3 4 -1 -5 -2 -8 -9
right_child=6 -3 -4 5 -6 -7 7 8 -10
leaf_value=-0.0017775376258757235 0.050830696268877811 0.051706361880761123 0.051720848018981525 0.010223613399253031 -0.050165731843165834 -0.026721990375842882 0.050342159028451905 0.050025107996529955 0.050129240484846876
leaf_weight=2.2401629388332323 0.34690601588226933 0.47116440336685705 0.46705572400242168 7.0136200111010094 1.8876820213044991 1.5616726217558605 0.13212152430787683 0.044770270469598472 0.03001957421656698
leaf_count=366 22 19 11 516 317 80 17 39 10
internal_value=0.000552482 -0.00147981 -0.00338255 -0.00540854 -0.0239057 0.00349534 0.050611 0.0502427 0.0500669
internal_weight=14.1952 13.6414 13.1702 12.7031 4.12784 8.57529 0.553817 0.206911 0.0747898
internal_count=1397 1309 1290 1279 683 596 88 66 49
is_linear=0
shrinkage=0.05


Tree=160
num_leaves=18
num_cat=0
split_feature=6 3 9 8 2 10 16 5 2 1 1 12 15 10 2 11 12
split_gain=0.557422 0.672469 0.554408 0.609614 1.73896 0.865734 0.547182 0.0560062 0.000588343 0.000103766 1.1229e-05 8.67116e-08 1.0453e-08 1.10918e-08 6.694e-09 2.25517e-09 7.89017e-11
threshold=0.37500000000000006 5.5000000000000009 0.226368529703219 74.320108655844919 3.477272727272728 92.500000000000014 1.5000000000000002 0.33503401360544222 4.3095238095238102 7.5000000000000009 5.5000000000000009 161.86606991744793 3.5000000000000004 176.50000000000003 11.875000000000002 1.5000000000000002 6.0804022984606485
decision_type=2 2 2 2 2 2 2 2 2 2 2 2 2 2 2 2 2
left_child=1 2 6 5 -5 -4 7 -1 -3 10 -10 12 13 -2 -13 -15 -14
right_child=11 8 3 4 -6 -7 -8 -9 9 -11 -12 14 16 15 -16 -17 -18
leaf_value=-0.013902847133921481 0.05006300334494275 -0.054236599365437468 0.014740328465475606 0.049984495379598461 -0.011379910086320182 -0.02053687959581978 0.051759976249539236 -0.049582158051584752 -0.050102390392275743 -0.052333007422593052 -0.050780896136478473 0.050090816909421867 0.050017602608722747 0.0500413394806071 0.050071871313856486 0.050028990124400319 0.050021539675138837
leaf_weight=0.12530136044369722 0.060243532119785281 0.24241283620358522 3.1154648692463507 2.2438230490661226 2.3781000182498246 3.9367665991303511 0.16948722675442685 0.89993938652332872 0.096078030415810645 0.11511365883052349 0.16691295197233558 0.10259510250762105 0.027998034376651049 0.20116448635235429 0.085461651557125151 0.045291750808246434 0.02332935540471226
leaf_count=21 23 19 383 45 51 396 2 146 73 3 19 21 29 92 23 31 20
internal_value=0.000530797 -0.00147405 0.000977361 0.00429735 0.0184109 -0.00495246 -0.0314635 -0.0452216 -0.0523138 -0.051081 -0.050533 0.0500547 0.0500403 0.0500438 0.0500822 0.0500391 0.0500194
internal_weight=14.0355 13.4894 12.8689 11.6742 4.62192 7.05223 1.19473 1.02524 0.620517 0.378105 0.262991 0.546084 0.358027 0.3067 0.188057 0.246456 0.0513274
internal_count=1397 1158 1044 875 96 779 169 167 114 95 92 239 195 146 44 123 49
is_linear=0
shrinkage=0.05


Tree=161
num_leaves=15
num_cat=0
split_feature=11 12 12 10 12 14 13 12 0 9 8 5 2 10
split_gain=0.553083 0.5834 1.1689 0.849981 1.20613 0.734512 0.595274 0.66978 1.11497 0.658024 2.23272e-05 4.19554e-06 6.63005e-07 1.38267e-08
threshold=1.5000000000000002 202.602632756632 190.69497060004053 241.87500000000003 60.460987056921304 1.0000000180025095e-35 1.0000000180025095e-35 471.83981681679978 22.500000000000004 0.37575075260126561 169.07267063741321 0.36361356237587278 3.892045454545455 2131.0000000000005
decision_type=2 2 2 2 2 2 2 2 2 2 2 2 2 2
left_child=1 2 3 5 -5 -1 7 9 -9 -3 11 -2 -13 -14
right_child=10 6 -4 4 -6 -7 -8 8 -10 -11 -12 12 13 -15
leaf_value=-0.029744801117653777 0.050547300948197371 -0.061854430980572528 0.044193858648008226 -0.013537234819845959 0.046475740593482487 0.051783476277333089 0.056061840088130414 -0.041622175255759605 0.039446003995256898 -0.014799359256677486 0.050993242067188999 0.050210241348381861 0.050034053901157727 0.050073242898041263
leaf_weight=2.7865397043642575 0.091637311503291907 1.1795164141221897 1.6691402574069796 1.7819829819491135 1.57916849758476 0.30666616017697368 0.28255628515034903 0.71814992118743237 1.0359572097077032 2.007419869187288 0.13572604209184647 0.21304384991526604 0.054667226737365127 0.038260009256191552
leaf_count=420 7 172 20 149 67 20 3 126 23 303 5 34 36 12
internal_value=0.00051001 -0.00148512 0.00689738 -0.00274774 0.0146586 -0.0216619 -0.0145212 -0.0185575 0.00625584 -0.0322149 0.0504395 0.0502505 0.0501616 0.0500502
internal_weight=13.8804 13.3471 8.1235 6.45436 3.36115 3.09321 5.2236 4.94104 1.75411 3.18694 0.533334 0.397608 0.305971 0.0929272
internal_count=1397 1303 676 656 216 440 627 624 149 475 94 89 82 48
is_linear=0
shrinkage=0.05


Tree=162
num_leaves=13
num_cat=0
split_feature=15 16 6 9 12 5 10 0 12 12 10 10
split_gain=0.552545 0.525045 0.5442 0.775113 0.665672 0.0518907 1.52703e-05 1.40801e-06 6.29739e-08 6.12024e-08 1.61332e-08 1.88788e-09
threshold=3.5000000000000004 1.0000000180025095e-35 0.37500000000000006 0.226368529703219 202.602632756632 0.33503401360544222 97.500000000000014 2.5000000000000004 171.54074674460071 29.626520114994218 241.87500000000003 775.00000000000011
decision_type=2 2 2 2 2 2 2 2 2 2 2 2
left_child=1 2 3 5 -5 -1 -2 -8 10 -9 -4 -10
right_child=6 -3 8 4 -6 -7 7 9 11 -11 -12 -13
leaf_value=-0.017987114692430761 0.050802155021200494 0.051621002758414559 0.050062820956189781 0.0083259959144540239 -0.016386316663853959 -0.052993937108240977 0.050343480395489394 0.050022927738086344 0.050086306686006048 0.050119544608728396 0.050036038573590381 0.050075926837935929
leaf_weight=0.12117495440179027 0.33220824552700001 0.44888041645754206 0.077421496622265162 6.6907072453759593 4.5975806007627398 0.83746718874317594 0.12880545062944293 0.040345341200008988 0.093871230026707053 0.027606380288489163 0.20542303030379117 0.082134866970591247
leaf_count=25 22 19 24 439 480 169 17 39 20 10 111 22
internal_value=0.000490596 -0.00152418 -0.00340174 -0.00540469 -0.00173902 -0.048569 0.0505954 0.0502463 0.050058 0.0500622 0.0500434 0.0500815
internal_weight=13.6836 13.1547 12.7058 12.2469 11.2883 0.958642 0.528965 0.196757 0.458851 0.0679517 0.282845 0.176006
internal_count=1397 1309 1290 1113 919 194 88 66 177 49 135 42
is_linear=0
shrinkage=0.05


Tree=163
num_leaves=9
num_cat=0
split_feature=5 1 10 1 8 12 12 5
split_gain=0.525086 0.50648 0.563058 0.572208 0.706476 0.0487839 0.00191131 3.16979e-05
threshold=0.27473146121193576 7.5000000000000009 2212.5000000000005 6.5000000000000009 130.1619238333565 257.83644787242486 454.20023016748848 0.50483619880497244
decision_type=2 2 2 2 2 2 2 2
left_child=6 2 3 4 -2 7 -1 -3
right_child=1 5 -4 -5 -6 -7 -8 -9
leaf_value=-0.049758691013463301 0.002230199439856975 0.051005693745472515 -0.045199827464825301 0.037026555571549671 -0.049433432849803879 0.026005884777567229 -0.056342787804215325 0.050189379199614394
leaf_weight=0.26018160002422597 9.8425415891688228 0.24812064273282963 0.65928176569286812 1.0763898021541543 0.70940210277331139 0.34882363583892584 0.19124494594871067 0.22837742266710848
leaf_count=35 1166 10 19 9 103 11 14 30
internal_value=0.000472254 0.00229753 -0.000249175 0.00229935 -0.00124312 0.0402136 -0.052548 0.0506144
internal_weight=13.5644 13.1129 12.2876 11.6283 10.5519 0.825322 0.451427 0.476498
internal_count=1397 1348 1297 1278 1269 51 49 40
is_linear=0
shrinkage=0.05


Tree=164
num_leaves=16
num_cat=0
split_feature=15 6 3 0 15 9 2 5 10 0 12 12 10 11 10
split_gain=0.525182 0.499896 0.588038 0.61176 1.18283 0.969782 0.000687766 0.000240503 1.30876e-05 1.20676e-06 5.71285e-08 5.23865e-08 9.79807e-09 1.83457e-09 1.14239e-09
threshold=3.5000000000000004 0.37500000000000006 5.5000000000000009 18.500000000000004 1.0000000180025095e-35 0.3865618489961144 3.8257575757575757 0.61407126975542337 97.500000000000014 2.5000000000000004 171.54074674460071 29.626520114994218 202.00000000000003 1.5000000000000002 775.00000000000011
decision_type=2 2 2 2 2 2 2 2 2 2 2 2 2 2 2
left_child=1 2 3 4 -1 -5 -4 -8 -2 -10 12 -11 -3 -14 -12
right_child=8 10 6 5 -6 -7 7 -9 9 11 14 -13 13 -15 -16
leaf_value=-0.050320441639644532 0.050761038244453049 0.050057428200705016 -0.056102784643759757 -0.0068454749139305439 3.9195792691608859e-05 0.044517408779872453 -0.050741424883915226 -0.053079644991454122 0.050325708225144594 0.050021797718184761 0.050080930234547183 0.05011346287376444 0.05003758221679188 0.050025687628500161 0.050072737164815931
leaf_weight=1.4070034606847857 0.31556206138338971 0.065843816148117962 0.10062582278624255 2.0809269985184069 6.8072119625285268 1.6458618760807437 0.31439888771274127 0.16913581523112953 0.12306177360005677 0.038466340280137956 0.091878077480942011 0.026204737136140466 0.17726826982107013 0.039672103826887906 0.079239847371354699
leaf_count=786 22 27 2 16 143 60 86 26 17 39 21 10 89 31 22
internal_value=0.000451168 -0.00149209 -0.0033601 -0.000963876 -0.00858685 0.0158379 -0.052342 -0.0515593 0.0505644 0.0502338 0.0500543 0.0500589 0.0500405 0.0500354 0.0500771
internal_weight=13.4824 12.9791 12.5252 11.941 8.21422 3.72679 0.584161 0.483535 0.503295 0.187733 0.453902 0.0646711 0.282784 0.21694 0.171118
internal_count=1397 1309 1119 1005 929 76 114 112 88 66 190 49 147 120 43
is_linear=0
shrinkage=0.05


Tree=165
num_leaves=12
num_cat=0
split_feature=11 14 16 9 12 6 8 5 5 2 10
split_gain=0.505402 0.537732 0.573597 0.523199 0.657253 0.349797 1.90798e-05 4.45846e-06 1.83037e-06 4.76055e-07 1.04776e-08
threshold=1.5000000000000002 1.0000000180025095e-35 1.0000000180025095e-35 0.226368529703219 202.602632756632 0.37500000000000006 169.07267063741321 0.33503401360544222 0.50483619880497244 3.892045454545455 2131.0000000000005
decision_type=2 2 2 2 2 2 2 2 2 2 2
left_child=1 2 3 5 -5 -1 7 -2 -4 -9 -11
right_child=6 -3 8 4 -6 -7 -8 9 -10 10 -12
leaf_value=-0.051064592404433153 0.050570700776380012 0.05142426262314112 0.051533949602761933 0.0075850089095587511 -0.017434557453043644 0.050047627829069768 0.050947390127457685 0.050187319273058056 0.051334106576504293 0.050029384763231988 0.050065522242481446
leaf_weight=0.86167309051961183 0.078855841653422298 0.46315468411194238 0.22785464301705438 6.5345870273304154 4.3872150444076397 0.094962739618495107 0.12933276151306927 0.19609993754420429 0.23047110030893236 0.048577096138615161 0.034165092976763844
leaf_count=194 5 28 3 502 494 45 5 35 37 37 12
internal_value=0.000434829 -0.00146735 -0.00345304 -0.00557081 -0.00246518 -0.0410274 0.0504269 0.0502388 0.0514335 0.0501449 0.0500443
internal_weight=13.2869 12.7999 12.3368 11.8784 10.9218 0.956636 0.487031 0.357698 0.458326 0.278842 0.0827422
internal_count=1397 1303 1275 1235 996 239 94 89 40 84 49
is_linear=0
shrinkage=0.05


Tree=166
num_leaves=12
num_cat=0
split_feature=15 13 12 12 10 12 0 10 10 0 12
split_gain=0.493799 0.474828 0.562531 1.14681 1.24424 0.718092 1.07263 0.751761 1.1085e-05 1.02538e-06 3.85179e-08
threshold=3.5000000000000004 1.0000000180025095e-35 202.602632756632 190.69497060004053 241.87500000000003 471.83981681679978 22.500000000000004 2307.5000000000005 97.500000000000014 2.5000000000000004 29.626520114994218
decision_type=2 2 2 2 2 2 2 2 2 2 2
left_child=1 2 3 4 -1 7 -7 -4 -2 -10 -11
right_child=8 -3 5 -5 -6 6 -8 -9 9 10 -12
leaf_value=-0.030606045244677721 0.050723934505684048 0.054576569145785972 -0.040114672878072785 0.04212486762475573 0.015306550929805872 -0.041071057611289805 0.040180365357556126 0.043164226789223326 0.050309313754754115 0.050019838978741987 0.05010201969354916
leaf_weight=2.6388932552072184 0.29950695647858161 0.36720933532342392 2.6662745097419251 1.6520409574732182 3.3475714183296077 0.65946621069451783 1.0576017248677088 0.30164584249723692 0.11510238447226584 0.035161114763468504 0.023983716557268053
leaf_count=393 22 20 462 20 243 126 29 16 17 39 10
internal_value=0.000419571 -0.00145144 -0.00312094 0.00524523 -0.00493218 -0.0167613 0.00897451 -0.0316506 0.0505395 0.0502224 0.0500532
internal_weight=13.1645 12.6907 12.3235 7.63851 5.98646 4.68499 1.71707 2.96792 0.473754 0.174247 0.0591448
internal_count=1397 1309 1289 656 636 633 155 478 88 66 49
is_linear=0
shrinkage=0.05


Tree=167
num_leaves=8
num_cat=0
split_feature=14 16 13 0 15 2 10
split_gain=0.493672 0.519446 0.535974 0.567127 1.99029 1.06379 1.55507e-06
threshold=1.0000000180025095e-35 1.0000000180025095e-35 1.0000000180025095e-35 7.5000000000000009 2.5000000000000004 3.477272727272728 97.500000000000014
decision_type=2 2 2 2 2 2 2
left_child=1 2 3 4 -1 -5 -3
right_child=-2 6 -4 5 -6 -7 -8
leaf_value=-0.051441357001803113 0.051390686071070238 0.051523622421733473 0.053871821443055072 0.054187439248248884 0.0047454053838119027 -0.0042546097988692888 0.05133563569446236
leaf_weight=2.3855110172007645 0.4579731900594205 0.19443916319869536 0.3948082113638528 0.98947847937233735 4.6452864035381936 3.6546043654088862 0.25335522822570056
leaf_count=797 33 14 40 33 93 361 26
internal_value=0.000402852 -0.00146262 -0.00342451 -0.00536209 -0.0143185 0.00819718 0.0514173
internal_weight=12.9755 12.5175 12.0697 11.6749 7.0308 4.64408 0.447794
internal_count=1397 1364 1324 1284 890 394 40
is_linear=0
shrinkage=0.05


Tree=168
num_leaves=16
num_cat=0
split_feature=6 3 14 0 15 9 2 5 10 12 15 10 11 2 12
split_gain=0.475491 0.595629 0.453135 0.517884 1.38019 0.930755 0.00063457 0.000182399 1.82842e-05 7.43493e-08 6.95041e-09 9.52121e-09 1.63098e-09 1.29197e-09 7.01985e-11
threshold=0.37500000000000006 5.5000000000000009 1.0000000180025095e-35 18.500000000000004 1.5000000000000002 0.3865618489961144 3.8257575757575757 0.61407126975542337 2212.5000000000005 161.86606991744793 3.5000000000000004 176.50000000000003 1.5000000000000002 10.875000000000002 6.2958491746412051
decision_type=2 2 2 2 2 2 2 2 2 2 2 2 2 2 2
left_child=1 2 3 4 -1 -5 -3 8 -8 10 11 -2 -13 -11 -12
right_child=9 6 -4 5 -6 -7 7 -9 -10 13 14 12 -14 -15 -16
leaf_value=-0.050398613080487126 0.050056636383634126 -0.055888406804268091 0.051345333444835821 -0.0076322547197256192 0.002290438242271708 0.043958333993519894 -0.050410583748932182 -0.052823108470483472 -0.051217868285550416 0.050080809688961531 0.05001321694109491 0.050034778131701263 0.050022980025709388 0.050072072248630542 0.05001753241174535
leaf_weight=1.5536984241334666 0.052316088171210917 0.097548253135756435 0.42889080173336047 2.0119713777676229 6.213429263792932 1.5460346401669083 0.18472253967775032 0.1570253997342661 0.11307436786592007 0.079112014034762979 0.023193105938844383 0.16751342522911727 0.035501187550835311 0.090943664545193315 0.015872602700255811
leaf_count=816 23 2 23 16 129 60 80 26 6 18 32 92 31 26 17
internal_value=0.000387598 -0.00148669 0.000897905 -0.00101257 -0.00824922 0.014785 -0.052229 -0.0514442 -0.0507171 0.0500498 0.0500346 0.0500376 0.0500327 0.0500761 0.050015
internal_weight=12.7708 12.3064 11.754 11.3251 7.76713 3.55801 0.552371 0.454822 0.297797 0.464452 0.294396 0.255331 0.203015 0.170056 0.0390657
internal_count=1397 1158 1044 1021 945 76 114 112 86 239 195 146 123 44 49
is_linear=0
shrinkage=0.05


Tree=169
num_leaves=10
num_cat=0
split_feature=5 1 10 8 8 10 12 12 5
split_gain=0.470168 0.433552 0.519774 0.496122 0.93118 0.830566 0.0523649 0.0021008 2.09328e-05
threshold=0.27473146121193576 7.5000000000000009 2212.5000000000005 75.032324981730341 75.933171870474553 92.500000000000014 335.77583662375588 486.77743197728017 0.50114152892561992
decision_type=2 2 2 2 2 2 2 2 2
left_child=7 2 3 5 -5 -2 8 -1 -3
right_child=1 6 -4 4 -6 -7 -8 -9 -10
leaf_value=-0.049362386350140397 0.014572860264007469 0.050856993068105788 -0.044318825135179457 0.070868988399693911 0.0056383394453196579 -0.020769104156894636 0.023295262828985804 -0.056628246918441677 0.050161567861343286
leaf_weight=0.23602702122298147 2.8746872307965479 0.22921973769553083 0.63197496635257344 0.65436558937653932 3.3377091226866469 3.9419781779870391 0.29742437391541898 0.1719649649458006 0.20497282932046801
leaf_count=37 396 10 19 3 309 570 9 12 32
internal_value=0.000372397 0.00214205 -0.000244212 0.00233278 0.0163307 -0.00586488 0.0394575 -0.0524249 0.0505287
internal_weight=12.5803 12.1723 11.4407 10.8087 3.99207 6.81667 0.731617 0.407992 0.434193
internal_count=1397 1348 1297 1278 312 966 51 49 42
is_linear=0
shrinkage=0.05


Tree=170
num_leaves=16
num_cat=0
split_feature=6 3 14 0 15 3 2 5 10 12 10 2 11 0 15
split_gain=0.459183 0.558077 0.426768 0.486847 1.30115 0.892563 0.000498308 0.000163726 1.45583e-05 6.68612e-08 6.39732e-09 2.33986e-09 1.5387e-09 1.23486e-09 8.28508e-10
threshold=0.37500000000000006 5.5000000000000009 1.0000000180025095e-35 18.500000000000004 1.5000000000000002 4.5000000000000009 3.8257575757575757 0.61407126975542337 2212.5000000000005 161.86606991744793 192.50000000000003 6.166666666666667 1.5000000000000002 15.500000000000002 3.5000000000000004
decision_type=2 2 2 2 2 2 2 2 2 2 2 2 2 2 2
left_child=1 2 3 4 -1 -5 -3 8 -8 10 -2 14 -13 -11 -12
right_child=9 6 -4 5 -6 -7 7 -9 -10 13 11 12 -14 -15 -16
leaf_value=-0.050374539643640442 0.050047231012748827 -0.055458274550682952 0.051259831935173611 0.056801951266650268 0.0019620428731140006 -0.00069279192612883031 -0.050400081199903184 -0.052727302825414747 -0.051146065389500353 0.050077707067103419 0.050026738721624497 0.050034566379213913 0.050022540573621189 0.050069025724512897 0.050013605628231352
leaf_weight=1.4694625164556727 0.065957675629761847 0.091720217023976924 0.40426616335753429 0.91723503568209741 6.1904662284068763 2.5563358458457515 0.17391064742696472 0.1504605308000464 0.10482221702113748 0.087683926103636622 0.022538587509188801 0.1364391059614718 0.033040141337551177 0.076875638333149254 0.025704736530315131
leaf_count=816 39 2 23 14 129 62 80 26 6 21 17 74 30 23 35
internal_value=0.000356768 -0.00149034 0.000795198 -0.00103721 -0.00807808 0.0144893 -0.052113 -0.0513981 -0.0506806 0.0500483 0.0500336 0.0500295 0.0500322 0.0500737 0.0500197
internal_weight=12.5069 12.0587 11.5378 11.1335 7.65993 3.47357 0.520914 0.429193 0.278733 0.44824 0.28368 0.217723 0.169479 0.16456 0.0482433
internal_count=1397 1158 1044 1021 945 76 114 112 86 239 195 156 104 44 52
is_linear=0
shrinkage=0.05


Tree=171
num_leaves=13
num_cat=0
split_feature=16 11 9 12 12 13 6 12 8 5 2 12
split_gain=0.454935 0.479903 0.534838 0.570393 1.22383 0.523893 0.296845 0.0109617 1.4483e-05 2.62434e-06 3.51233e-07 5.11366e-09
threshold=1.0000000180025095e-35 1.5000000000000002 0.226368529703219 202.602632756632 104.39906590315395 1.0000000180025095e-35 0.37500000000000006 1.6614739013657411 169.07267063741321 0.33503401360544222 3.892045454545455 60.460987056921304
decision_type=2 2 2 2 2 2 2 2 2 2 2 2
left_child=1 2 6 4 -4 -5 7 -1 9 -3 -11 -8
right_child=-2 8 3 5 -6 -7 11 -9 -10 10 -12 -13
leaf_value=0.05004807985278116 0.051339771831137582 0.05048375908288525 -0.011545827035549263 -0.019142145022925786 0.032174414789247541 0.055268461887276771 0.050031347980435674 -0.050989428106922689 0.050859142433897088 0.050171153869305443 0.050039496523561849 0.050057012791938305
leaf_weight=0.0026936864014687192 0.4223426484968521 0.067962602479384127 3.4006955823278968 3.9408264593221247 3.0239953573327512 0.25164971873164166 0.048310086247511208 0.78073569526895881 0.11805694829672575 0.17233635322190821 0.071747477690223604 0.032442469033412635
leaf_count=1 40 5 390 499 131 3 32 194 5 35 49 13
internal_value=0.000342569 -0.00146563 -0.0034081 -0.000329291 0.00903256 -0.0146757 -0.0412337 -0.050642 0.0503874 0.050209 0.0501325 0.0500417
internal_weight=12.3338 11.9115 11.4813 10.6172 6.42469 4.19248 0.864182 0.783429 0.430103 0.312046 0.244084 0.0807526
internal_count=1397 1357 1263 1023 521 502 240 195 94 89 84 45
is_linear=0
shrinkage=0.05


Tree=172
num_leaves=12
num_cat=0
split_feature=15 16 10 10 10 12 14 15 10 0 12
split_gain=0.450318 0.435345 0.497679 0.780829 1.44751 0.772223 0.400403 0.000117822 8.84516e-06 7.99143e-07 3.00578e-08
threshold=3.5000000000000004 1.0000000180025095e-35 87.500000000000014 92.500000000000014 182.50000000000003 193.11295995963548 1.0000000180025095e-35 1.5000000000000002 97.500000000000014 2.5000000000000004 29.626520114994218
decision_type=2 2 2 2 2 2 2 2 2 2 2
left_child=1 2 6 5 -5 -4 7 -1 -2 -10 -11
right_child=8 -3 3 4 -6 -7 -8 -9 9 10 -12
leaf_value=-0.050197210730077747 0.05068691516325026 0.051356041941859457 0.054127175820734647 -0.049204717405563751 0.0034956386504820152 -0.027415476945197376 0.050625451822004425 -0.051474972479261874 0.050293180310314038 0.050016322357603997 0.050094759044445991
leaf_weight=0.27490923265577016 0.27731755457352925 0.37703207397135052 1.1225961903692212 1.5810730370285435 7.4076947691937676 0.39163548985379737 0.11020203912630677 0.52485912386327982 0.10393006762024015 0.02862301332061179 0.021305563976056874
leaf_count=242 22 19 46 318 596 57 6 25 17 39 10
internal_value=0.000329906 -0.00150555 -0.00325185 -0.000178572 -0.00577405 0.0330373 -0.0387241 -0.0510358 0.0505182 0.0502142 0.0500498
internal_weight=12.2212 11.79 11.413 10.503 8.98877 1.51423 0.90997 0.799768 0.431176 0.153859 0.0499286
internal_count=1397 1309 1290 1017 914 103 273 267 88 66 49
is_linear=0
shrinkage=0.05


Tree=173
num_leaves=17
num_cat=0
split_feature=6 3 14 0 15 9 2 5 10 12 10 0 0 2 11 15
split_gain=0.430806 0.526444 0.393733 0.471591 1.19405 0.886138 0.00048242 0.000134704 1.18818e-05 5.65769e-08 8.8326e-09 4.91813e-09 2.03296e-09 1.6874e-09 1.3369e-09 7.76499e-10
threshold=0.37500000000000006 5.5000000000000009 1.0000000180025095e-35 18.500000000000004 1.5000000000000002 0.3865618489961144 3.8257575757575757 0.61407126975542337 2212.5000000000005 171.54074674460071 195.50000000000003 3.5000000000000004 15.500000000000002 6.166666666666667 1.5000000000000002 3.5000000000000004
decision_type=2 2 2 2 2 2 2 2 2 2 2 2 2 2 2 2
left_child=1 2 3 4 -1 -5 -3 8 -8 10 11 -2 -11 15 -15 -12
right_child=9 6 -4 5 -6 -7 7 -9 -10 12 13 -13 -14 14 -16 -17
leaf_value=-0.050360224207355968 0.050033282669675688 -0.055356425821645905 0.0511195927406915 -0.0076825045194335835 0.0014648479517153385 0.043657623817842356 -0.050376531710168065 -0.052554578546168032 -0.051072307482729035 0.05007631924786296 0.050025495171320405 0.05005999866318378 0.050064748976057574 0.050032106187765393 0.050020319330112764 0.0500120731982895
leaf_weight=1.3639943013549727 0.031070568948053601 0.090188125963323595 0.37495804356876838 1.9622092759236696 6.0024737402563915 1.4702284382656214 0.16300877014873549 0.14129673637216911 0.098399323411285877 0.081669158069416881 0.021140231983736157 0.038661856204271317 0.070944169536232948 0.12500269548036158 0.029790299420710653 0.021979142009513453
leaf_count=816 27 2 23 16 129 60 80 26 6 20 17 15 23 73 30 34
internal_value=0.000310936 -0.00148064 0.000750086 -0.000998837 -0.00813122 0.0143082 -0.052051 -0.0513108 -0.0506384 0.0500466 0.0500328 0.0500481 0.0500709 0.0500274 0.0500298 0.0500187
internal_weight=12.087 11.6668 11.1739 10.7989 7.36647 3.43244 0.492893 0.402705 0.261408 0.420258 0.267645 0.0697324 0.152613 0.197912 0.154793 0.0431194
internal_count=1397 1158 1044 1021 945 76 114 112 86 239 196 42 43 154 103 51
is_linear=0
shrinkage=0.05


Tree=174
num_leaves=16
num_cat=0
split_feature=4 0 12 12 15 2 9 13 9 16 15 2 12 5 12
split_gain=0.440791 0.58182 0.787631 1.34387 1.23929 0.693014 0.736135 0.564086 0.512174 0.506463 0.561982 0.452511 0.126163 0.0881946 0.0885035
threshold=3.5000000000000004 17.500000000000004 101.41299434534723 193.11295995963548 2.5000000000000004 3.5634920634920646 0.37575075260126561 1.0000000180025095e-35 0.43356037722939084 1.0000000180025095e-35 3.5000000000000004 3.8452380952380958 320.30120770576394 0.276184854106932 246.89188814116901
decision_type=2 2 2 2 2 2 2 2 2 2 2 2 2 2 2
left_child=1 2 9 4 -4 -3 11 -5 13 10 -1 -7 -8 14 -2
right_child=8 5 3 7 -6 6 12 -9 -10 -11 -12 -13 -14 -15 -16
leaf_value=-0.042726513382370351 0.0045140624974348061 0.055806046005454246 -0.024023207052820947 -0.020736156680408672 0.057210213909394569 -0.064749172336791311 0.016616222557799157 0.054430779037710743 0.011694610519124168 0.051417478332265634 0.050653692628853747 0.015581397233955407 0.05314642624335536 -0.063220665107096771 -0.054868825532334776
leaf_weight=1.9249590876279388 0.11629596818238563 1.035571172134951 0.64273846460855599 2.9166447225143206 1.7420208995463324 0.45225501991808392 0.53264898888301104 0.27295026602223504 0.52084830839885399 0.18484551002620708 0.17583927686791856 0.28628430742537603 0.42490428144810721 0.54957727872533724 0.13626181284780614
leaf_count=350 16 27 130 541 25 5 43 4 18 27 45 106 14 20 26
internal_value=0.00029866 0.00369758 -0.00321094 0.00692415 0.0353162 0.0235759 0.00389739 -0.0143037 -0.0269127 -0.0279289 -0.0349105 -0.0336102 0.0328261 -0.0519815 -0.0275246
internal_weight=11.9146 10.5917 7.86 5.57435 2.38476 2.73166 1.69609 3.18959 1.32298 2.28564 2.1008 0.738539 0.957553 0.802135 0.252558
internal_count=1397 1317 1122 700 155 195 168 545 80 422 395 111 57 62 42
is_linear=0
shrinkage=0.05


Tree=175
num_leaves=12
num_cat=0
split_feature=5 1 8 12 8 12 10 10 12 5 5
split_gain=0.423879 0.391779 0.455322 1.37694 0.71652 0.698592 0.622683 0.0785656 0.0460786 0.00232302 1.54785e-05
threshold=0.27473146121193576 7.5000000000000009 130.1619238333565 471.83981681679978 75.032324981730341 41.263236839247689 92.500000000000014 1932.5000000000002 335.77583662375588 0.22096938775510197 0.50114152892561992
decision_type=2 2 2 2 2 2 2 2 2 2 2
left_child=9 2 4 7 6 -6 -2 -4 10 -1 -3
right_child=1 8 3 -5 5 -7 -8 -9 -10 -11 -12
leaf_value=-0.057134858796996049 0.013409586927957923 0.050780271130929672 -0.039989153294680571 0.046028828266464955 -0.040960745606360878 0.036135366024155756 -0.018113294224093898 -0.066472028265300895 0.023638562347861339 -0.049077648703587856 0.050146666045354261
leaf_weight=0.1515067337604713 2.6978811243025067 0.20707736816257316 0.50120875684660926 0.48257439435110416 0.33746937534306232 2.2723298929922748 3.7359708600852173 0.63469504512613639 0.27207691979128867 0.21843823135714047 0.18032998917624354
leaf_count=12 396 10 85 20 58 149 572 17 9 37 32
internal_value=0.000289808 0.00201076 -0.000302457 -0.024727 0.00406862 0.0261662 -0.00489493 -0.0547867 0.0394094 -0.0523774 0.0504853
internal_weight=11.6916 11.3216 10.6621 1.61848 9.04365 2.6098 6.43385 1.1359 0.659484 0.369945 0.387407
internal_count=1397 1348 1297 122 1175 207 968 102 51 49 42
is_linear=0
shrinkage=0.05


Tree=176
num_leaves=16
num_cat=0
split_feature=6 3 14 0 15 5 2 5 10 12 10 15 0 2 11
split_gain=0.420321 0.498236 0.379001 0.4314 1.09621 0.786722 0.000393701 0.000136864 9.38439e-06 4.87998e-08 9.89729e-09 4.86095e-09 3.16365e-09 1.55153e-09 1.1531e-09
threshold=0.37500000000000006 5.5000000000000009 1.0000000180025095e-35 18.500000000000004 1.5000000000000002 0.3411111111111112 3.8257575757575757 0.61407126975542337 2212.5000000000005 171.54074674460071 195.50000000000003 1.0000000180025095e-35 15.500000000000002 4.8452380952380958 1.5000000000000002
decision_type=2 2 2 2 2 2 2 2 2 2 2 2 2 2 2
left_child=1 2 3 4 -1 -5 -3 8 -8 10 11 -2 -11 -12 -15
right_child=9 6 -4 5 -6 -7 7 -9 -10 12 13 -13 -14 14 -16
leaf_value=-0.050329866244146676 0.050063657563007381 -0.055069535757453318 0.051079591465335819 -0.02180426452272086 0.0011262602059309097 0.031283432438441637 -0.050372598270463857 -0.052584950133143363 -0.051010356056871466 0.050075489207075823 0.050016674500543812 0.05003694249245947 0.05006076315985062 0.050030952812903796 0.050019956438569019
leaf_weight=1.2561113726987914 0.031407005852089109 0.085977223934606495 0.36021804576739747 1.0296933832578363 5.8812451303238049 2.165569064207375 0.15159490368387196 0.13788909293361939 0.093108723871409893 0.08067547797691077 0.030281108163762838 0.037190121773164719 0.066563934436999261 0.13412228692322969 0.028993813262786716
leaf_count=816 9 2 23 9 129 67 80 26 6 20 39 33 23 85 30
internal_value=0.000277209 -0.00154756 0.000663847 -0.00109376 -0.00792956 0.0141756 -0.0520122 -0.0513252 -0.0506153 0.0500458 0.0500329 0.0500492 0.0500688 0.0500271 0.050029
internal_weight=11.5706 11.1614 10.6928 10.3326 7.13736 3.19526 0.46857 0.382593 0.244704 0.409234 0.261994 0.0685971 0.147239 0.193397 0.163116
internal_count=1397 1158 1044 1021 945 76 114 112 86 239 196 42 43 154 115
is_linear=0
shrinkage=0.05


Tree=177
num_leaves=12
num_cat=0
split_feature=15 16 10 10 10 12 14 15 10 0 12
split_gain=0.408999 0.402945 0.463319 0.659561 1.30218 0.663589 0.349667 0.000104186 6.34329e-06 5.8068e-07 2.37153e-08
threshold=3.5000000000000004 1.0000000180025095e-35 87.500000000000014 92.500000000000014 182.50000000000003 193.11295995963548 1.0000000180025095e-35 2.5000000000000004 97.500000000000014 2.5000000000000004 29.626520114994218
decision_type=2 2 2 2 2 2 2 2 2 2 2
left_child=1 2 6 5 -5 -4 7 -1 -2 -10 -11
right_child=8 -3 3 4 -6 -7 -8 -9 9 10 -12
leaf_value=-0.050432806230160956 0.050620807641851055 0.051240259653865562 0.050018419050450381 -0.048495924105898522 0.0034187013709788281 -0.027494426231091631 0.050544705780445613 -0.051627723803311709 0.050268254019983194 0.050013620990393082 0.050088757174129188
leaf_weight=0.36769429984269386 0.25328308367170471 0.35036823127302419 1.1038052930380207 1.4640710471285254 6.9035103114292724 0.36822784147807386 0.095866380375809968 0.36203120835125446 0.095740652410313487 0.024007525440538302 0.018668360426090658
leaf_count=251 22 19 46 318 596 57 6 16 17 39 10
internal_value=0.000264711 -0.0015206 -0.00325387 -0.000235177 -0.00566477 0.0306286 -0.0392314 -0.0510256 0.0504721 0.0501999 0.0500465
internal_weight=11.4073 11.0156 10.6652 9.83961 8.36758 1.47203 0.825592 0.729726 0.3917 0.138417 0.0426759
internal_count=1397 1309 1290 1017 914 103 273 267 88 66 49
is_linear=0
shrinkage=0.05


Tree=178
num_leaves=16
num_cat=0
split_feature=6 3 16 9 8 5 2 5 10 12 10 0 0 2 11
split_gain=0.399518 0.474464 0.357218 0.572452 0.559763 0.0493205 0.000339164 0.00011879 8.14238e-06 4.0427e-08 1.11201e-08 4.41927e-09 2.97891e-09 1.32407e-09 9.83865e-10
threshold=0.37500000000000006 5.5000000000000009 1.5000000000000002 0.226368529703219 29.020304263478014 0.33503401360544222 3.8257575757575757 0.61407126975542337 2212.5000000000005 171.54074674460071 195.50000000000003 7.5000000000000009 15.500000000000002 4.8452380952380958 1.5000000000000002
decision_type=2 2 2 2 2 2 2 2 2 2 2 2 2 2 2
left_child=1 2 3 5 -5 -1 -3 8 -8 10 11 -2 -11 -12 -15
right_child=9 6 -4 4 -6 -7 7 -9 -10 12 13 -13 -14 14 -16
leaf_value=-0.0078556034726359296 0.050037491666047797 -0.05481501816796365 0.051163301129769259 -0.01218321248454796 0.012574662930748701 -0.048726887938247837 -0.050355731173150932 -0.05246402109075618 -0.050963596222171337 0.050072257218522112 0.050015663070023433 0.050063322100171739 0.050057599420924609 0.050029351856628115 0.05001891849289837
leaf_weight=0.083478122367519059 0.035421529348241942 0.082410199334845724 0.33841365296393711 3.9195981145312526 5.4680537132080644 0.63750470892409794 0.14473902888130397 0.1318722018331755 0.0889446628279984 0.076904495595954359 0.027915341051993892 0.031094839563593268 0.063105621142312884 0.12699637238983996 0.02748623484512791
leaf_count=21 33 2 12 616 249 146 80 26 6 20 39 9 23 85 30
internal_value=0.000248739 -0.00152883 0.000631815 -0.00105986 0.00223758 -0.0439947 -0.0519174 -0.0512642 -0.0505871 0.0500442 0.0500321 0.0500496 0.0500657 0.0500257 0.0500275
internal_weight=11.2839 10.895 10.447 10.1086 9.38765 0.720983 0.447966 0.365556 0.233684 0.388924 0.248914 0.0665164 0.14001 0.182398 0.154483
internal_count=1397 1158 1044 1032 865 167 114 112 86 239 196 42 43 154 115
is_linear=0
shrinkage=0.05


Tree=179
num_leaves=16
num_cat=0
split_feature=15 6 3 12 12 1 2 5 10 0 12 12 10 0 9
split_gain=0.391762 0.377235 0.420809 0.39963 0.811041 0.51736 0.000289462 0.000102076 5.56974e-06 5.06159e-07 2.8193e-08 2.13842e-08 1.16433e-08 2.56332e-09 8.60516e-10
threshold=3.5000000000000004 0.37500000000000006 5.5000000000000009 63.304889161608806 205.44407638378473 7.5000000000000009 3.8257575757575757 0.61407126975542337 97.500000000000014 2.5000000000000004 171.54074674460071 29.626520114994218 202.00000000000003 15.500000000000002 0.1866524185541665
decision_type=2 2 2 2 2 2 2 2 2 2 2 2 2 2 2
left_child=1 2 3 5 -5 -1 -4 -8 -2 -10 12 -11 -3 -12 -14
right_child=8 10 6 4 -6 -7 7 -9 9 11 13 -13 14 -15 -16
leaf_value=-0.028961680997604884 0.050599043600914731 0.050052958611059031 -0.054558831969381549 0.018985534084286163 -0.013136167200049446 0.050430449651936854 -0.050558339311903039 -0.052340772649461034 0.050259552454768736 0.050012609504469042 0.050068728213433257 0.050086699541504999 0.050020145890537576 0.050054787498402302 0.050028415666913365
leaf_weight=1.8965490708360397 0.2432408941676848 0.054424711037427964 0.078749783220701697 4.2254668298119213 3.6735241114802193 0.23009599593933661 0.22241004167881329 0.12572864274261519 0.092632686020806432 0.021848695585504174 0.073158844839781523 0.017571320757269859 0.043705967895220965 0.060031210537999868 0.1122375707491301
leaf_count=241 22 27 2 232 500 32 86 26 17 39 20 10 41 23 79
internal_value=0.000237287 -0.00150846 -0.00320292 -0.00113276 0.00404694 -0.0203717 -0.0518213 -0.0512021 0.0504571 0.0501957 0.0500444 0.0500456 0.050033 0.0500624 0.0500261
internal_weight=11.1714 10.7961 10.4525 10.0256 7.89899 2.12665 0.426888 0.348139 0.375294 0.132053 0.343558 0.03942 0.210368 0.13319 0.155944
internal_count=1397 1309 1119 1005 732 273 114 112 88 66 190 49 147 43 120
is_linear=0
shrinkage=0.05


Tree=180
num_leaves=15
num_cat=0
split_feature=11 4 9 5 9 13 8 5 12 5 8 5 2 10
split_gain=0.38842 0.400835 0.562569 0.457939 0.631113 0.662631 0.504552 0.178631 0.00523741 0.000201374 9.10466e-06 2.66625e-06 2.51644e-07 5.01841e-09
threshold=1.5000000000000002 3.5000000000000004 0.43356037722939084 0.35448595041322312 0.39252326235476548 1.0000000180025095e-35 29.020304263478014 0.33806054085774367 35.199762491666675 0.31542555747789319 169.07267063741321 0.33503401360544222 3.892045454545455 2131.0000000000005
decision_type=2 2 2 2 2 2 2 2 2 2 2 2 2 2
left_child=1 3 8 7 5 -5 -6 -1 -3 -10 11 -2 -13 -14
right_child=10 2 -4 4 6 -7 -8 -9 9 -11 -12 12 13 -15
leaf_value=0.014841530710890128 0.050488825318046986 -0.062940006370035759 0.011924298357244359 -0.033520673090238824 -0.0034354400003289501 0.05418586354592575 0.029476007890483949 0.05104578258425066 -0.053029483486544848 -0.055601199684148762 0.050762812387917924 0.050156948001121221 0.050020104810847288 0.050050155048150038
leaf_weight=1.0281520761491254 0.06565124471671957 0.36066159809706622 0.48178124311380088 2.1255239694874022 4.0070449090562761 0.23963001847732801 1.6416257680393753 0.50955788735882368 0.1826004952454241 0.1305353129573632 0.1038136841962114 0.1471019969903864 0.03241101378807798 0.024317502160556614
leaf_count=46 5 8 17 340 726 15 84 16 45 6 5 35 37 12
internal_value=0.000228606 -0.00151936 -0.0293327 0.0018456 -0.00295013 -0.0246345 0.00612934 0.0268387 -0.0588325 -0.0541015 0.050365 0.0502117 0.0501224 0.050033
internal_weight=11.0804 10.7071 1.15558 9.55153 8.01382 2.36515 5.64867 1.53771 0.673797 0.313136 0.373295 0.269482 0.203831 0.0567285
internal_count=1397 1303 76 1227 1165 355 810 62 59 51 94 89 84 49
is_linear=0
shrinkage=0.05


Tree=181
num_leaves=11
num_cat=0
split_feature=5 1 8 12 8 12 10 10 12 12
split_gain=0.375354 0.352247 0.412533 1.20136 0.671628 0.599204 0.572592 0.075899 0.0370009 1.06034e-06
threshold=0.25129757785467138 7.5000000000000009 130.1619238333565 471.83981681679978 75.032324981730341 41.263236839247689 92.500000000000014 1932.5000000000002 335.77583662375588 15.937821291053242
decision_type=2 2 2 2 2 2 2 2 2 2
left_child=-1 2 4 7 6 -6 -2 -4 9 -3
right_child=1 8 3 -5 5 -7 -8 -9 -10 -11
leaf_value=-0.054929033945659934 0.012888615905933376 0.050546178811344517 -0.037985086936252778 0.045017499317656556 -0.039963007039323303 0.035160787007758244 -0.018088884576992613 -0.06496280560015634 0.024840315693732067 0.050366159726716264
leaf_weight=0.30008103427826505 2.5774020341632369 0.14084788318723518 0.45865305331244666 0.43881702939688683 0.30272965229232829 2.1546464382408885 3.5414341510331724 0.60411531952559017 0.24336948012933135 0.19511174492072314
leaf_count=34 396 19 89 22 58 155 575 17 9 23
internal_value=0.000220461 0.00177335 -0.000406133 -0.0245824 0.00382682 0.0259061 -0.00504041 -0.0533202 0.0396868 0.0504416
internal_weight=10.9572 10.6571 10.0778 1.50159 8.57621 2.45738 6.11884 1.06277 0.579329 0.33596
internal_count=1397 1363 1312 128 1184 213 971 106 51 42
is_linear=0
shrinkage=0.05


Tree=182
num_leaves=12
num_cat=0
split_feature=15 16 10 10 10 12 14 15 10 0 12
split_gain=0.37044 0.367117 0.432067 0.586926 1.19559 0.576171 0.334036 9.22098e-05 4.57587e-06 4.61804e-07 1.62204e-08
threshold=3.5000000000000004 1.0000000180025095e-35 87.500000000000014 92.500000000000014 161.25000000000003 193.11295995963548 1.0000000180025095e-35 2.5000000000000004 97.500000000000014 2.5000000000000004 29.626520114994218
decision_type=2 2 2 2 2 2 2 2 2 2 2
left_child=1 2 6 5 -5 -4 7 -1 -2 -10 -11
right_child=8 -3 3 4 -6 -7 -8 -9 9 10 -12
leaf_value=-0.050395290891057813 0.050564287548130631 0.051131684199067898 0.046737212908825071 -0.055323322136498758 0.0020136700895484936 -0.025964649617040994 0.05052711161397018 -0.051555064112998109 0.050251203695251406 0.050012245935998928 0.050078711830477178
leaf_weight=0.34313396188372003 0.22937943058786991 0.3212974027264871 1.1072565651847961 1.0477509754855416 6.8749035770451883 0.36149315976945207 0.091925407410599291 0.34240417554974556 0.088506458792835474 0.020923329808283597 0.01635367248672992
leaf_count=251 22 19 46 236 678 57 6 16 17 39 10
internal_value=0.000210443 -0.00148988 -0.00315252 -0.000187111 -0.005569 0.0288436 -0.0389732 -0.0509746 0.0504314 0.050189 0.0500414
internal_weight=10.8453 10.4902 10.1689 9.3914 7.92265 1.46875 0.777464 0.685538 0.355163 0.125783 0.037277
internal_count=1397 1309 1290 1017 914 103 273 267 88 66 49
is_linear=0
shrinkage=0.05


Tree=183
num_leaves=17
num_cat=0
split_feature=6 3 14 8 10 9 2 5 0 12 10 0 0 11 2 7
split_gain=0.368512 0.427467 0.347169 0.406195 1.03076 0.790281 0.000248714 0.000101716 5.69552e-06 3.07166e-08 9.6842e-09 3.26477e-09 2.30928e-09 1.19499e-09 1.11832e-09 2.03006e-10
threshold=0.37500000000000006 5.5000000000000009 1.0000000180025095e-35 29.020304263478014 92.500000000000014 0.39252326235476548 3.8257575757575757 0.61407126975542337 27.500000000000004 171.54074674460071 195.50000000000003 7.5000000000000009 15.500000000000002 1.5000000000000002 6.166666666666667 0.40625000000000006
decision_type=2 2 2 2 2 2 2 2 2 2 2 2 2 2 2 2
left_child=1 2 3 4 -1 -5 -3 8 -8 10 11 -2 -11 14 -12 -15
right_child=9 6 -4 5 -6 -7 7 -9 -10 12 13 -13 -14 15 -16 -17
leaf_value=0.0068848025450267067 0.050036466741197105 -0.054382722225355333 0.050955079858065036 -0.0059805327330397194 -0.047561522714591721 0.032616060327720235 -0.05017649049394235 -0.052356663020628073 -0.050727211815688435 0.050066947465812986 0.050017293630898234 0.050059522669622915 0.050053471148295316 0.050019311927143428 0.050028426848303331 0.050011049041503587
leaf_weight=2.2301760239060919 0.032481923350133779 0.075956189655699613 0.32994862203486341 3.9994576359749772 1.4245451166934797 1.9842270208173429 0.071451476513175294 0.12191665967111476 0.13689221278764307 0.071088546770624816 0.028366742801154032 0.029118562815710902 0.057502316893078387 0.014584522170480341 0.11011845769826323 0.015160064853262156
leaf_count=359 33 2 23 307 248 107 66 26 20 20 39 9 23 16 73 26
internal_value=0.000196106 -0.00152595 0.000522867 -0.00120356 -0.0143374 0.00681834 -0.0518029 -0.0512096 -0.0505383 0.0500414 0.0500304 0.0500474 0.0500609 0.0500242 0.0500261 0.0500151
internal_weight=10.733 10.3746 9.96835 9.63841 3.65472 5.98368 0.406217 0.33026 0.208344 0.358421 0.22983 0.0616005 0.128591 0.16823 0.138485 0.0297446
internal_count=1397 1158 1044 1021 607 414 114 112 86 239 196 42 43 154 112 42
is_linear=0
shrinkage=0.05


Tree=184
num_leaves=16
num_cat=0
split_feature=11 12 12 10 12 16 5 5 13 2 8 8 5 2 10
split_gain=0.359671 0.390715 0.864154 0.712699 0.924876 0.487986 0.415658 0.763324 0.452901 0.000595499 0.000352337 6.71031e-06 2.06495e-06 2.27601e-07 3.9711e-09
threshold=1.5000000000000002 202.602632756632 190.69497060004053 241.87500000000003 63.304889161608806 1.0000000180025095e-35 0.34816732412886259 0.35448595041322312 1.0000000180025095e-35 3.7207792207792205 161.84806271821762 169.07267063741321 0.33503401360544222 3.892045454545455 2131.0000000000005
decision_type=2 2 2 2 2 2 2 2 2 2 2 2 2 2 2
left_child=1 2 3 5 -5 -1 9 -8 -9 -3 -11 12 -2 -14 -15
right_child=11 6 -4 4 -6 -7 7 8 -10 10 -12 -13 13 14 -16
leaf_value=-0.031909037179409655 0.050454188727300397 -0.056451385883546902 0.038613273907243756 -0.015033771931818785 0.044715591731469301 0.051055301649266499 0.051393662041615662 -0.022800202474510142 0.05415055945491918 -0.050364115145380042 -0.055015706230707243 0.050694457564002232 0.050152892412176943 0.050018326426553843 0.050046252840655926
leaf_weight=2.0691263581393273 0.060740381479264083 0.363793226249982 1.5471881823614237 1.3520090870151764 1.2432473748922346 0.19384598595206615 0.47164062474621493 2.655057564916206 0.2060526938876136 0.077194703233544715 0.086132249271031469 0.094545033876784146 0.1385826246405486 0.029819456511177123 0.022211937699466944
leaf_count=414 5 31 20 156 60 26 4 548 3 37 4 5 35 37 12
internal_value=0.000187634 -0.00150215 0.00607014 -0.00429379 0.0135889 -0.0248023 -0.0140683 -0.00754291 -0.0172583 -0.0553253 -0.0528172 0.0503354 0.0502003 0.0501194 0.0500302
internal_weight=10.6112 10.2653 6.40542 4.85823 2.59526 2.26297 3.85987 3.33275 2.86111 0.52712 0.163327 0.345899 0.251354 0.190614 0.0520314
internal_count=1397 1303 676 656 216 440 627 555 551 72 41 94 89 84 49
is_linear=0
shrinkage=0.05


Tree=185
num_leaves=15
num_cat=0
split_feature=15 6 3 0 12 3 2 5 10 10 12 10 0 9
split_gain=0.357714 0.352014 0.377462 0.360828 0.950545 0.690791 0.000250576 8.07489e-05 3.89389e-06 5.0993e-07 2.26592e-08 1.16904e-08 2.18124e-09 8.12968e-10
threshold=3.5000000000000004 0.37500000000000006 5.5000000000000009 18.500000000000004 104.39906590315395 4.5000000000000009 3.8257575757575757 0.61407126975542337 97.500000000000014 176.50000000000003 171.54074674460071 176.50000000000003 15.500000000000002 0.1866524185541665
decision_type=2 2 2 2 2 2 2 2 2 2 2 2 2 2
left_child=1 2 3 4 -1 -5 -4 -8 -2 -10 11 -3 -12 -13
right_child=8 10 6 5 -6 -7 7 -9 9 -11 12 13 -14 -15
leaf_value=-0.039846470897222763 0.050551734962093302 0.050054453230789289 -0.054346134471097256 0.055135972540535427 0.003609302408428982 -0.0008729922574775284 -0.05051189674579333 -0.052186532672565802 0.050097900638712549 0.050303298751890192 0.050065205469513888 0.050019360301376575 0.050051842630514765 0.050027602930334619
leaf_weight=1.7029119041399043 0.22174045554129485 0.044768281863071802 0.07524475624086413 0.7405449039069939 4.820856539576198 2.1454005450941622 0.19536573837103788 0.11398130875022616 0.06139025031006895 0.059508721315069124 0.0691141925053671 0.040953833726234734 0.054713772318791598 0.1109774147043936
leaf_count=300 22 23 2 14 629 62 86 26 26 40 20 41 23 83
internal_value=0.00018314 -0.00151888 -0.00320627 -0.00122186 -0.00773404 0.0134991 -0.0517584 -0.0511289 0.0504273 0.050199 0.0500425 0.050032 0.0500593 0.0500254
internal_weight=10.4575 10.1148 9.79431 9.40971 6.52377 2.88595 0.384592 0.309347 0.342639 0.120899 0.320527 0.1967 0.123828 0.151931
internal_count=1397 1309 1119 1005 929 76 114 112 88 66 190 147 43 124
is_linear=0
shrinkage=0.05


Tree=186
num_leaves=10
num_cat=0
split_feature=14 16 10 10 10 15 15 15 12
split_gain=0.348692 0.367857 0.391107 0.425726 0.982201 0.953435 0.314741 7.3371e-05 1.53614e-06
threshold=1.0000000180025095e-35 1.0000000180025095e-35 87.500000000000014 92.500000000000014 161.25000000000003 2.5000000000000004 3.5000000000000004 2.5000000000000004 95.104130756331031
decision_type=2 2 2 2 2 2 2 2 2
left_child=1 2 6 5 -5 -4 7 -1 -3
right_child=-2 8 3 4 -6 -7 -8 -9 -10
leaf_value=-0.050359464085210165 0.050921996449173647 0.051152578995382537 -0.051357045906248212 -0.051311057039084944 0.0019731427286810636 0.048040905871504586 0.050590661257935966 -0.051435276665189149 0.050932839437687318
leaf_weight=0.31677121749089288 0.32780239242129106 0.14212158866575997 0.3128281245881207 0.99524668775848102 6.6012222680583363 1.0544616393744943 0.086861656978726387 0.31717324629426003 0.18060403421986848
leaf_count=251 33 21 89 248 703 14 3 16 19
internal_value=0.000177873 -0.00148432 -0.00323428 -0.000384955 -0.00500785 0.0252992 -0.0386677 -0.0508977 0.0510296
internal_weight=10.3351 10.0073 9.68456 8.96376 7.59647 1.36729 0.720806 0.633944 0.322726
internal_count=1397 1364 1324 1054 951 103 270 267 40
is_linear=0
shrinkage=0.05


Tree=187
num_leaves=14
num_cat=0
split_feature=12 12 10 12 5 15 14 13 8 12 14 15 12
split_gain=0.347466 0.682072 0.710188 0.714173 0.854322 0.477337 0.502685 0.404198 0.42565 0.493243 0.353216 0.249005 2.04971e-06
threshold=202.602632756632 190.69497060004053 241.87500000000003 63.304889161608806 0.39819100091827364 3.5000000000000004 1.0000000180025095e-35 1.0000000180025095e-35 154.09765324260997 609.11832219211817 1.0000000180025095e-35 2.5000000000000004 46.746245916909729
decision_type=2 2 2 2 2 2 2 2 2 2 2 2 2
left_child=1 2 5 4 -4 6 -1 8 9 10 -2 -5 -7
right_child=7 -3 3 11 -6 12 -8 -9 -10 -11 -12 -13 -14
leaf_value=-0.038791305347026642 -0.03456945724582431 0.036496458349336527 -0.043916799548171015 0.023001452304598706 0.032756895436288284 0.050610552512037388 0.051052254513658281 0.053478235930680434 0.019832831854588152 0.038812290957798701 0.050735769524503406 0.06835905518920693 0.05028912614940443
leaf_weight=1.770694824313978 2.5504243703762786 1.5262560746632514 0.78233797411667205 0.66971222811844178 0.67828599404310808 0.10384667315520335 0.17069936671759922 0.22449544153641898 0.68632615637034167 0.28378650778904546 0.12740889680571843 0.55197540519293398 0.094946529628941789
leaf_count=392 566 20 46 63 171 19 8 4 29 43 8 2 26
internal_value=0.000165082 0.00736493 -0.00185481 0.0152844 -0.00831099 -0.0233356 -0.0308917 -0.0116389 -0.0156462 -0.0238681 -0.0305107 0.0434946 0.050457
internal_weight=10.2212 6.34876 4.8225 2.68231 1.46062 2.14019 1.94139 3.87244 3.64795 2.96162 2.67783 1.22169 0.198793
internal_count=1397 747 727 282 217 445 400 650 646 617 574 65 45
is_linear=0
shrinkage=0.05


Tree=188
num_leaves=14
num_cat=0
split_feature=16 11 9 12 12 9 6 12 8 5 12 2 12
split_gain=0.338784 0.355131 0.384278 0.466547 0.755822 0.375657 0.216361 0.00623068 5.3382e-06 1.80506e-06 1.52125e-06 1.71398e-07 2.86932e-09
threshold=1.0000000180025095e-35 1.5000000000000002 0.226368529703219 202.602632756632 104.39906590315395 0.23470685560898355 0.37500000000000006 11.05051039539352 169.07267063741321 0.33503401360544222 95.104130756331031 3.892045454545455 8.5128943729571791
decision_type=2 2 2 2 2 2 2 2 2 2 2 2 2
left_child=1 2 6 4 -4 -5 7 -1 9 -3 -2 -11 -8
right_child=10 8 3 5 -6 -7 12 -9 -10 11 -12 -13 -14
leaf_value=-0.036705145953350025 0.051142667941816711 0.050432163606691616 -0.010128083705643581 0.053250866593306134 0.02737809304651271 -0.019143946063453557 0.050020168122674027 -0.051904810647125134 0.050647236828587863 0.050139810927821986 0.050922105325498047 0.050028239503879773 0.050042110105713591
leaf_weight=0.077812333242033627 0.13991565426113162 0.057728423271328988 2.6854783152521104 0.18985526345204595 2.6874879651586525 3.1902546747442102 0.028380391275277361 0.50497007981175557 0.088039104826748371 0.12677507777698338 0.17716831585858017 0.047252248943550512 0.031366192677523941
leaf_count=8 21 5 390 4 131 498 27 187 5 35 19 49 18
internal_value=0.000160115 -0.00149979 -0.00326342 -0.000523766 0.00863202 -0.0150776 -0.0405854 -0.0498754 0.0503158 0.0501899 0.0510194 0.0501095 0.0500317
internal_weight=10.0325 9.7154 9.39561 8.75308 5.37297 3.38011 0.642529 0.582782 0.319795 0.231756 0.317084 0.174027 0.0597466
internal_count=1397 1357 1263 1023 521 502 240 195 94 89 40 84 45
is_linear=0
shrinkage=0.05


Tree=189
num_leaves=17
num_cat=0
split_feature=6 3 14 0 15 9 2 5 0 12 10 0 10 11 9 7
split_gain=0.332538 0.376205 0.308299 0.356299 0.919514 0.684748 0.000262609 5.91675e-05 3.78495e-06 2.37833e-08 1.23132e-08 2.55415e-09 2.30492e-09 9.96424e-10 6.33454e-10 1.16493e-10
threshold=0.37500000000000006 5.5000000000000009 1.0000000180025095e-35 18.500000000000004 1.5000000000000002 0.3865618489961144 3.8257575757575757 0.61407126975542337 27.500000000000004 171.54074674460071 195.50000000000003 7.5000000000000009 646.50000000000011 1.5000000000000002 0.1866524185541665 0.40625000000000006
decision_type=2 2 2 2 2 2 2 2 2 2 2 2 2 2 2 2
left_child=1 2 3 4 -1 -5 -3 8 -8 10 11 -2 -11 14 -12 -15
right_child=9 6 -4 5 -6 -7 7 -9 -10 12 13 -13 -14 15 -16 -17
leaf_value=-0.050337053707704887 0.0500385636424341 -0.054340004324301264 0.050832110362843352 -0.0076810345525736515 0.00085292666374580837 0.042247065204355005 -0.050151464656950133 -0.051963134709436976 -0.050633275524453215 0.050064277407772528 0.050017417638656358 0.050059330978452977 0.050050327605739325 0.050015786479323636 0.050025609935955041 0.050008775267189644
leaf_weight=1.0596732842386645 0.030437610577792706 0.075074552791193905 0.29374049114994782 1.6167101045139136 5.0961663728812709 1.1938098969403652 0.062344661870156415 0.10427031193103176 0.11774065901408903 0.061827034107409418 0.032037602446507663 0.028828259324654937 0.05682942143175751 0.011727827542927116 0.089555642247432843 0.011972835200140253
leaf_count=816 33 2 23 16 129 60 66 26 20 18 37 9 25 16 75 26
internal_value=0.000155075 -0.00152105 0.000427018 -0.00122427 -0.00795898 0.0135267 -0.0517097 -0.0510153 -0.0504665 0.0500398 0.0500295 0.0500487 0.0500576 0.0500216 0.0500235 0.0500122
internal_weight=9.94275 9.61953 9.2601 8.96636 6.15584 2.81052 0.35943 0.284356 0.180085 0.323216 0.20456 0.0592659 0.118656 0.145294 0.121593 0.0237007
internal_count=1397 1158 1044 1021 945 76 114 112 86 239 196 42 43 154 112 42
is_linear=0
shrinkage=0.05


Tree=190
num_leaves=10
num_cat=0
split_feature=5 1 8 12 8 12 5 10 0
split_gain=0.33074 0.328352 0.353931 1.03608 0.565017 0.509533 0.492844 0.0596893 0.0308502
threshold=0.25129757785467138 7.5000000000000009 130.1619238333565 471.83981681679978 75.032324981730341 41.263236839247689 0.4685060835629018 1932.5000000000002 33.500000000000007
decision_type=2 2 2 2 2 2 2 2 2
left_child=-1 2 4 7 6 -6 -2 -4 -3
right_child=1 8 3 -5 5 -7 -8 -9 -10
leaf_value=-0.054620797617994037 -0.048398757425864164 0.051212401663041286 -0.037417913662896908 0.044232715857429106 -0.039694386578134434 0.034003327364202737 0.00020474886914018033 -0.062745376223347193 0.0266989016558139
leaf_weight=0.26811255505890663 0.5838401252694857 0.28900404874002639 0.39851263834862016 0.39280866613262333 0.26699657150311429 1.9289246189437106 4.8903958440205315 0.55882646609097719 0.23088326718425378
leaf_count=34 66 19 89 22 58 155 905 17 32
internal_value=0.000148432 0.00168764 -0.000539287 -0.0241457 0.00361606 0.0250426 -0.00497893 -0.0522023 0.0403259
internal_weight=9.8083 9.54019 9.0203 1.35015 7.67016 2.19592 5.47424 0.957339 0.519887
internal_count=1397 1363 1312 128 1184 213 971 106 51
is_linear=0
shrinkage=0.05


Tree=191
num_leaves=11
num_cat=0
split_feature=15 16 10 10 10 12 14 15 10 10
split_gain=0.321321 0.323478 0.35819 0.434714 1.01868 0.480184 0.273691 5.64485e-05 2.72835e-06 3.28467e-07
threshold=3.5000000000000004 1.0000000180025095e-35 87.500000000000014 92.500000000000014 161.25000000000003 193.11295995963548 1.0000000180025095e-35 2.5000000000000004 97.500000000000014 176.50000000000003
decision_type=2 2 2 2 2 2 2 2 2 2
left_child=1 2 6 5 -5 -4 7 -1 -2 -10
right_child=8 -3 3 4 -6 -7 -8 -9 9 -11
leaf_value=-0.0503339213556677 0.050490215703793376 0.051007578817794254 0.04176413009126996 -0.055353557326728586 0.0017905202972584703 -0.027197158900726656 0.05042956735234088 -0.05132804219407236 0.05009578434259912 0.050269435293016786
leaf_weight=0.28160373364516722 0.19903206650633443 0.28432889070245515 1.0520538467098939 0.89257085154531512 6.1781266697944375 0.33211451000533987 0.075543012120760977 0.28969242796301842 0.056751582742435858 0.05235319297935348
leaf_count=251 22 19 46 236 678 57 6 16 26 40
internal_value=0.000139625 -0.00150973 -0.00315033 -0.000406792 -0.00542307 0.0252177 -0.0390112 -0.050838 0.0503801 0.0501791
internal_weight=9.69417 9.38603 9.10171 8.45487 7.0707 1.38417 0.646839 0.571296 0.308137 0.109105
internal_count=1397 1309 1290 1017 914 103 273 267 88 66
is_linear=0
shrinkage=0.05


Tree=192
num_leaves=16
num_cat=0
split_feature=6 3 16 9 8 5 2 5 0 12 10 10 11 2 7
split_gain=0.318321 0.359821 0.28922 0.416322 0.428534 0.0323568 0.000220043 5.62403e-05 3.65299e-06 1.96083e-08 1.18783e-08 2.08127e-09 9.7767e-10 6.76963e-10 1.02552e-10
threshold=0.37500000000000006 5.5000000000000009 1.5000000000000002 0.226368529703219 29.020304263478014 0.33503401360544222 3.8257575757575757 0.61407126975542337 27.500000000000004 171.54074674460071 192.50000000000003 646.50000000000011 1.5000000000000002 6.166666666666667 0.40625000000000006
decision_type=2 2 2 2 2 2 2 2 2 2 2 2 2 2 2
left_child=1 2 3 5 -5 -1 -3 8 -8 10 -2 -11 13 -12 -14
right_child=9 6 -4 4 -6 -7 7 -9 -10 11 12 -13 14 -15 -16
leaf_value=-0.010776203306909655 0.050049132641486631 -0.054121533020061979 0.05094575982446406 -0.011962573873960679 0.011361104057859249 -0.047471433167288184 -0.050136974364459075 -0.051942774114150284 -0.050623967789436723 0.050061391672647927 0.050015543308802903 0.050047799878624871 0.050015194713767787 0.050024954797914016 0.05000849889234904
leaf_weight=0.068474740503002063 0.052329789294163542 0.071785330132116409 0.27432332304306406 3.3682434311194793 4.7420018614793662 0.48966735482099466 0.058425461749720853 0.10156761633697897 0.11295197109575383 0.05883696477394551 0.023773132867063396 0.05402914562728256 0.011401752883102745 0.097342284163460135 0.011472170532215387
leaf_count=21 39 2 12 616 249 146 66 26 20 18 40 25 16 75 26
internal_value=0.000128892 -0.00153263 0.000399657 -0.00119995 0.00167461 -0.0429695 -0.0516583 -0.0510105 -0.0504579 0.0500383 0.0500287 0.0500549 0.0500213 0.0500231 0.0500118
internal_weight=9.59663 9.28744 8.94271 8.66839 8.11025 0.558142 0.34473 0.272945 0.171377 0.309185 0.196319 0.112866 0.143989 0.121115 0.0228739
internal_count=1397 1158 1044 1032 865 167 114 112 86 239 196 43 157 115 42
is_linear=0
shrinkage=0.05


Tree=193
num_leaves=10
num_cat=0
split_feature=5 1 8 12 8 12 5 10 0
split_gain=0.31441 0.307571 0.332385 0.965141 0.509383 0.469253 0.467827 0.0588057 0.0300096
threshold=0.25129757785467138 7.5000000000000009 130.1619238333565 471.83981681679978 75.032324981730341 41.263236839247689 0.4685060835629018 1932.5000000000002 33.500000000000007
decision_type=2 2 2 2 2 2 2 2 2
left_child=-1 2 4 7 6 -6 -2 -4 -3
right_child=1 8 3 -5 5 -7 -8 -9 -10
leaf_value=-0.05448159239547376 -0.047816359282555732 0.051138367993879358 -0.0362667578581303 0.043542918739007778 -0.038998923732861228 0.0328981696067124 0.00036564815117726422 -0.061923983456423262 0.026393010656692209
leaf_weight=0.2565123261301786 0.56340167473535618 0.27183199912542555 0.37873075727111405 0.37705258860660251 0.25822348729707334 1.8736974941130027 4.7620252423075726 0.54426071562920697 0.22306110773934051
leaf_count=34 66 19 89 22 58 155 905 17 32
internal_value=0.000122532 0.00163639 -0.000530748 -0.0238609 0.0035364 0.0241898 -0.00473175 -0.0513961 0.039985
internal_weight=9.5088 9.25229 8.75739 1.30004 7.45735 2.13192 5.32543 0.922991 0.494893
internal_count=1397 1363 1312 128 1184 213 971 106 51
is_linear=0
shrinkage=0.05


Tree=194
num_leaves=15
num_cat=0
split_feature=15 12 12 10 12 8 2 9 14 2 2 0 10 10
split_gain=0.309638 0.309193 0.672884 0.874856 0.594318 0.358936 0.602189 0.522945 0.337079 0.241114 0.107686 0.102386 2.39279e-06 2.8161e-07
threshold=3.5000000000000004 202.602632756632 190.69497060004053 241.87500000000003 63.304889161608806 79.325761384357648 3.477272727272728 0.46685221084840994 1.0000000180025095e-35 6.166666666666667 1.8333333333333337 22.500000000000004 97.500000000000014 176.50000000000003
decision_type=2 2 2 2 2 2 2 2 2 2 2 2 2 2
left_child=1 2 3 10 -5 8 11 -8 9 -3 -1 -7 -2 -14
right_child=12 5 -4 4 -6 6 7 -9 -10 -11 -12 -13 13 -15
leaf_value=-0.035187081907944749 0.050472567143368979 -0.043892973814154836 0.034578332542941806 -0.0080062315655107085 0.041677611334784544 0.016079586579565566 -0.036125778681484859 0.043329631117416931 0.050726066130829361 0.048318665847639768 0.008449370819106964 0.055119031879583197 0.050098539805353282 0.050261955009270311
leaf_weight=1.6118790901236915 0.19113296369323585 1.2910569439700341 1.4836563537828622 1.3049949581036346 1.1171889065881258 0.29339216122752976 1.0043840731377711 0.26087208709213872 0.11382649838924397 0.075009803171269485 0.15497736961697217 0.39279709395486861 0.055529710196424276 0.050193692688480951
leaf_count=334 22 410 20 190 64 76 103 12 3 27 66 4 26 40
internal_value=0.000114618 -0.00152397 0.0056425 -0.00460587 0.0149096 -0.0133716 0.000711039 -0.0197436 -0.0319415 -0.0388297 -0.0313596 0.038427 0.050367 0.0501761
internal_weight=9.40089 9.10404 5.6727 4.18904 2.42218 3.43134 1.95145 1.26526 1.47989 1.36607 1.76686 0.686189 0.296856 0.105723
internal_count=1397 1309 674 654 254 635 195 115 440 437 400 80 88 66
is_linear=0
shrinkage=0.05


Tree=195
num_leaves=12
num_cat=0
split_feature=11 16 12 12 10 13 12 8 5 2 10
split_gain=0.305231 0.315323 0.333108 0.663874 0.722742 0.332192 0.402855 3.93428e-06 1.56555e-06 1.55635e-07 2.36541e-09
threshold=1.5000000000000002 1.0000000180025095e-35 202.602632756632 190.69497060004053 241.87500000000003 1.0000000180025095e-35 471.83981681679978 169.07267063741321 0.33503401360544222 3.892045454545455 2131.0000000000005
decision_type=2 2 2 2 2 2 2 2 2 2 2
left_child=1 2 3 4 -1 6 -4 8 -2 -10 -11
right_child=7 -3 5 -5 -6 -7 -8 -9 9 10 -12
leaf_value=-0.03068031729576394 0.050417968704679517 0.050896572929954975 -0.033627585519362312 0.032940457256254572 0.012222940851375605 0.053188343079840876 0.0042878521962627959 0.050598109530343327 0.050137486555090621 0.050014857681782911 0.050038723425429713
leaf_weight=1.7277343729074308 0.054667408578098597 0.27784110271022733 1.9237845980023855 1.4748239256441591 2.2730701236869209 0.16426471609156568 1.1018255363014757 0.080190426902845502 0.11630885058548301 0.023632726370124146 0.0185174779035151
leaf_count=414 5 40 469 19 209 3 149 5 35 37 12
internal_value=0.000110604 -0.00153545 -0.00321658 0.00426573 -0.00630469 -0.0160604 -0.0198201 0.0502996 0.0501873 0.0501077 0.0500253
internal_weight=9.23666 8.94334 8.6655 5.47563 4.0008 3.18987 3.02561 0.293317 0.213126 0.158459 0.0421502
internal_count=1397 1303 1263 642 623 621 618 94 89 84 49
is_linear=0
shrinkage=0.05


Tree=196
num_leaves=13
num_cat=0
split_feature=14 6 3 0 9 12 2 5 12 10 10 11
split_gain=0.304385 0.317276 0.31756 0.308408 0.973154 0.64576 0.000227398 4.41925e-05 1.38382e-08 1.21914e-08 1.23648e-09 7.65965e-10
threshold=1.0000000180025095e-35 0.37500000000000006 5.5000000000000009 21.500000000000004 0.37575075260126561 333.65031341089121 3.8257575757575757 0.61407126975542337 171.54074674460071 195.50000000000003 646.50000000000011 1.5000000000000002
decision_type=2 2 2 2 2 2 2 2 2 2 2 2
left_child=1 2 3 5 -5 -1 -4 -8 9 -3 -10 -11
right_child=-2 8 6 4 -6 -7 7 -9 10 11 -12 -13
leaf_value=-0.0010979269916074289 0.050807046907640166 0.050048739438180737 -0.05412934342157686 -0.017915854822408962 0.051940134288267541 -0.051972375014522156 -0.050436255865780912 -0.051800008384501876 0.050056422281189353 0.050021836201419326 0.050045567034497085 0.050011216425959452
leaf_weight=5.5333726429671461 0.28674247991875823 0.052433910692344265 0.071666454488877984 1.0346530019305644 0.96220220369286824 0.70299730903934676 0.16042504793585977 0.094336371010285802 0.053745256213005632 0.11102473773644306 0.051246194343548268 0.020044709555804729
leaf_count=676 33 36 2 12 56 277 86 26 18 112 25 38
internal_value=0.000106763 -0.00153628 -0.0032745 -0.00135688 0.0157449 -0.00683277 -0.0516412 -0.0509412 0.0500366 0.0500284 0.0500511 0.0500202
internal_weight=9.13489 8.84815 8.55965 8.23323 1.99686 6.23637 0.326428 0.254761 0.288495 0.183503 0.104991 0.131069
internal_count=1397 1364 1135 1021 68 953 114 112 229 186 43 150
is_linear=0
shrinkage=0.05


Tree=197
num_leaves=11
num_cat=0
split_feature=15 14 10 10 8 15 16 15 10 10
split_gain=0.298659 0.290102 0.342846 0.304835 0.796948 0.795745 0.194725 3.72697e-05 2.18667e-06 2.85245e-07
threshold=3.5000000000000004 1.0000000180025095e-35 87.500000000000014 92.500000000000014 29.020304263478014 2.5000000000000004 1.0000000180025095e-35 2.5000000000000004 97.500000000000014 176.50000000000003
decision_type=2 2 2 2 2 2 2 2 2 2
left_child=1 2 6 5 -5 -4 7 -1 -2 -10
right_child=8 -3 3 4 -6 -7 -8 -9 9 -11
leaf_value=-0.050304383498822935 0.050466219390480266 0.050814791435163487 -0.051261027758305905 -0.039914779274216813 0.0037793375904244288 0.044341563334740729 0.05092623978858396 -0.051166723880478396 0.050094969064498979 0.050264736199019666
leaf_weight=0.24880400142864889 0.18699904088862318 0.25678033742588091 0.28250330987793837 1.2941646603576371 5.389540107389621 0.94824064709246159 0.051984944278956391 0.25240697944536805 0.051966187224024907 0.047231341930455528
leaf_count=251 22 11 89 329 597 11 5 16 26 40
internal_value=0.000106205 -0.00154251 -0.00313023 -0.000470322 -0.00468115 0.0223971 -0.041185 -0.0507387 0.0503656 0.0501758
internal_weight=9.01062 8.72442 8.46764 7.91445 6.6837 1.23074 0.553196 0.501211 0.286197 0.0991975
internal_count=1397 1309 1298 1026 926 100 272 267 88 66
is_linear=0
shrinkage=0.05


Tree=198
num_leaves=17
num_cat=0
split_feature=4 2 10 10 12 2 9 9 6 3 8 10 0 8 5 8
split_gain=0.291349 0.385952 0.662759 0.756264 0.539459 0.398513 0.556925 0.316619 0.308342 0.187083 0.028373 0.0232761 0.0581889 0.00308285 0.00194755 0.00110675
threshold=3.5000000000000004 2.5000000000000004 246.25000000000003 244.75000000000003 179.8564116885012 3.5634920634920646 0.37575075260126561 0.43356037722939084 0.37500000000000006 5.5000000000000009 158.54295941290511 1227.5000000000002 18.500000000000004 154.09765324260997 0.35768270578981559 18.414052604843757
decision_type=2 2 2 2 2 2 2 2 2 2 2 2 2 2 2 2
left_child=1 2 3 4 -1 11 8 10 -7 -8 13 12 -3 -2 -4 -16
right_child=7 5 14 -5 -6 6 9 -9 -10 -11 -12 -13 -14 -15 15 -17
leaf_value=-0.028112490303844363 -0.05286633309092742 -0.0051514934293159223 -0.057313145648211487 0.058013471251839477 0.0081164544528205314 -0.046976213665078051 0.046904759116643699 0.010318182319156198 0.050024818150272765 -0.0030273419282357879 -0.033141890353039077 0.054412370812029313 0.051435449478874608 -0.061860518208858399 -0.046321334996184814 -0.052273452911587276
leaf_weight=1.5734827679843872 0.23042882464505954 0.063387073329068122 0.16411887138383452 0.54246622882783402 2.9612801609764574 0.51088552256987874 0.58954655723937321 0.36783422461303417 0.097572410682914779 0.27514200030418579 0.19221418630331755 0.57493979309219867 0.1603709674673155 0.16243107130867429 0.10029402049258351 0.35292083269450814
leaf_count=369 49 70 6 7 437 76 70 18 101 90 8 23 4 5 9 55
internal_value=9.78631e-05 0.00322326 -0.00372801 0.0022199 -0.00445435 0.0206472 0.0052277 -0.0260308 -0.0314211 0.0310165 -0.0488833 0.0490875 0.0354053 -0.0565851 -0.0526463 -0.0509563
internal_weight=8.91932 7.96641 5.69456 5.07723 4.53476 2.27184 1.47315 0.952908 0.608458 0.864689 0.585074 0.798698 0.223758 0.39286 0.617334 0.453215
internal_count=1397 1317 883 813 806 434 337 80 177 160 62 97 74 54 70 64
is_linear=0
shrinkage=0.05


Tree=199
num_leaves=15
num_cat=0
split_feature=15 6 16 9 12 5 10 10 8 12 10 12 0 5
split_gain=0.287967 0.288814 0.298948 0.371973 0.371056 0.0312799 1.9467e-06 2.74113e-07 1.15646e-08 7.42301e-09 2.38973e-09 1.3073e-09 9.70921e-10 5.50324e-10
threshold=3.5000000000000004 0.37500000000000006 1.5000000000000002 0.226368529703219 205.44407638378473 0.33503401360544222 97.500000000000014 176.50000000000003 59.994981028663204 44.823787607939821 241.87500000000003 211.59665445532411 9.5000000000000018 0.50483619880497244
decision_type=2 2 2 2 2 2 2 2 2 2 2 2 2 2
left_child=1 2 3 5 -5 -1 -2 -8 9 10 -3 13 -11 -10
right_child=6 8 -4 4 -6 -7 7 -9 11 12 -12 -13 -14 -15
leaf_value=-0.013892524971740879 0.050452383402949288 0.05003947450994 0.050911145498379634 0.0063475487190074861 -0.016772773607597238 -0.05170624420946382 0.050093095712039237 0.05026223791152519 0.050025887376743884 0.050057554656484517 0.050019211009320365 0.050032436210953185 0.050048210792694219 0.050016109949063026
leaf_weight=0.062639028059489621 0.17999410914490077 0.033810278750025513 0.24768479634076346 4.7529502362012863 2.7333502871842938 0.43094769616436679 0.050321652641287073 0.045712758044828661 0.021301294706063345 0.052887065161485225 0.025541397713823244 0.026511536445468664 0.058613704051822424 0.044366590300342068
leaf_count=25 22 24 6 442 477 169 26 40 21 19 25 17 28 56
internal_value=9.60086e-05 -0.00153792 -0.00318676 -0.00486588 -0.002094 -0.0469075 0.0503554 0.0501736 0.0500373 0.050045 0.0500308 0.0500231 0.0500526 0.0500193
internal_weight=8.76663 8.4906 8.22757 7.97989 7.4863 0.493587 0.276029 0.0960344 0.263032 0.170852 0.0593517 0.0921794 0.111501 0.0656679
internal_count=1397 1309 1119 1113 919 194 88 66 190 96 49 94 47 77
is_linear=0
shrinkage=0.05


Tree=200
num_leaves=17
num_cat=0
split_feature=11 4 9 2 12 12 2 9 16 10 12 5 8 5 5 2
split_gain=0.282802 0.302055 0.3711 0.301711 0.648782 0.917867 0.427697 0.683968 0.327209 0.0235635 0.00180214 8.47586e-05 4.04046e-06 1.154e-06 1.37853e-07 1.89458e-08
threshold=1.5000000000000002 3.5000000000000004 0.43356037722939084 2.5000000000000004 101.41299434534723 193.11295995963548 3.5634920634920646 0.37575075260126561 1.5000000000000002 1471.0000000000002 35.199762491666675 0.31542555747789319 169.07267063741321 0.33503401360544222 0.69784302953836141 3.183333333333334
decision_type=2 2 2 2 2 2 2 2 2 2 2 2 2 2 2 2
left_child=1 3 10 4 8 -6 9 -8 -1 -5 -3 -12 13 -2 15 -15
right_child=12 2 -4 6 5 -7 7 -9 -10 -11 11 -13 -14 14 -16 -17
leaf_value=-0.041114454015666803 0.050384912395567805 -0.058758203904094787 0.0097288179382016785 0.034532145627336988 0.031477117804536929 -0.01584963847867343 -0.045237854090150992 0.029417253763651931 0.050936954413728842 0.05446517323352236 -0.052021466609324121 -0.053961423380381894 0.050601720673751543 0.050086756793147259 0.050149820960278424 0.050029412498143425
leaf_weight=1.2699753177876099 0.050267494050786676 0.29153458247310471 0.36202523153042421 0.20688955299556289 1.8689109135302713 2.2674336199997924 0.49532083993835818 0.80609516667027492 0.10448156646452833 0.52321017906069756 0.13295807661779691 0.097660696701495908 0.080343236681073904 0.022640604584012181 0.0788362777675502 0.039590884334756993
leaf_count=285 5 8 17 66 140 446 134 141 3 12 45 6 5 8 31 45
internal_value=9.38687e-05 -0.00152496 -0.0291735 0.00171625 -0.00435553 0.00553385 0.0181869 0.00100341 -0.034117 0.0488167 -0.0561456 -0.052843 0.0503042 0.0501792 0.0501059 0.0500503
internal_weight=8.69817 8.4265 0.884179 7.54232 5.5108 4.13634 2.03152 1.30142 1.37446 0.7301 0.522153 0.230619 0.271678 0.191335 0.141068 0.0622315
internal_count=1397 1303 76 1227 874 586 353 275 288 78 59 51 94 89 84 53
is_linear=0
shrinkage=0.05


Tree=201
num_leaves=9
num_cat=0
split_feature=14 13 12 12 10 0 12 16
split_gain=0.277214 0.29093 0.342554 0.513465 0.726407 0.416153 0.594773 0.3228
threshold=1.0000000180025095e-35 1.0000000180025095e-35 205.44407638378473 190.69497060004053 241.87500000000003 21.500000000000004 471.83981681679978 1.5000000000000002
decision_type=2 2 2 2 2 2 2 2
left_child=1 2 3 4 -1 7 -7 -4
right_child=-2 -3 5 -5 -6 6 -8 -9
leaf_value=-0.03165399802504399 0.050712814611826654 0.052094225288818158 -0.041635393870098361 0.028784961417708643 0.013000401768963658 -0.029000996764662241 0.038961294900316051 0.050858800056665189
leaf_weight=1.5619454673724216 0.26214648486347947 0.24563130192109461 1.3884734358216522 1.5266125791822558 2.1844184145011241 0.67444960387365405 0.61590744715067558 0.10120427678339172
leaf_count=409 33 40 553 24 257 44 31 6
internal_value=8.92992e-05 -0.00150985 -0.00314487 0.00434289 -0.00561705 -0.0173471 0.00343846 -0.0353516
internal_weight=8.56079 8.29864 8.05301 5.27298 3.74636 2.78003 1.29036 1.48968
internal_count=1397 1364 1324 690 666 634 75 559
is_linear=0
shrinkage=0.05


Tree=202
num_leaves=16
num_cat=0
split_feature=15 6 3 0 9 12 2 10 10 10 12 8 10 0 7
split_gain=0.281234 0.274566 0.29935 0.270413 0.841965 0.399035 0.000221707 4.53068e-05 2.07937e-06 2.41376e-07 1.02651e-08 5.9969e-09 3.055e-09 6.75219e-10 3.8785e-10
threshold=3.5000000000000004 0.37500000000000006 5.5000000000000009 21.500000000000004 0.37575075260126561 314.30222468058452 3.8257575757575757 767.50000000000011 97.500000000000014 176.50000000000003 44.823787607939821 59.994981028663204 202.00000000000003 9.5000000000000018 0.37916666666666671
decision_type=2 2 2 2 2 2 2 2 2 2 2 2 2 2 2
left_child=1 2 3 5 -5 -1 -4 -8 -2 -10 12 13 -3 -12 -14
right_child=8 10 6 4 -6 -7 7 -9 9 -11 11 -13 14 -15 -16
leaf_value=-0.0016031894399644335 0.050461995246093287 0.050040520942997581 -0.054116746154883016 -0.016715733319569409 0.051737885050250058 -0.041568113334927687 -0.052261387414280061 -0.050570081670802548 0.050087510958974617 0.050252390501673794 0.050055005574483995 0.050027622486580742 0.050024554222644652 0.050047028159630719 0.050017334643636426
leaf_weight=5.0954556822180148 0.18029746430693272 0.022580926088266895 0.071274532587267347 0.9494986576028166 0.85252534807659686 0.71184352280397423 0.050416616912116297 0.18450532717542956 0.046298420536913909 0.042641388572519645 0.050406852853484452 0.03779817366739735 0.028131333907367662 0.055986994906561449 0.054922164155868813
leaf_count=630 22 18 2 12 56 307 13 99 26 40 19 32 28 28 65
internal_value=8.4792e-05 -0.00157309 -0.00320195 -0.00125145 0.0156692 -0.00650199 -0.0516741 -0.0509331 0.0503644 0.0501666 0.0500361 0.0500447 0.0500242 0.0500508 0.0500198
internal_weight=8.43458 8.16535 7.91552 7.60932 1.80202 5.8073 0.306196 0.234922 0.269237 0.0889398 0.249826 0.144192 0.105634 0.106394 0.0830535
internal_count=1397 1309 1119 1005 68 937 114 112 88 66 190 79 111 47 93
is_linear=0
shrinkage=0.05


Tree=203
num_leaves=11
num_cat=0
split_feature=15 14 10 10 8 15 16 15 10 10
split_gain=0.267079 0.268222 0.302919 0.267475 0.735699 0.714791 0.169074 2.76056e-05 1.78836e-06 2.07813e-07
threshold=3.5000000000000004 1.0000000180025095e-35 87.500000000000014 92.500000000000014 29.020304263478014 2.5000000000000004 1.0000000180025095e-35 2.5000000000000004 97.500000000000014 176.50000000000003
decision_type=2 2 2 2 2 2 2 2 2 2
left_child=1 2 6 5 -5 -4 7 -1 -2 -10
right_child=8 -3 3 4 -6 -7 -8 -9 9 -11
leaf_value=-0.050272882195932948 0.050439331276619308 0.050727045621796918 -0.051184152818732981 -0.039888855078677357 0.0037462420513768324 0.04223229404453873 0.050802853831407403 -0.051062771445479604 0.050083243173996456 0.050240090787908857
leaf_weight=0.21964889268565269 0.17157937074080187 0.23849853820865963 0.26398514103493631 1.1989096311153842 4.9720082434141659 0.91293435357511044 0.045247569272760302 0.22282475931569934 0.044044078211300075 0.040571423538494855
leaf_count=251 22 11 89 329 597 11 5 16 26 40
internal_value=8.66481e-05 -0.00150813 -0.00309806 -0.000565245 -0.00473135 0.0212788 -0.0412566 -0.0506707 0.0503466 0.0501584
internal_weight=8.33025 8.07406 7.83556 7.34784 6.17092 1.17692 0.487721 0.442474 0.256195 0.0846155
internal_count=1397 1309 1298 1026 926 100 272 267 88 66
is_linear=0
shrinkage=0.05


Tree=204
num_leaves=15
num_cat=0
split_feature=6 3 14 16 9 2 10 0 12 10 0 11 9 7
split_gain=0.262664 0.304454 0.247855 0.26276 0.320671 0.000191285 3.9441e-05 9.6095e-06 1.13911e-08 9.49747e-09 1.51728e-09 7.10142e-10 4.77057e-10 4.70636e-11
threshold=0.37500000000000006 5.5000000000000009 1.0000000180025095e-35 1.5000000000000002 0.226368529703219 3.8257575757575757 767.50000000000011 35.500000000000007 171.54074674460071 176.50000000000003 11.500000000000002 1.5000000000000002 0.1866524185541665 0.40625000000000006
decision_type=2 2 2 2 2 2 2 2 2 2 2 2 2 2
left_child=1 2 3 4 -1 -3 -7 -8 9 -2 -10 12 -11 -13
right_child=8 5 -4 -5 -6 6 7 -9 10 11 -12 13 -14 -15
leaf_value=-0.042977056268302699 0.05004609782926444 -0.053914740659818106 0.050661344762393618 0.050815832873848991 -0.00013742131584475883 -0.052160772140964318 -0.050290935839680799 -0.051082298815177785 0.050054664841284284 0.050014062186373498 0.050041998066081256 0.050011421828994922 0.050022043545352814 0.050006032642277577
leaf_weight=0.46700769211020077 0.042550604222924338 0.068282415741123148 0.23759193340083573 0.2350155729218385 6.7590534726914484 0.048094509322254453 0.11945990785170579 0.056506212218664587 0.043025132326874882 0.024854656381648965 0.052475895005045459 0.008328172261826694 0.075880026372033171 0.0078883631649659947
leaf_count=166 37 2 23 12 843 13 95 4 15 37 28 16 80 26
internal_value=7.93494e-05 -0.00151477 0.000387052 -0.00121389 -0.00290607 -0.0515979 -0.0508919 -0.0505451 0.050034 0.0500259 0.0500477 0.0500185 0.0500201 0.0500088
internal_weight=8.24601 7.99101 7.69867 7.46108 7.22606 0.292343 0.224061 0.175966 0.255003 0.159502 0.095501 0.116951 0.100735 0.0162165
internal_count=1397 1158 1044 1021 1009 114 112 99 239 196 43 159 117 42
is_linear=0
shrinkage=0.05


Tree=205
num_leaves=15
num_cat=0
split_feature=11 4 9 5 9 13 9 3 10 5 8 5 5 2
split_gain=0.259363 0.286101 0.342042 0.270757 0.392938 0.423422 0.365334 0.130102 0.00161643 0.00169066 3.22961e-06 8.74649e-07 1.2048e-07 1.49756e-08
threshold=1.5000000000000002 3.5000000000000004 0.43356037722939084 0.35448595041322312 0.39252326235476548 1.0000000180025095e-35 0.40423624602754243 3.5000000000000004 2537.5000000000005 0.29883401920438962 169.07267063741321 0.33503401360544222 0.69784302953836141 3.183333333333334
decision_type=2 2 2 2 2 2 2 2 2 2 2 2 2 2
left_child=1 3 8 7 5 -5 -6 -1 9 -3 11 -2 13 -13
right_child=10 2 -4 4 6 -7 -8 -9 -10 -11 -12 12 -14 -15
leaf_value=0.012240806117119878 0.050355712103500261 -0.049284547916595714 0.0093931067314761002 -0.031590589537671347 0.047948147564585188 0.052707223523250503 0.00038602855716426986 0.047792356106024558 -0.059930003145124977 -0.056646897678329089 0.050561376116621037 0.050079954337909842 0.050144031040751706 0.050026101483697433
leaf_weight=0.80915821422240675 0.046141509898006805 0.12611213570198732 0.3392729805491399 1.4993073158548211 0.45178050972754125 0.16539663220464706 3.7973389259059331 0.37735106541367713 0.16231313534080982 0.20429290696483804 0.075027309358119965 0.020564389793435112 0.0729475379048381 0.034680121054407209
leaf_count=40 5 49 17 340 8 15 802 22 2 8 5 8 31 45
internal_value=7.72278e-05 -0.00150117 -0.0292413 0.00174932 -0.0026241 -0.0232152 0.00544299 0.0235474 -0.055844 -0.0538368 0.0502871 0.050169 0.0501018 0.0500461
internal_weight=8.18168 7.93232 0.831991 7.10033 5.91382 1.6647 4.24912 1.18651 0.492718 0.330405 0.249361 0.174334 0.128192 0.0552445
internal_count=1397 1303 76 1227 1165 355 810 62 59 57 94 89 84 53
is_linear=0
shrinkage=0.05


Tree=206
num_leaves=16
num_cat=0
split_feature=15 6 3 0 12 5 2 10 10 10 12 8 10 0 7
split_gain=0.251294 0.253272 0.270464 0.250037 0.660784 0.502236 0.000160274 4.06926e-05 1.50805e-06 1.85832e-07 8.42204e-09 5.10087e-09 2.59481e-09 5.64119e-10 3.50249e-10
threshold=3.5000000000000004 0.37500000000000006 5.5000000000000009 18.500000000000004 104.39906590315395 0.3411111111111112 3.8257575757575757 767.50000000000011 97.500000000000014 176.50000000000003 44.823787607939821 59.994981028663204 202.00000000000003 9.5000000000000018 0.37916666666666671
decision_type=2 2 2 2 2 2 2 2 2 2 2 2 2 2 2
left_child=1 2 3 4 -1 -5 -4 -8 -2 -10 12 13 -3 -12 -14
right_child=8 10 6 5 -6 -7 7 -9 9 -11 11 -13 14 -15 -16
leaf_value=-0.038729619149881322 0.050418847862531549 0.050038314233243168 -0.053712228088359272 -0.021321198389451596 0.002959731449219182 0.029539443969609103 -0.052163255402175958 -0.050503350632712087 0.050078218677169509 0.050232132312279604 0.050051771857716691 0.050025454554879334 0.050023219036360915 0.0500442485748561 0.050016079202461587
leaf_weight=1.2585769693105247 0.16274866179446679 0.021127988293301203 0.065192360954824724 0.72172284498810801 3.8829465170274489 1.4822376797092145 0.04764541895565344 0.16405510037293425 0.040850402365322225 0.037719579602708109 0.047448953147977591 0.034221066336613148 0.026079718751134351 0.052471653994871303 0.050316194974584505
leaf_count=300 22 18 2 9 629 67 13 99 26 40 19 32 28 28 65
internal_value=7.53093e-05 -0.00146885 -0.00303416 -0.00120554 -0.00724527 0.0128843 -0.0515445 -0.0508769 0.050332 0.0501521 0.050034 0.0500421 0.0500228 0.0500478 0.0500185
internal_weight=8.09536 7.85404 7.62238 7.34548 5.14152 2.20396 0.276893 0.211701 0.241319 0.07857 0.231666 0.134142 0.0975239 0.0999206 0.0763959
internal_count=1397 1309 1119 1005 929 76 114 112 88 66 190 79 111 47 93
is_linear=0
shrinkage=0.05


Tree=207
num_leaves=13
num_cat=0
split_feature=12 12 10 12 12 12 5 16 15 13 8 15
split_gain=0.262349 1.02781 0.489968 0.484756 0.495944 0.484386 0.558756 0.334906 0.388425 0.284351 0.324944 0.18793
threshold=193.11295995963548 190.69497060004053 241.87500000000003 198.91443911166672 202.602632756632 63.304889161608806 0.39819100091827364 1.0000000180025095e-35 3.5000000000000004 1.0000000180025095e-35 154.09765324260997 2.5000000000000004
decision_type=2 2 2 2 2 2 2 2 2 2 2 2
left_child=1 2 7 -2 -5 6 -4 8 -1 10 -6 -7
right_child=3 -3 5 4 9 11 -8 -9 -10 -11 -12 -13
leaf_value=-0.038229791605786954 -0.067615462523317973 0.065000855041319819 -0.04141221609365503 0.048242570719787707 -0.023400807440332849 0.019133116245286567 0.029941880303228082 0.050801451777234052 0.050379307572208931 0.052479623562094194 0.020802624142730007 0.062822896188819158
leaf_weight=1.3249879051872997 0.33036377467215094 0.67607483826577652 0.60184132700669601 0.39810101734474335 2.2205316641266117 0.53448488682624873 0.50422395201167092 0.14073348432430055 0.13641034076863423 0.16493217332754273 0.51152904584887426 0.45624214121198747
leaf_count=387 10 5 46 5 617 63 171 26 32 4 29 2
internal_value=7.22468e-05 0.00831447 -0.00204644 -0.00987401 -0.00408489 0.0138605 -0.0088839 -0.0228647 -0.0299588 -0.0112757 -0.0151245 0.0392528
internal_weight=8.00046 4.375 3.69892 3.62546 3.29509 2.09679 1.10607 1.60213 1.4614 2.89699 2.73206 0.990727
internal_count=1397 732 727 665 655 282 217 445 419 650 646 65
is_linear=0
shrinkage=0.05


Tree=208
num_leaves=9
num_cat=0
split_feature=14 16 11 12 12 10 8 5
split_gain=0.248699 0.260866 0.269201 0.276913 0.515277 0.347604 2.57818e-06 8.17445e-07
threshold=1.0000000180025095e-35 1.0000000180025095e-35 1.5000000000000002 202.602632756632 190.69497060004053 207.50000000000003 169.07267063741321 0.33503401360544222
decision_type=2 2 2 2 2 2 2 2
left_child=1 2 3 4 -1 -5 7 -4
right_child=-2 -3 6 5 -6 -7 -8 -9
leaf_value=-0.008413026164774488 0.050645621202198045 0.050762117889784998 0.05034513886767529 -0.043051995860127354 0.028203872256305298 -0.0044883311013483567 0.050527352164504803 0.050092153532549734
leaf_weight=3.2172236759070074 0.23579177020292252 0.23156953266879998 0.044235800276510306 0.89885849023266962 1.369845444569364 1.6700090331505633 0.06963082862785086 0.11478784994687885
leaf_count=603 33 40 5 382 19 231 5 79
internal_value=7.22398e-05 -0.00149348 -0.00313214 -0.00483862 0.00252195 -0.0179819 0.0502736 0.0501625
internal_weight=7.85195 7.61616 7.38459 7.15594 4.58707 2.56887 0.228654 0.159024
internal_count=1397 1364 1324 1235 622 613 89 84
is_linear=0
shrinkage=0.05


Tree=209
num_leaves=15
num_cat=0
split_feature=6 3 14 8 10 9 2 10 0 12 10 0 10 5
split_gain=0.239712 0.269708 0.232359 0.257697 0.75996 0.487801 0.000143781 3.20748e-05 5.76727e-06 8.95997e-09 8.34313e-09 1.15777e-09 6.16146e-10 5.24179e-10
threshold=0.37500000000000006 5.5000000000000009 1.0000000180025095e-35 29.020304263478014 92.500000000000014 0.39252326235476548 3.8257575757575757 767.50000000000011 35.500000000000007 171.54074674460071 176.50000000000003 11.500000000000002 241.87500000000003 0.50321540105193963
decision_type=2 2 2 2 2 2 2 2 2 2 2 2 2 2
left_child=1 2 3 4 -1 -5 -3 -8 -9 10 -2 -11 -12 -14
right_child=9 6 -4 5 -6 -7 7 8 -10 11 12 -13 13 -15
leaf_value=0.0071244869045573121 0.050044353410260645 -0.05355602067639248 0.050619133002027333 -0.0055799919990606808 -0.047707774668722329 0.029876238132190119 -0.051993717904359783 -0.050258654070035616 -0.050918698662186429 0.050051254037160681 0.050025990267748656 0.050039777187756943 0.050023530342750713 0.050013770085965387
leaf_weight=1.6865604077756873 0.039535826057544798 0.062816154852043726 0.22255529375979666 2.910269620406325 1.010539911672822 1.4550638896762391 0.044363789318595082 0.1048473017217475 0.048359897336922586 0.040208785911090672 0.017384824372129515 0.04845577955711633 0.01710870282840915 0.070200346861383878
leaf_count=359 37 2 23 307 248 107 13 95 4 15 19 28 22 118
internal_value=7.10858e-05 -0.00147101 0.000316181 -0.00126899 -0.0134199 0.00623837 -0.0514723 -0.0508098 -0.050467 0.0500325 0.0500248 0.050045 0.0500174 0.0500157
internal_weight=7.77827 7.54538 7.28499 7.06243 2.6971 4.36533 0.260387 0.197571 0.153207 0.232894 0.14423 0.0886646 0.104694 0.087309
internal_count=1397 1158 1044 1021 607 414 114 112 99 239 196 43 159 140
is_linear=0
shrinkage=0.05


Tree=210
num_leaves=9
num_cat=0
split_feature=5 1 15 16 6 0 10 10
split_gain=0.240213 0.252239 0.242377 0.24887 0.25107 0.019244 1.15765e-06 1.77764e-07
threshold=0.25129757785467138 7.5000000000000009 3.5000000000000004 1.0000000180025095e-35 0.37500000000000006 33.500000000000007 97.500000000000014 176.50000000000003
decision_type=2 2 2 2 2 2 2 2
left_child=-1 2 3 4 -2 -3 -4 -8
right_child=1 5 6 -5 -6 -7 7 -9
leaf_value=-0.053562621747823086 -0.0057212700445626718 0.051005914891764509 0.050390991134136191 0.050761957422419846 0.050032543191764381 0.02834333136510896 0.050071967817677226 0.050229072229036213
leaf_weight=0.20328149704437226 6.4621255366510013 0.21537601112504479 0.15422046292223957 0.21429803418868676 0.20843603137473099 0.16577287897234783 0.037076328881084919 0.035005370758881327
leaf_count=34 1028 19 22 19 177 32 26 40
internal_value=6.71836e-05 0.00152227 -0.000601688 -0.00227525 -0.00397912 0.0411493 0.0503137 0.0501483
internal_weight=7.69559 7.49231 7.11116 6.88486 6.67056 0.381149 0.226302 0.0720817
internal_count=1397 1363 1312 1224 1205 51 88 66
is_linear=0
shrinkage=0.05


Tree=211
num_leaves=13
num_cat=0
split_feature=12 12 10 12 5 12 12 15 14 13 8 15
split_gain=0.23931 0.90375 0.483436 0.462342 0.504683 0.448302 0.426769 0.305786 0.342487 0.267504 0.303898 0.179313
threshold=193.11295995963548 190.69497060004053 241.87500000000003 63.304889161608806 0.39819100091827364 198.91443911166672 202.602632756632 3.5000000000000004 1.0000000180025095e-35 1.0000000180025095e-35 154.09765324260997 2.5000000000000004
decision_type=2 2 2 2 2 2 2 2 2 2 2 2
left_child=1 2 7 4 -4 -2 -7 8 -1 10 -8 -5
right_child=5 -3 3 11 -6 6 9 -9 -10 -11 -12 -13
leaf_value=-0.038189055669370114 -0.066023542615590222 0.061816612755274385 -0.040724030928622999 0.019093578543046594 0.02905008543161321 0.04609386371175396 -0.02276972956637309 0.050337564707591043 0.050667703558171621 0.052402681189522661 0.020627092085444956 0.062282787966051738
leaf_weight=1.2457752909394915 0.31991577404551241 0.660120379179716 0.57042708937660813 0.52308880822965864 0.47494063663907582 0.37590161478146944 2.1168509821218331 0.12811364833032701 0.11878341023111705 0.1584669945295899 0.49839496107597359 0.44458639848744497
leaf_count=392 10 5 46 63 171 5 617 45 8 4 29 2
internal_value=6.97705e-05 0.00814807 -0.00195763 0.0140308 -0.00902364 -0.00962978 -0.00390169 -0.0235199 -0.0304542 -0.0106772 -0.0144995 0.0389363
internal_weight=7.63537 4.16584 3.50572 2.01304 1.04537 3.46953 3.14961 1.49267 1.36456 2.77371 2.61525 0.967675
internal_count=1397 732 727 282 217 665 655 445 400 650 646 65
is_linear=0
shrinkage=0.05


Tree=212
num_leaves=10
num_cat=0
split_feature=16 13 9 12 12 10 6 10 12
split_gain=0.230265 0.236387 0.350812 0.282545 0.789005 0.408622 0.24174 0.002422 2.13278e-09
threshold=1.0000000180025095e-35 1.0000000180025095e-35 0.27608960970809288 193.11295995963548 190.69497060004053 182.50000000000003 0.37500000000000006 192.50000000000003 283.46524673292254
decision_type=2 2 2 2 2 2 2 2 2
left_child=1 2 6 4 -4 -5 7 -1 -8
right_child=-2 -3 3 5 -6 -7 8 -9 -10
leaf_value=-0.045263038635830206 0.050722195850950669 0.051744184467548707 -0.0012237227420371563 -0.038213188688998569 0.059724311604689273 0.0018763073269234109 0.050015605906887209 -0.052467642514254967 0.050034451655923989
leaf_weight=0.16930177120229917 0.21785004110279249 0.20304941896756634 2.9134382934425962 0.94109846886567572 0.64936046395450819 1.9582239714218301 0.045098012022208422 0.37511514481229824 0.022504162712721154
leaf_count=118 40 40 480 310 5 166 79 143 16
internal_value=6.97461e-05 -0.00144659 -0.00297332 0.000453291 0.00988475 -0.0111364 -0.0391539 -0.0502272 0.0500219
internal_weight=7.49504 7.27719 7.07414 6.46212 3.5628 2.89932 0.612019 0.544417 0.0676022
internal_count=1397 1357 1317 961 485 476 356 261 95
is_linear=0
shrinkage=0.05


Tree=213
num_leaves=7
num_cat=0
split_feature=5 1 14 16 13 0
split_gain=0.226156 0.238137 0.231335 0.239972 0.246799 0.0200175
threshold=0.25129757785467138 7.5000000000000009 1.0000000180025095e-35 1.0000000180025095e-35 1.0000000180025095e-35 33.500000000000007
decision_type=2 2 2 2 2 2
left_child=-1 2 3 4 -2 -3
right_child=1 5 -4 -5 -6 -7
leaf_value=-0.053350608655667334 -0.0056834950540794711 0.05098957531172639 0.050583530653680743 0.050686563467651026 0.051658582394217882 0.027462203504331862
leaf_weight=0.19299092549772456 6.2439011763162853 0.20687483649817284 0.21381490156636562 0.20736737859260745 0.19345856785366766 0.16058556878124364
leaf_count=34 1199 19 33 40 40 32
internal_value=6.67444e-05 0.00149341 -0.000607583 -0.00225482 -0.00396022 0.0407078
internal_weight=7.41899 7.226 6.85854 6.64473 6.43736 0.36746
internal_count=1397 1363 1312 1279 1239 51
is_linear=0
shrinkage=0.05


Tree=214
num_leaves=18
num_cat=0
split_feature=15 6 3 0 10 9 2 10 10 10 8 12 10 12 8 10 9
split_gain=0.220306 0.217747 0.237081 0.239032 0.573958 0.439315 0.000125142 2.40168e-05 9.85174e-07 1.43753e-07 6.83886e-09 4.40492e-09 1.62204e-09 7.75952e-10 5.6566e-10 5.52015e-10 1.93128e-11
threshold=3.5000000000000004 0.37500000000000006 5.5000000000000009 18.500000000000004 246.25000000000003 0.3865618489961144 3.8257575757575757 767.50000000000011 97.500000000000014 176.50000000000003 59.994981028663204 44.823787607939821 202.00000000000003 6.0804022984606485 119.99667096349539 310.25000000000006 0.17385785929426492
decision_type=2 2 2 2 2 2 2 2 2 2 2 2 2 2 2 2 2
left_child=1 2 3 4 -1 -5 -4 -8 -2 -10 11 12 -3 16 -15 -13 -12
right_child=8 10 6 5 -6 -7 7 -9 9 -11 13 15 -14 14 -16 -17 -18
leaf_value=-0.00055074361371929568 0.0503698371614189 0.050036010504280283 -0.053395784192215759 -0.0059182706038003385 -0.052300024535338996 0.041025194343061552 -0.051832675638778206 -0.050459294897933819 0.050061324117435281 0.050210756757157783 0.050010927305993783 0.050049114009883981 0.050016547414865754 0.050016314491419668 0.050028743016076918 0.050041129901306249 0.050013534194957548
leaf_weight=4.0168782256223494 0.1476311511651146 0.018822240715962724 0.060236830468056612 1.2384133785963061 0.61828302784124378 0.83403252161224362 0.041058147311559878 0.1416721800887899 0.032446118340885732 0.031934350336086936 0.01557272340869531 0.035711176169570535 0.024821706989314407 0.016807562351459637 0.020107229123823345 0.054978031868813559 0.013065246836049482
leaf_count=782 22 18 2 16 147 60 13 99 26 40 29 16 31 26 18 31 21
internal_value=6.92523e-05 -0.00142005 -0.00289971 -0.0011422 -0.00745357 0.0129736 -0.0514194 -0.0507679 0.0502987 0.0501354 0.0500315 0.050038 0.0500249 0.0500183 0.0500231 0.0500443 0.0500121
internal_weight=7.36247 7.15046 6.95057 6.70761 4.63516 2.07245 0.242967 0.18273 0.212012 0.0643805 0.199886 0.134333 0.0436439 0.0655528 0.0369148 0.0906892 0.028638
internal_count=1397 1309 1119 1005 929 76 114 112 88 66 190 96 49 94 44 47 50
is_linear=0
shrinkage=0.05


Tree=215
num_leaves=8
num_cat=0
split_feature=5 1 10 8 8 8 0
split_gain=0.215753 0.220184 0.223233 0.256825 0.415274 0.401256 0.01983
threshold=0.25129757785467138 7.5000000000000009 2212.5000000000005 75.032324981730341 75.933171870474553 36.658072541846074 33.500000000000007
decision_type=2 2 2 2 2 2 2
left_child=-1 2 3 5 -5 -2 -3
right_child=1 6 -4 4 -6 -7 -8
leaf_value=-0.053338707655861767 0.00094716844908700963 0.050948282946299328 -0.036802336572912757 0.058713105429433823 0.0047237193023213333 -0.042373642621289571 0.02686624268460687
leaf_weight=0.18432671353366448 3.4231224163522711 0.19361500605009485 0.39934731001267199 0.4411988926585767 1.8481044329819267 0.63343754624656856 0.1530591367627494
leaf_count=34 787 19 20 3 321 181 32
internal_value=6.63964e-05 0.00145446 -0.000542846 0.00173898 0.0151287 -0.00581744 0.0403159
internal_weight=7.27621 7.09188 6.74521 6.34586 2.2893 4.05656 0.346674
internal_count=1397 1363 1312 1292 324 968 51
is_linear=0
shrinkage=0.05


Tree=216
num_leaves=9
num_cat=0
split_feature=14 16 11 12 12 8 8 5
split_gain=0.213047 0.220797 0.233701 0.231402 0.428358 0.311251 1.97079e-06 4.64364e-07
threshold=1.0000000180025095e-35 1.0000000180025095e-35 1.5000000000000002 202.602632756632 190.69497060004053 79.325761384357648 169.07267063741321 0.33503401360544222
decision_type=2 2 2 2 2 2 2 2
left_child=1 2 3 4 -1 -5 7 -4
right_child=-2 -3 6 5 -6 -7 -8 -9
leaf_value=-0.0080819283254784779 0.050555723859924254 0.050655231070339903 0.050293819512266441 -0.038730507906011596 0.026359881117399453 -0.0018611686640433323 0.050481152654055443 0.050087469711081835
leaf_weight=2.9533542126591783 0.20303689064166963 0.19797193000704272 0.037474884127732255 0.97441446031007251 1.3002070013899354 1.3875529060132974 0.063121689425315708 0.10006181671633385
leaf_count=603 33 40 5 439 19 174 5 79
internal_value=6.35306e-05 -0.00139805 -0.00290991 -0.00452232 0.00244607 -0.0170714 0.0502498 0.0501437
internal_weight=7.2172 7.01416 6.81619 6.61553 4.25356 2.36197 0.200658 0.137537
internal_count=1397 1364 1324 1235 622 613 89 84
is_linear=0
shrinkage=0.05


Tree=217
num_leaves=18
num_cat=0
split_feature=15 6 3 8 10 9 2 10 10 10 8 12 10 12 8 10 9
split_gain=0.211472 0.209798 0.220642 0.242958 0.700076 0.431268 8.95491e-05 2.04948e-05 8.90384e-07 1.29158e-07 6.5097e-09 4.34605e-09 1.44198e-09 6.7741e-10 6.4755e-10 3.58384e-10 2.18841e-11
threshold=3.5000000000000004 0.37500000000000006 5.5000000000000009 29.020304263478014 92.500000000000014 0.39252326235476548 3.8257575757575757 767.50000000000011 97.500000000000014 176.50000000000003 59.994981028663204 44.823787607939821 202.00000000000003 6.0804022984606485 120.01403237745372 310.25000000000006 0.1866524185541665
decision_type=2 2 2 2 2 2 2 2 2 2 2 2 2 2 2 2 2
left_child=1 2 3 4 -1 -5 -4 -8 -2 -10 11 12 -3 16 -15 -13 -12
right_child=8 10 6 5 -6 -7 7 -9 9 -11 13 15 -14 14 -16 -17 -18
leaf_value=0.0064047754623563907 0.050359207389591848 0.050034658340196637 -0.053061142461403858 -0.0051508317138534579 -0.048607696782554749 0.029593454672283626 -0.051749363056547905 -0.050447918590330577 0.050057459664336848 0.050203698649133488 0.050010514455483573 0.050047507071988601 0.050015880898784851 0.050015863823823482 0.050029471009874649 0.050040985282513432 0.050013390202170549
leaf_weight=1.6069309248414358 0.14319441028055724 0.01793141292000644 0.054980901564704143 2.6788316512393067 0.90345396006887302 1.3398593759920912 0.039142581328633241 0.13315987704481813 0.030315620373585261 0.030079297575866804 0.015970083550200798 0.034488663775846362 0.023787003068719059 0.018750017101410776 0.016382811358198524 0.054119153006467968 0.011294191426713951
leaf_count=356 22 18 2 302 241 106 13 99 26 40 31 16 31 29 15 31 19
internal_value=6.29659e-05 -0.00140859 -0.00287589 -0.00119005 -0.0133935 0.00643315 -0.0513042 -0.0507436 0.0502913 0.0501303 0.0500309 0.0500373 0.050024 0.0500176 0.0500222 0.0500435 0.0500117
internal_weight=7.15267 6.94908 6.75636 6.52908 2.51038 4.01869 0.227283 0.172302 0.203589 0.0603949 0.192723 0.130326 0.0417184 0.0623971 0.0351328 0.0886078 0.0272643
internal_count=1397 1309 1119 1005 597 408 114 112 88 66 190 96 49 94 44 47 50
is_linear=0
shrinkage=0.05


Tree=218
num_leaves=7
num_cat=0
split_feature=5 1 14 16 13 0
split_gain=0.205651 0.204582 0.206806 0.217243 0.226389 0.0197188
threshold=0.25129757785467138 7.5000000000000009 1.0000000180025095e-35 1.0000000180025095e-35 1.0000000180025095e-35 33.500000000000007
decision_type=2 2 2 2 2 2
left_child=-1 2 3 4 -2 -3
right_child=1 5 -4 -5 -6 -7
leaf_value=-0.053270739268852535 -0.0053136406155977253 0.050911612215067653 0.050527223142479795 0.050633695768568833 0.051615650866828303 0.026231632232146758
leaf_weight=0.17626998381456349 6.0099097544516553 0.18246664758771647 0.1927272103348513 0.18989757826784615 0.17985827516531561 0.14544810223742388
leaf_count=34 1199 19 33 40 40 32
internal_value=5.89506e-05 0.00142127 -0.000501767 -0.00204333 -0.00365943 0.0399647
internal_weight=7.07658 6.90031 6.57239 6.37967 6.18977 0.327915
internal_count=1397 1363 1312 1279 1239 51
is_linear=0
shrinkage=0.05


Tree=219
num_leaves=18
num_cat=0
split_feature=15 6 3 8 10 9 2 5 10 10 8 12 10 12 8 10 9
split_gain=0.200332 0.199137 0.20934 0.225788 0.656153 0.400486 7.48319e-05 1.7477e-05 7.64978e-07 1.16333e-07 5.67253e-09 3.8217e-09 1.2245e-09 5.93785e-10 5.63492e-10 3.13146e-10 1.90829e-11
threshold=3.5000000000000004 0.37500000000000006 5.5000000000000009 29.020304263478014 92.500000000000014 0.39252326235476548 3.8257575757575757 0.61407126975542337 97.500000000000014 176.50000000000003 59.994981028663204 44.823787607939821 202.00000000000003 6.0804022984606485 120.01403237745372 310.25000000000006 0.1866524185541665
decision_type=2 2 2 2 2 2 2 2 2 2 2 2 2 2 2 2 2
left_child=1 2 3 4 -1 -5 -4 -8 -2 -10 11 12 -3 16 -15 -13 -12
right_child=8 10 6 5 -6 -7 7 -9 9 -11 13 15 -14 14 -16 -17 -18
leaf_value=0.0060017234742200942 0.050344187913517552 0.050032955237825083 -0.052888476658528832 -0.0049405207390099438 -0.04800565956913052 0.028810946901511959 -0.050287848191446244 -0.051341576817673207 0.050053042683643245 0.050196558380199187 0.050010058257972771 0.05004543451359364 0.050015110729924796 0.050015187242653372 0.050028180708672071 0.050039193957892969 0.050012805176241772
leaf_weight=1.5949019786203282 0.13664547278312955 0.01680194264918089 0.052189605979947262 2.6562461144931153 0.86871785447874561 1.3135295753891112 0.097360997406212846 0.066042951657436788 0.027993139214231633 0.028492697514593601 0.015249243442667648 0.03286817524349317 0.022470981639344245 0.017851418349891901 0.015667185274651274 0.051755590218817815 0.010800713527714834
leaf_count=356 22 18 2 302 241 106 86 26 26 40 31 16 31 29 15 31 19
internal_value=6.14739e-05 -0.00135805 -0.00277598 -0.00115187 -0.0130423 0.00622725 -0.0512402 -0.0507137 0.0502802 0.0501254 0.0500295 0.0500356 0.0500227 0.0500169 0.0500213 0.0500416 0.0500112
internal_weight=7.02559 6.83245 6.64899 6.4334 2.46362 3.96978 0.215594 0.163404 0.193131 0.0564858 0.183465 0.123897 0.0392729 0.0595686 0.0335186 0.0846238 0.02605
internal_count=1397 1309 1119 1005 597 408 114 112 88 66 190 96 49 94 44 47 50
is_linear=0
shrinkage=0.05


Tree=220
num_leaves=13
num_cat=0
split_feature=12 12 10 12 5 12 12 14 15 8 13 15
split_gain=0.202913 0.731356 0.492921 0.43976 0.446445 0.380285 0.365964 0.255291 0.287934 0.237301 0.271817 0.145537
threshold=193.11295995963548 190.69497060004053 241.87500000000003 65.272821960046301 0.39819100091827364 198.91443911166672 202.602632756632 1.0000000180025095e-35 3.5000000000000004 154.09765324260997 1.0000000180025095e-35 2.5000000000000004
decision_type=2 2 2 2 2 2 2 2 2 2 2 2
left_child=1 2 7 4 -4 -2 -7 8 -1 10 -8 -5
right_child=5 -3 3 11 -6 6 9 -9 -10 -11 -12 -13
leaf_value=-0.038650836707463221 -0.063303666800250152 0.056936383110338697 -0.041155402142875969 0.020961181933349768 0.028571974514864231 0.044458457305637557 -0.02246310919876697 0.050520502673341565 0.050300575345805176 0.021598056751833981 0.051983120027407952 0.061226292182590028
leaf_weight=1.127793496882078 0.29543165792711112 0.63250184711068858 0.50297789217438527 0.48136593602248468 0.42230676757753827 0.34646577551029656 1.9191501346322191 0.10288889441289928 0.09895895898080187 0.47252242831018509 0.13097938091959793 0.42041844970663078
leaf_count=392 10 5 46 61 173 5 617 21 32 29 4 2
internal_value=5.75329e-05 0.00786296 -0.00196975 0.0148853 -0.00933131 -0.00928864 -0.00372674 -0.0251304 -0.0314754 -0.0103446 -0.0177069 0.0397331
internal_weight=6.95376 3.78921 3.15671 1.82707 0.925285 3.16455 2.86912 1.32964 1.22675 2.52265 2.05013 0.901784
internal_count=1397 732 727 282 219 665 655 445 424 650 621 63
is_linear=0
shrinkage=0.05


Tree=221
num_leaves=13
num_cat=0
split_feature=16 11 9 12 12 12 6 12 8 5 5 0
split_gain=0.197559 0.199025 0.22551 0.237783 0.660158 0.332507 0.114341 0.00325683 1.60758e-06 3.01352e-07 5.20147e-08 3.2569e-10
threshold=1.0000000180025095e-35 1.5000000000000002 0.226368529703219 193.11295995963548 190.69497060004053 198.91443911166672 0.37500000000000006 11.05051039539352 169.07267063741321 0.33503401360544222 0.69784302953836141 33.500000000000007
decision_type=2 2 2 2 2 2 2 2 2 2 2 2
left_child=1 2 6 4 -4 -5 7 -1 9 -3 -11 -8
right_child=-2 8 3 5 -6 -7 11 -9 -10 10 -12 -13
leaf_value=-0.03618912906216238 0.050633725524605523 0.050258843000279919 -0.0022535477060581541 -0.064278529144063637 0.055037516722832552 -0.0055878221799435992 0.050015403899412995 -0.051065773551740738 0.05044762797299103 0.050038209803176796 0.05011486386003753 0.050025593919736412
leaf_weight=0.042000614004791603 0.18776940318639379 0.032880628190468886 2.6263620419267686 0.26634013606235418 0.6218817951157688 2.5693884356769559 0.01761257083126111 0.29652332933983416 0.058425441879080608 0.038668895744194742 0.051745234552072361 0.014134176191873848
leaf_count=8 40 5 506 7 5 505 31 187 5 53 31 14
internal_value=5.7495e-05 -0.0013736 -0.00282655 -0.000520883 0.00871492 -0.0111002 -0.0407113 -0.04922 0.0502316 0.0501292 0.0500821 0.0500199
internal_weight=6.82373 6.63596 6.45424 6.08397 3.24824 2.83573 0.370271 0.338524 0.18172 0.123295 0.0904141 0.0317467
internal_count=1397 1357 1263 1023 511 512 240 195 94 89 84 45
is_linear=0
shrinkage=0.05


Tree=222
num_leaves=8
num_cat=0
split_feature=5 1 10 8 8 8 0
split_gain=0.19427 0.19266 0.199889 0.251664 0.371304 0.354934 0.0192009
threshold=0.25129757785467138 7.5000000000000009 2212.5000000000005 75.032324981730341 75.933171870474553 36.658072541846074 33.500000000000007
decision_type=2 2 2 2 2 2 2
left_child=-1 2 3 5 -5 -2 -3
right_child=1 6 -4 4 -6 -7 -8
leaf_value=-0.053140418816556179 0.00048521746812215456 0.05091132194896969 -0.035913469775308585 0.057834517402732225 0.0052435633025833895 -0.042085285756078658 0.025825939027641104
leaf_weight=0.16738226211600693 3.1662943076589731 0.17379953491035838 0.37454854116367631 0.41498420457355711 1.7549094704554589 0.5791988150376709 0.13595154171343893
leaf_count=34 787 19 20 3 321 181 32
internal_value=5.56109e-05 0.00140478 -0.000490999 0.00175187 0.0153014 -0.00609784 0.0399012
internal_weight=6.76707 6.59969 6.28994 5.91539 2.16989 3.74549 0.309751
internal_count=1397 1363 1312 1292 324 968 51
is_linear=0
shrinkage=0.05


Tree=223
num_leaves=9
num_cat=0
split_feature=14 16 10 6 9 15 15 8
split_gain=0.188762 0.199393 0.213052 0.185544 0.24614 0.179128 1.55975e-05 5.77237e-09
threshold=1.0000000180025095e-35 1.0000000180025095e-35 87.500000000000014 0.37500000000000006 0.226368529703219 3.5000000000000004 2.5000000000000004 59.994981028663204
decision_type=2 2 2 2 2 2 2 2
left_child=1 2 5 4 -4 6 -1 -5
right_child=-2 -3 3 7 -6 -7 -8 -9
leaf_value=-0.050212019989464257 0.050492308321453142 0.050603357611603866 -0.04356880444468253 0.05003511440692017 0.00059199803248027177 0.050327906527163249 -0.050876817129998878 0.050015645878577701
leaf_weight=0.17310557394375781 0.18050195518298995 0.17966645798878733 0.33497591277773597 0.12131122146820406 5.436874668681412 0.050270962528884411 0.17994836252182722 0.055489466205472127
leaf_count=251 33 40 192 97 661 3 16 104
internal_value=5.33093e-05 -0.00134057 -0.00280981 -0.000425427 -0.00197092 -0.0379772 -0.0505509 0.050029
internal_weight=6.71214 6.53164 6.35198 5.94865 5.77185 0.403325 0.353054 0.176801
internal_count=1397 1364 1324 1054 853 270 267 201
is_linear=0
shrinkage=0.05


Tree=224
num_leaves=9
num_cat=0
split_feature=5 1 15 16 10 0 10 10
split_gain=0.18396 0.180015 0.187981 0.189128 0.197776 0.0200547 5.88327e-07 8.53445e-08
threshold=0.25129757785467138 7.5000000000000009 3.5000000000000004 1.0000000180025095e-35 87.500000000000014 33.500000000000007 97.500000000000014 176.50000000000003
decision_type=2 2 2 2 2 2 2 2
left_child=-1 2 3 4 -2 -3 -4 -8
right_child=1 5 6 -5 -6 -7 7 -9
leaf_value=-0.052989198066029947 -0.038211366734657942 0.050866295945380086 0.050315981383513779 0.050589223151134281 -0.0010338875583681525 0.024847456593413433 0.050050650926923429 0.050179564576414065
leaf_weight=0.15955439805475169 0.38276322151796183 0.16536965916748148 0.12600278657919251 0.16642084241175314 5.4696376010615495 0.13412693646387197 0.025640687737904955 0.025713829323649406
leaf_count=34 273 19 22 19 932 32 26 40
internal_value=5.13275e-05 0.00135417 -0.000475809 -0.00197078 -0.0034654 0.039214 0.0502578 0.0501152
internal_weight=6.65523 6.49568 6.19618 6.01882 5.8524 0.299497 0.177357 0.0513545
internal_count=1397 1363 1312 1224 1205 51 88 66
is_linear=0
shrinkage=0.05


Tree=225
num_leaves=9
num_cat=0
split_feature=14 13 12 12 0 10 12 10
split_gain=0.181036 0.185986 0.227127 0.364345 0.520981 0.354991 0.300425 0.596366
threshold=1.0000000180025095e-35 1.0000000180025095e-35 202.602632756632 471.83981681679978 22.500000000000004 2307.5000000000005 190.69497060004053 241.87500000000003
decision_type=2 2 2 2 2 2 2 2
left_child=1 2 6 5 -5 -4 7 -1
right_child=-2 -3 3 4 -6 -7 -8 -9
leaf_value=-0.032998201567192589 0.050470537967528817 0.051480425011131016 -0.039681282523324569 -0.040215906675141966 0.041347113554906167 0.04522867534651312 0.02511437569284608 0.013901299468956622
leaf_weight=1.117829787443043 0.17336628006887611 0.1626467943569877 1.2458481817011491 0.31445813935715694 0.51877496574888937 0.13659048129920837 1.2191257234662769 1.7220010709970663
leaf_count=409 33 40 467 126 29 16 20 257
internal_value=5.09569e-05 -0.00130692 -0.00267524 -0.0155508 0.0105656 -0.0312918 0.00435315 -0.00455954
internal_weight=6.61064 6.43728 6.27463 2.21567 0.833233 1.38244 4.05896 2.83983
internal_count=1397 1364 1324 638 155 483 686 666
is_linear=0
shrinkage=0.05


Tree=226
num_leaves=18
num_cat=0
split_feature=15 6 3 8 10 9 2 5 10 10 8 12 10 12 8 10 9
split_gain=0.179149 0.182859 0.19631 0.214477 0.570539 0.364585 6.20958e-05 1.35196e-05 5.49717e-07 8.48734e-08 5.7091e-09 3.51134e-09 1.14757e-09 4.43911e-10 3.60693e-10 2.6096e-10 2.20951e-11
threshold=3.5000000000000004 0.37500000000000006 5.5000000000000009 29.020304263478014 92.500000000000014 0.39252326235476548 3.8257575757575757 0.61407126975542337 97.500000000000014 176.50000000000003 59.994981028663204 44.823787607939821 202.00000000000003 6.0804022984606485 120.01403237745372 310.25000000000006 0.1866524185541665
decision_type=2 2 2 2 2 2 2 2 2 2 2 2 2 2 2 2 2
left_child=1 2 3 4 -1 -5 -4 -8 -2 -10 11 12 -3 16 -15 -13 -12
right_child=8 10 6 5 -6 -7 7 -9 9 -11 13 15 -14 14 -16 -17 -18
leaf_value=0.0052962738707398463 0.050311985643129109 0.050032005461511514 -0.052714447003614544 -0.0047397694443672006 -0.047116043143267866 0.02863315980900441 -0.050285900448402455 -0.051243296053894993 0.050047137925556845 0.050178961150222738 0.050008295420735899 0.050044286958241146 0.050013998032113628 0.050013895978217981 0.050024971152080926 0.050038480099156402 0.050011491373422826
leaf_weight=1.4751065518357793 0.12409024337830477 0.015870725073909742 0.049308697431115323 2.4588697144281473 0.80127156275557343 1.2266176139819434 0.09094916720277979 0.062018512246140745 0.024081647155981045 0.024769406561972573 0.012563042546389624 0.031763042439706624 0.019992568282759748 0.015813242134754546 0.013738454610574991 0.049499112137709744 0.0094954777887323871
leaf_count=356 22 18 2 302 241 106 86 26 26 40 31 16 31 29 15 31 19
internal_value=4.75754e-05 -0.00132354 -0.00272925 -0.00108569 -0.0131526 0.00636753 -0.0511714 -0.0506741 0.0502561 0.050114 0.0500289 0.050035 0.050022 0.050015 0.050019 0.0500407 0.0500097
internal_weight=6.50582 6.33288 6.16414 5.96187 2.27638 3.68549 0.202276 0.152968 0.172941 0.0488511 0.168736 0.117125 0.0358633 0.0516102 0.0295517 0.0812622 0.0220585
internal_count=1397 1309 1119 1005 597 408 114 112 88 66 190 96 49 94 44 47 50
is_linear=0
shrinkage=0.05


Tree=227
num_leaves=17
num_cat=0
split_feature=4 0 15 12 12 2 9 6 9 2 14 10 12 8 8 12
split_gain=0.18286 0.276761 0.384608 0.398961 0.553517 0.368185 0.379291 0.264478 0.237803 0.171487 0.155998 0.0996163 0.0618889 0.0149903 0.000835446 1.72089e-09
threshold=3.5000000000000004 17.500000000000004 1.5000000000000002 95.104130756331031 196.12621936559032 3.5634920634920646 0.37575075260126561 0.37500000000000006 0.43356037722939084 3.8452380952380958 1.0000000180025095e-35 172.50000000000003 320.30120770576394 158.54295941290511 154.09765324260997 75.588602383049775
decision_type=2 2 2 2 2 2 2 2 2 2 2 2 2 2 2 2
left_child=1 2 7 11 -5 -3 9 10 13 -7 -1 -4 -8 14 -2 -9
right_child=8 5 3 4 -6 6 12 15 -10 -11 -12 -13 -14 -15 -16 -17
leaf_value=-0.050351231537781482 -0.052169547809164697 0.053174502336453211 -0.01019823008271682 0.036943768896464967 -0.0084153199798619512 -0.056022220843695618 0.0152627082835653 0.050024696490598958 0.012477126747430073 0.014702510323363253 0.050742322883059021 -0.045202561466246717 0.051503937355223489 -0.034267264584742461 -0.057671236574291566 0.050039432614336091
leaf_weight=0.67217485431683588 0.16209519900439762 0.56956819994957164 0.42419663947657715 1.2718631158859355 1.4274109798716379 0.27790511562488973 0.25823621431482024 0.033190579357324168 0.26685420279682148 0.12393123924266547 0.040457021445035934 0.39021465160476509 0.21661379004945047 0.1352653969952371 0.12014940388326067 0.049150586448376998
leaf_count=827 49 27 52 35 75 5 43 40 18 106 1 65 14 8 5 27
internal_value=4.42285e-05 0.00294983 -0.00340282 0.00370282 0.0129573 0.0218755 0.00154113 -0.0348089 -0.0243894 -0.0342099 -0.044612 -0.0269701 0.031795 -0.0479528 -0.0545116 0.0500335
internal_weight=6.43928 5.75491 4.30866 3.51369 2.69927 1.44625 0.876686 0.794973 0.684364 0.401836 0.712632 0.814411 0.47485 0.41751 0.282245 0.0823412
internal_count=1397 1317 1122 227 110 195 168 895 80 111 828 117 57 62 54 67
is_linear=0
shrinkage=0.05


Tree=228
num_leaves=9
num_cat=0
split_feature=16 14 11 12 12 12 8 5
split_gain=0.178686 0.180455 0.189103 0.191526 0.32509 0.274779 1.19033e-06 2.41428e-07
threshold=1.0000000180025095e-35 1.0000000180025095e-35 1.5000000000000002 202.602632756632 190.69497060004053 471.83981681679978 169.07267063741321 0.33503401360544222
decision_type=2 2 2 2 2 2 2 2
left_child=1 2 3 4 -1 -5 7 -4
right_child=-2 -3 6 5 -6 -7 -8 -9
leaf_value=-0.0075235196520754451 0.050580244303881521 0.050437087666161708 0.050241687281953787 -0.030367933960327949 0.02415617014383031 0.0075429160402352971 0.050409879386075343 0.050076493958688274
leaf_weight=2.5712438958216812 0.1701689489527779 0.16366588725941245 0.030618852819315978 1.308129443372309 1.1821119969245044 0.75315536504785985 0.053440987539943308 0.079663246811833233
leaf_count=603 40 33 5 464 19 149 5 79
internal_value=3.95843e-05 -0.00136068 -0.00277871 -0.00427089 0.00245394 -0.016516 0.0502162 0.0501224
internal_weight=6.3122 6.14203 5.97836 5.81464 3.75336 2.06128 0.163723 0.110282
internal_count=1397 1357 1324 1235 622 613 89 84
is_linear=0
shrinkage=0.05


Tree=229
num_leaves=11
num_cat=0
split_feature=15 16 10 9 12 14 6 15 10 10
split_gain=0.172153 0.174612 0.184484 0.188831 0.206457 0.156162 0.111539 1.09565e-05 5.29969e-07 6.49322e-08
threshold=3.5000000000000004 1.0000000180025095e-35 87.500000000000014 0.226368529703219 193.11295995963548 1.0000000180025095e-35 0.37500000000000006 2.5000000000000004 97.500000000000014 176.50000000000003
decision_type=2 2 2 2 2 2 2 2 2 2
left_child=1 2 5 6 -5 7 -4 -1 -2 -10
right_child=8 -3 3 4 -6 -7 -8 -9 9 -11
leaf_value=-0.050192306065680897 0.050305528632246715 0.050565684337765628 -0.046762760602476194 0.010971354888095705 -0.0089115607300304552 0.050261007691828223 0.050016010144205952 -0.050790057534382572 0.05004459020268507 0.050164048358514526
leaf_weight=0.14886605291394506 0.12067239845055144 0.15790065845067136 0.29833207729825506 2.8333503452304285 2.4213480192738643 0.043960642506135628 0.033072315214667469 0.15804916759952903 0.022381602182576898 0.023132577505748486
leaf_count=251 22 19 188 399 370 6 60 16 26 40
internal_value=4.09852e-05 -0.00132806 -0.00270824 -0.000499272 0.00180937 -0.0378759 -0.0371048 -0.0505001 0.0502507 0.0501053
internal_weight=6.26107 6.09488 5.93698 5.5861 5.2547 0.350876 0.331404 0.306915 0.166187 0.0455142
internal_count=1397 1309 1290 1017 769 273 248 267 88 66
is_linear=0
shrinkage=0.05


Tree=230
num_leaves=11
num_cat=0
split_feature=13 9 9 5 2 10 16 6 10 12
split_gain=0.172132 0.185101 0.207112 0.291129 0.449342 0.230013 0.16549 0.167528 0.00146668 1.30806e-09
threshold=1.0000000180025095e-35 0.27608960970809288 0.27888640565311246 0.34816732412886259 3.0833333333333335 1812.5000000000002 1.5000000000000002 0.37500000000000006 192.50000000000003 283.46524673292254
decision_type=2 2 2 2 2 2 2 2 2 2
left_child=1 6 -3 5 -5 -4 7 8 -1 -9
right_child=-2 2 3 4 -6 -7 -8 9 -10 -11
leaf_value=-0.045520440477785362 0.051516253096041464 0.032367564509373663 -0.053402876209434139 -0.0075630871004076505 0.027352811469786287 0.00027737667231582402 0.050520907596504551 0.050011319159783296 -0.052017279442375192 0.050028875150780833
leaf_weight=0.12434903346729687 0.15825004977523338 0.49082780489698041 0.44260942798791791 2.8869922795274761 1.353423500946519 0.36339655282790773 0.056849206470360514 0.030168635887093842 0.28822531930927653 0.016365766947274096
leaf_count=118 40 3 60 701 207 22 8 79 143 16
internal_value=3.7895e-05 -0.00130791 0.00136104 -0.00165473 0.0035811 -0.0292006 -0.0299511 -0.0399156 -0.0500591 0.0500175
internal_weight=6.21146 6.05321 5.53725 5.04642 4.24042 0.806006 0.515958 0.459109 0.412574 0.0465344
internal_count=1397 1357 993 990 908 82 364 356 261 95
is_linear=0
shrinkage=0.05


Tree=231
num_leaves=11
num_cat=0
split_feature=15 14 10 12 12 10 16 15 10 10
split_gain=0.164374 0.163492 0.208807 0.162597 0.557414 0.512397 0.0970775 9.22035e-06 4.61733e-07 5.87935e-08
threshold=3.5000000000000004 1.0000000180025095e-35 87.500000000000014 193.11295995963548 190.69497060004053 157.50000000000003 1.0000000180025095e-35 2.5000000000000004 97.500000000000014 176.50000000000003
decision_type=2 2 2 2 2 2 2 2 2 2
left_child=1 2 6 4 -4 -5 7 -1 -2 -10
right_child=8 -3 3 5 -6 -7 -8 -9 9 -11
leaf_value=-0.050181475646884389 0.050292757222617612 0.050431942831663738 -0.0031107373828055921 -0.057563326854969545 0.051196069737714622 0.00095690252222205285 0.050459698737082642 -0.050745897987361267 0.050041309713914163 0.050158113372440333
leaf_weight=0.14035448618233193 0.11568200138572127 0.14891189130139526 2.4298124987690248 0.45839619771504692 0.58657520636916149 2.0329665037024824 0.025957735437259544 0.1493519120849669 0.021063426705950405 0.022053281107218936
leaf_count=251 22 11 521 170 5 330 5 16 26 40
internal_value=3.36121e-05 -0.00130135 -0.00262423 -0.000357609 0.00744992 -0.00981048 -0.0421726 -0.0504725 0.0502407 0.0501011
internal_weight=6.13113 5.97233 5.82341 5.50775 3.01639 2.49136 0.315664 0.289706 0.158799 0.0431167
internal_count=1397 1309 1298 1026 526 500 272 267 88 66
is_linear=0
shrinkage=0.05


Tree=232
num_leaves=13
num_cat=0
split_feature=13 12 8 9 10 3 15 12 0 5 1 9
split_gain=0.162836 0.173745 0.25028 0.283498 0.245463 0.227342 0.225236 0.74552 0.55335 0.276974 0.112575 0.0798338
threshold=1.0000000180025095e-35 202.602632756632 154.09765324260997 0.49098554416855783 2307.5000000000005 4.5000000000000009 2.5000000000000004 95.104130756331031 7.5000000000000009 0.50483619880497244 1.5000000000000002 0.19916815641130878
decision_type=2 2 2 2 2 2 2 2 2 2 2 2
left_child=1 6 3 4 -3 -5 8 10 11 -10 -8 -1
right_child=-2 2 -4 5 -6 -7 7 -9 9 -11 -12 -13
leaf_value=0.0015651205976979301 0.051444162167497191 -0.052099906444599477 0.021770459107612161 -0.018066242451812729 0.036324333311938822 0.03924353833307901 -0.0063359054965313327 0.034576243669792409 -0.006648325459247712 0.047573828805271945 -0.050317055955677571 -0.04545289963094315
leaf_weight=0.10396775860863294 0.15019158109498665 0.73038746072779781 0.41413640430982912 0.58610681488062255 0.087933468879782595 0.24554225230895099 0.25438154857329243 1.5168838505342135 0.53310772408440243 0.42191398155409843 0.33990553316107253 0.6858141374468687
leaf_count=57 40 243 29 311 13 50 36 30 50 147 31 360
internal_value=3.00247e-05 -0.00127434 -0.0129818 -0.0217045 -0.0425982 -0.00114568 0.00499268 0.0159785 -0.00829992 0.0173062 -0.0314911 -0.0392634
internal_weight=6.07027 5.92008 2.06411 1.64997 0.818321 0.831649 3.85597 2.11117 1.7448 0.955022 0.594287 0.789782
internal_count=1397 1357 646 617 256 361 711 97 614 197 67 417
is_linear=0
shrinkage=0.05


Tree=233
num_leaves=7
num_cat=0
split_feature=16 14 13 9 8 6
split_gain=0.159156 0.164459 0.171517 0.236618 0.231944 0.15741
threshold=1.0000000180025095e-35 1.0000000180025095e-35 1.0000000180025095e-35 0.27608960970809288 29.020304263478014 0.37500000000000006
decision_type=2 2 2 2 2 2
left_child=1 2 3 5 -5 -1
right_child=-2 -3 -4 4 -6 -7
leaf_value=-0.050058047574215739 0.050521487315697847 0.050410068452233517 0.051373099032960425 -0.014017771111808366 0.007764338280318488 0.05001729369954494
leaf_weight=0.38365145389252564 0.15204067164449941 0.14976962416403683 0.14305928467365436 2.0560367564539774 3.0133140667385305 0.043776979837275576
leaf_count=259 40 33 40 674 260 91
internal_value=2.36832e-05 -0.00130244 -0.0026757 -0.00408237 -0.00107009 -0.0398084
internal_weight=5.94165 5.78961 5.63984 5.49678 5.06935 0.427428
internal_count=1397 1357 1324 1284 934 350
is_linear=0
shrinkage=0.05


Tree=234
num_leaves=10
num_cat=0
split_feature=5 15 1 12 5 5 0 10 10
split_gain=0.158446 0.150295 0.15432 0.164975 0.372925 0.25059 0.0223007 4.37371e-07 4.78107e-08
threshold=0.25129757785467138 3.5000000000000004 7.5000000000000009 65.272821960046301 0.35448595041322312 0.4685060835629018 33.500000000000007 97.500000000000014 176.50000000000003
decision_type=2 2 2 2 2 2 2 2 2
left_child=-1 2 3 5 -5 -2 -4 -3 -9
right_child=1 7 6 4 -6 -7 -8 8 -10
leaf_value=-0.052594802842959781 -0.049883305420680708 0.050286284691914186 0.050733040867105429 0.030419200872013372 -0.0053189878221673948 0.00082168234104586029 0.021545829168972543 0.050038322649323952 0.050147174636154625
leaf_weight=0.13967574689377205 0.41524464091344249 0.11235871991084412 0.14239636981801584 0.92968478386865161 3.3977628623179044 0.5897305401522317 0.12110228824894875 0.019566368788218824 0.020823545546591049
leaf_count=34 49 22 19 76 774 325 32 26 40
internal_value=2.36143e-05 0.00130209 -3.36218e-05 -0.00187937 0.00235881 -0.0201291 0.0373188 0.0502356 0.0500944
internal_weight=5.88835 5.74867 5.59592 5.33242 4.32745 1.00498 0.263499 0.152749 0.0403899
internal_count=1397 1363 1275 1224 850 374 51 88 66
is_linear=0
shrinkage=0.05


Tree=235
num_leaves=17
num_cat=0
split_feature=6 3 16 9 8 5 2 5 0 12 1 10 10 9 7 10
split_gain=0.152569 0.197029 0.146506 0.194457 0.230789 0.01181 6.02154e-05 1.04346e-05 7.68673e-07 3.91292e-09 1.37803e-09 9.88888e-10 5.81329e-10 1.80733e-10 1.55575e-10 1.80093e-12
threshold=0.37500000000000006 5.5000000000000009 1.5000000000000002 0.226368529703219 29.020304263478014 0.33503401360544222 3.8257575757575757 0.61407126975542337 27.500000000000004 44.823787607939821 1.5000000000000002 176.50000000000003 192.50000000000003 0.1866524185541665 0.37916666666666671 1172.2500000000002
decision_type=2 2 2 2 2 2 2 2 2 2 2 2 2 2 2 2
left_child=1 2 3 5 -5 -1 -3 8 -8 11 12 -2 -11 15 -15 -13
right_child=9 6 -4 4 -6 -7 7 -9 -10 10 -12 13 -14 14 -16 -17
leaf_value=-0.015120030366080679 0.050027813779178434 -0.052679704203665058 0.050507685039851251 -0.011530005038060537 0.010121961869250389 -0.046982309566214742 -0.050065995750636361 -0.051162462246351792 -0.050391316593636271 0.050042092768731922 0.050020981207319876 0.050005347302669069 0.050032025645883653 0.050017323355142834 0.050010412558298738 0.050006599933093657
leaf_weight=0.033329422891256288 0.011526502996275556 0.048641590678016544 0.14239263409399416 2.0802524632235873 3.0136998276066151 0.22825925898723654 0.026255861805111635 0.057581134326028405 0.058869677130132914 0.020421875509782694 0.023443256810423918 0.0056051093051792122 0.048151912746106973 0.013827595626935363 0.019812015940260608 0.0058790333423530683
leaf_count=21 21 2 12 616 249 146 66 26 20 18 37 30 36 33 46 18
internal_value=2.23875e-05 -0.00128424 0.000451636 -0.000879249 0.0012798 -0.0429227 -0.0511605 -0.0506426 -0.050291 0.0500251 0.0500314 0.0500147 0.050035 0.0500114 0.0500133 0.050006
internal_weight=5.83795 5.68928 5.49793 5.35554 5.09395 0.261589 0.191348 0.142707 0.0851255 0.148667 0.092017 0.0566503 0.0685738 0.0451238 0.0336396 0.0114841
internal_count=1397 1158 1044 1032 865 167 114 112 86 239 91 148 54 127 79 48
is_linear=0
shrinkage=0.05


Tree=236
num_leaves=13
num_cat=0
split_feature=4 9 5 9 12 13 9 0 0 10 8 8
split_gain=0.154942 0.224373 0.224257 0.190793 0.302856 0.319807 0.249786 0.363138 0.171834 0.114239 0.0131616 0.000743427
threshold=3.5000000000000004 0.43356037722939084 0.35448595041322312 0.39252326235476548 66.410126481834496 1.0000000180025095e-35 0.40423624602754243 22.500000000000004 15.500000000000002 1681.2500000000002 158.54295941290511 154.09765324260997
decision_type=2 2 2 2 2 2 2 2 2 2 2 2
left_child=2 10 9 4 8 -6 -5 -8 -4 -1 11 -2
right_child=1 -3 3 6 5 -7 7 -9 -10 -11 -12 -13
leaf_value=0.014125494639283063 -0.051550158518049706 0.013614937260263067 -0.022381107716283447 0.046515673840580515 -0.045238449721295947 0.051787801495018985 -0.0068960612010366259 0.048427732899711737 0.05107298466714532 0.053463859467986798 -0.034237899637314433 -0.05698664137767824
leaf_weight=0.62162977875414061 0.14390911971531739 0.24869289848720655 0.13255254747491541 0.32020844859653186 0.76564825096647837 0.095523559139110148 2.4263378073992503 0.33792062058637373 0.19937673481035745 0.26247944770148024 0.12710241271997802 0.11168957322661299
leaf_count=63 49 18 82 8 255 2 786 51 67 3 8 5
internal_value=2.04441e-05 -0.0233596 0.00288038 -0.0018577 -0.0188364 -0.034476 0.00470981 -0.000132927 0.0217398 0.0258045 -0.047387 -0.0539258
internal_weight=5.79307 0.631394 5.16168 4.27757 1.1931 0.861172 3.08447 2.76426 0.331929 0.884109 0.382701 0.255599
internal_count=1397 80 1317 1251 406 257 845 837 149 66 62 54
is_linear=0
shrinkage=0.05


Tree=237
num_leaves=16
num_cat=0
split_feature=15 12 12 10 12 10 5 10 12 2 12 12 12 10 10
split_gain=0.153306 0.155719 0.552769 0.487317 0.338057 0.318169 0.278094 0.264695 0.106034 0.0717584 0.0511684 0.0243947 0.00615569 3.95867e-07 4.26002e-08
threshold=3.5000000000000004 193.11295995963548 190.69497060004053 241.87500000000003 65.272821960046301 157.50000000000003 0.34816732412886259 1745.5000000000002 257.83644787242486 1.8333333333333337 412.39074012018523 305.75824283814819 198.91443911166672 97.500000000000014 176.50000000000003
decision_type=2 2 2 2 2 2 2 2 2 2 2 2 2 2 2
left_child=1 2 3 9 -5 8 11 -8 12 -1 -10 -7 -3 -2 -15
right_child=13 5 -4 4 -6 6 7 -9 10 -11 -12 -13 -14 14 -16
leaf_value=-0.035826752065927225 0.050277565320780621 -0.063927779819871869 0.050619096515967438 -0.010203680400398768 0.037447642098842909 -0.024781700732421925 0.02122238532367474 -0.025079222583330563 -0.0028154377387356062 0.01231404828321786 -0.050175142754780869 -0.052751205852049877 -0.050765017807975814 0.050039412352360674 0.050143504277327701
leaf_weight=0.88256171526154581 0.10877195553621266 0.21669363067485425 0.57152741868048895 0.73354694435693069 0.75559137501113582 0.12695838414219895 1.1353099605585155 0.42392790682424664 0.18739296509011183 0.084850164595991373 0.081984556265524589 0.20199248835524486 0.15052057373395655 0.019284004458313575 0.020047535486810375
leaf_count=334 22 7 5 192 62 18 218 39 167 66 83 55 63 26 40
internal_value=2.28873e-05 -0.00131617 0.00632942 -0.00397477 0.0139747 -0.0104859 -0.000179743 0.00863384 -0.0410547 -0.0316044 -0.0172293 -0.0419564 -0.0585324 0.0502284 0.0500925
internal_weight=5.70096 5.55286 3.02808 2.45655 1.48914 2.52478 1.88819 1.55924 0.636592 0.967412 0.269378 0.328951 0.367214 0.148103 0.0393315
internal_count=1397 1309 659 654 254 650 330 257 320 400 250 73 70 88 66
is_linear=0
shrinkage=0.05


Tree=238
num_leaves=10
num_cat=0
split_feature=14 11 16 12 12 12 8 5 9
split_gain=0.153616 0.156808 0.165449 0.173072 0.277369 0.235506 1.14149e-06 1.45668e-07 1.99497e-08
threshold=1.0000000180025095e-35 1.5000000000000002 1.0000000180025095e-35 202.602632756632 190.69497060004053 471.83981681679978 169.07267063741321 0.33503401360544222 0.411937153780356
decision_type=2 2 2 2 2 2 2 2 2
left_child=1 2 3 4 -1 -5 7 -3 -9
right_child=-2 6 -4 5 -6 -7 -8 8 -10
leaf_value=-0.007477530094809684 0.050408217706185268 0.050203216536164587 0.050486163698190714 -0.030297098839377208 0.023131707066414112 0.0072194195359608186 0.050397419583023621 0.050090600082786645 0.0500360175198774
leaf_weight=2.2691220545384572 0.14727679244242597 0.025919334759237134 0.14213588072016126 1.1516483924897327 1.0983458152040837 0.65692044187744603 0.050764970859745517 0.033864387907669879 0.03310631106432993
leaf_count=603 33 5 40 464 19 149 5 46 33
internal_value=1.82691e-05 -0.00134048 -0.00273288 -0.0041943 0.00250609 -0.0166701 0.0502068 0.0501026 0.0500636
internal_weight=5.6091 5.46183 5.31817 5.17604 3.36747 1.80857 0.143655 0.09289 0.0669707
internal_count=1397 1364 1275 1235 622 613 89 84 79
is_linear=0
shrinkage=0.05


Tree=239
num_leaves=11
num_cat=0
split_feature=15 14 10 12 12 10 16 15 10 10
split_gain=0.147051 0.148868 0.179593 0.155206 0.463337 0.436515 0.0821396 6.63176e-06 3.54332e-07 3.83015e-08
threshold=3.5000000000000004 1.0000000180025095e-35 87.500000000000014 193.11295995963548 190.69497060004053 157.50000000000003 1.0000000180025095e-35 2.5000000000000004 97.500000000000014 176.50000000000003
decision_type=2 2 2 2 2 2 2 2 2 2
left_child=1 2 6 4 -4 -5 7 -1 -2 -10
right_child=8 -3 3 5 -6 -7 -8 -9 9 -11
leaf_value=-0.050152905108743651 0.050269377720143386 0.050400561512299116 -0.0028262081131930914 -0.057290909440970074 0.048211497335138263 7.411932509840749e-05 0.050388246204783993 -0.05066926672233002 0.050036791746261369 0.050138863276145577
leaf_weight=0.11887405343077251 0.1053549374337307 0.13577177005936381 2.206719537985919 0.40420556474782676 0.55691455211490382 1.846786897149286 0.021988175714795943 0.13038308545947075 0.017922879527759505 0.018863830850023078
leaf_count=251 22 11 521 170 5 330 5 16 26 40
internal_value=2.04861e-05 -0.00129569 -0.00262355 -0.000480073 0.00745867 -0.0102268 -0.0422509 -0.050423 0.0502227 0.0500891
internal_weight=5.56379 5.42164 5.28587 5.01463 2.76363 2.25099 0.271245 0.249257 0.142142 0.0367867
internal_count=1397 1309 1298 1026 526 500 272 267 88 66
is_linear=0
shrinkage=0.05


Tree=240
num_leaves=17
num_cat=0
split_feature=6 3 10 12 12 12 2 5 0 12 8 10 10 5 10 12
split_gain=0.144545 0.184165 0.138204 0.148612 0.251712 0.197463 5.46157e-05 9.34202e-06 5.67332e-07 3.30767e-09 2.06356e-09 8.51619e-10 3.98545e-10 3.54689e-10 2.11629e-10 7.67067e-11
threshold=0.37500000000000006 5.5000000000000009 2597.5000000000005 205.44407638378473 65.272821960046301 471.83981681679978 3.8257575757575757 0.61407126975542337 27.500000000000004 44.823787607939821 59.994981028663204 176.50000000000003 192.50000000000003 0.4685060835629018 241.87500000000003 474.6658351996644
decision_type=2 2 2 2 2 2 2 2 2 2 2 2 2 2 2 2
left_child=1 2 3 4 -1 -5 -3 8 -8 11 12 -2 -11 -13 -15 -14
right_child=9 6 -4 5 -6 -7 7 -9 -10 10 -12 13 15 14 -16 -17
leaf_value=-0.016463561550691407 0.050026871310361189 -0.052595269060664952 0.050625244746169834 -0.025334592537367639 0.013748880029340641 0.010980357899467308 -0.05006345377305052 -0.051117133953255539 -0.050354021399207805 0.050040246958684836 0.050015304483679163 0.050022110851640149 0.050033604696953816 0.050016612705097767 0.050007283488622989 0.050029667062221943
leaf_weight=0.96447183559939764 0.01088616469860415 0.047223413523170055 0.13358294943463977 1.1094512482450225 2.417243090334523 0.56494056771771273 0.024575975174229825 0.05426306429944816 0.053086152765899897 0.019329951599502238 0.018382669819402508 0.0063322085916297502 0.026797265527420677 0.0077358734379231455 0.028380224928696407 0.022969483165070415
leaf_count=271 21 2 25 420 242 86 66 26 20 18 32 9 27 15 103 14
internal_value=1.76615e-05 -0.00129391 0.000426647 -0.000899606 0.00513223 -0.0130819 -0.0511361 -0.0506138 -0.0502621 0.0500242 0.0500302 0.0500144 0.0500342 0.0500112 0.0500093 0.0500318
internal_weight=5.50965 5.36884 5.18969 5.05611 3.38171 1.67439 0.179149 0.131925 0.0776621 0.140814 0.0874794 0.0533345 0.0690967 0.0424483 0.0361161 0.0497667
internal_count=1397 1158 1044 1019 513 506 114 112 86 239 91 148 59 127 118 41
is_linear=0
shrinkage=0.05


Tree=241
num_leaves=10
num_cat=0
split_feature=13 12 12 10 12 12 12 8 15
split_gain=0.142584 0.153684 0.423548 0.383093 0.311987 0.26737 0.310562 0.211318 0.162519
threshold=1.0000000180025095e-35 193.11295995963548 190.69497060004053 241.87500000000003 65.272821960046301 198.91443911166672 202.602632756632 154.09765324260997 3.5000000000000004
decision_type=2 2 2 2 2 2 2 2 2
left_child=1 2 3 8 -5 -3 -7 -8 -1
right_child=-2 5 -4 4 -6 6 7 -9 -10
leaf_value=-0.032095084700183435 0.051288322619184791 -0.06029231578811553 0.046146037785677059 -0.0098691449065535439 0.036535672516390859 0.043436422960869928 -0.021159553953058029 0.02121473078319 0.050234282613985971
leaf_weight=0.91871242632987637 0.13231843896937778 0.2444573946995664 0.54485912155359972 0.71265585269793497 0.73654432793773594 0.28552840114571187 1.4616679193459274 0.36836794128612371 0.064126493474759627
leaf_count=393 40 10 5 198 63 5 617 29 37
internal_value=1.67353e-05 -0.00125444 0.00630022 -0.00262659 0.0137157 -0.0107838 -0.00506299 -0.01263 -0.0267234
internal_weight=5.46924 5.33692 2.9769 2.43204 1.4492 2.36002 2.11556 1.83004 0.982839
internal_count=1397 1357 696 691 261 661 651 646 430
is_linear=0
shrinkage=0.05


Tree=242
num_leaves=9
num_cat=0
split_feature=16 14 11 6 9 8 5 12
split_gain=0.145319 0.151593 0.153039 0.147978 0.176472 8.28454e-07 1.10261e-07 2.81281e-09
threshold=1.0000000180025095e-35 1.0000000180025095e-35 1.5000000000000002 0.37500000000000006 0.226368529703219 169.07267063741321 0.33503401360544222 44.823787607939821
decision_type=2 2 2 2 2 2 2 2
left_child=1 2 3 4 -1 6 -4 -5
right_child=-2 -3 5 7 -6 -7 -8 -9
leaf_value=-0.04910714453239539 0.050480635357455665 0.050381917601006687 0.050188187145709828 0.050015558213033884 -0.0034162120277285938 0.05035899952743398 0.050062112550116937 0.050031275655022259
leaf_weight=0.22141885552446172 0.13898888547191734 0.13806398566885025 0.02387799895950582 0.044719133416947332 4.6366169441389502 0.045922244637040421 0.063358771069033537 0.078317279301700182
leaf_count=194 40 33 5 86 888 5 79 67
internal_value=1.80092e-05 -0.00131736 -0.00271303 -0.00412721 -0.00549871 0.0501871 0.0500966 0.0500256
internal_weight=5.39128 5.2523 5.11423 4.98107 4.85804 0.133159 0.0872368 0.123036
internal_count=1397 1357 1324 1235 1082 89 84 153
is_linear=0
shrinkage=0.05


Tree=243
num_leaves=10
num_cat=0
split_feature=5 1 15 16 14 0 12 12 10
split_gain=0.14063 0.13773 0.142151 0.146269 0.151262 0.0180397 5.31246e-08 1.1458e-07 1.65785e-08
threshold=0.25129757785467138 7.5000000000000009 3.5000000000000004 1.0000000180025095e-35 1.0000000180025095e-35 33.500000000000007 29.626520114994218 302.57865268869222 87.500000000000014
decision_type=2 2 2 2 2 2 2 2 2
left_child=-1 2 3 4 -2 -3 8 -8 -4
right_child=1 5 6 -5 -6 -7 7 -9 -10
leaf_value=-0.052368611630116135 -0.004840222935207722 0.050686706467070866 0.050301091966591271 0.050465881025824492 0.05037416773010054 0.023173980243552904 0.05013852579345715 0.050249539355293631 0.050236608969558089
leaf_weight=0.12510026581730915 4.5965626408669777 0.13163119708769944 0.016698988154530414 0.1297277720987039 0.12748088274383906 0.10884781864297111 0.046076763144810684 0.046903322043363005 0.024727898296987405
leaf_count=34 1194 19 1 19 11 32 38 6 43
internal_value=2.10241e-05 0.00127449 -0.0005073 -0.00191188 -0.00335023 0.0382336 0.0502155 0.0501945 0.0502626
internal_weight=5.35376 5.22866 4.98818 4.85377 4.72404 0.240479 0.134407 0.0929801 0.0414269
internal_count=1397 1363 1312 1224 1205 51 88 44 44
is_linear=0
shrinkage=0.05


Tree=244
num_leaves=10
num_cat=0
split_feature=13 12 12 10 12 12 12 12 15
split_gain=0.134518 0.143547 0.39487 0.373365 0.292055 0.250168 0.294869 0.199636 0.147596
threshold=1.0000000180025095e-35 193.11295995963548 190.69497060004053 241.87500000000003 65.272821960046301 198.91443911166672 202.602632756632 471.83981681679978 3.5000000000000004
decision_type=2 2 2 2 2 2 2 2 2
left_child=1 2 3 8 -5 -3 -7 -8 -1
right_child=-2 5 -4 4 -6 6 7 -9 -10
leaf_value=-0.032284412622849749 0.051249510879281361 -0.059651244987360533 0.044859936709369851 -0.0095103684780097533 0.035746609517428495 0.042800784896715932 -0.025323453830726525 0.0093189185516637796 0.050214046403412475
leaf_weight=0.87680697389805651 0.12514648800424755 0.2330823490628976 0.53762308135628689 0.70185681222937979 0.72441325982435956 0.27895678044296834 1.1218515912296423 0.66086196254400409 0.05778848232148448
leaf_count=393 40 10 5 198 63 5 491 155 37
internal_value=2.47648e-05 -0.00120965 0.00618693 -0.0026198 0.013476 -0.0105522 -0.00500132 -0.0124813 -0.0271833
internal_weight=5.31839 5.19324 2.89849 2.36087 1.42627 2.29475 2.06167 1.78271 0.934595
internal_count=1397 1357 696 691 261 661 651 646 430
is_linear=0
shrinkage=0.05


Tree=245
num_leaves=10
num_cat=0
split_feature=16 14 6 8 10 8 8 12 12
split_gain=0.135043 0.140385 0.144827 0.169235 0.433816 0.257126 2.78062e-09 1.80715e-09 2.85306e-10
threshold=1.0000000180025095e-35 1.0000000180025095e-35 0.37500000000000006 29.020304263478014 92.500000000000014 36.658072541846074 59.994981028663204 44.823787607939821 6.0804022984606485
decision_type=2 2 2 2 2 2 2 2 2
left_child=1 2 3 4 -1 -5 7 -4 -8
right_child=-2 -3 6 5 -6 -7 8 -9 -10
leaf_value=0.0019916854039377613 0.050447528503581467 0.050356052299685219 0.050017338417715863 0.036035830405387326 -0.050309932573031228 -0.003234464349859269 0.050006868080418612 0.050032886613204076 0.050015750827441974
leaf_weight=1.1226160144578896 0.12950973381521169 0.12846453184465634 0.026446931595273671 0.49540481679287074 0.61294966815694341 2.6280172895549185 0.015348271706898231 0.063705478343763389 0.021993186695908662
leaf_count=353 40 33 47 38 256 476 58 50 46
internal_value=2.49118e-05 -0.00125178 -0.00258133 -0.00396162 -0.0164797 0.00299418 0.0500236 0.0500283 0.0500121
internal_weight=5.24446 5.11495 4.98648 4.85899 1.73557 3.12342 0.127494 0.0901524 0.0373415
internal_count=1397 1357 1324 1123 609 514 201 97 104
is_linear=0
shrinkage=0.05


Tree=246
num_leaves=8
num_cat=0
split_feature=5 1 10 8 8 8 0
split_gain=0.133184 0.131243 0.135648 0.207268 0.285917 0.249769 0.0185506
threshold=0.25129757785467138 7.5000000000000009 2212.5000000000005 75.032324981730341 36.658072541846074 75.933171870474553 33.500000000000007
decision_type=2 2 2 2 2 2 2
left_child=-1 2 3 4 -2 -5 -3
right_child=1 6 -4 5 -6 -7 -8
leaf_value=-0.05224920036573371 0.00037032359554543256 0.05066898733466673 -0.032855830120727098 0.05469501604290275 -0.042787450378678399 0.0060582639719104926 0.022573411367717525
leaf_weight=0.11905573529838864 2.4185162766370927 0.12669210333842773 0.30405601058009768 0.32940376561600704 0.45614070727606293 1.3287748131915575 0.1095583661517594
leaf_count=34 787 19 20 3 181 321 32
internal_value=2.45052e-05 0.00125126 -0.000526095 0.00164254 -0.0064778 0.0157201 0.03764
internal_weight=5.1922 5.07314 4.83689 4.53284 2.87466 1.65818 0.23625
internal_count=1397 1363 1312 1292 968 324 51
is_linear=0
shrinkage=0.05


Tree=247
num_leaves=10
num_cat=0
split_feature=15 16 14 10 6 15 12 10 10
split_gain=0.130601 0.133147 0.136069 0.201854 0.130932 4.80096e-06 4.67399e-08 1.62709e-07 2.14743e-08
threshold=3.5000000000000004 1.0000000180025095e-35 1.0000000180025095e-35 87.500000000000014 0.37500000000000006 2.5000000000000004 236.09230766232642 97.500000000000014 176.50000000000003
decision_type=2 2 2 2 2 2 2 2 2
left_child=1 2 3 5 -5 -1 7 -2 -9
right_child=6 -3 -4 4 -6 -7 -8 8 -10
leaf_value=-0.050132547423579005 0.050240931476693867 0.050433897632873231 0.050348216377559367 -0.0029602998619706038 0.050022852321851934 -0.050598073633862033 0.050236081136628932 0.050031944698295722 0.050120723663484405
leaf_weight=0.10523566551273678 0.039119428176490945 0.12163818745466404 0.11874136781261757 4.4392397984247509 0.11974818384624075 0.11691153771243989 0.059526724129682407 0.01189682122276281 0.015934770686726552
leaf_count=251 15 19 11 837 175 16 10 23 40
internal_value=2.33503e-05 -0.00124055 -0.00252336 -0.00383645 -0.00156862 -0.0503775 0.0502038 0.0501752 0.0500828
internal_weight=5.14799 5.02151 4.89988 4.78114 4.55899 0.222147 0.126478 0.066951 0.0278316
internal_count=1397 1309 1290 1279 1012 267 88 78 63
is_linear=0
shrinkage=0.05


Tree=248
num_leaves=16
num_cat=0
split_feature=11 4 9 0 15 12 2 9 13 10 12 8 5 12 8
split_gain=0.128504 0.142851 0.237356 0.190932 0.325369 0.368858 0.313173 0.386606 0.228534 0.000298641 0.000451176 7.48449e-07 7.30623e-08 1.8063e-08 3.15529e-08
threshold=1.5000000000000002 3.5000000000000004 0.43356037722939084 18.500000000000004 2.5000000000000004 95.104130756331031 3.5634920634920646 0.37575075260126561 1.0000000180025095e-35 2537.5000000000005 8.5128943729571791 169.07267063741321 0.33503401360544222 34.389620832615748 130.90738553651045
decision_type=2 2 2 2 2 2 2 2 2 2 2 2 2 2 2
left_child=1 3 9 4 8 -6 -5 -8 -1 10 -3 12 -2 14 -14
right_child=11 2 -4 6 5 -7 7 -9 -10 -11 -12 -13 13 -15 -16
leaf_value=-0.03196641042868166 0.05016818354135795 -0.055072382426224392 0.014213880801282192 0.052506892844791847 -0.031703782989745993 0.018045367048914237 -0.047118891196716063 0.030002977159001045 0.051552583096150774 -0.055513181170257664 -0.050338677954985804 0.050345200050045016 0.050038532204334157 0.05002632438195187 0.050132558031592792
leaf_weight=1.0749266426646502 0.021235476480796822 0.085036262229550519 0.22051903499232139 0.4390780924586577 0.47710179981004364 1.7008381076666408 0.27662379203684395 0.39388283506559674 0.088662870854022802 0.10767856892198324 0.12335684563367977 0.043812273594085127 0.019050758666708134 0.023725761915557086 0.016782707054517232
leaf_count=937 5 2 17 14 79 85 69 36 7 2 55 5 40 33 11
internal_value=2.54985e-05 -0.00122747 -0.0255985 0.0017105 -0.00425686 0.00714727 0.0196813 -0.00181437 -0.0256025 -0.0533751 -0.0522703 0.0501788 0.0500886 0.0500602 0.0500826
internal_weight=5.11231 4.9877 0.536591 4.45111 3.34153 2.17794 1.10958 0.670507 1.16359 0.316072 0.208393 0.124607 0.0807947 0.0595592 0.0358335
internal_count=1397 1303 76 1227 1108 164 119 105 944 59 57 94 89 84 51
is_linear=0
shrinkage=0.05


Tree=249
num_leaves=9
num_cat=0
split_feature=16 14 11 6 9 8 5 12
split_gain=0.125512 0.129597 0.134599 0.131225 0.164403 6.41646e-07 6.24846e-08 2.11016e-09
threshold=1.0000000180025095e-35 1.0000000180025095e-35 1.5000000000000002 0.37500000000000006 0.226368529703219 169.07267063741321 0.33503401360544222 44.823787607939821
decision_type=2 2 2 2 2 2 2 2
left_child=1 2 3 4 -1 6 -4 -5
right_child=-2 -3 5 7 -6 -7 -8 -9
leaf_value=-0.049040902945443998 0.0504169253700857 0.050331667553946427 0.050159956230042727 0.05001422764767819 -0.0030858041661224979 0.050328262282755588 0.050057478733611042 0.050028591527515681
leaf_weight=0.2037399137916508 0.12059292985759373 0.11896791881008528 0.020203039428451919 0.040219889764557482 4.3469637675189006 0.041689196164952591 0.056402999627607642 0.070191884311498143
leaf_count=194 40 33 5 86 888 5 79 67
internal_value=2.39887e-05 -0.00121663 -0.00249976 -0.00383649 -0.00514326 0.0501704 0.0500845 0.0500234
internal_weight=5.01897 4.89838 4.77941 4.66112 4.5507 0.118295 0.076606 0.110412
internal_count=1397 1357 1324 1235 1082 89 84 153
is_linear=0
shrinkage=0.05


Tree=250
num_leaves=10
num_cat=0
split_feature=5 1 15 16 14 0 12 12 10
split_gain=0.123955 0.118804 0.125869 0.126064 0.129054 0.0183216 3.11928e-08 8.53394e-08 1.08617e-08
threshold=0.25129757785467138 7.5000000000000009 3.5000000000000004 1.0000000180025095e-35 1.0000000180025095e-35 33.500000000000007 29.626520114994218 302.57865268869222 87.500000000000014
decision_type=2 2 2 2 2 2 2 2 2
left_child=-1 2 3 4 -2 -3 8 -8 -4
right_child=1 5 6 -5 -6 -7 7 -9 -10
leaf_value=-0.052156602700425742 -0.0045094184997578951 0.050626451237077721 0.050267495325920945 0.050403585010704965 0.050324372834475266 0.021712452398006718 0.050126772875165898 0.050228435074686086 0.050212101718329655
leaf_weight=0.11126085003161268 4.3122013660959055 0.11723494538455259 0.014855289831757434 0.11271100935118727 0.11004222114570428 0.10285742694395594 0.040085123291646596 0.04256063541106414 0.021889094761718297
leaf_count=34 1194 19 1 19 11 32 38 6 43
internal_value=2.64236e-05 0.00121752 -0.000479928 -0.00181406 -0.00314495 0.0371139 0.0501962 0.0501791 0.0502345
internal_weight=4.9857 4.87444 4.65434 4.53495 4.42224 0.220092 0.11939 0.0826458 0.0367444
internal_count=1397 1363 1312 1224 1205 51 88 44 44
is_linear=0
shrinkage=0.05


Tree=251
num_leaves=10
num_cat=0
split_feature=13 12 12 10 12 12 12 8 15
split_gain=0.119998 0.142757 0.36114 0.348889 0.254934 0.221002 0.270495 0.200309 0.129881
threshold=1.0000000180025095e-35 193.11295995963548 190.69497060004053 241.87500000000003 65.272821960046301 198.91443911166672 202.602632756632 154.09765324260997 3.5000000000000004
decision_type=2 2 2 2 2 2 2 2 2
left_child=1 2 3 8 -5 -3 -7 -8 -1
right_child=-2 5 -4 4 -6 6 7 -9 -10
leaf_value=-0.032616110301211018 0.051155340569033848 -0.058845008170108098 0.043814783036513066 -0.0089427494244322444 0.034797402725469211 0.041855625296171178 -0.021543104412666728 0.021654421883775206 0.050192550697865462
leaf_weight=0.79175259937255837 0.11217297453913477 0.2151935019064698 0.52275316324084986 0.65083131213941647 0.68241784882047796 0.26151714590378095 1.3316008052115647 0.33609775036529743 0.050363602609650115
leaf_count=393 40 10 5 198 63 5 617 29 37
internal_value=2.96255e-05 -0.00115466 0.00649877 -0.00246849 0.0134455 -0.0107843 -0.00542337 -0.0128373 -0.0276637
internal_weight=4.9547 4.84253 2.69812 2.17537 1.33325 2.14441 1.92922 1.6677 0.842116
internal_count=1397 1357 696 691 261 661 651 646 430
is_linear=0
shrinkage=0.05


Tree=252
num_leaves=19
num_cat=0
split_feature=6 3 0 15 12 3 9 2 0 5 0 12 8 10 10 4 10 12
split_gain=0.119644 0.171991 0.141514 0.441788 0.325769 0.306294 0.595059 5.91549e-05 9.75083e-06 6.98472e-06 4.36118e-07 2.15172e-09 1.33869e-09 5.97636e-10 3.47874e-10 2.12414e-10 1.378e-10 1.26783e-10
threshold=0.37500000000000006 5.5000000000000009 18.500000000000004 1.0000000180025095e-35 101.41299434534723 4.5000000000000009 0.39252326235476548 3.8257575757575757 1.5000000000000002 0.61407126975542337 27.500000000000004 44.823787607939821 59.994981028663204 176.50000000000003 192.50000000000003 2.5000000000000004 241.87500000000003 474.6658351996644
decision_type=2 2 2 2 2 2 2 2 2 2 2 2 2 2 2 2 2 2
left_child=1 2 3 8 -5 -4 -7 -3 -1 10 -9 13 14 -2 -13 16 -15 -16
right_child=11 7 5 4 -6 6 -8 9 -10 -11 -12 12 -14 15 17 -17 -18 -19
leaf_value=-0.050720933141464065 0.050024113581322444 -0.052648981263736162 0.052515573361828154 -0.030762809324769332 0.01152566239539409 -0.035047263798468231 0.039860206998717299 -0.050057757693481753 -0.050244209793445571 -0.051023030563880314 -0.050328432921932911 0.050036225509139755 0.050013426485682681 0.050014586820682432 0.050030209987132639 0.050018864761943164 0.050006209096356426 0.050024657448191769
leaf_weight=0.16870571718027383 0.0089843523946909754 0.048025957396021002 0.37426840930129368 0.58009819693688802 2.1188172264010063 0.56773224053904414 0.49740846980421338 0.02172904568942613 0.29451426768719102 0.049189215984370094 0.047223135668900795 0.01658442099505919 0.015177620953181759 0.0062276555654534596 0.022341670093737775 0.0052928679506294421 0.023169841901108157 0.019043617881834507
leaf_count=297 21 2 14 59 123 14 48 66 489 26 20 18 32 15 27 9 103 14
internal_value=2.98831e-05 -0.00119505 0.000609586 -0.0053063 0.00243628 0.0136058 -6.63359e-05 -0.0511693 -0.0504178 -0.0505679 -0.0502431 0.0500214 0.0500266 0.0500126 0.0500301 0.0500096 0.050008 0.0500277
internal_weight=4.88453 4.76771 4.60154 3.16214 2.69892 1.43941 1.06514 0.166167 0.46322 0.118141 0.0689522 0.116822 0.0731473 0.0436747 0.0579697 0.0346904 0.0293975 0.0413853
internal_count=1397 1158 1044 968 182 76 62 114 786 112 86 239 91 148 59 127 118 41
is_linear=0
shrinkage=0.05


Tree=253
num_leaves=7
num_cat=0
split_feature=5 1 16 14 13 0
split_gain=0.117494 0.114278 0.119893 0.12308 0.127867 0.0174311
threshold=0.25129757785467138 7.5000000000000009 1.0000000180025095e-35 1.0000000180025095e-35 1.0000000180025095e-35 33.500000000000007
decision_type=2 2 2 2 2 2
left_child=-1 2 3 4 -2 -3
right_child=1 5 -4 -5 -6 -7
leaf_value=-0.052102103392987521 -0.0045426014337264604 0.050635122658718085 0.05039163792541812 0.050305588340258993 0.05108429095823367 0.021803355187202351
leaf_weight=0.10570949469183677 4.1500536290477612 0.11243850227037899 0.11285500311350904 0.11044346083144763 0.10594430475248362 0.098214573590666987
leaf_count=34 1199 19 40 33 40 32
internal_value=2.71036e-05 0.00120207 -0.000490496 -0.0018056 -0.00315788 0.0371926
internal_weight=4.79566 4.68995 4.4793 4.36644 4.256 0.210653
internal_count=1397 1363 1312 1272 1239 51
is_linear=0
shrinkage=0.05


Tree=254
num_leaves=19
num_cat=0
split_feature=15 6 3 0 15 3 2 5 12 10 10 8 12 10 12 8 7 9
split_gain=0.115491 0.116977 0.155186 0.162832 0.382914 0.291339 4.96669e-05 6.03905e-06 2.91728e-08 1.30357e-07 1.24071e-08 1.82502e-09 1.27692e-09 3.98486e-10 1.87382e-10 1.90486e-10 1.10879e-10 1.1339e-11
threshold=3.5000000000000004 0.37500000000000006 5.5000000000000009 18.500000000000004 1.0000000180025095e-35 4.5000000000000009 3.8257575757575757 0.61407126975542337 236.09230766232642 97.500000000000014 176.50000000000003 59.994981028663204 44.823787607939821 176.50000000000003 6.0804022984606485 120.01403237745372 0.38541666666666669 0.1866524185541665
decision_type=2 2 2 2 2 2 2 2 2 2 2 2 2 2 2 2 2 2
left_child=1 2 3 4 -1 -5 -4 -8 9 -2 -11 12 13 -3 17 -16 -14 -13
right_child=8 11 6 5 -6 -7 7 -9 -10 10 -12 14 16 -15 15 -17 -18 -19
leaf_value=-0.050396047659581257 0.050223823925193083 0.050023805709877633 -0.052502081230294831 0.052405411447496664 0.00018444161212452683 2.1845433376917481e-05 -0.050233659829770773 -0.050976834121134157 0.050214513150173806 0.050028745205595228 0.050102748652082731 0.050004856282039115 0.050027017471329906 0.050009994389090963 0.05000906635656327 0.050019095308815903 0.050031530584410427 0.050007826340813827
leaf_weight=0.43823018537295899 0.035372501515666843 0.0082270578714086495 0.04560545238200564 0.35738343476259582 2.5599325785879046 1.0315970130322967 0.065173849281563889 0.047083438097615726 0.053529330543824472 0.0098624305210250895 0.013304027574122301 0.0070940961377345957 0.028273363117477857 0.014300551243650261 0.0096198806058964692 0.0093234964006114751 0.026239621336571872 0.0058747591756400652
leaf_count=786 15 15 2 14 143 62 86 26 10 23 40 31 27 34 29 15 20 19
internal_value=3.02905e-05 -0.00117751 -0.00240484 -0.000652258 -0.00720872 0.0135001 -0.0511106 -0.0505454 0.0501878 0.0501634 0.0500712 0.0500209 0.0500251 0.050015 0.0500108 0.050014 0.0500292 0.0500062
internal_weight=4.76603 4.65396 4.54501 4.38714 2.99816 1.38898 0.157863 0.112257 0.112068 0.058539 0.0231665 0.108953 0.0770406 0.0225276 0.0319122 0.0189434 0.054513 0.0129689
internal_count=1397 1309 1119 1005 929 76 114 112 88 78 63 190 96 49 94 44 47 50
is_linear=0
shrinkage=0.05


Tree=255
num_leaves=13
num_cat=0
split_feature=12 12 10 12 5 12 12 12 8 15 15 2
split_gain=0.112117 0.337667 0.315966 0.233004 0.291568 0.224572 0.23449 0.141483 0.179399 0.127823 0.106393 0.053503
threshold=193.11295995963548 190.69497060004053 241.87500000000003 65.272821960046301 0.39819100091827364 198.91443911166672 202.602632756632 609.11832219211817 154.09765324260997 3.5000000000000004 2.5000000000000004 1.8333333333333337
decision_type=2 2 2 2 2 2 2 2 2 2 2 2
left_child=1 2 9 4 -4 -2 -7 8 -8 11 -5 -1
right_child=5 -3 3 10 -6 6 7 -9 -10 -11 -12 -13
leaf_value=-0.035616409773409352 -0.058567166325564905 0.043736410066054617 -0.040170786487634995 0.015979396908461507 0.028067237834579546 0.041932545398702857 -0.022909806098422001 0.034529893188816739 0.021294536505396016 0.050167304421197129 0.056823767842781904 0.011835064785244515
leaf_weight=0.69024950705716115 0.20238100958522443 0.50428809784352768 0.331788757961476 0.34476216836628737 0.29637022122369672 0.25039604178164143 1.2333104071658452 0.16162033152795618 0.28200824647501566 0.051114748339387006 0.29659910109512566 0.064998303289030446
leaf_count=334 10 5 46 61 173 5 578 50 22 45 2 66
internal_value=2.88892e-05 0.00703757 -0.00187757 0.013669 -0.00797556 -0.0084622 -0.00320089 -0.0099401 -0.0146832 -0.0263537 0.034868 -0.0315326
internal_weight=4.70989 2.58017 2.07588 1.26952 0.628159 2.12972 1.92734 1.67694 1.51532 0.806363 0.641361 0.755248
internal_count=1397 732 727 282 219 665 655 650 600 445 63 400
is_linear=0
shrinkage=0.05


Tree=256
num_leaves=9
num_cat=0
split_feature=16 14 11 12 15 8 8 10
split_gain=0.114746 0.116659 0.12147 0.124933 0.216245 0.203078 4.89835e-07 4.75462e-08
threshold=1.0000000180025095e-35 1.0000000180025095e-35 1.5000000000000002 202.602632756632 2.5000000000000004 79.325761384357648 169.07267063741321 707.50000000000011
decision_type=2 2 2 2 2 2 2 2
left_child=1 2 3 4 -1 -5 7 -4
right_child=-2 -3 6 5 -6 -7 -8 -9
leaf_value=-0.01314695261881787 0.050384585874572618 0.050299414423788248 0.050122301682165929 -0.037517394662360218 0.014900597362267948 -0.00022052549726947609 0.05030282604552791 0.05003911665870614
leaf_weight=1.2305903273299921 0.11043062985299901 0.10734064211646899 0.033504009195894358 0.61335743643940055 1.5563782233366508 0.90124661419395125 0.038273483238299377 0.035251212684670463
leaf_count=552 40 33 20 439 70 174 5 64
internal_value=2.89226e-05 -0.00120245 -0.00245642 -0.00376557 0.00251616 -0.0153243 0.0501595 0.0500797
internal_weight=4.62637 4.51594 4.4086 4.30157 2.78697 1.5146 0.107029 0.0687552
internal_count=1397 1357 1324 1235 622 613 89 84
is_linear=0
shrinkage=0.05


Tree=257
num_leaves=10
num_cat=0
split_feature=5 1 8 12 8 12 8 0 10
split_gain=0.109462 0.10976 0.120222 0.43308 0.252908 0.218545 0.202866 0.0166247 0.0165882
threshold=0.25129757785467138 7.5000000000000009 130.1619238333565 471.83981681679978 75.032324981730341 41.263236839247689 36.658072541846074 33.500000000000007 1681.2500000000002
decision_type=2 2 2 2 2 2 2 2 2
left_child=-1 2 4 8 6 -6 -2 -3 -4
right_child=1 7 3 -5 5 -7 -8 -9 -10
leaf_value=-0.051976481647772271 0.000644820146488092 0.05062933409937103 -0.030083746676606245 0.042259853615891504 -0.043222177527445262 0.031316634648901477 -0.037590678853682322 0.021817032472693225 -0.053110147617512662
leaf_weight=0.099000176642220938 2.1852905414452843 0.10788787666388078 0.10153542078114686 0.19110628567068488 0.10972307619886101 0.94762190872279461 0.41237162670950045 0.093414503950043581 0.3405302421633678
leaf_count=34 788 19 75 22 58 155 183 32 31
internal_value=2.88184e-05 0.00117562 -0.000518263 -0.0206327 0.00296625 0.0235816 -0.00542496 0.037259 -0.0478214
internal_weight=4.58848 4.48948 4.28818 0.633172 3.65501 1.05734 2.59766 0.201302 0.442066
internal_count=1397 1363 1312 128 1184 213 971 51 106
is_linear=0
shrinkage=0.05


Tree=258
num_leaves=19
num_cat=0
split_feature=6 3 0 15 12 9 9 2 0 5 0 12 8 10 5 12 12 10
split_gain=0.11004 0.152837 0.130113 0.383654 0.295562 0.27605 0.0400619 3.77288e-05 8.74591e-06 5.22172e-06 3.46097e-07 1.804e-09 1.09482e-09 4.31911e-10 2.41246e-10 1.94808e-10 5.60861e-10 1.02136e-10
threshold=0.37500000000000006 5.5000000000000009 18.500000000000004 1.0000000180025095e-35 101.41299434534723 0.3865618489961144 0.45772168183042022 3.8257575757575757 1.5000000000000002 0.61407126975542337 27.500000000000004 44.823787607939821 59.994981028663204 176.50000000000003 0.39819100091827364 471.83981681679978 171.54074674460071 241.87500000000003
decision_type=2 2 2 2 2 2 2 2 2 2 2 2 2 2 2 2 2 2
left_child=1 2 3 8 -5 -4 -7 -3 -1 10 -9 13 15 -2 -15 16 -13 -16
right_child=11 7 5 4 -6 6 -8 9 -10 -11 -12 12 -14 14 17 -17 -18 -19
leaf_value=-0.050689714492143635 0.050022174564922688 -0.052293025373296047 -0.0054029893798243148 -0.030696932899287904 0.010772525738269858 0.021754775224630693 0.050894334877732907 -0.050049680304200088 -0.050209962919981435 -0.050935685665639045 -0.050306034730546928 0.050024427536478358 0.050012691425555256 0.050019164800352359 0.050013331334355343 0.050024738048929568 0.050037565222452819 0.05000568781098047
leaf_weight=0.15145994714112054 0.0080051418390211238 0.042129841029236448 0.77438276563771047 0.54636908513202831 2.0116013626320637 0.17573157756123692 0.35874126063572476 0.019057304942180053 0.25483006841568567 0.044893978607433382 0.042590313714754302 0.016532550513147726 0.013866967863577884 0.0050765566556947297 0.0055121118984970954 0.021380178863182664 0.015972206107107922 0.021101969679875765
leaf_count=297 21 2 16 59 123 12 48 66 489 26 20 33 32 8 15 16 10 104
internal_value=2.45111e-05 -0.00119037 0.000543542 -0.00525402 0.00191487 0.0136737 0.0413134 -0.0510264 -0.0503888 -0.0505255 -0.0502268 0.0500203 0.0500252 0.0500118 0.0500092 0.0500284 0.0500309 0.0500073
internal_weight=4.52924 4.42179 4.27312 2.96426 2.55797 1.30886 0.534473 0.148671 0.40629 0.106542 0.0616476 0.107448 0.0677519 0.0396958 0.0316906 0.0538849 0.0325048 0.0266141
internal_count=1397 1158 1044 968 182 76 60 114 786 112 86 239 91 148 127 59 43 119
is_linear=0
shrinkage=0.05


Tree=259
num_leaves=12
num_cat=0
split_feature=15 16 12 8 2 12 10 2 12 10 10
split_gain=0.10977 0.113433 0.113896 0.227965 0.268872 0.163847 0.460146 0.10742 4.49341e-08 1.03446e-07 8.17311e-09
threshold=3.5000000000000004 1.0000000180025095e-35 202.602632756632 79.325761384357648 3.477272727272728 190.69497060004053 241.87500000000003 6.166666666666667 236.09230766232642 97.500000000000014 176.50000000000003
decision_type=2 2 2 2 2 2 2 2 2 2 2
left_child=1 2 5 7 -5 6 -1 -4 9 -2 -11
right_child=8 -3 3 4 -6 -7 -8 -9 -10 10 -12
leaf_value=-0.038574373922801844 0.050206088105522684 0.050372799147872141 -0.043002110279025202 0.04010114594952166 -0.017299739410285404 0.020878375139839464 0.013596261441966557 0.048844487702634443 0.050214850484670719 0.050027424725451054 0.050090509362459595
leaf_weight=0.65708009774971321 0.032241696884739102 0.10406183118539036 0.55654954518286082 0.30848361931202817 0.60237397416494787 0.91401706007309247 1.1846587416184773 0.033766070977435447 0.053279439976904541 0.0090106805510004051 0.011934648186070262
leaf_count=387 15 19 411 79 115 19 252 27 10 23 40
internal_value=2.11331e-05 -0.00120347 -0.00246427 -0.0135453 0.00214044 0.00357204 -0.00501674 -0.0377485 0.0501824 0.0501499 0.0500634
internal_weight=4.46746 4.36099 4.25693 1.50117 0.910858 2.75576 1.84174 0.590316 0.106466 0.053187 0.0209453
internal_count=1397 1309 1290 632 194 658 639 438 88 78 63
is_linear=0
shrinkage=0.05


Tree=260
num_leaves=9
num_cat=0
split_feature=14 16 11 12 15 8 8 10
split_gain=0.109876 0.109516 0.113195 0.115717 0.18767 0.180397 4.06601e-07 3.92801e-08
threshold=1.0000000180025095e-35 1.0000000180025095e-35 1.5000000000000002 202.602632756632 2.5000000000000004 79.325761384357648 169.07267063741321 707.50000000000011
decision_type=2 2 2 2 2 2 2 2
left_child=1 2 3 4 -1 -5 7 -4
right_child=-2 -3 6 5 -6 -7 -8 -9
leaf_value=-0.012675900815976696 0.05029403126544562 0.050349232753190969 0.050116033406295363 -0.036999931633931643 0.014046864701644447 -0.00067929734427387876 0.050286347536766675 0.050037581001010162
leaf_weight=1.1652299906272676 0.10605259258772992 0.10052731241376012 0.031374879352369933 0.57118860224363721 1.5063803811517571 0.85153766300481948 0.035963069574791007 0.032464117375639034
leaf_count=552 33 40 20 439 70 174 5 64
internal_value=1.76658e-05 -0.00122386 -0.00245999 -0.00374244 0.00239166 -0.0152611 0.0501519 0.0500761
internal_weight=4.40072 4.29467 4.19414 4.09434 2.67161 1.42273 0.0998021 0.063839
internal_count=1397 1364 1324 1235 622 613 89 84
is_linear=0
shrinkage=0.05


Tree=261
num_leaves=19
num_cat=0
split_feature=15 6 3 8 10 9 2 5 12 10 10 8 12 10 12 8 7 9
split_gain=0.105085 0.10816 0.136183 0.147521 0.374161 0.227252 3.26361e-05 4.29201e-06 5.22074e-08 8.46505e-08 6.77002e-09 1.46433e-09 1.01237e-09 3.22598e-10 1.70652e-10 1.84687e-10 9.4801e-11 1.0133e-11
threshold=3.5000000000000004 0.37500000000000006 5.5000000000000009 29.020304263478014 92.500000000000014 0.39252326235476548 3.8257575757575757 0.61407126975542337 236.09230766232642 97.500000000000014 176.50000000000003 59.994981028663204 44.823787607939821 202.00000000000003 6.0804022984606485 120.01403237745372 0.38541666666666669 0.1866524185541665
decision_type=2 2 2 2 2 2 2 2 2 2 2 2 2 2 2 2 2 2
left_child=1 2 3 4 -1 -5 -4 -8 9 -2 -11 12 13 -3 17 -16 -14 -13
right_child=8 11 6 5 -6 -7 7 -9 -10 10 -12 14 16 -15 15 -17 -18 -19
leaf_value=0.0051265918160479269 0.050193493804592454 0.050021394128358355 -0.052178330506311779 -0.0043326542719119687 -0.046544055391477213 0.027362668646952523 -0.050208692952702527 -0.050873919663532219 0.050212738037317885 0.050025621524495495 0.050085289645127089 0.050004552946854568 0.05002550033204059 0.050008846744936157 0.050008456382184346 0.050018762033526343 0.05002982736550006 0.050007483688714875
leaf_weight=1.0058090014645129 0.030214699130738043 0.0092754469369537018 0.04019459280243598 1.6076700898374841 0.53763240668558854 0.87242965546465701 0.05737030756972672 0.041996880234364653 0.052363433671416715 0.0083344692138780374 0.011065351640354493 0.0064850745438889135 0.026306781001039781 0.011441725924669299 0.0086139968625502661 0.0087770105310482904 0.024397955246968195 0.0054095067098387517
leaf_count=356 15 18 2 302 241 106 86 26 10 23 40 31 27 31 29 15 20 19
internal_value=1.81881e-05 -0.00118149 -0.00242007 -0.000735843 -0.012872 0.00681687 -0.0509761 -0.0504898 0.0501779 0.0501412 0.0500597 0.0500199 0.0500238 0.0500145 0.0500105 0.0500137 0.0500276 0.0500059
internal_weight=4.36579 4.26381 4.1631 4.02354 1.54344 2.4801 0.139562 0.0993672 0.101978 0.0496145 0.0193998 0.100707 0.0714219 0.0207172 0.0292856 0.017391 0.0507047 0.0118946
internal_count=1397 1309 1119 1005 597 408 114 112 88 78 63 190 96 49 94 44 47 50
is_linear=0
shrinkage=0.05


Tree=262
num_leaves=7
num_cat=0
split_feature=14 16 13 9 8 6
split_gain=0.104412 0.104977 0.109532 0.165943 0.149911 0.102217
threshold=1.0000000180025095e-35 1.0000000180025095e-35 1.0000000180025095e-35 0.27608960970809288 29.020304263478014 0.37500000000000006
decision_type=2 2 2 2 2 2
left_child=1 2 3 5 -5 -1
right_child=-2 -3 -4 4 -6 -7
leaf_value=-0.050032651751940549 0.050279439503785273 0.050338081928959312 0.050993947989145944 -0.012912442607533473 0.0074638270855241148 0.050013879493706663
leaf_weight=0.25980840521333437 0.10090476797995496 0.096593477806891204 0.093885491536639054 1.5212254041853159 2.219879667090936 0.028312659240327775
leaf_count=259 33 40 40 674 260 91
internal_value=1.54011e-05 -0.00118655 -0.00239363 -0.00363763 -0.000821666 -0.0402014
internal_weight=4.32061 4.21971 4.12311 4.02923 3.74111 0.288121
internal_count=1397 1364 1324 1284 934 350
is_linear=0
shrinkage=0.05


Tree=263
num_leaves=16
num_cat=0
split_feature=4 0 15 12 12 2 9 13 16 9 2 9 12 8 8
split_gain=0.105082 0.175934 0.238569 0.285229 0.496213 0.220889 0.261274 0.204858 0.165818 0.163183 0.0892518 0.0657655 0.0436077 0.00857503 0.000304989
threshold=3.5000000000000004 18.500000000000004 2.5000000000000004 95.104130756331031 196.12621936559032 3.5634920634920646 0.37575075260126561 1.0000000180025095e-35 1.0000000180025095e-35 0.43356037722939084 3.8452380952380958 6.8971661158813058 320.30120770576394 158.54295941290511 154.09765324260997
decision_type=2 2 2 2 2 2 2 2 2 2 2 2 2 2 2
left_child=1 2 7 11 -5 -3 10 8 -1 13 -7 -4 -8 14 -2
right_child=9 5 3 4 -6 6 12 -9 -10 -11 -12 -13 -14 -15 -16
leaf_value=-0.037207738500968764 -0.050741553755577845 0.051893128153987104 -0.048329959559929941 0.044216164430271043 -0.013401785876519731 -0.053476141096257035 0.015387740794166936 0.051018068670890863 0.050354985032076395 0.013694980287135434 0.010737740913110951 -0.0074271965217837998 0.051120047984178442 -0.033879691646255129 -0.054786698624344404
leaf_weight=0.80234431091776137 0.10685330916840019 0.36450059436174331 0.22878904179924564 0.78292139850782383 0.71486710342287552 0.18684825900709257 0.19248642105230829 0.082842695235740393 0.057973699669673806 0.18849322324240347 0.076172941495315172 0.17226755187948584 0.15345672551484313 0.091697122166806366 0.082630644821620081
leaf_count=930 49 27 49 29 59 5 40 9 13 18 98 45 13 8 5
internal_value=1.5467e-05 0.00276257 -0.00352118 0.00668852 0.0167162 0.0211078 0.00268102 -0.0240761 -0.0313072 -0.022301 -0.0348793 -0.0307608 0.0312382 -0.0464314 -0.0525056
internal_weight=4.28515 3.81547 2.84201 1.89885 1.49779 0.973465 0.608964 0.943161 0.860318 0.469674 0.263021 0.401057 0.345943 0.281181 0.189484
internal_count=1397 1317 1134 182 88 183 156 952 943 80 103 94 53 62 54
is_linear=0
shrinkage=0.05


Tree=264
num_leaves=10
num_cat=0
split_feature=5 1 8 12 8 12 8 10 0
split_gain=0.103558 0.0980169 0.110288 0.377642 0.206957 0.191658 0.184324 0.0149131 0.0148174
threshold=0.25129757785467138 7.5000000000000009 130.1619238333565 471.83981681679978 75.032324981730341 41.263236839247689 36.658072541846074 1681.2500000000002 33.500000000000007
decision_type=2 2 2 2 2 2 2 2 2
left_child=-1 2 4 7 6 -6 -2 -4 -3
right_child=1 8 3 -5 5 -7 -8 -9 -10
leaf_value=-0.052011461753781185 0.0010818864842525352 0.050584426893591689 -0.02969021356475933 0.04135315910601884 -0.043011321303977688 0.03039490213532392 -0.037433278537711355 -0.052547874811988353 0.021934987898657454
leaf_weight=0.093505648110294604 2.01959981251821 0.096265253581805044 0.092819228064399684 0.17162190538692812 0.099279347305127774 0.85222324425558327 0.36710595695512882 0.30863008383130364 0.084964835958089679
leaf_count=34 788 19 75 22 58 155 183 31 32
internal_value=1.65777e-05 0.00120531 -0.000460326 -0.0207244 0.00301842 0.0227357 -0.00484224 -0.0472629 0.0371529
internal_weight=4.18602 4.09251 3.91128 0.573071 3.33821 0.951503 2.38671 0.401449 0.18123
internal_count=1397 1363 1312 128 1184 213 971 106 51
is_linear=0
shrinkage=0.05


Tree=265
num_leaves=17
num_cat=0
split_feature=15 12 12 10 10 5 12 10 12 2 12 12 12 12 10 10
split_gain=0.1017 0.109086 0.298368 0.322913 0.231649 0.194046 0.18757 0.154262 0.0608693 0.0534144 0.0338643 0.0147182 0.00230397 4.95641e-08 8.0053e-08 4.93352e-09
threshold=3.5000000000000004 193.11295995963548 190.69497060004053 241.87500000000003 157.50000000000003 0.34816732412886259 65.272821960046301 1745.5000000000002 257.83644787242486 1.8333333333333337 412.39074012018523 305.75824283814819 198.91443911166672 236.09230766232642 97.500000000000014 176.50000000000003
decision_type=2 2 2 2 2 2 2 2 2 2 2 2 2 2 2 2
left_child=1 2 3 9 8 11 -5 -7 12 -1 -10 -6 -3 14 -2 -16
right_child=13 4 -4 6 5 7 -8 -9 10 -11 -12 -13 -14 -15 15 -17
leaf_value=-0.035312322746511991 0.050188348186374347 -0.060027502323387695 0.041962417080444937 -0.0074792451793798762 -0.025875152115883128 0.019589529395699856 0.033855142066988995 -0.022023960075399744 -0.0038361059506900963 0.01408506756929075 -0.050137343979508656 -0.052032589518514 -0.050547895731410497 0.05020743143913621 0.050025776622056255 0.050077860404990529
leaf_weight=0.60019522579568763 0.029000643153267336 0.16633362066932011 0.46224684081971634 0.54239275526197139 0.086722811656727461 0.83027413628406044 0.55560937828704482 0.30433865948361927 0.12167490612046095 0.060216077494260389 0.058466999193115043 0.14156304465814173 0.10428198297086055 0.051127992002875544 0.0080331432018283522 0.010475835126271704
leaf_count=334 15 7 5 192 18 218 62 39 167 66 83 55 63 10 23 40
internal_value=1.24576e-05 -0.00121396 0.00621635 -0.00318048 -0.0103117 -3.51608e-05 0.0134367 0.00842749 -0.0413836 -0.0308083 -0.0188637 -0.0420957 -0.0563745 0.0501733 0.0501365 0.0500553
internal_weight=4.13295 4.03432 2.22066 1.75841 1.81366 1.3629 1.098 1.13461 0.450758 0.660411 0.180142 0.228286 0.270616 0.0986376 0.0475096 0.018509
internal_count=1397 1309 659 654 650 330 254 257 320 400 250 73 70 88 78 63
is_linear=0
shrinkage=0.05


Tree=266
num_leaves=15
num_cat=0
split_feature=14 6 3 0 15 5 2 5 8 12 10 10 8 12
split_gain=0.103177 0.105275 0.130153 0.138248 0.368098 0.230713 2.85877e-05 4.44712e-06 1.34747e-09 8.57849e-10 3.5804e-10 2.27592e-10 1.77712e-10 9.39051e-11
threshold=1.0000000180025095e-35 0.37500000000000006 5.5000000000000009 18.500000000000004 1.5000000000000002 0.3411111111111112 3.8257575757575757 0.61407126975542337 59.994981028663204 44.823787607939821 176.50000000000003 192.50000000000003 150.00044934531255 283.46524673292254
decision_type=2 2 2 2 2 2 2 2 2 2 2 2 2 2
left_child=1 2 3 4 -1 -5 -4 -8 9 10 -3 -11 13 -10
right_child=-2 8 6 5 -6 -7 7 -9 12 11 -12 -13 -14 -15
leaf_value=-0.050358752212108365 0.05028097336288926 0.050022910623284324 -0.052108685444138603 -0.018314806021145193 0.001023307284412427 0.028999919189414886 -0.050199655106608503 -0.050889487682680215 0.050005885857413016 0.050031702901823155 0.050009101634180347 0.050024186351574899 0.050018288826340331 0.05001297339796057
leaf_weight=0.41589864567140633 0.099560023538287967 0.0073727208382478029 0.038982942234724649 0.3837351808324454 2.1528652536508162 0.78408486561966129 0.053541636379122792 0.041450150851233047 0.01636661919656035 0.014084984681176138 0.012919840535687399 0.035335152999323327 0.0050296345143578938 0.0065413187694502986
leaf_count=816 33 16 2 9 129 67 86 26 83 18 44 41 14 13
internal_value=7.65014e-06 -0.00125368 -0.00254724 -0.000811097 -0.00729576 0.0134527 -0.0509686 -0.0505007 0.0500191 0.0500228 0.0500141 0.0500263 0.0500098 0.0500079
internal_weight=4.06777 3.96821 3.87056 3.73658 2.56876 1.16782 0.133975 0.0949918 0.0976503 0.0697127 0.0202926 0.0494201 0.0279376 0.0229079
internal_count=1397 1364 1135 1021 945 76 114 112 229 119 60 59 110 96
is_linear=0
shrinkage=0.05


Tree=267
num_leaves=15
num_cat=0
split_feature=14 6 3 0 15 9 2 5 8 12 10 10 8 12
split_gain=0.0980414 0.0998735 0.123991 0.126348 0.352095 0.234958 2.4513e-05 3.82341e-06 1.15975e-09 7.38338e-10 3.08121e-10 1.9587e-10 1.5299e-10 8.08101e-11
threshold=1.0000000180025095e-35 0.37500000000000006 5.5000000000000009 18.500000000000004 1.5000000000000002 0.3865618489961144 3.8257575757575757 0.61407126975542337 59.994981028663204 44.823787607939821 176.50000000000003 192.50000000000003 150.00044934531255 283.46524673292254
decision_type=2 2 2 2 2 2 2 2 2 2 2 2 2 2
left_child=1 2 3 4 -1 -5 -4 -8 9 10 -3 -11 13 -10
right_child=-2 8 6 5 -6 -7 7 -9 12 11 -12 -13 -14 -15
leaf_value=-0.050341467306639048 0.050267229797175697 0.050021792360815692 -0.052001637548104919 -0.0055971548009332434 0.00097208278460595365 0.040416310176991183 -0.050189919812092247 -0.050845560348835334 0.050005598752020611 0.050030155994139069 0.050008657962945874 0.050023006491724642 0.05001739759823725 0.050012339974372003
leaf_weight=0.39574743972844029 0.094729665208433178 0.0070133016888574975 0.037156128688366041 0.68823348404839613 2.1529930751712527 0.46480211825837614 0.050940009882651793 0.039461806956751388 0.015568496846753987 0.013398455608694348 0.012289838730794145 0.033612610198360926 0.0047844195887591914 0.006222371775947976
leaf_count=816 33 16 2 16 129 60 86 26 83 18 44 41 14 13
internal_value=4.09814e-06 -0.00120986 -0.00245251 -0.000782376 -0.00699546 0.0129514 -0.0509205 -0.0504761 0.0500181 0.0500217 0.0500134 0.050025 0.0500093 0.0500075
internal_weight=4.01695 3.92222 3.82933 3.70178 2.54874 1.15304 0.127558 0.0904018 0.0928895 0.0663142 0.0193031 0.0470111 0.0265753 0.0217909
internal_count=1397 1364 1135 1021 945 76 114 112 229 119 60 59 110 96
is_linear=0
shrinkage=0.05


Tree=268
num_leaves=13
num_cat=0
split_feature=12 12 10 12 12 12 5 10 10 15 15 2
split_gain=0.0980599 0.27351 0.251528 0.191104 0.208572 0.185267 0.228577 0.119309 0.14324 0.10084 0.0797601 0.0440807
threshold=193.11295995963548 190.69497060004053 241.87500000000003 198.91443911166672 202.602632756632 65.272821960046301 0.39819100091827364 2307.5000000000005 1732.5000000000002 3.5000000000000004 2.5000000000000004 1.8333333333333337
decision_type=2 2 2 2 2 2 2 2 2 2 2 2
left_child=1 2 9 -2 -5 6 -4 8 -6 11 -7 -1
right_child=3 -3 5 4 7 10 -8 -9 -10 -11 -12 -13
leaf_value=-0.034795405606509629 -0.057776201300247132 0.042010762631481069 -0.03913688002786754 0.042062874187543939 -0.0069114129337228382 0.016391333025620639 0.02705071283945672 0.038374479097818603 -0.050455428245041817 0.050140210523645534 0.055287716914305132 0.011773740324540247
leaf_weight=0.57631463226061974 0.17829057376366098 0.44682100322097529 0.27507441810666911 0.21963306365068991 1.0506871580719233 0.28832542870077305 0.24808890285930829 0.11524597008974513 0.23025049285752164 0.04109498352954688 0.24277215940674068 0.055728774046656326
leaf_count=334 10 5 46 5 593 61 173 24 33 45 2 66
internal_value=2.3815e-06 0.00714216 -0.0018772 -0.00865008 -0.00322946 0.0133684 -0.00775011 -0.0103544 -0.0147385 -0.0257547 0.0341714 -0.0306893
internal_weight=3.96833 2.17422 1.7274 1.79411 1.61582 1.05426 0.523163 1.39618 1.28094 0.673138 0.531098 0.632043
internal_count=1397 732 727 665 655 282 219 650 626 445 63 400
is_linear=0
shrinkage=0.05


Tree=269
num_leaves=8
num_cat=0
split_feature=16 14 15 10 12 15 12
split_gain=0.0960748 0.099478 0.10086 0.142184 0.107779 2.75459e-06 4.34874e-08
threshold=1.0000000180025095e-35 1.0000000180025095e-35 3.5000000000000004 87.500000000000014 205.44407638378473 2.5000000000000004 236.09230766232642
decision_type=2 2 2 2 2 2 2
left_child=1 2 3 5 -5 -1 -4
right_child=-2 -3 6 4 -6 -7 -8
leaf_value=-0.050088870001412482 0.05032128785030307 0.05025982308149321 0.050130676501870586 0.0045520781019978574 -0.014152820051977339 -0.050515018305646531 0.050200940418958374
leaf_weight=0.064161828091529816 0.09260487319806987 0.091572249459204502 0.04053210809615837 2.3130898318522672 1.1545167803151342 0.092719157226383686 0.048217823379673064
leaf_count=251 40 33 39 530 482 16 6
internal_value=1.81596e-06 -0.0012229 -0.00249252 -0.003782 -0.00167559 -0.0503407 0.0501689
internal_weight=3.89741 3.80481 3.71324 3.62449 3.46761 0.156881 0.0887499
internal_count=1397 1357 1324 1279 1012 267 45
is_linear=0
shrinkage=0.05


Tree=270
num_leaves=13
num_cat=0
split_feature=16 11 9 12 9 5 6 12 8 10 2 8
split_gain=0.0912606 0.0951218 0.101036 0.110786 0.222945 0.133913 0.0503079 0.00148417 3.22433e-07 2.6824e-08 5.85359e-09 1.08913e-10
threshold=1.0000000180025095e-35 1.5000000000000002 0.226368529703219 202.602632756632 0.27888640565311246 0.34816732412886259 0.37500000000000006 11.05051039539352 169.07267063741321 707.50000000000011 3.4365079365079372 149.99134630119218
decision_type=2 2 2 2 2 2 2 2 2 2 2 2
left_child=1 2 6 4 -4 -5 7 -1 9 -3 -11 -8
right_child=-2 8 3 5 -6 -7 11 -9 -10 10 -12 -13
leaf_value=-0.034852203281146008 0.050305532276182667 0.05010340413130232 0.051029465391976052 -0.05213306853135783 0.00054165402943014791 -0.0057896342700957497 0.050007573821312247 -0.050572295885807875 0.050266211979734444 0.050063196083164153 0.050015492789170612 0.050016451715701384
leaf_weight=0.01688731599279103 0.088115373219807114 0.027788716704890137 0.2450460418804149 0.18240181395503885 2.0304671371359291 1.0719757875049252 0.0079579181438020896 0.13539532786217023 0.033133042234112509 0.010371875672717579 0.016924216666666325 0.0061047099952702419
leaf_count=8 40 25 37 55 484 447 29 187 5 8 56 16
internal_value=3.23801e-06 -0.00116798 -0.00239261 -0.000598074 0.0059786 -0.0125285 -0.0404732 -0.048829 0.050143 0.0500688 0.0500336 0.0500114
internal_weight=3.87257 3.78445 3.69624 3.52989 2.27551 1.25438 0.166345 0.152283 0.0882179 0.0550848 0.0272961 0.0140626
internal_count=1397 1357 1263 1023 521 502 240 195 94 89 64 45
is_linear=0
shrinkage=0.05


Tree=271
num_leaves=15
num_cat=0
split_feature=14 6 3 0 15 2 2 5 8 12 10 8 12 12
split_gain=0.090226 0.0932675 0.116126 0.133171 0.326797 0.212044 2.26526e-05 3.03696e-06 1.04957e-09 6.86697e-10 2.5443e-10 1.21869e-10 1.20912e-10 5.93064e-11
threshold=1.0000000180025095e-35 0.37500000000000006 5.5000000000000009 18.500000000000004 1.5000000000000002 3.477272727272728 3.8257575757575757 0.61407126975542337 59.994981028663204 44.823787607939821 176.50000000000003 150.00044934531255 471.83981681679978 283.46524673292254
decision_type=2 2 2 2 2 2 2 2 2 2 2 2 2 2
left_child=1 2 3 4 -1 -5 -4 -8 9 10 -3 13 -11 -10
right_child=-2 8 6 5 -6 -7 7 -9 11 12 -12 -13 -14 -15
leaf_value=-0.050345209530057312 0.0502476126316109 0.050020469646508275 -0.051941845653925345 0.051870559782331432 0.00050351181202341162 0.0011244802738252725 -0.05017607152239853 -0.050785044108720971 0.050005177499913123 0.050026301771834196 0.050008080570780836 0.050016226285182847 0.050021019226732667 0.050011229688398044
leaf_weight=0.37318007040994627 0.087320508224365656 0.0065298670715491216 0.036116242132265941 0.27300984396424588 2.0614273569299257 0.83687297661526827 0.046831033124362875 0.036375258521729847 0.013939097834736458 0.02706183777172555 0.011342432429955807 0.0043022109894081942 0.018062485032714903 0.0057042369226110159
leaf_count=816 33 16 2 19 129 57 86 26 83 43 44 14 16 13
internal_value=4.05474e-06 -0.00116565 -0.00238023 -0.000746978 -0.00729065 0.013607 -0.0508962 -0.0504423 0.0500175 0.0500209 0.0500126 0.0500086 0.0500242 0.0500069
internal_weight=3.83808 3.75075 3.66381 3.54449 2.43461 1.10988 0.119323 0.0832063 0.0869422 0.0629966 0.0178723 0.0239455 0.0451243 0.0196433
internal_count=1397 1364 1135 1021 945 76 114 112 229 119 60 110 59 96
is_linear=0
shrinkage=0.05


Tree=272
num_leaves=13
num_cat=0
split_feature=15 16 0 9 2 12 15 13 2 12 10 10
split_gain=0.0896203 0.0896352 0.0950274 0.289373 0.312373 0.174128 0.248482 0.197741 0.0380459 4.46369e-08 4.91494e-08 3.13838e-09
threshold=3.5000000000000004 1.0000000180025095e-35 22.500000000000004 0.37575075260126561 3.5634920634920646 202.602632756632 2.5000000000000004 1.0000000180025095e-35 3.8660714285714293 236.09230766232642 97.500000000000014 176.50000000000003
decision_type=2 2 2 2 2 2 2 2 2 2 2 2
left_child=1 2 5 4 -4 6 -1 -7 -5 10 -2 -12
right_child=9 -3 3 8 -6 7 -8 -9 -10 -11 11 -13
leaf_value=-0.023729414189989074 0.050161996893072214 0.050294227455056045 0.052343269018588427 0.050991472302921795 -0.038036460680616523 -0.039429786439718548 0.012807266289279768 0.051061612121688131 0.019505254901434371 0.050190093297397577 0.05002309441735138 0.050068348611276209
leaf_weight=0.71683959840084033 0.024832322509609983 0.082704221196763572 0.12884691078215826 0.29896527772507397 0.37053993370136595 0.57282279307764827 1.3263939076678071 0.067482283338904381 0.14128028479535715 0.046588879689807072 0.0067532226794355674 0.0088541593868285418
leaf_count=505 15 19 2 45 101 557 49 2 29 10 23 40
internal_value=3.16718e-06 -0.00117464 -0.00234949 0.0113349 -0.0147176 -0.00714103 -1.11117e-05 -0.0298928 0.0408872 0.0501567 0.0501183 0.0500488
internal_weight=3.7929 3.70588 3.62317 0.939632 0.499387 2.68354 2.04323 0.640305 0.440246 0.0870286 0.0404397 0.0156074
internal_count=1397 1309 1290 177 103 1113 554 559 74 88 78 63
is_linear=0
shrinkage=0.05


Tree=273
num_leaves=15
num_cat=0
split_feature=14 6 3 8 10 9 2 5 8 12 10 5 12 12
split_gain=0.087438 0.0912461 0.109029 0.124022 0.325659 0.182737 1.78543e-05 2.65456e-06 9.81574e-10 6.49965e-10 2.35962e-10 1.31424e-10 1.04324e-10 1.00043e-10
threshold=1.0000000180025095e-35 0.37500000000000006 5.5000000000000009 29.020304263478014 92.500000000000014 0.39252326235476548 3.8257575757575757 0.61407126975542337 59.994981028663204 44.823787607939821 176.50000000000003 0.35028340487181225 471.83981681679978 283.46524673292254
decision_type=2 2 2 2 2 2 2 2 2 2 2 2 2 2
left_child=1 2 3 4 -1 -5 -4 -8 9 10 -3 -10 -11 -13
right_child=-2 8 6 5 -6 -7 7 -9 11 12 -12 13 -14 -15
leaf_value=0.0052574608984617644 0.05024306773688391 0.050020000905045638 -0.051800394328352775 -0.0041883318711835272 -0.046533891971859205 0.026585466565371113 -0.050169140898901281 -0.050754357487545199 0.050017652638701088 0.050025748536785652 0.050007886671324803 0.050004460468852874 0.050020798443178506 0.050011887402583888
leaf_weight=0.87586428566646801 0.084649754813653888 0.0063396233299498608 0.033666352326690574 1.3547081267242904 0.46448112576763378 0.74916869200387726 0.044369924312377407 0.034401747934680316 0.0033771265516406848 0.026316601422877284 0.010984304290104774 0.013285586826896179 0.017872348893433809 0.0068836172649753271
leaf_count=359 33 16 2 307 248 107 86 26 6 43 44 89 16 15
internal_value=6.77792e-06 -0.00116094 -0.00238489 -0.00080316 -0.0126902 0.0067699 -0.0508366 -0.0504247 0.0500172 0.0500205 0.0500123 0.0500085 0.0500237 0.050007
internal_weight=3.72637 3.64172 3.55666 3.44422 1.34035 2.10388 0.112438 0.0787717 0.0850592 0.0615129 0.0173239 0.0235463 0.044189 0.0201692
internal_count=1397 1364 1135 1021 607 414 114 112 229 119 60 110 59 104
is_linear=0
shrinkage=0.05


Tree=274
num_leaves=16
num_cat=0
split_feature=11 4 9 0 15 12 2 9 10 12 12 8 10 2 2
split_gain=0.0861513 0.0896141 0.154905 0.130139 0.242114 0.244235 0.180489 0.276577 0.000118358 0.000223719 4.85312e-06 3.13911e-07 2.45928e-08 3.77398e-09 3.9584e-10
threshold=1.5000000000000002 3.5000000000000004 0.43356037722939084 7.5000000000000009 1.0000000180025095e-35 95.104130756331031 3.5634920634920646 0.37575075260126561 2537.5000000000005 8.5128943729571791 190.69497060004053 169.07267063741321 707.50000000000011 3.4365079365079372 3.6306818181818183
decision_type=2 2 2 2 2 2 2 2 2 2 2 2 2 2 2
left_child=1 3 8 4 10 -6 -5 -8 9 -3 -1 12 -2 -14 -15
right_child=11 2 -4 6 5 -7 7 -9 -10 -11 -12 -13 13 14 -16
leaf_value=-0.050126282520071112 0.050099460087042115 -0.053425238967634431 0.013146095207295982 0.049881502911413605 -0.031895689031430259 0.0097663228024659661 -0.044254022352558833 0.028996104414746156 -0.053605061774559731 -0.049395441576629916 -0.050571184177692442 0.050264116112765871 0.050055214458184699 0.050025516948324994 0.050008826545457047
leaf_weight=0.10170103429482136 0.026255383645548025 0.060772978758904972 0.15855677633953746 0.29566414551482001 0.44456278542202232 1.6854746162016452 0.20664668367408012 0.34237177290196996 0.074728294741362333 0.079488687723824114 0.15428553427136649 0.032791688063298352 0.0092412947924458422 0.0055408253101632008 0.0098991751838184427
leaf_count=344 25 2 17 28 104 129 134 113 2 55 375 5 8 8 48
internal_value=4.19089e-06 -0.00116057 -0.0243466 0.0015203 -0.00445052 0.00107099 0.0183864 0.00142527 -0.0519978 -0.0511415 -0.0503944 0.0501435 0.0500658 0.0500299 0.0500148
internal_weight=3.68798 3.60425 0.373547 3.23071 2.38602 2.13004 0.844683 0.549018 0.21499 0.140262 0.255987 0.0837284 0.0509367 0.0246813 0.01544
internal_count=1397 1303 76 1227 952 233 275 247 59 57 719 94 89 64 56
is_linear=0
shrinkage=0.05


Tree=275
num_leaves=15
num_cat=0
split_feature=15 12 15 5 12 12 10 12 2 12 10 12 10 10
split_gain=0.0851806 0.0908017 0.149769 0.13727 0.140523 0.128754 0.27836 0.167556 0.0384745 0.0154702 0.00666995 3.15576e-08 4.47815e-08 3.02965e-09
threshold=3.5000000000000004 202.602632756632 2.5000000000000004 0.34816732412886259 471.83981681679978 190.69497060004053 241.87500000000003 65.272821960046301 1.8333333333333337 305.75824283814819 126.25000000000001 236.09230766232642 97.500000000000014 176.50000000000003
decision_type=2 2 2 2 2 2 2 2 2 2 2 2 2 2
left_child=1 5 3 9 -5 6 8 -8 -1 -3 -4 12 -2 -14
right_child=11 2 10 4 -6 -7 7 -9 -10 -11 -12 -13 13 -15
leaf_value=-0.035029719679532244 0.050158648660386586 -0.022266207896336054 -0.036078870680657522 -0.010530064821462124 0.033821236708178513 0.021030992677117583 -0.0083669682309576998 0.033604379365745535 0.010826456458255987 -0.051772140559452118 -0.051275784579547901 0.050178227656439103 0.050022862357061375 0.050068190374382239
leaf_weight=0.53116207451057673 0.024082726456981507 0.07162240765228467 0.1445705050136894 0.44707850019767648 0.29740322306861344 0.78997232520487148 0.47065628336713417 0.48060830702161184 0.050052626031174441 0.11698330653416633 0.1442396359416307 0.043624740355880931 0.0064741569285615705 0.0085609816769647296
leaf_count=334 15 17 27 401 119 20 192 62 66 57 14 10 23 40
internal_value=-2.82778e-07 -0.00117101 -0.0122043 -0.00246542 0.00718725 0.00463386 -0.00381864 0.0128383 -0.0310807 -0.0405674 -0.0436686 0.050149 0.0501164 0.0500487
internal_weight=3.62709 3.54435 1.2219 0.933087 0.744482 2.32245 1.53248 0.951265 0.581215 0.188606 0.28881 0.0827426 0.0391179 0.0150351
internal_count=1397 1309 635 594 520 674 654 254 400 74 41 88 78 63
is_linear=0
shrinkage=0.05


Tree=276
num_leaves=7
num_cat=0
split_feature=16 14 13 9 8 6
split_gain=0.0864469 0.0891953 0.0915883 0.127348 0.112677 0.0831073
threshold=1.0000000180025095e-35 1.0000000180025095e-35 1.0000000180025095e-35 0.27608960970809288 29.020304263478014 0.37500000000000006
decision_type=2 2 2 2 2 2
left_child=1 2 3 5 -5 -1
right_child=-2 -3 -4 4 -6 -7
leaf_value=-0.049893828371000502 0.050292559192451652 0.050235105923355554 0.050843484514787096 -0.012305858838327056 0.0070155603329587791 0.050012378467866783
leaf_weight=0.20507288028966453 0.083438824897711927 0.082284308919042704 0.078764989892078918 1.2958532470056527 1.80645670874037 0.023167469485997572
leaf_count=259 40 33 40 674 260 91
internal_value=-3.32651e-06 -0.00120525 -0.00244677 -0.00370704 -0.00105511 -0.0397529
internal_weight=3.57504 3.4916 3.40932 3.33055 3.10231 0.22824
internal_count=1397 1357 1324 1284 934 350
is_linear=0
shrinkage=0.05


Tree=277
num_leaves=13
num_cat=0
split_feature=12 12 10 12 12 12 5 10 10 15 9 2
split_gain=0.0852443 0.255476 0.212698 0.177753 0.18091 0.151611 0.194259 0.108633 0.119013 0.084281 0.0840416 0.0362564
threshold=193.11295995963548 190.69497060004053 241.87500000000003 198.91443911166672 202.602632756632 65.272821960046301 0.39819100091827364 2307.5000000000005 1732.5000000000002 3.5000000000000004 0.3843848383108503 1.8333333333333337
decision_type=2 2 2 2 2 2 2 2 2 2 2 2
left_child=1 2 9 -2 -5 6 -4 8 -6 11 -7 -1
right_child=3 -3 5 4 7 10 -8 -9 -10 -11 -12 -13
leaf_value=-0.034563967865693539 -0.057477814108741032 0.041498846610665427 -0.038374901589476734 0.041534019721503571 -0.0070453360978340457 0.047089778797837337 0.026070246747222914 0.038546771298600908 -0.049762858802127413 0.050120878804783511 0.0019580173580269651 0.010322142559174883
leaf_weight=0.50923537378912465 0.16646130627486844 0.42097457544878114 0.24635523285542149 0.19754584599286307 0.92668986633634609 0.31693005116540007 0.22258456896361167 0.10530556487356069 0.19786549415221089 0.034325252921917127 0.15292074256467458 0.049348028363965568
leaf_count=334 10 5 46 5 593 35 173 24 33 45 28 66
internal_value=-2.21226e-06 0.00700123 -0.00248015 -0.00858224 -0.00288014 0.0123271 -0.0077857 -0.0100141 -0.0145615 -0.0259254 0.0324009 -0.0305985
internal_weight=3.54654 1.95267 1.5317 1.59387 1.42741 0.938791 0.46894 1.22986 1.12456 0.592909 0.469851 0.558583
internal_count=1397 732 727 665 655 282 219 650 626 445 63 400
is_linear=0
shrinkage=0.05


Tree=278
num_leaves=10
num_cat=0
split_feature=16 14 6 3 0 2 8 12 5
split_gain=0.0842112 0.0862391 0.0878502 0.0993833 0.134268 1.91033e-05 7.57646e-10 5.36731e-10 1.05126e-10
threshold=1.0000000180025095e-35 1.0000000180025095e-35 0.37500000000000006 5.5000000000000009 18.500000000000004 3.8257575757575757 59.994981028663204 44.823787607939821 0.37902109248242294
decision_type=2 2 2 2 2 2 2 2 2
left_child=1 2 3 4 -1 -5 7 -4 -8
right_child=-2 -3 6 5 -6 -7 8 -9 -10
leaf_value=-0.009065679062602184 0.05028541066983238 0.050228787767307416 0.050011490001767689 -0.051836950932557427 0.01323536233000476 -0.050408229783299133 0.050015578368183447 0.050022396802102548 0.050006670326164883
leaf_weight=2.1526726441725281 0.081305836548381083 0.079591976254960062 0.015587042862534761 0.034279741237696615 0.98320087230968045 0.073695633420356899 0.0040874334372347212 0.04081963777935016 0.017457060765082133
leaf_count=933 40 33 47 2 76 112 9 50 95
internal_value=-2.6144e-06 -0.00120468 -0.00243706 -0.00369753 -0.00207356 -0.0508618 0.0500163 0.0500194 0.0500084
internal_weight=3.4827 3.40139 3.3218 3.24385 3.13587 0.107975 0.0779512 0.0564067 0.0215445
internal_count=1397 1357 1324 1123 1009 114 201 97 104
is_linear=0
shrinkage=0.05


Tree=279
num_leaves=16
num_cat=0
split_feature=15 12 12 10 10 12 12 8 12 2 12 12 12 10 10
split_gain=0.080878 0.0867545 0.252762 0.241501 0.200455 0.155357 0.147319 0.118122 0.0439046 0.0321119 0.0252668 0.00138587 3.42787e-08 3.49547e-08 2.54967e-09
threshold=3.5000000000000004 193.11295995963548 190.69497060004053 241.87500000000003 157.50000000000003 202.602632756632 65.272821960046301 79.325761384357648 257.83644787242486 1.8333333333333337 412.39074012018523 198.91443911166672 236.09230766232642 97.500000000000014 176.50000000000003
decision_type=2 2 2 2 2 2 2 2 2 2 2 2 2 2 2
left_child=1 2 3 9 8 -6 -5 -7 11 -1 -10 -3 13 -2 -15
right_child=12 4 -4 6 5 7 -8 -9 10 -11 -12 -13 -14 14 -16
leaf_value=-0.034166814974818341 0.050147015957187437 -0.058500373914177894 0.040460627370200557 -0.0082478671869939974 0.041124073078377392 -0.03556250982998535 0.031978000896581767 0.0033125456298447771 -0.0057223199041743049 0.0088356042644874167 -0.050117517913546988 -0.050469668964194671 0.050174543203336058 0.050020053061001601 0.050063762670359516
leaf_weight=0.49031585275770406 0.02220477805531107 0.14250108576379705 0.4150239243172108 0.45452625202051422 0.19398897350765743 0.27547692057032691 0.45590766747409361 0.67221887171444905 0.097468172632943606 0.047630297653086018 0.047750469243510452 0.086231113264148007 0.042667080662795343 0.0057333186905452757 0.0079801879401202314
leaf_count=334 15 7 5 192 6 155 62 169 167 66 83 63 10 23 40
internal_value=-1.13568e-07 -0.00116631 0.00605912 -0.00379841 -0.0100496 0.000357123 0.0118956 -0.00798768 -0.0418218 -0.0303593 -0.0203202 -0.0554728 0.0501442 0.0501083 0.0500455
internal_weight=3.45762 3.37904 1.8634 1.44838 1.51564 1.14168 0.910434 0.947696 0.373951 0.537946 0.145219 0.228732 0.0785854 0.0359183 0.0137135
internal_count=1397 1309 659 654 650 330 254 324 320 400 250 70 88 78 63
is_linear=0
shrinkage=0.05


Tree=280
num_leaves=10
num_cat=0
split_feature=16 13 9 12 9 8 6 10 12
split_gain=0.082395 0.0837368 0.123 0.0929191 0.202039 0.133007 0.0750193 0.000412541 3.68453e-10
threshold=1.0000000180025095e-35 1.0000000180025095e-35 0.27608960970809288 202.602632756632 0.27888640565311246 154.09765324260997 0.37500000000000006 192.50000000000003 443.12320108700237
decision_type=2 2 2 2 2 2 2 2 2
left_child=1 2 6 4 -4 -5 7 -1 -8
right_child=-2 -3 3 5 -6 -7 8 -9 -10
leaf_value=-0.045866459142780092 0.050281150872159723 0.050816442465008084 0.054158131612427218 -0.021466895898073768 0.0011016585208503645 0.023406275806750049 0.050008052978317834 -0.051068559592050533 0.050023919339342082
leaf_weight=0.053195737908937502 0.079564007908629608 0.075594451561300846 0.19893549382686693 0.80373038822381182 1.8301662344083522 0.20783778047189116 0.016304506734741153 0.13439571995286315 0.0047178070744848801
leaf_count=118 40 40 1 454 494 12 86 143 9
internal_value=-2.53211e-06 -0.00120582 -0.00241611 0.000131979 0.00630338 -0.0122472 -0.039556 -0.0495934 0.0500116
internal_weight=3.40444 3.32488 3.24928 3.04067 2.0291 1.01157 0.208614 0.187591 0.0210223
internal_count=1397 1357 1317 961 495 466 356 261 95
is_linear=0
shrinkage=0.05


Tree=281
num_leaves=9
num_cat=0
split_feature=14 16 11 6 9 8 10 12
split_gain=0.0801577 0.082047 0.0843745 0.0828359 0.0958324 2.03224e-07 1.87046e-08 7.08049e-10
threshold=1.0000000180025095e-35 1.0000000180025095e-35 1.5000000000000002 0.37500000000000006 0.226368529703219 169.07267063741321 707.50000000000011 44.823787607939821
decision_type=2 2 2 2 2 2 2 2
left_child=1 2 3 4 -1 6 -4 -5
right_child=-2 -3 5 7 -6 -7 -8 -9
leaf_value=-0.048828080469157313 0.050224336422684882 0.050267370433059733 0.050091631064832623 0.050009764829798298 -0.0030966306362518268 0.050230354337809757 0.050027844184823034 0.050020328902898425
leaf_weight=0.11918110769738843 0.077615391967810754 0.07570384831069521 0.023758371713483828 0.024169090371287782 2.952685412142273 0.028676232635916676 0.022261479311055155 0.046144435578753473
leaf_count=194 33 40 20 86 888 5 64 67
internal_value=5.67097e-07 -0.00118335 -0.00239416 -0.00364267 -0.0048709 0.0501259 0.0500608 0.0500167
internal_weight=3.3702 3.29258 3.21688 3.14218 3.07187 0.0746961 0.0460199 0.0703135
internal_count=1397 1364 1324 1235 1082 89 84 153
is_linear=0
shrinkage=0.05


Tree=282
num_leaves=9
num_cat=0
split_feature=5 1 15 14 10 0 12 10
split_gain=0.0791549 0.0880844 0.0796531 0.0808763 0.092381 0.0100712 3.29352e-08 2.96589e-08
threshold=0.25129757785467138 7.5000000000000009 3.5000000000000004 1.0000000180025095e-35 87.500000000000014 33.500000000000007 236.09230766232642 97.500000000000014
decision_type=2 2 2 2 2 2 2 2
left_child=-1 2 3 4 -2 -3 7 -4
right_child=1 5 6 -5 -6 -7 -8 -9
leaf_value=-0.051640630860962267 -0.043261152196921296 0.050523521579972308 0.050140336636418772 0.05021669085212193 -0.0012256778651775731 0.024247714527470376 0.050170443236217423 0.050043761842022909
leaf_weight=0.072585917821925583 0.13700076238274217 0.082239947481866582 0.021131079289261723 0.072704855701886006 2.8440563555209337 0.065522919634531718 0.041506349458359182 0.012744945813210506
leaf_count=34 272 19 15 11 941 32 10 63
internal_value=4.01737e-06 0.00114798 -0.000633398 -0.00188676 -0.00315751 0.038872 0.0501406 0.050104
internal_weight=3.34949 3.27691 3.12914 3.05376 2.98106 0.147763 0.0753824 0.033876
internal_count=1397 1363 1312 1224 1213 51 88 78
is_linear=0
shrinkage=0.05


Tree=283
num_leaves=12
num_cat=0
split_feature=13 12 0 12 12 10 12 15 0 2 15
split_gain=0.0752892 0.0886076 0.118665 0.228467 0.10814 0.188566 0.137277 0.106833 0.0777087 0.0734106 0.0670342
threshold=1.0000000180025095e-35 202.602632756632 21.500000000000004 471.83981681679978 190.69497060004053 241.87500000000003 65.272821960046301 3.5000000000000004 25.500000000000004 6.166666666666667 3.5000000000000004
decision_type=2 2 2 2 2 2 2 2 2 2 2
left_child=1 4 7 8 5 10 -7 9 -4 -3 -1
right_child=-2 2 3 -5 -6 6 -8 -9 -10 -11 -12
leaf_value=-0.030890271560803463 0.050787060409693711 -0.03926912145469591 -0.051934195945956711 0.039854891352956133 0.020151662620041422 -0.0088435206587891713 0.030652829325909587 0.05016149872812771 -0.00083480022019985544 0.0489682003847772 0.050114111323022216
leaf_weight=0.50694789452336519 0.071422926628656458 0.49032300392400407 0.14331927129569522 0.24380650546663674 0.74719494301825751 0.44106295722212963 0.4389414259435398 0.039634606764593627 0.15472030987075414 0.024762308996287175 0.026894881363659806
leaf_count=393 40 529 13 31 20 198 63 13 33 27 37
internal_value=5.27979e-06 -0.00110811 -0.0126844 0.00395786 0.004766 -0.00336507 0.010857 -0.0289405 -0.0254071 -0.0350272 -0.0268093
internal_weight=3.32903 3.25761 1.09657 0.541846 2.16104 1.41385 0.880004 0.55472 0.29804 0.515085 0.533843
internal_count=1397 1357 646 77 711 691 261 569 46 556 430
is_linear=0
shrinkage=0.05


Tree=284
num_leaves=10
num_cat=0
split_feature=16 14 6 3 0 2 8 12 5
split_gain=0.077411 0.0784726 0.0785858 0.0967938 0.120382 1.97669e-05 6.22733e-10 4.11021e-10 9.94227e-11
threshold=1.0000000180025095e-35 1.0000000180025095e-35 0.37500000000000006 5.5000000000000009 18.500000000000004 3.8257575757575757 59.994981028663204 44.823787607939821 0.35028340487181225
decision_type=2 2 2 2 2 2 2 2 2
left_child=1 2 3 4 -1 -5 7 -4 -8
right_child=-2 -3 6 5 -6 -7 8 -9 -10
leaf_value=-0.0088076792601512015 0.050264348206762045 0.050210223537990289 0.050010692723606365 -0.051851413906897792 0.012843369857894988 -0.050388997619303211 0.050015754067976551 0.050020720277099057 0.050005730946201234
leaf_weight=2.009797480282034 0.074858900551589502 0.072621032001734309 0.014083565851251367 0.034512347603595006 0.94335845512978256 0.069918160659199202 0.0029354949219850815 0.037242765676637646 0.015741333241749089
leaf_count=933 40 33 47 2 76 112 6 50 98
internal_value=3.63312e-06 -0.00117206 -0.00236513 -0.00356437 -0.00189145 -0.0508723 0.0500151 0.050018 0.0500073
internal_weight=3.27507 3.20021 3.12759 3.05759 2.95316 0.104431 0.0700032 0.0513263 0.0186768
internal_count=1397 1357 1324 1123 1009 114 201 97 104
is_linear=0
shrinkage=0.05


Tree=285
num_leaves=16
num_cat=0
split_feature=4 0 10 10 12 2 9 9 6 2 10 8 9 8 12
split_gain=0.0760724 0.121968 0.188482 0.168343 0.158697 0.152278 0.182998 0.116352 0.0855086 0.0632354 0.0373398 0.00793764 0.00018775 0.000168906 4.46683e-10
threshold=3.5000000000000004 18.500000000000004 246.25000000000003 241.87500000000003 190.69497060004053 3.5634920634920646 0.37575075260126561 0.43356037722939084 0.37500000000000006 3.8452380952380958 1165.0000000000002 158.54295941290511 1.9503876105792084 154.09765324260997 280.63074413162627
decision_type=2 2 2 2 2 2 2 2 2 2 2 2 2 2 2
left_child=1 2 3 4 -1 -3 9 11 12 -7 -8 13 -4 -2 -10
right_child=7 5 8 -5 -6 6 10 -9 14 -11 -12 -13 -14 -15 -16
leaf_value=-0.02588718302527912 -0.050137932621114628 0.051285825181808159 -0.050951317261397081 0.044262648393599412 0.0073086170631799915 -0.051854726995736337 0.0094611827203036885 0.013246630213501557 0.05000377030814112 0.012424260028882063 0.047016670437853958 -0.030820824594650121 -0.0471750124790596 -0.053557760243076707 0.050018617312858255
leaf_weight=0.51965956347885489 0.083257110522026667 0.25826780127681548 0.21272882735865994 0.2131533069850774 1.1720785319284912 0.13827659792150371 0.12097527344667469 0.14212146458521602 0.0074825877682087585 0.052898727313731797 0.1461385192196758 0.066666376653301995 0.038939141923037823 0.06375327276509779 0.015685703634517267
leaf_count=443 49 27 150 15 430 5 13 18 65 98 40 8 14 5 17
internal_value=5.67895e-06 0.00268598 -0.00319698 0.00238779 -0.0028883 0.0205817 0.00327838 -0.0218127 -0.0419051 -0.0340686 0.0300079 -0.0451314 -0.050367 -0.051621 0.0500138
internal_weight=3.25208 2.89628 2.17973 1.90489 1.69174 0.716557 0.458289 0.355798 0.274836 0.191175 0.267114 0.213677 0.251668 0.14701 0.0231683
internal_count=1397 1317 1134 888 873 183 156 80 246 103 53 62 164 54 82
is_linear=0
shrinkage=0.05


Tree=286
num_leaves=7
num_cat=0
split_feature=16 14 13 12 0 15
split_gain=0.0745733 0.0754155 0.0781964 0.102148 0.17121 0.1264
threshold=1.0000000180025095e-35 1.0000000180025095e-35 1.0000000180025095e-35 205.44407638378473 21.500000000000004 2.5000000000000004
decision_type=2 2 2 2 2 2
left_child=1 2 3 5 -5 -1
right_child=-2 -3 -4 4 -6 -7
leaf_value=-0.011363639169842538 0.050255311333134524 0.050202641081754429 0.050751737284852688 -0.038434695189657697 0.004013888799110207 0.013769368959744089
leaf_weight=0.88869791543493404 0.072161731747655611 0.069873897393335827 0.067828723819729819 0.47205326264611347 0.47816164315463539 1.1445498329831023
leaf_count=603 40 33 40 553 75 53
internal_value=4.30302e-06 -0.00115751 -0.00233364 -0.00354053 -0.017074 0.00278416
internal_weight=3.19333 3.12117 3.05129 2.98346 0.950215 2.03325
internal_count=1397 1357 1324 1284 628 656
is_linear=0
shrinkage=0.05


Tree=287
num_leaves=16
num_cat=0
split_feature=15 12 12 10 10 12 8 8 12 2 12 12 12 10 10
split_gain=0.0721122 0.0745404 0.224303 0.204708 0.190766 0.14201 0.132348 0.0962001 0.0401047 0.0283427 0.0212457 0.0012101 2.84524e-08 2.30209e-08 1.79219e-09
threshold=3.5000000000000004 193.11295995963548 190.69497060004053 241.87500000000003 157.50000000000003 202.602632756632 25.199949635844913 79.325761384357648 257.83644787242486 1.8333333333333337 412.39074012018523 198.91443911166672 236.09230766232642 97.500000000000014 176.50000000000003
decision_type=2 2 2 2 2 2 2 2 2 2 2 2 2 2 2
left_child=1 2 3 9 8 -6 -5 -7 11 -1 -10 -3 13 -2 -15
right_child=12 4 -4 6 5 7 -8 -9 10 -11 -12 -13 -14 14 -16
leaf_value=-0.034003451685112672 0.050129907546242192 -0.058293668562828985 0.038545664083845632 -0.04258442514588609 0.040911548381439018 -0.034737603337377861 0.018113182675037625 0.0027366353691665735 -0.0058266651279878373 0.0080541680376500901 -0.050099289671080433 -0.050408923121620153 0.050160752893237716 0.050017272492148213 0.050057226953015947
leaf_weight=0.43717444664162097 0.019486937895635381 0.13897213869495306 0.40104707982391108 0.10223116436827695 0.18220026494236641 0.23760779924759845 0.73901078753442562 0.61329351919494002 0.085330455023722607 0.044099112707044696 0.039708161383714469 0.07488126342468604 0.039015318063320592 0.0047126208773988765 0.0069398188243212644
leaf_count=334 15 7 5 47 6 155 207 169 167 66 83 63 10 23 40
internal_value=4.38261e-06 -0.00113167 0.00579077 -0.00414201 -0.00982796 0.000850381 0.010737 -0.00772776 -0.0423805 -0.0301497 -0.0198862 -0.0555328 0.0501323 0.0500967 0.0500411
internal_weight=3.16571 3.09556 1.72356 1.32252 1.37199 1.0331 0.841242 0.850901 0.338892 0.481274 0.125039 0.213853 0.0701547 0.0311394 0.0116524
internal_count=1397 1309 659 654 650 330 254 324 320 400 250 70 88 78 63
is_linear=0
shrinkage=0.05


Tree=288
num_leaves=10
num_cat=0
split_feature=16 14 6 3 0 2 8 12 5
split_gain=0.0729865 0.0729238 0.0755199 0.0923945 0.106146 1.77409e-05 5.81932e-10 3.72568e-10 9.94351e-11
threshold=1.0000000180025095e-35 1.0000000180025095e-35 0.37500000000000006 5.5000000000000009 21.500000000000004 3.8257575757575757 59.994981028663204 44.823787607939821 0.35028340487181225
decision_type=2 2 2 2 2 2 2 2 2
left_child=1 2 3 4 -1 -5 7 -4 -8
right_child=-2 -3 6 5 -6 -7 8 -9 -10
leaf_value=-0.0074630800624802653 0.050251359840063306 0.050197380473839176 0.050010537096134761 -0.051786768993977439 0.014988860197114769 -0.050373437251711908 0.050015577895283971 0.050020262676195908 0.050005364767078037
leaf_weight=2.1108494339450794 0.070620525340927887 0.067573804407402238 0.013504919330443843 0.033384164948074502 0.70132609430220316 0.066299528704348631 0.0028466709918575353 0.036358052497234894 0.014638092397035507
leaf_count=941 40 33 47 2 68 112 6 50 98
internal_value=-2.4337e-07 -0.00116501 -0.00233 -0.00354068 -0.00186381 -0.0508468 0.0500149 0.0500176 0.050007
internal_weight=3.1174 3.04678 2.97921 2.91186 2.81218 0.0996837 0.0673477 0.049863 0.0174848
internal_count=1397 1357 1324 1123 1009 114 201 97 104
is_linear=0
shrinkage=0.05


Tree=289
num_leaves=17
num_cat=0
split_feature=4 9 0 10 15 10 2 9 6 2 2 10 8 9 8 12
split_gain=0.0727757 0.110551 0.108543 0.171731 0.166052 0.173118 0.147297 0.17545 0.0814444 0.0597446 0.0589901 0.0348703 0.0081502 0.00020515 0.000170353 4.0285e-10
threshold=3.5000000000000004 0.43356037722939084 18.500000000000004 246.25000000000003 1.0000000180025095e-35 241.87500000000003 3.5634920634920646 0.37575075260126561 0.37500000000000006 3.8452380952380958 6.166666666666667 1165.0000000000002 158.54295941290511 1.9503876105792084 154.09765324260997 280.63074413162627
decision_type=2 2 2 2 2 2 2 2 2 2 2 2 2 2 2 2
left_child=2 12 3 4 10 -6 -4 9 13 -8 -1 -9 14 -5 -2 -10
right_child=1 -3 6 8 5 -7 7 11 15 -11 -12 -13 -14 -15 -16 -17
leaf_value=-0.050545247791223304 -0.04994746190424712 0.01309309497832035 0.051204121002328122 -0.050861936351233983 0.0017601939700563713 0.053505196528678606 -0.051621068913051286 0.0097026944200834866 0.050003614390040176 0.012029316281316834 0.05001830258313919 0.046870412964510763 -0.030255983700206008 -0.046753216874622056 -0.053448741443432771 0.050018128888270043
leaf_weight=0.17240648802635528 0.079056795237192889 0.13775452175104874 0.24340788828703797 0.19611053088647157 1.4433263069081474 0.18202394972058744 0.13489735539769754 0.11712224484290346 0.0069662694927501425 0.050731679866657942 0.015930110588669777 0.13682681052523549 0.066534279294501175 0.035950090932601597 0.061974429934707587 0.015236661129165441
leaf_count=647 49 18 27 150 215 8 5 13 65 98 18 40 8 14 5 17
internal_value=2.10082e-06 -0.0216338 0.00271801 -0.00298976 0.00240517 0.00755515 0.02 0.00272136 -0.0414723 -0.0342257 -0.0420393 0.0297285 -0.0446808 -0.0502254 -0.0514861 0.0500136
internal_weight=3.09626 0.34532 2.75094 2.06795 1.81369 1.62535 0.682986 0.439578 0.254264 0.185629 0.188337 0.253949 0.207566 0.232061 0.141031 0.0222029
internal_count=1397 80 1317 1134 888 223 183 156 246 103 665 53 62 164 54 82
is_linear=0
shrinkage=0.05


Tree=290
num_leaves=10
num_cat=0
split_feature=5 1 8 12 0 8 2 10 0
split_gain=0.0718108 0.0747116 0.0804457 0.246076 0.143067 0.130492 0.011763 0.0115154 0.00947809
threshold=0.25129757785467138 7.5000000000000009 130.1619238333565 471.83981681679978 22.500000000000004 122.9048764207176 3.8452380952380958 1681.2500000000002 33.500000000000007
decision_type=2 2 2 2 2 2 2 2 2
left_child=-1 2 4 7 5 -2 -6 -4 -3
right_child=1 8 3 -5 6 -7 -8 -9 -10
leaf_value=-0.051504253566635211 -0.0041258559254012707 0.050439313721175508 -0.026648452228125469 0.04100094411397899 0.050803698414191023 0.050134088363091946 0.028922693844154052 -0.051434765623837947 0.023476437788493832
leaf_weight=0.066200633415064991 2.0769064889400415 0.07084690228657553 0.059205339866366447 0.11290572000052634 0.11240274208830658 0.11705185057235201 0.13542469421736314 0.2247092844618237 0.060363846045220271
leaf_count=34 1104 19 75 22 5 16 59 31 32
internal_value=4.00827e-07 0.0011485 -0.000556529 -0.0214363 0.00283669 -0.00123098 0.0388469 -0.046266 0.038035
internal_weight=3.03602 2.96982 2.83861 0.39682 2.44179 2.19396 0.247827 0.283915 0.131211
internal_count=1397 1363 1312 128 1184 1120 64 106 51
is_linear=0
shrinkage=0.05


Tree=291
num_leaves=12
num_cat=0
split_feature=16 15 12 8 2 12 10 2 12 10 10
split_gain=0.0695457 0.0719434 0.0732732 0.132166 0.158193 0.11543 0.254208 0.0709719 2.38253e-08 1.99235e-08 1.55663e-09
threshold=1.0000000180025095e-35 3.5000000000000004 205.44407638378473 79.325761384357648 3.477272727272728 190.69497060004053 241.87500000000003 6.166666666666667 236.09230766232642 112.50000000000001 176.50000000000003
decision_type=2 2 2 2 2 2 2 2 2 2 2
left_child=1 2 5 7 -5 6 -1 -4 9 -3 -11
right_child=-2 8 3 4 -6 -7 -8 -9 -10 10 -12
leaf_value=-0.037892311708266457 0.05023963271894441 0.050126119978240881 -0.042787786891713003 0.039430150719941937 -0.017414161976612805 0.018620866992524601 0.010352666873529674 0.049091339690281795 0.050154687444950885 0.050017464913992504 0.050056140697070484
leaf_weight=0.41865001684800629 0.067344858640808414 0.018520445046306011 0.34540857312231299 0.18344875384082115 0.36773625613295735 0.74437988565841795 0.78502470927378454 0.022379861817171331 0.037419044492708053 0.0042890606537184794 0.0066128110975114396
leaf_count=387 40 8 410 78 113 23 252 27 9 19 31
internal_value=2.49323e-06 -0.00115066 -0.00234617 -0.0139841 0.00150511 0.0031439 -0.00642742 -0.037197 0.0501282 0.0500946 0.0500409
internal_weight=3.00121 2.93387 2.86703 0.918973 0.551185 1.94805 1.20367 0.367788 0.0668414 0.0294223 0.0109019
internal_count=1397 1357 1290 628 191 662 639 437 67 58 50
is_linear=0
shrinkage=0.05


Tree=292
num_leaves=10
num_cat=0
split_feature=14 11 16 12 15 8 8 10 2
split_gain=0.0690554 0.069299 0.0724418 0.0724232 0.135902 0.0974526 1.49122e-07 1.14327e-08 1.83838e-09
threshold=1.0000000180025095e-35 1.5000000000000002 1.0000000180025095e-35 202.602632756632 2.5000000000000004 79.325761384357648 169.07267063741321 707.50000000000011 3.4365079365079372
decision_type=2 2 2 2 2 2 2 2 2
left_child=1 2 3 4 -1 -5 7 -3 -9
right_child=-2 6 -4 5 -6 -7 -8 8 -10
leaf_value=-0.013855592673595183 0.050196008874787805 0.05007820429626756 0.050227896248729913 -0.03530705278291537 0.013541579007927823 -0.0017716946168080375 0.050207462207715298 0.050043549904314935 0.050011451168554932
leaf_weight=0.77772487507627541 0.066966152425265935 0.02008172370642558 0.064075001021137612 0.36072517089314704 1.0828871074982087 0.54233573403325863 0.025570875048288144 0.0072973713104147455 0.011474888649900095
leaf_count=552 33 20 40 439 70 174 5 8 56
internal_value=-1.62216e-07 -0.00116242 -0.00233065 -0.0035492 0.00208972 -0.0151673 0.0501137 0.050052 0.0500239
internal_weight=2.95914 2.89217 2.82775 2.76367 1.86061 0.903061 0.0644249 0.038854 0.0187723
internal_count=1397 1364 1275 1235 622 613 89 84 64
is_linear=0
shrinkage=0.05


Tree=293
num_leaves=10
num_cat=0
split_feature=5 1 8 12 0 8 2 10 0
split_gain=0.0669838 0.0700445 0.0773039 0.223223 0.134516 0.12178 0.012318 0.0108672 0.00976402
threshold=0.25129757785467138 7.5000000000000009 130.1619238333565 471.83981681679978 22.500000000000004 122.9048764207176 3.8452380952380958 1681.2500000000002 33.500000000000007
decision_type=2 2 2 2 2 2 2 2 2
left_child=-1 2 4 7 5 -2 -6 -4 -3
right_child=1 8 3 -5 6 -7 -8 -9 -10
leaf_value=-0.051401103308680855 -0.0040192429836394226 0.050428232276577084 -0.026492628063938185 0.039752129590109916 0.05078138468154049 0.049960241064854138 0.028038351157614688 -0.051030200132322567 0.022561719368428382
leaf_weight=0.062039351027579293 2.0208590553843369 0.067776178821077226 0.057298342373087396 0.10624932877908577 0.1075157246668822 0.11018320049333841 0.13341429302090546 0.21234865210226417 0.058623593373340555
leaf_count=34 1104 19 75 22 5 16 59 31 32
internal_value=1.36903e-06 0.00111086 -0.00056319 -0.0216297 0.00277531 -0.00122829 0.0381875 -0.0458161 0.0375039
internal_weight=2.93631 2.87427 2.74787 0.375896 2.37197 2.13104 0.24093 0.269647 0.1264
internal_count=1397 1363 1312 128 1184 1120 64 106 51
is_linear=0
shrinkage=0.05


Tree=294
num_leaves=16
num_cat=0
split_feature=15 12 12 10 10 12 8 15 12 2 12 12 12 10 10
split_gain=0.0668396 0.0684734 0.210833 0.177217 0.17502 0.13331 0.116848 0.0794235 0.0386385 0.0266628 0.019536 0.00103407 2.70125e-08 1.68158e-08 1.35179e-09
threshold=3.5000000000000004 193.11295995963548 190.69497060004053 241.87500000000003 157.50000000000003 202.602632756632 25.199949635844913 2.5000000000000004 257.83644787242486 1.8333333333333337 412.39074012018523 198.91443911166672 236.09230766232642 97.500000000000014 176.50000000000003
decision_type=2 2 2 2 2 2 2 2 2 2 2 2 2 2 2
left_child=1 2 3 9 8 -6 -5 -7 11 -1 -10 -3 13 -2 -15
right_child=12 4 -4 6 5 7 -8 -9 10 -11 -12 -13 -14 14 -16
leaf_value=-0.033719250509833897 0.050117762382057077 -0.058019059207431813 0.037875869724813334 -0.042213458506437825 0.040503877070264455 -0.0019774001608101315 0.017203434402461023 -0.050956460134879526 -0.0051504731498490516 0.0081741952560699591 -0.050087739395581726 -0.05035685069944168 0.050153045218730645 0.050015708323694785 0.050052422787285639
leaf_weight=0.40097410426005875 0.0176109073236147 0.13426037400495239 0.38601005310192693 0.094276155301486142 0.17327397980261594 0.6576698287135514 0.67649426348725683 0.094685433148697484 0.078600448360703012 0.041953691710659768 0.03493603926654032 0.065523037890670821 0.036993249679653673 0.0041986387859651586 0.0062231238621279772
leaf_count=334 15 7 5 47 6 314 207 10 167 66 83 63 10 23 40
internal_value=3.32323e-06 -0.00114483 0.00568926 -0.00454751 -0.00996888 0.000964703 0.00993591 -0.00814151 -0.0422695 -0.0297511 -0.018978 -0.0555061 0.050125 0.050088 0.0500376
internal_weight=2.90368 2.83866 1.59971 1.2137 1.23895 0.925629 0.77077 0.752355 0.31332 0.442928 0.113536 0.199783 0.0650259 0.0280327 0.0104218
internal_count=1397 1309 659 654 650 330 254 324 320 400 250 70 88 78 63
is_linear=0
shrinkage=0.05


Tree=295
num_leaves=15
num_cat=0
split_feature=14 6 3 0 9 15 2 5 8 12 8 10 12 12
split_gain=0.0670394 0.0679865 0.0946364 0.0776166 0.273924 0.175527 1.53709e-05 1.81455e-06 4.11347e-10 2.91028e-10 1.16971e-10 1.16418e-10 9.19522e-11 2.51623e-11
threshold=1.0000000180025095e-35 0.37500000000000006 5.5000000000000009 21.500000000000004 0.37575075260126561 2.5000000000000004 3.8257575757575757 0.61407126975542337 59.994981028663204 44.823787607939821 150.00232089045721 176.50000000000003 471.83981681679978 283.46524673292254
decision_type=2 2 2 2 2 2 2 2 2 2 2 2 2 2
left_child=1 2 3 5 -5 -1 -4 -8 9 11 13 -3 -11 -10
right_child=-2 8 6 4 -6 -7 7 -9 10 12 -12 -13 -14 -15
leaf_value=-0.024863534385776775 0.050191713792425666 0.050016054437946912 -0.051722982320505533 -0.016251630826875526 0.050673165278749183 0.0058031743657755664 -0.050146285402208828 -0.050677512337595376 0.050003706667180459 0.050020831332841402 0.050015801434674094 0.050006292116210563 0.050015490500136976 0.050008464886500639
leaf_weight=0.73156563291650156 0.06501111852685415 0.0048665165109013095 0.032260874648272764 0.32750005333218712 0.28678294765995815 1.2883138506840621 0.035412014393386926 0.029438039975502761 0.0095824618265396566 0.020373493145598331 0.003139483471386483 0.0081990545972985274 0.013333219802007079 0.0039130392578954351
leaf_count=857 33 16 2 12 56 96 86 26 86 43 11 44 16 13
internal_value=-1.8191e-06 -0.00116944 -0.00235768 -0.000570659 0.0149927 -0.00530378 -0.0508311 -0.0503874 0.0500139 0.0500163 0.0500071 0.0500099 0.0500187 0.0500051
internal_weight=2.85969 2.79468 2.73127 2.63416 0.614283 2.01988 0.0971109 0.0648501 0.0634073 0.0467723 0.016635 0.0130656 0.0337067 0.0134955
internal_count=1397 1364 1135 1021 68 953 114 112 229 119 110 60 59 99
is_linear=0
shrinkage=0.05


Tree=296
num_leaves=9
num_cat=0
split_feature=16 14 11 6 15 8 10 12
split_gain=0.0653573 0.0666814 0.0681122 0.0666897 0.0846077 1.20962e-07 1.02756e-08 3.25083e-10
threshold=1.0000000180025095e-35 1.0000000180025095e-35 1.5000000000000002 0.37500000000000006 2.5000000000000004 169.07267063741321 707.50000000000011 8.5128943729571791
decision_type=2 2 2 2 2 2 2 2
left_child=1 2 3 4 -1 6 -4 -5
right_child=-2 -3 5 7 -6 -7 -8 -9
leaf_value=-0.013548079270271615 0.050226936328259211 0.05018234633447613 0.05007662197237317 0.050007031585405148 0.0045573442071581262 0.050195979114790984 0.050023536229367643 0.050015938296164797
leaf_weight=1.3214113844665027 0.063324226956865348 0.061851742488215566 0.019249395475526287 0.013400141902820795 1.2610280042426891 0.023983337894605938 0.017315816648988402 0.043505967395503831
leaf_count=1001 40 33 20 65 81 5 64 88
internal_value=3.15152e-06 -0.00114843 -0.00232437 -0.00352722 -0.00470704 0.0501087 0.0500515 0.0500138
internal_weight=2.82507 2.76175 2.69989 2.63935 2.58244 0.0605486 0.0365652 0.0569061
internal_count=1397 1357 1324 1235 1082 89 84 153
is_linear=0
shrinkage=0.05


Tree=297
num_leaves=10
num_cat=0
split_feature=15 16 14 10 13 15 12 10 10
split_gain=0.062559 0.0644101 0.0653718 0.0896824 0.0622142 9.15176e-07 2.21679e-08 1.37769e-08 1.12548e-09
threshold=3.5000000000000004 1.0000000180025095e-35 1.0000000180025095e-35 87.500000000000014 1.0000000180025095e-35 2.5000000000000004 236.09230766232642 97.500000000000014 176.50000000000003
decision_type=2 2 2 2 2 2 2 2 2
left_child=1 2 3 5 -5 -1 7 -2 -9
right_child=6 -3 -4 4 -6 -7 -8 8 -10
leaf_value=-0.050054583885859011 0.05011098545319187 0.050217410949143795 0.050175391455505348 -0.0027604416020958812 0.050686542727642274 -0.050370122752609839 0.050144284295983249 0.05001483695259859 0.050049747194867648
leaf_weight=0.036605884479287698 0.016562096399866166 0.05980709917275806 0.058186894217214902 2.4760297999387153 0.055672376716756733 0.061731460853479803 0.034766719538311008 0.0038606294579039968 0.0057433802330706385
leaf_count=251 15 19 11 992 20 16 10 23 40
internal_value=7.80987e-06 -0.0011033 -0.00224507 -0.00340482 -0.00158514 -0.0502527 0.0501181 0.0500834 0.0500357
internal_weight=2.80897 2.74803 2.68823 2.63004 2.5317 0.0983373 0.0609328 0.0261661 0.00960401
internal_count=1397 1309 1290 1279 1012 267 88 78 63
is_linear=0
shrinkage=0.05


Tree=298
num_leaves=16
num_cat=0
split_feature=4 9 0 10 15 10 2 9 6 2 2 12 2 9 12
split_gain=0.0615463 0.095546 0.0953734 0.158303 0.147672 0.157379 0.130779 0.137671 0.0710092 0.052987 0.0485592 0.0351575 0.00618299 0.000143169 2.52909e-10
threshold=3.5000000000000004 0.43356037722939084 18.500000000000004 246.25000000000003 1.0000000180025095e-35 241.87500000000003 3.5634920634920646 0.37575075260126561 0.37500000000000006 6.166666666666667 3.8452380952380958 320.30120770576394 4.2250000000000005 1.9503876105792084 280.63074413162627
decision_type=2 2 2 2 2 2 2 2 2 2 2 2 2 2 2
left_child=2 12 3 4 9 -6 -4 10 13 -1 -8 -9 -2 -5 -10
right_child=1 -3 6 8 5 -7 7 11 14 -11 -12 -13 -14 -15 -16
leaf_value=-0.050537116109165482 -0.051831555864786452 0.013011093468975707 0.051065541495519819 -0.050791263575145407 0.0017077512511246729 0.05320086394795033 -0.050864581975528789 0.010665751731932889 0.05000332414124975 0.050016428469310273 0.0096596113770187654 0.050648863809774881 -0.033087862830707554 -0.047215081220290701 0.050015596473473395
leaf_weight=0.15367937818291544 0.10763833881219387 0.12201818813991849 0.21623416381407867 0.17723935450567285 1.3225049139823566 0.16713770356091107 0.11263352565583773 0.12935693920371705 0.0061752380656798769 0.014322305432870053 0.046955827327110455 0.095621815307822544 0.074414860266642791 0.033234268121304922 0.013111814347212203
leaf_count=647 31 18 27 150 215 8 5 40 65 18 98 13 31 14 17
internal_value=1.04511e-05 -0.0212243 0.00260544 -0.00291754 0.00247352 0.00748527 0.0199557 0.00246339 -0.0418122 -0.0419648 -0.0330566 0.0276596 -0.04417 -0.0502266 0.0500117
internal_weight=2.79228 0.304071 2.48821 1.8874 1.65764 1.48964 0.600802 0.384568 0.229761 0.168002 0.159589 0.224979 0.182053 0.210474 0.0192871
internal_count=1397 80 1317 1134 888 223 183 156 246 665 103 53 62 164 82
is_linear=0
shrinkage=0.05


Tree=299
num_leaves=12
num_cat=0
split_feature=5 1 0 2 4 1 12 8 10 5 5
split_gain=0.06059 0.0616782 0.0643017 0.106223 0.0880967 0.0103239 0.0092908 0.00732631 0.0093528 2.98556e-07 2.71662e-09
threshold=0.25129757785467138 7.5000000000000009 27.500000000000004 3.8452380952380958 3.5000000000000004 5.5000000000000009 335.77583662375588 154.09765324260997 946.50000000000011 0.3411111111111112 0.50835069444444458
decision_type=2 2 2 2 2 2 2 2 2 2 2
left_child=-1 2 3 4 -2 -5 9 8 -4 -3 -11
right_child=1 6 7 5 -6 -7 -8 -9 -10 10 -12
leaf_value=-0.05129983528163902 0.00012501233052070122 0.050256228472488042 -0.050817210437688567 0.02303724631916812 -0.052020820884271735 0.049064963571750768 0.021640510814856021 -0.052518166052780896 0.0023732929923903439 0.050049338877163257 0.050020802282368965
leaf_weight=0.05635512662593134 2.2270806182218639 0.028250068426132091 0.01582270860671986 0.059498618352108568 0.084052220860030391 0.10592827131040394 0.053382183170469943 0.05790518856520066 0.017301019606748014 0.017017184283758979 0.016355869767721742
leaf_count=34 980 2 1 250 10 9 9 5 57 13 27
internal_value=8.65358e-06 0.00108653 -0.000518028 0.000998966 -0.00177145 0.0397036 0.0369095 -0.0417898 -0.023035 0.0501366 0.0500354
internal_weight=2.73895 2.68259 2.56759 2.47656 2.31113 0.165427 0.115005 0.0910289 0.0331237 0.0616231 0.0333731
internal_count=1397 1363 1312 1249 990 259 51 63 58 42 40
is_linear=0
shrinkage=0.05


end of trees

feature_importances:
account_age_at_first_order_days=542
total_spend=405
shared_address_count=318
total_quantity=282
shared_ip_count=225
sku_concentration=224
avg_qty_per_order=219
pct_orders_discount_window=194
n_orders=177
purchase_span_days=176
order_frequency_per_week=175
shared_payment_count=153
n_distinct_ips=97
max_qty_single_order=88
shared_device_count=75
n_distinct_skus=38
avg_discount_pct_when_used=14

parameters:
[boosting: gbdt]
[objective: binary]
[metric: binary_logloss]
[tree_learner: serial]
[device_type: cpu]
[data_sample_strategy: bagging]
[data: ]
[valid: ]
[num_iterations: 300]
[learning_rate: 0.05]
[num_leaves: 31]
[num_threads: 4]
[seed: 42]
[deterministic: 0]
[force_col_wise: 0]
[force_row_wise: 0]
[histogram_pool_size: -1]
[max_depth: 5]
[min_data_in_leaf: 20]
[min_sum_hessian_in_leaf: 0.001]
[bagging_fraction: 1]
[pos_bagging_fraction: 1]
[neg_bagging_fraction: 1]
[bagging_freq: 0]
[bagging_seed: 400]
[bagging_by_query: 0]
[feature_fraction: 1]
[feature_fraction_bynode: 1]
[feature_fraction_seed: 30056]
[extra_trees: 0]
[extra_seed: 12879]
[early_stopping_round: 0]
[early_stopping_min_delta: 0]
[first_metric_only: 0]
[max_delta_step: 0]
[lambda_l1: 0]
[lambda_l2: 0]
[linear_lambda: 0]
[min_gain_to_split: 0]
[drop_rate: 0.1]
[max_drop: 50]
[skip_drop: 0.5]
[xgboost_dart_mode: 0]
[uniform_drop: 0]
[drop_seed: 17869]
[top_rate: 0.2]
[other_rate: 0.1]
[min_data_per_group: 100]
[max_cat_threshold: 32]
[cat_l2: 10]
[cat_smooth: 10]
[max_cat_to_onehot: 4]
[top_k: 20]
[monotone_constraints: ]
[monotone_constraints_method: basic]
[monotone_penalty: 0]
[feature_contri: ]
[forcedsplits_filename: ]
[refit_decay_rate: 0.9]
[cegb_tradeoff: 1]
[cegb_penalty_split: 0]
[cegb_penalty_feature_lazy: ]
[cegb_penalty_feature_coupled: ]
[path_smooth: 0]
[interaction_constraints: ]
[verbosity: -1]
[saved_feature_importance_type: 0]
[use_quantized_grad: 0]
[num_grad_quant_bins: 4]
[quant_train_renew_leaf: 0]
[stochastic_rounding: 1]
[linear_tree: 0]
[max_bin: 255]
[max_bin_by_feature: ]
[min_data_in_bin: 3]
[bin_construct_sample_cnt: 200000]
[data_random_seed: 175]
[is_enable_sparse: 1]
[enable_bundle: 1]
[use_missing: 1]
[zero_as_missing: 0]
[feature_pre_filter: 1]
[pre_partition: 0]
[two_round: 0]
[header: 0]
[label_column: ]
[weight_column: ]
[group_column: ]
[ignore_column: ]
[categorical_feature: ]
[forcedbins_filename: ]
[precise_float_parser: 0]
[parser_config_file: ]
[objective_seed: 16083]
[num_class: 1]
[is_unbalance: 0]
[scale_pos_weight: 2.80654]
[sigmoid: 1]
[boost_from_average: 1]
[reg_sqrt: 0]
[alpha: 0.9]
[fair_c: 1]
[poisson_max_delta_step: 0.7]
[tweedie_variance_power: 1.5]
[lambdarank_truncation_level: 30]
[lambdarank_norm: 1]
[label_gain: ]
[lambdarank_position_bias_regularization: 0]
[eval_at: ]
[multi_error_top_k: 1]
[auc_mu_weights: ]
[num_machines: 1]
[local_listen_port: 12400]
[time_out: 120]
[machine_list_filename: ]
[machines: ]
[gpu_platform_id: -1]
[gpu_device_id: -1]
[gpu_device_id_list: ]
[gpu_use_dp: 0]
[num_gpu: 1]

end of parameters

pandas_categorical:[]
